decision,tier,suggestion,term,books,kind,genre_bucket,genre_mix,prior_decision,nearest_1,score_1,nearest_2,score_2,nearest_3,score_3,example_books
activate,new,activate,classics,7994,tag,cross-genre,"fantasy 15%, (none) 10%, general-fiction 10%",,class-divide,60,class-divide,60,skyships,50,Dune | And Then There Were None | The Left Hand of Darkness
activate,new,activate,lgbtq,5563,tag,cross-genre,"fantasy 26%, sci-fi 11%, romance 9%",,lgbtq-romance,55,low-angst,46,celebrity,42,"Red, White & Royal Blue | The Long Way to a Small, Angry Planet | A Memory Called Empire"
Accept,prior-ruling,drop,war,4751,tag,cross-genre,"sci-fi 19%, fantasy 17%, history 10%",drop,dark,57,dark,57,warp-speed,46,Bid Number Nine | Lark and Legion | Magdalene Nox
Reject,new,activate,informative,3483,tag,cross-genre,"(none) 18%, history 11%, fantasy 8%",,survival-narrative,55,addiction-narrative,53,addiction-narrative,53,Timelike Infinity | Earth | Contact
merge:young-adult,new,activate,juvenile-fiction,3371,tag,cross-genre,"fantasy 22%, general-fiction 11%, sci-fi 10%",,speculative-fiction,62,action-thriller,58,addiction-narrative,57,Ringworld | The Dispossessed | The Robots of Dawn
merge:young-adult,new,activate,young-adult-fiction,2353,tag,cross-genre,"fantasy 23%, young-adult 17%, sci-fi 13%",,young-adult,60,war-fiction,60,climate-fiction,58,Sabriel | Abhorsen | Dodger
drop,new,activate,literature,1538,tag,cross-genre,"romance 13%, fantasy 12%, general-fiction 11%",,lighthearted,63,lighthearted,63,first-heartbreak,53,Lord of Light | Fallen Dragon | The Big U
drop,new,activate,comics-and-graphic-novels,1495,tag,cross-genre,"fantasy 30%, graphic-novel 20%, sci-fi 14%",,comedy-novels,52,grovel-arc,51,band-of-misfits,50,"The Hanging Tree | American Gods | Sunstone, Vol. 1"
Accept,new,activate,murder,1276,tag,cross-genre,"mystery 45%, crime 40%, romantic-suspense 6%",,magic-user,50,memoir,50,magic-user,50,I is for Innocent | The Naked Sun | Eragon
Accept,new,activate,friendship,1133,tag,cross-genre,"general-fiction 16%, romance 14%, young-adult 12%",,generation-ship,56,generation-ship,56,friends-to-lovers,51,The Great Hunt | Watch | Dodger
Accept,new,activate,humor,1003,tag,cross-genre,"fantasy 17%, humor 9%, general-fiction 8%",,memoir,54,horror,54,memoir,54,Jingo | Carpe Jugulum | John Dies at the end
Accept,new,activate,magic,986,tag,cross-genre,"fantasy 48%, fantasy-romance 39%, romantasy 9%",,magic-user,66,magic-user,66,blood-magic,62,Jingo | Carpe Jugulum | The Waste Lands
Accept,new,activate,religion,847,tag,cross-genre,"(none) 15%, religion-&-spirituality 12%, history 10%",,relaxing,62,relaxing,62,spirituality-religion,55,A Canticle for Leibowitz | The Girl Who Loved Tom Gordon | The Caves of Steel
Accept,new,activate,women,830,tag,cross-genre,"romance 16%, general-fiction 12%, (none) 7%",,romance,50,romance,50,whodunit,46,Dolores Claiborne | The Girl in the Road | Annie Bot
Accept,new,activate,business-and-economics,750,tag,cross-genre,"(none) 27%, business-&-economics 25%, history 11%",,small-business-owner,57,business,53,business,53,Enron | Innovation and Entrepreneurship | The promise of mediation
merge:young-adult,review,,children,747,tag,cross-genre,"fantasy 26%, general-fiction 12%, young-adult 12%",,creepy-child,70,challenging,52,challenging,52,Boy's Life | The Enemy | The ghosts of Mercy Manor
merge:graphic-novel,new,activate,graphic-novels,722,tag,cross-genre,"fantasy 26%, graphic-novel 20%, sci-fi 12%",,comedy-novels,59,grovel-arc,58,adventure-novels,53,Lenore | Through the Woods | New Moon
Accept,new,activate,science,704,tag,cross-genre,"(none) 19%, science-&-nature 14%, history 14%",,science-fantasy,63,popular-science,63,science-fantasy,63,A Canticle for Leibowitz | The Fractal Prince | The Causal Angel
Accept,new,activate,family,697,tag,cross-genre,"general-fiction 18%, romance 12%, young-adult 8%",,found-family,66,found-family,66,blackmail,53,Redshirts | Snowblind | Allegiant
Accept,review,,police,585,tag,cross-genre,"mystery 47%, crime 45%, romantic-suspense 4%",,politics,71,politics,71,apocalyptic,58,A Scanner Darkly | Moon Over Soho | Full Dark House
Accept,new,activate,manga,571,tag,cross-genre,"fantasy 40%, fantasy-romance 25%, young-adult 8%",,saga,66,saga,66,romantasy,57,"Attack on Titan | Attack On Titan 4 | Attack On Titan, Vol. 1"
Accept,new,activate,social-science,498,tag,cross-genre,"(none) 25%, history 18%, biography-memoir 7%",,historical-fiction,56,science-fantasy,55,serial-detective,53,The sorcerer's companion | The Perks of Being a Wallflower | We Should All Be Feminists
Reject,review,,juvenile-nonfiction,489,tag,cross-genre,"young-adult 15%, fantasy 12%, romance 11%",,narrative-nonfiction,71,narrative-nonfiction,66,detective-fiction,61,Robopocalypse | The Fireman | Beautiful Disaster
drop,new,activate,spanish,447,tag,cross-genre,"fantasy 18%, general-fiction 12%, young-adult 9%",,slasher,57,slasher,57,sunshine,53,Divergent | Allegiant | Abandon
Accept,new,activate,african-americans,446,tag,cross-genre,"general-fiction 15%, romance 10%, history 10%",,american,64,american,64,ancient-ruins,53,Revival | Lovecraft Country | Cat & Mouse
merge:adventure-novels,new,activate,action-and-adventure,444,tag,cross-genre,"fantasy 33%, sci-fi 19%, fantasy-romance 18%",,adventure-novels,61,action-thriller,57,adventure-novels,55,The Stainless Steel Rat Wants You | Eon | Orion
merge:literary-fiction,new,activate,literature-and-fiction,402,tag,cross-genre,"fantasy 19%, mystery 14%, crime 13%",,literary-fiction,68,addiction-narrative,63,true-crime-adjacent-fiction,61,Needful Things | Dolores Claiborne | Bag of Bones
merge:fantasy,review,,fantasy-fiction,395,tag,cross-genre,"fantasy 48%, fantasy-romance 43%, romantasy 5%",,science-fantasy,73,low-fantasy,69,war-fiction,69,Startide Rising | The Drawing of the Three | The Santaroga Barrier
Accept,new,activate,children-s-stories,379,tag,cross-genre,"fantasy 28%, childrens 10%, young-adult 10%",,creepy-child,53,forbidden-forest,52,ancient-ruins,51,Cydonia | Dreadnought | Mountwood School for Ghosts
Accept,new,activate,epic,349,tag,cross-genre,"fantasy 42%, fantasy-romance 27%, romance 14%",,erotica,54,sapphic,54,erotica,54,Echoes of the well of Souls | The Road to Underfall | Lamentation
Accept,review,,travel,339,tag,cross-genre,"travel 22%, adventure 14%, biography-memoir 9%",,time-travel,70,time-travel,70,travel-writing,60,"Moto and me | The journey of Columbus | A family flight through France, Germany, Norway and Switzerland"
drop,review,,literary-collections,330,tag,cross-genre,"(none) 19%, fantasy 11%, history 10%",,essay-collection,77,literary-fiction,72,witness-protection,57,Carpe Jugulum | The killing dance | Northanger Abbey
Accept,review,,political-science,320,tag,cross-genre,"history 26%, (none) 23%, politics 13%",,popular-science,75,popular-science,68,political-thriller,68,Just Mercy | The Wealth of Nations | On Liberty
merge:adventure-novels,review,,adventure-stories,283,tag,cross-genre,"fantasy 22%, general-fiction 14%, sci-fi 10%",,adventure-novels,78,adventure-novels,72,adventurous,71,The Cassini Division | The Business | Wizard and Glass
drop,new,activate,literary-criticism,270,tag,cross-genre,"fantasy 14%, history 10%, romance 9%",,literary-fiction,64,quiet-literary-slow-burn,52,historical-mystery,50,Allegiant | Gothicka | In the Mountains of Madness
merge:young-adult,new,activate,middle-grade,261,tag,cross-genre,"fantasy 34%, young-adult 19%, fantasy-romance 12%",,mail-order-bride,57,vampire-romance,51,arranged-marriage,48,The jumbies | The Ghost at Dawn's house. (Baby-Sitters Club no.09) | The Lightning Thief
drop,new,activate,english-fiction,258,tag,cross-genre,"general-fiction 14%, romance 13%, sci-fi 13%",,climate-fiction,66,domestic-fiction,64,detective-fiction,62,The Stainless Steel Rat Wants You | Excession | The Forge of God
merge:young-adult,new,activate,drama,255,tag,cross-genre,"romance 17%, fantasy 11%, drama 10%",,dark-academia,55,paranormal,53,paranormal,53,Bid Number Nine | Begin Again | Lullaby
Accept,new,activate,suspenseful,247,tag,cross-genre,"romance 19%, fantasy 15%, romantasy 13%",,romantic-suspense,57,romantic-suspense,57,hopeful,55,Needful Things | Ilium | Olympos
Accept,new,activate,military,236,tag,cross-genre,"sci-fi 29%, mystery 14%, crime 12%",,military-sci-fi,69,military-sci-fi,69,military-romance,66,Use of Weapons | The Neutronium Alchemist | The Naked God
Accept,review,,historical,230,tag,cross-genre,"romance 38%, historical 26%, historical-romance 14%",,historical-romance,71,historical-mystery,71,historical-fiction,71,The Lady's Guide to Celestial Mechanics | Pride and Prejudice | The Seven Husbands of Evelyn Hugo
Reject,new,activate,sh-nen,204,tag,cross-genre,"fantasy 44%, fantasy-romance 43%, romance 4%",,generation-ship,57,tense,54,tense,54,ONE PIECE 52 | ONE PIECE 32 | ONE PIECE 35
Accept,new,activate,occult,202,tag,cross-genre,"fantasy 41%, fantasy-romance 26%, romantasy 16%",,occult-horror,63,occult-horror,63,soulmates,53,The Green Mile | Swan Song | The Dirty Streets of Heaven
merge:chick-lit,new,activate,chicklit,200,tag,cross-genre,"romance 33%, historical-romance 14%, young-adult 11%",,ticking-clock,47,celebrity,47,celebrity,47,Assembly Code | Blue bloods | Northanger Abbey
Reject,new,activate,etc,197,tag,cross-genre,"fantasy 29%, graphic-novel 18%, sci-fi 16%",,erotica,60,erotica,60,meet-cute,50,"Tokyo Ghoul, Vol. 10 | Fragile Things | Shadow Kiss"
Accept,new,activate,education,196,tag,cross-genre,"fantasy 17%, (none) 9%, fantasy-romance 7%",,dubcon,66,dubcon,66,fake-dating,60,"The Drawing of the Three | Horns | Tokyo Ghoul, Vol. 10"
Accept,review,,family-and-relationships,195,tag,cross-genre,"(none) 24%, romance 17%, self-help 11%",,human-ai-relationship,71,blackmail-into-relationship,66,human-ai-relationship,66,Strange the Dreamer | Girlosophy | Mindset
Accept,review,,adventure,184,tag,cross-genre,"fantasy 23%, sci-fi 21%, fantasy-romance 15%",,adventurous,80,adventurous,80,adventure-novels,72,Ringworld Engineers | The Boat of a Million Years | Zoo City
Accept,review,,american-fiction,183,tag,cross-genre,"mystery 15%, general-fiction 14%, crime 11%",,domestic-fiction,75,war-fiction,74,domestic-fiction,68,Contact | Needful Things | Darwins Radio
Accept,new,activate,strips,181,tag,cross-genre,"fantasy 32%, graphic-novel 19%, sci-fi 15%",,mysterious,62,mysterious,62,tragic-past,58,"Tokyo Ghoul, Vol. 10 | Tokyo Ghoul, Vol. 13 | Shadow Kiss"
Accept,new,activate,picture-book,179,tag,cross-genre,"childrens 25%, fantasy 17%, general-fiction 12%",,blood-magic,52,time-loop,47,workplace,47,The phantom cat of the opera | I Want My Hat Back | Juneteenth for Mazie
Reject,new,activate,from-audible,176,tag,cross-genre,"fantasy 20%, mystery 15%, crime 12%",,fae-romance,52,found-family,50,femme-fatale,50,Wizards First Rule | Rivers of London | Moon Over Soho
Accept,new,activate,female-author,175,tag,cross-genre,"fantasy 16%, romance 14%, (none) 7%",,author-writer,57,unreliable-narrator,56,femme-fatale,56,The Queen of the Tearling | The Lottery | Her Body and Other Parties
Accept,new,activate,native-americans,164,tag,cross-genre,"general-fiction 20%, history 9%, fantasy 7%",,american,66,american,66,addiction-narrative,62,A Choice of Gods | Hellbent | My Heart is a Chainsaw
Accept,new,activate,humorous,158,tag,cross-genre,"romance 25%, fantasy 21%, fantasy-romance 11%",,horror,57,mysterious,55,mysterious,55,Hogfather | Jingo | Thief of Time
Accept,new,activate,art,158,tag,cross-genre,"(none) 20%, art 9%, history 9%",,artist,66,artist,66,dark,57,Rough Guide to the Hitchhikers guide to the galaxy | TERROR AND THE SUBLIME IN ART AND CRITICAL THEORY: FROM AUSCHWITZ TO HIROSHIMA TO SEPTEMBER 11 | A Monster Calls
Accept,new,activate,nature,154,tag,cross-genre,"(none) 20%, science-&-nature 14%, history 12%",,nature-writing,60,nature-writing,60,ancient-curse,52,The Uninhabitable Earth | H Is for Hawk | From naked ape to superspecies
Reject,new,activate,large-type-books,153,tag,cross-genre,"romance 21%, general-fiction 14%, mystery 12%",,why-choose,46,pet-parent,46,strangers-to-lovers,45,Dark Angel | Carmilla | Deadly Gamble
Accept,new,activate,animals,152,tag,cross-genre,"fantasy 26%, young-adult 13%, general-fiction 12%",,talking-animals,63,talking-animals,63,paranormal,58,Beast Keeper | Freunde | This moose belongs to me
Accept,new,activate,male-author,150,tag,cross-genre,"history 16%, sci-fi 11%, romance 10%",,author-writer,61,author-writer,58,paranormal,57,"I am Legend | A Head Full of Ghosts | I, Robot"
Accept,review,,man-woman-relationships,149,tag,cross-genre,"romance 43%, general-fiction 11%, romantasy 11%",,human-ai-relationship,72,human-ai-relationship,68,blackmail-into-relationship,64,The Great Gatsby | High Fidelity | Twisted Lies
Accept,new,activate,vampires,142,tag,cross-genre,"fantasy 30%, romantasy 27%, romance 10%",,vampire-romance,60,vampire-romance,60,amnesia,53,Carrion Comfort | Carpe Jugulum | The Truth
Accept,new,activate,steamy,142,tag,cross-genre,"romance 48%, romantasy 26%, fantasy 12%",,mystery,61,mystery,61,secret-baby,47,Bride | Deep End | Born of Blood and Ash
Accept,new,activate,pirates,138,tag,cross-genre,"fantasy 47%, fantasy-romance 45%, general-fiction 2%",,politics,53,politics,53,romantasy,50,The Adventures of Amina al-Sirafi | The Tapestry of Fate | The True Confessions of Charlotte Doyle
Accept,new,activate,health-and-fitness,138,tag,cross-genre,"(none) 35%, health-&-fitness 20%, psychology 7%",,band-of-misfits,54,informant-with-their-own-agenda,48,love-at-first-sight,48,Making the Connection Between Brain and Behavior | Rethinking ADHD | When a baby dies
Accept,new,activate,united-states,131,tag,cross-genre,"history 11%, sci-fi 9%, mystery 9%",,surveillance-state,58,shapeshifters,53,shapeshifters,53,Do Androids Dream of Electric Sheep | I am Legend | Storm Front
Accept,new,activate,folklore,130,tag,cross-genre,"fantasy 31%, general-fiction 10%, romance 8%",,folk-horror,63,folk-horror,63,polyamory,47,Son of the Tree | Slavic Supernatural | Thief eyes
Accept,new,activate,identity,128,tag,cross-genre,"(none) 15%, romance 14%, sci-fi 10%",,secret-identity,69,secret-identity,69,whodunit,50,The Bicentennial Man | Warblade | Lord Foul's Bane
Reject,new,activate,libby,125,tag,cross-genre,"romance 24%, contemporary 12%, sci-fi 10%",,bad-boy,50,bad-boy,50,celebrity,42,Rivers of London | The Kiss Quotient | The Lost Apothecary
Reject,new,activate,authors,125,tag,cross-genre,"biography-memoir 24%, fantasy 9%, general-fiction 8%",,haunted-house,60,haunted-house,60,author-writer,60,Salems Lot | Fear to the World | In the Night Room
Accept,review,,cooking,125,tag,cross-genre,"cooking 39%, (none) 12%, history 12%",,cloning,71,cloning,71,ticking-clock,60,Imiginary Friend | Hog and hominy | Under the Tuscan Sun
Reject,new,activate,horror-tales,124,tag,cross-genre,"fantasy 25%, sci-fi 14%, mystery 11%",,monster-horror,69,survival-horror,66,horror,66,Needful Things | Dolores Claiborne | Geralds Game
Accept,new,activate,body,124,tag,cross-genre,"(none) 26%, self-help 18%, psychology 14%",,bad-boy,54,bad-boy,54,body-horror,53,Big Magic | MAGICK in THEORY and PRACTICE | The fire from within
Accept,new,activate,humour,121,tag,cross-genre,"fantasy 32%, fantasy-romance 23%, graphic-novel 9%",,memoir,50,horror,50,memoir,50,Jingo | Carpe Jugulum | Thief of Time
Accept,new,activate,england,121,tag,cross-genre,"romance 26%, general-fiction 12%, mystery 10%",,relaxing,53,relaxing,53,single-dad-mom,47,Jonathan Strange &amp; Mr Norrell | Necroscope | The Shadow Guests
Accept,review,,comedy-drama,118,tag,cross-genre,"fantasy 49%, fantasy-romance 49%, romance 0%",,romantic-comedy,74,courtroom-drama,66,courtroom-drama,59,ONE PIECE 52 | ONE PIECE 32 | ONE PIECE 35
Accept,new,activate,dark-secrets,112,tag,cross-genre,"thriller-&-mystery 48%, fantasy 23%, romantasy 14%",,secret-baby,69,secret-royalty,61,secret-identity,59,The Secret History | Verity | Pure
Accept,new,activate,mind-and-spirit,112,tag,cross-genre,"(none) 27%, self-help 20%, psychology 13%",,band-of-misfits,60,inspiring,58,inspiring,58,Big Magic | MAGICK in THEORY and PRACTICE | The fire from within
Accept,new,activate,personal-growth,111,tag,cross-genre,"self-help 48%, romance 16%, psychology 7%",,robot-uprising,55,missing-person,55,supernatural-horror,52,Book Lovers | A Novel Love Story | Betting on You
Reject,new,activate,thought-provoking,108,tag,cross-genre,"sci-fi 12%, romance 10%, self-help 9%",,coming-out,59,coming-out,51,prophecy-bound-protagonist,41,The Caves of Steel | Do Androids Dream of Electric Sheep | The Windup Girl
Accept,new,activate,great-britain,108,tag,cross-genre,"romance 25%, history 13%, fantasy 10%",,secret-relationship,50,secret-identity,50,secret-baby,50,Hillbilly Elegy | White Teeth | High Fidelity
Accept,new,activate,gothic,107,tag,cross-genre,"romance 29%, fantasy 27%, romantasy 13%",,gothic-horror,63,erotica,61,erotica,61,The Picture of Dorian Gray | Frankenstein | Wuthering Heights
Accept,review,,medical,106,tag,cross-genre,"history 20%, (none) 17%, health-&-fitness 14%",,medieval,80,medieval,80,american,66,Lock In | Successful scientific writing | Survival of the Sickest
Accept,new,activate,feminism,106,tag,cross-genre,"(none) 16%, romance 14%, history 10%",,femme,61,femme,61,twist-ending,50,A Certain Hunger | Sula | We Should All Be Feminists
Accept,new,activate,mathematics,105,tag,cross-genre,"(none) 33%, science-&-nature 14%, business-&-economics 6%",,fated-mates,63,fated-mates,63,romantic-comedy,53,A Monster Calls | The Selfish Gene | A Brief History of Time
Accept,new,activate,families,103,tag,cross-genre,"fantasy 15%, (none) 14%, romance 13%",,amnesia,53,amnesia,53,fated-mates,52,Some Kind of Fairy Tale | Taltos | Dark Angel
Accept,review,,music,103,tag,cross-genre,"music 25%, biography-memoir 19%, history 13%",,musician,76,musician,76,art-and-music,62,Dragonsong | Jazz | High Fidelity
Accept,new,activate,spicy,102,tag,cross-genre,"romance 34%, romantasy 20%, fantasy 9%",,conspiracy,66,sapphic,66,conspiracy,66,Bred by the Wolfman | Ruthless Creatures | The Kiss Quotient
Reject,new,activate,genre-fiction,101,tag,cross-genre,"sci-fi 17%, fantasy 13%, romance 13%",,addiction-narrative,62,speculative-fiction,62,literary-fiction,62,The Boat of a Million Years | The System of the World | Lexicon
Accept,new,activate,adventure-and-adventurers,100,tag,cross-genre,"fantasy 28%, fantasy-romance 21%, young-adult 9%",,adventure-novels,63,adventure-novels,58,adventurous,55,The Faceless Ones | Antigoddess | Seconds Away
Accept,new,activate,language-arts-and-disciplines,99,tag,cross-genre,"(none) 36%, fantasy 6%, history 6%",,science-fantasy,50,star-crossed-lovers-across-class-social-lines,48,heist-in-a-fantasy-setting,47,"Now write! Science fiction, fantasy, and horror | Le Morte d'Arthur | Genreflecting"
Accept,new,activate,witty-banter-and-sharp-dialogue,96,tag,cross-genre,"romance 44%, romantasy 18%, fantasy 17%",,informant-with-their-own-agenda,51,grief-and-loss-as-central-theme,51,war-between-good-and-evil,50,"Red, White & Royal Blue | Book Lovers | The Love Hypothesis"
Accept,review,,anthology,95,tag,cross-genre,"fantasy 24%, sci-fi 24%, mystery 6%",,nanotechnology,78,nanotechnology,78,psychology,63,"After Happily Ever After Once Again edited | Lovers of the Unbound Kingdoms: Volume One | Silk and Leather: Lesbian Erotica with an Edge, edited"
Reject,new,activate,book-tok-sensation,92,tag,cross-genre,"fantasy 46%, romantasy 39%, romance 12%",,hostage-situation,51,hostage-situation,51,space-colonization,50,The Love Hypothesis | Quicksilver | Carl's Doomsday Scenario
Reject,new,activate,seinen,92,tag,cross-genre,"fantasy 41%, fantasy-romance 36%, graphic-novel 10%",,business,57,sunshine,57,business,57,"Berserk, Vol. 1 | Witch Hat Atelier, Vol. 1 | Berserk, Vol. 2"
Accept,new,activate,assassins,88,tag,cross-genre,"fantasy 24%, romantasy 10%, mystery 10%",,assassination-plot,59,assassination-plot,59,science-fantasy,50,Shadows Son | The killing dance | Unwrapped Sky
Accept,new,activate,cozy,85,tag,cross-genre,"fantasy 23%, romance 20%, romantasy 15%",,ceo,57,cop,57,ceo,57,Death Wasnt Invited | Brigands and Breadknives | Daydream
Reject,new,activate,standalone,83,tag,cross-genre,"romantasy 29%, fantasy 26%, romance 20%",,insta-love,60,insta-love,60,new-adult,52,Doomsday Planet | Drood | The Legend of Sigurd and Gudrun
Accept,review,,angst,83,tag,cross-genre,"romance 38%, young-adult 15%, (none) 14%",,low-angst,71,low-angst,61,artist,54,A Thousand Boy Kisses | Slammed | On Dublin Street
Accept,new,activate,urban,81,tag,cross-genre,"fantasy 38%, fantasy-romance 31%, romance 8%",,urban-fantasy,55,urban-fantasy,55,dubcon,54,Just Another Judgement Day | Fool Moon | Summer Knight
Accept,new,activate,brothers-and-sisters,80,tag,cross-genre,"fantasy 23%, general-fiction 10%, young-adult 10%",,brother-s-best-friend,58,hot-and-spicy,54,sword-and-sorcery,54,Red Country | Ghosts beneath our feet | The old Willis place
Accept,new,activate,finance,80,tag,cross-genre,"business-&-economics 34%, (none) 19%, history 11%",,romance,57,romance,57,fae-romance,55,The Wealth of Nations | Think Like a Freak | Rework
Accept,review,,detective,79,tag,cross-genre,"mystery 48%, crime 47%, romantic-suspense 2%",,reflective,73,reflective,73,serial-detective,72,Leviathan Wakes (The Expanse) | Cat & Mouse | The Return of Sherlock Holmes
Reject,review,,performing-arts,78,tag,cross-genre,"(none) 21%, history 10%, fantasy 10%",,terraforming,74,terraforming,74,single-parent-romance,55,The Science of Avatar | The Prestige | Nightmare Movies: Horror on Screen Since the 1960s
Accept,new,activate,christianity,78,tag,cross-genre,"fantasy 17%, sci-fi 16%, general-fiction 10%",,secret-identity,59,catfish-mistaken-identity,54,catfish-mistaken-identity,54,The Last Battle | The Horse and His Boy | Nicolae
Accept,new,activate,satire,76,tag,cross-genre,"fantasy 36%, fantasy-romance 21%, sci-fi 11%",,soulmates,53,soulmates,53,artist,50,Pride and Prejudice | Carpe Jugulum | Snuff
Accept,new,activate,trauma-and-healing,74,tag,cross-genre,"romance 29%, romantasy 24%, fantasy 23%",,fairy-tale-retelling,52,demon-angel-romance,48,talking-animals,48,Book Lovers | Beach Read | Endgame
Accept,new,activate,steampunk,74,tag,cross-genre,"fantasy 39%, fantasy-romance 26%, sci-fi 13%",,solarpunk,66,splatterpunk,66,solarpunk,66,A Touch Of Rage | A Touch Of Truth | Murder On The Titania And Other Steam-Powered Adventures
Accept,review,,mental-health,71,tag,cross-genre,"romance 29%, contemporary 11%, self-help 9%",,mental-health-narrative,72,mentor-s-death,66,health-and-wellness,60,The Path Of Daggers | The Long Midnight | Awakened
Reject,review,,paranormal-and-urban,71,tag,cross-genre,"fantasy 35%, fantasy-romance 32%, romance 11%",,paranormal-romance,73,paranormal-romance,68,paranormal,66,I am Legend | Grave Peril | Proven Guilty
Accept,new,activate,realistic-fiction,71,tag,cross-genre,"romance 30%, young-adult 15%, contemporary-romance 8%",,historical-fiction,68,speculative-fiction,66,addiction-narrative,61,The Fault in Our Stars | With the Fire on High | The Lottery
Accept,new,activate,foreign-language-study,70,tag,cross-genre,"fantasy 11%, romance 8%, poetry 8%",,dragon-fantasy,50,fae-fantasy,48,forbidden-forest,47,Do Androids Dream of Electric Sheep | The Jennifer Morgue | The Tale of the Body Thief
Accept,new,activate,brothers,70,tag,cross-genre,"romance 17%, fantasy 14%, young-adult 9%",,brother-s-best-friend,55,brother-s-best-friend,55,british,53,The boys return | Full Tilt | As You Like It
Accept,review,,psychological,69,tag,cross-genre,"mystery 28%, crime 28%, sci-fi 8%",,psychological-horror,78,psychological-horror,78,psychology,78,Geralds Game | A Scanner Darkly | Lexicon
Accept,new,activate,japan,69,tag,cross-genre,"romance 16%, fantasy 16%, romantasy 7%",,utopian,50,utopian,50,ya-dystopian,47,Shōgun | An Artist of the Floating World | Hiroshima
Accept,review,,supernatural,68,tag,cross-genre,"fantasy 20%, mystery 16%, crime 16%",,supernatural-horror,77,supernatural-horror,77,paranormal,54,The Gunslinger | Bag of Bones | Swan Song
Accept,new,activate,essays,68,tag,cross-genre,"(none) 27%, biography-memoir 18%, sci-fi 5%",,humor-comedy-essays,48,humor-comedy-essays,48,amnesia,46,Danse Macabre | A Room of One's Own | The Utopia of Rules
merge:american,auto-merge,merge:american,americans,68,tag,cross-genre,"romance 16%, general-fiction 10%, fantasy 9%",,american,94,american,94,erotica,62,The Portrait of a Lady | A Good Woman | Everything Is Illuminated
Reject,review,,from-nas,67,tag,cross-genre,"sci-fi 39%, fantasy 24%, fantasy-romance 10%",,romantasy,70,romantasy,70,home-invasion,57,Excession | Startide Rising | The Human Division
Reject,new,activate,large-print-books,66,tag,cross-genre,"romance 21%, mystery 17%, crime 14%",,blood-magic,50,forced-proximity,48,rockstar-romance,48,Betrayed | Nightmares & Dreamscapes [1/3] (Suffer the little children / Crouch end / Rainy season / Dolan's Cadillac / The House on Maple Street / Umney's last case / Head down / Brooklyn August) | Blood and Gold
Reject,new,activate,sappy,66,tag,cross-genre,"romance 47%, historical-romance 31%, contemporary-romance 6%",,sapphic,66,sapphic,66,sad,50,When Beauty Tamed the Beast | Too Wilde to wed | Simply Love
Reject,new,activate,classique,64,tag,cross-genre,"sci-fi 29%, (none) 19%, fantasy 8%",,class-divide,66,class-divide,66,chase-sequence,60,Hyperion | The Dispossessed | The Caves of Steel
merge:literary-fiction,new,activate,literature-and-fiction-science-fiction-and-fantasy,64,tag,cross-genre,"fantasy 44%, fantasy-romance 41%, sci-fi 8%",,heist-in-a-fantasy-setting,52,class-stratification-in-a-future-society,48,dystopian-society-faction-system,47,Ringworld | Shadows of Self | The Bands of Mourning
Accept,new,activate,comedy,64,tag,cross-genre,"romance 27%, graphic-novel 14%, (none) 11%",,horror-comedy,63,comedy-novels,63,horror-comedy,63,In A Holidaze | The Highschool of Hell | Ultimate Cocky Fighter
Accept,new,activate,reference,64,tag,cross-genre,"(none) 40%, history 13%, fantasy 7%",,reflective,63,reflective,63,regency,62,"The Gay and Lesbian Literary Heritage | A dictionary of Egyptian gods and goddesses | The Craft of Research (Chicago Guides to Writing, Editing, and Publishing)"
Reject,new,activate,wd,63,tag,cross-genre,"mystery 36%, crime 24%, romantasy 9%",,whodunit,40,howdunit,40,sad,40,Gathering prey | Twisted prey | Heat lightning
Reject,new,activate,electronic-books,61,tag,cross-genre,"fantasy 26%, romance 12%, romantasy 9%",,boss-employee-romance,54,boss-employee-romance,54,rockstar-romance,50,Permutation City | Walden | Lover Enshrined
Reject,review,,aventure,60,tag,cross-genre,"fantasy 40%, sci-fi 22%, fantasy-romance 13%",,adventurous,73,adventurous,73,ancient-curse,66,Olympos | The Long Cosmos | Interesting Times
Accept,new,activate,demonology,60,tag,cross-genre,"fantasy 43%, romantasy 20%, fantasy-romance 12%",,nanotechnology,58,nanotechnology,58,only-one-bed,54,The Emperor's Gift | Demon Road | City of Lost Souls
Reject,new,activate,novella,59,tag,cross-genre,"fantasy 20%, sci-fi 17%, romance 14%",,grovel-arc,58,comedy-novels,50,comedy-novels,50,All Systems Red (The Murderbot Diaries) | The Ocean at the end of the lane | Ring Shout
Accept,new,activate,technology-and-engineering,58,tag,cross-genre,"(none) 22%, history 17%, science-&-nature 12%",,mind-control-mind-reading-technology,64,genetic-engineering,62,technology-in-the-wrong-hands,61,Garbology | How to Do Nothing | Bodyspace
Accept,new,activate,betrayal,57,tag,cross-genre,"fantasy 32%, romantasy 15%, sci-fi 8%",,secret-royalty,54,royalty,53,royalty,53,The Power That Preserves | The Scarlet Gospels | Scales
Reject,new,activate,big-5,57,tag,cross-genre,"history 19%, biography-memoir 14%, (none) 11%",,biography,42,biography,42,mating-bond,37,A Head Full of Ghosts | The origin of Satan | The shepherd's life
Accept,new,activate,self-improvement,57,tag,cross-genre,"self-help 26%, (none) 24%, psychology 16%",,pet-parent,53,romantic-subplot,50,romantic-suspense,48,Tuesdays with Morrie | Big Magic | The 4-Hour Workweek
Accept,review,,sociology,56,tag,cross-genre,"(none) 29%, history 18%, self-help 12%",,psychology,73,psychology,73,nanotechnology,60,The Wealth of Nations | Blink | Modern Romance
Accept,new,activate,suspense,55,tag,cross-genre,"mystery 24%, crime 22%, romance 8%",,romantic-suspense,64,romantic-suspense,64,sunshine,62,The System of the World | Lexicon | Homebody
Accept,new,activate,economics,55,tag,cross-genre,"(none) 32%, history 26%, business-&-economics 23%",,necromancy,52,conspiracy,52,necromancy,52,The Wealth of Nations | Think Like a Freak | The Sword of Shannara
Accept,new,activate,murder-mystery,54,tag,cross-genre,"thriller-&-mystery 43%, mystery 19%, crime 19%",,mystery,66,cozy-mystery,61,locked-room-mystery,60,Gone Girl | The Secret History | Hell Bent
merge:lgbtq,new,activate,queer,53,tag,cross-genre,"fantasy 31%, fantasy-romance 14%, sci-fi 11%",,ice-queen,57,ice-queen,46,mentor-figure,44,Exquisite Corpse | The Starless Sea | An Absolutely Remarkable Thing
Accept,new,activate,death,52,tag,cross-genre,"sci-fi 18%, fantasy 16%, mystery 9%",,mentor-s-death,52,mentor-s-death,52,hea,50,Konrad | ShadowBreed | Ill Wind
Accept,new,activate,california,52,tag,cross-genre,"mystery 13%, romance 11%, fantasy 10%",,cloning,58,cloning,58,victorian,52,Ticktock | Earthquake Weather | Watcher in the Woods (Dreamhouse Kings #2)
Reject,new,activate,short-stories,52,tag,cross-genre,"sci-fi 33%, fantasy 16%, (none) 8%",,court-intrigue,59,woods-forest-as-threat,57,short-story-or-novella,57,The King in Yellow | The Lottery | Brief cases
merge:young-adult,new,activate,young-adult-nonfiction,51,tag,cross-genre,"young-adult 39%, history 13%, biography-memoir 7%",,narrative-nonfiction,61,narrative-nonfiction,57,young-adult,54,Bronx Masquerade | Ordinary Hazards | Dreams from My Father
Accept,new,activate,graphic-novel,51,tag,cross-genre,"fantasy 33%, sci-fi 18%, contemporary 6%",,grovel-arc,60,comedy-novels,53,grovel-arc,52,Fun Home | The Collected Essex County | Bookhunter
Accept,review,,complicated-romance,50,tag,cross-genre,"fantasy 28%, romance 26%, romantasy 26%",,romantic-comedy,70,holiday-romance,70,military-romance,68,Book Lovers | Pride and Prejudice | A Memory Called Empire
Accept,new,activate,good-and-evil,50,tag,cross-genre,"fantasy 44%, sci-fi 14%, fantasy-romance 11%",,war-between-good-and-evil,68,sword-and-sorcery,53,band-of-misfits,50,The Ocean at the end of the lane | SilverFin (Young Bond #1) | The Black Cauldron
Accept,new,activate,boarding-schools,50,tag,cross-genre,"young-adult 25%, fantasy 13%, general-fiction 10%",,magic-school-setting,55,body-horror,51,psychological-horror,50,Evernight | Rebel Angels | The name of the star
Accept,new,activate,children-s-literature,50,tag,cross-genre,"fantasy 34%, fantasy-romance 11%, young-adult 9%",,literary-fiction,54,quiet-literary-slow-burn,53,childhood-sweethearts,52,Poltergoose | The Halloween Tree | It Came From New Jersey - My Life As an Artist (Goosebumps)
Accept,review,,asian-american,50,tag,cross-genre,"romance 22%, literary-fiction 9%, biography-memoir 8%",,american,72,american,72,home-invasion,59,Almost American Girl | They Called Us Enemy | Everything I never told you
Accept,new,activate,law,50,tag,cross-genre,"mystery 17%, (none) 14%, crime 12%",,black,50,black,50,slasher,40,Just Mercy | The King of Torts | Making crime pay
Accept,review,,france,49,tag,cross-genre,"romance 16%, fantasy 13%, general-fiction 11%",,romance,76,fae-romance,70,fae-romance,70,The Winter Ghosts | Eagle Strike | Timeline
merge:romance,new,activate,erotic-stories,49,tag,cross-genre,"romance 40%, general-fiction 13%, fantasy 13%",,romantic-suspense,58,domestic-thriller,58,sports-romance,57,Fifty Shades of Grey | Fifty Shades Darker | Letting Go
Reject,new,activate,witty,48,tag,cross-genre,"romance 46%, sci-fi 8%, fantasy 8%",,history,50,history,50,whodunit,46,Old Man's War | Bride | Draco Malfoy and the Mortifying Ordeal of Being in Love
merge:biography-memoir,new,activate,biographies-and-memoirs,48,tag,cross-genre,"biography-memoir 34%, crime 12%, (none) 10%",,sword-and-sorcery,50,morally-gray-antihero,50,mentor-figure,50,Becoming | Se questo è un uomo | Born a Crime
Reject,review,,fiction-historique,47,tag,cross-genre,"graphic-novel 30%, fantasy 19%, sci-fi 11%",,historical-fiction,72,speculative-fiction,64,biographical-historical-fiction,61,Carrion Comfort | Ilium | Olympos
Reject,new,activate,cats,47,tag,cross-genre,"fantasy 43%, fantasy-romance 17%, childrens 7%",,artist,60,artist,60,fantasy,54,The Cat's Maw | Shoestring Theory | The phantom cat of the opera
Accept,review,,educational,47,tag,cross-genre,"history 20%, (none) 18%, self-help 16%",,emotional,70,emotional,70,dubcon,58,Becoming | We Should All Be Feminists | The Selfish Gene
Reject,new,activate,slice-of-life,47,tag,cross-genre,"graphic-novel 38%, young-adult 17%, romance 17%",,one-last-scare,51,fae-romance,50,slow-burn-spice,50,Dead Dead Demon's Dededede Destruction | I Hear the SunSpot | Sweet Bean Paste
Accept,new,activate,dark-humour,45,tag,cross-genre,"fantasy 36%, thriller-&-mystery 12%, mystery 9%",,monster-in-the-dark,53,dark,53,dark,53,Gideon the Ninth | The Lies of Locke Lamora | Darkly Dreaming Dexter
Accept,new,activate,scary,45,tag,cross-genre,"mystery 29%, crime 22%, fantasy 8%",,mystery,50,slasher,50,history,50,Needful Things | Geralds Game | Four Past Midnight
Reject,new,activate,first-person-pov,44,tag,cross-genre,"fantasy 40%, romance 24%, sci-fi 12%",,first-love,61,missing-person,60,friends-to-lovers,54,Book Lovers | All Systems Red (The Murderbot Diaries) | The Martian
Accept,new,activate,china,44,tag,cross-genre,"history 27%, general-fiction 12%, (none) 10%",,cloning,50,challenging,50,hea,50,When We Were Orphans | Eona | On China
Accept,new,activate,gay-men,44,tag,cross-genre,"romance 20%, fantasy 19%, romantasy 12%",,american,53,american,53,mentor-figure,50,A Destiny of Dragons | Love & Loyalty | Box Hill
Accept,new,activate,survival,43,tag,cross-genre,"sci-fi 23%, fantasy 19%, romantasy 12%",,survival-horror,69,survival-horror,69,survival-narrative,61,The Martian | Ill Wind | The Long Walk
Accept,review,,technology,43,tag,cross-genre,"(none) 27%, sci-fi 20%, mystery 6%",,nanotechnology,83,nanotechnology,83,psychology,70,The Salmon of Doubt | 2001 | Ill Wind
Accept,review,,retelling,43,tag,cross-genre,"fantasy 37%, romantasy 20%, romance 10%",,relaxing,70,relaxing,70,mythology-retelling,64,The Legend of Sigurd and Gudrun | Blood Rival | Aphrodite in Pieces
Reject,new,activate,physical-book,43,tag,cross-genre,"romance 33%, contemporary 29%, contemporary-romance 6%",,psychological-horror,54,blood-magic,50,survival-horror,50,Small Gods | The Outsider | Imiginary Friend
Accept,new,activate,grief,42,tag,cross-genre,"romance 21%, fantasy 12%, biography-memoir 12%",,thriller,46,grimdark,46,thriller,46,The Dog Stars | The Way Up Is Death | If We Cannot Go at the Speed of Light
Accept,new,activate,london-england,42,tag,cross-genre,"romance 26%, general-fiction 12%, mystery 12%",,only-one-bed,53,betting-wager-on-seduction,50,benevolent-ai-companion,48,The Ship | The Lost Apothecary | Abigale Hall
merge:male-male-romance,review,,m-m-romance,42,tag,cross-genre,"romantasy 40%, fantasy 35%, romance 13%",,romance,77,fae-romance,72,summer-romance,72,Carry on | Captive Prince | Game Changer
Accept,new,activate,personal-development,42,tag,cross-genre,"self-help 41%, business-&-economics 18%, psychology 11%",,missing-person,52,serial-detective,50,demon-possession,50,A Whole New Mind | 12 Rules for Life | Never Split the Difference
Accept,new,activate,witches,41,tag,cross-genre,"fantasy 36%, romantasy 24%, fantasy-romance 11%",,witch-romance,60,politics,53,politics,53,"Raising Steam | A Forest, Darkly | Slewfoot"
Accept,new,activate,personal-success,41,tag,cross-genre,"self-help 40%, psychology 16%, business-&-economics 14%",,space-opera,59,secret-royalty,53,interpersonal-character-study,53,A Whole New Mind | Rework | Essentialism
Accept,new,activate,private-investigators,40,tag,cross-genre,"mystery 40%, crime 24%, fantasy 10%",,first-case-rookie-investigator,60,corporate-conspiracy,53,insta-love,51,Quarantine | Summer Knight | Dead Beat
Accept,new,activate,fairies,40,tag,cross-genre,"fantasy 42%, romantasy 27%, fantasy-romance 7%",,artist,61,artist,61,fake-marriage,50,Wicked Lovely | A kiss of shadows | Sophie the Sapphire Fairy
Accept,new,activate,design,40,tag,cross-genre,"(none) 36%, history 14%, science-&-nature 7%",,lesbian,61,lesbian,61,dystopian,53,Techniques of the observer | The Visual Display of Quantitative Information | Don't Make Me Think
Accept,new,activate,systemic-oppression-and-resistance,39,tag,cross-genre,"fantasy 43%, romantasy 40%, sci-fi 16%",,rebellion-against-an-oppressive-system,63,resistance-movement-rebellion-against-the-state,57,resistance-spy-work-during-wartime,55,The Fifth Season | The Hundred Thousand Kingdoms | Fearless
Reject,new,activate,fictiune,39,tag,cross-genre,"sci-fi 33%, fantasy 22%, fantasy-romance 15%",,war-fiction,63,war-fiction,63,victorian,58,The Naked Sun | Psycho | The Illustrated Man
Reject,new,activate,humblebundle,39,tag,cross-genre,"sci-fi 42%, fantasy 29%, fantasy-romance 19%",,unlikely-hero,48,mail-order-bride,42,hopeful,42,The Telling | Attack on Titan | Attack On Titan 4
Accept,new,activate,russia,39,tag,cross-genre,"history 27%, mystery 12%, crime 12%",,musician,57,musician,57,grumpy-sunshine,47,War and Peace | Nicholas and Alexandra | A Gentleman in Moscow
Accept,new,activate,aristocracy-social-class,39,tag,cross-genre,"romance 43%, historical-romance 17%, romantasy 6%",,star-crossed-lovers-across-class-social-lines,52,star-crossed-lovers-across-class-social-lines,52,post-scarcity-society,48,The Importance of Being Earnest | If He's Sinful | When Beauty Tamed the Beast
Accept,new,activate,capitalism,38,tag,cross-genre,"(none) 30%, history 27%, business-&-economics 10%",,magical-realism,56,magical-realism,56,politics,55,The Fractal Episodes | Disposable women and other myths of global capitalism | The Shock Doctrine
Accept,review,,relationships,38,tag,cross-genre,"self-help 26%, romance 20%, psychology 13%",,secret-relationship,81,secret-relationship,75,generation-ship,71,Duma Key | An Abundance of Katherines | Modern Romance
Accept,review,,conspiracies,38,tag,cross-genre,"mystery 22%, crime 22%, fantasy 12%",,conspiracy,81,conspiracy,81,corporate-conspiracy,62,The Collectors | The Italian secretary | The hypnotists
Accept,new,activate,introspective,37,tag,cross-genre,"romance 34%, fantasy 10%, sci-fi 8%",,speculative-fiction,68,reflective,60,reflective,60,The Diamond Age | Dying Inside | Elantris
Accept,new,activate,action-packed,37,tag,cross-genre,"fantasy 34%, sci-fi 23%, mystery 14%",,fake-dating,66,space-exploration,66,space-colonization,64,Earth invaded | The Liberators | Empire in Black and Gold
Accept,review,,female-protagonist,37,tag,cross-genre,"fantasy 30%, sci-fi 14%, romance 12%",,framed-protagonist,83,framed-protagonist,77,neurodivergent-protagonist,63,Empress | The One Tree | The Dead of Winter
Reject,new,activate,imaginary-wars-and-battles,37,tag,cross-genre,"sci-fi 45%, fantasy 27%, fantasy-romance 12%",,war-and-its-aftermath-on-ordinary-lives,55,war-between-good-and-evil,54,letters-diary-as-narrative-device,47,First and Only | Architect of Fate | A Thousand Sons
Reject,new,activate,moving,37,tag,cross-genre,"fantasy 16%, romance 12%, literary-fiction 12%",,cloning,61,cloning,61,emotional,53,The Fault in Our Stars | Our Wives Under the Sea | Never Let Me Go
Accept,new,activate,mafia,37,tag,cross-genre,"romance 33%, romantasy 17%, mystery 12%",,mac-guffin,53,amnesia,50,amnesia,50,The Client | The Godfather | The Godfather's Revenge
Accept,new,activate,comedy-and-humor,36,tag,cross-genre,"fantasy 18%, fantasy-romance 12%, romance 10%",,sword-and-sorcery,60,comedy-novels,55,summer-romance,53,Jingo | Spoonbenders | Pyramids
Accept,new,activate,hidden-truths,36,tag,cross-genre,"thriller-&-mystery 42%, sci-fi 30%, romance 20%",,adventurous,58,adventurous,58,forbidden-forest,55,Endgame | Cytonic | Defiant
Accept,new,activate,retellings,36,tag,cross-genre,"fantasy 33%, romantasy 28%, sci-fi 9%",,relaxing,66,relaxing,66,mythology-retelling,62,Cinder | Cress | Winter
Accept,new,activate,leadership,36,tag,cross-genre,"(none) 29%, business-&-economics 21%, self-help 18%",,generation-ship,56,generation-ship,56,road-trip,52,A Whole New Mind | How to Win Friends and Influence People | Deep Work
Accept,new,activate,crime,35,tag,cross-genre,"mystery 42%, crime 40%, romantic-suspense 6%",,true-crime,66,true-crime,66,perfect-crime,55,Darkly Dreaming Dexter | Red Dragon | Angels & Demons
merge:romance,new,activate,smut,35,tag,cross-genre,"romance 45%, contemporary-romance 12%, romantasy 10%",,bdsm,50,soulmates,46,meet-cute,46,Bared to You | I Will Break You | Lights Out
Accept,review,,best-friends,35,tag,cross-genre,"general-fiction 18%, childrens 13%, sci-fi 13%",,best-friend-s-sibling,72,brother-s-best-friend,66,best-friend-s-sibling,66,Cirque du freak | Cirque Du Freak #7 | The dead
Accept,new,activate,family-life,35,tag,cross-genre,"romance 32%, contemporary 11%, (none) 9%",,found-family,69,military-sci-fi,53,femme-fatale,52,The Curious Incident of the Dog in the Night-Time | The Rosie Project | Little Fires Everywhere
Accept,new,activate,civilization,35,tag,cross-genre,"history 44%, (none) 11%, philosophy 8%",,space-colonization,60,space-colonization,60,climate-fiction,59,"Guns, germs, and steel | Homo Ludens | A History of Science in World Cultures"
Accept,new,activate,class-struggle,34,tag,cross-genre,"fantasy 29%, thriller-&-mystery 27%, romantasy 22%",,class-divide,53,love-triangle,51,legal-thriller,50,Pride and Prejudice | Imperial Earth | The Way of Kings Part 2
Accept,review,,revenge,34,tag,cross-genre,"mystery 26%, crime 26%, fantasy 13%",,revenge-plot,73,revenge-plot,73,regency,57,Eragon | Konrad | ShadowBreed
Accept,new,activate,gods,34,tag,cross-genre,"fantasy 42%, romantasy 18%, romance 9%",,dragons,54,dragons,54,bdsm,50,Empress | Bloodstone | The Way of Kings Part 1
Accept,new,activate,city-and-town-life,34,tag,cross-genre,"romance 20%, general-fiction 16%, (none) 13%",,low-fantasy,55,hate-to-love,53,light-and-fluffy,52,Perdido Street Station | Dead to the World | The Moon is Down
merge:fantasy,new,activate,thriller-and-suspense-science-fiction-and-fantasy,34,tag,cross-genre,"fantasy 26%, fantasy-romance 24%, sci-fi 19%",,heist-in-a-fantasy-setting,53,dystopian-society-faction-system,50,grief-and-loss-as-central-theme,47,Grave Peril | Summer Knight | City of Stairs
Accept,new,activate,europe,34,tag,cross-genre,"history 20%, romance 17%, historical 10%",,prophecy,57,prophecy,57,fae-romance,47,Europe in Autumn | Ordinary Men | Hitler's empire
Reject,new,activate,built-in,34,tag,cross-genre,"literary-fiction 17%, romance 14%, sci-fi 9%",,new-adult,58,worldbuilding,57,worldbuilding,57,Maus I | Orlando | The Little Friend
Accept,new,activate,conduct-of-life,34,tag,cross-genre,"(none) 18%, self-help 13%, general-fiction 7%",,fae-courts,56,band-of-misfits,53,marriage-of-convenience,52,Perfect | Staying Fat for Sarah Byrnes | A Fine White Dust
Reject,new,activate,bildungsromans,34,tag,cross-genre,"fantasy 15%, romance 15%, general-fiction 13%",,low-angst-romance,58,angsty-romance,57,angsty-romance,57,"Forever Princess | Dragonsong | Alice, I Think"
Accept,new,activate,college-students,34,tag,cross-genre,"romance 32%, young-adult 23%, literary-fiction 6%",,teacher-student,58,teacher-student,58,essay-collection,50,One Day | On Chesil Beach | Bite Club
Accept,new,activate,australian-fiction,33,tag,cross-genre,"sci-fi 17%, (none) 17%, romance 15%",,war-fiction,68,climate-fiction,66,historical-fiction,66,Schild's Ladder | Jennifer Government | Picnic at Hanging Rock
Accept,review,,family-secrets,33,tag,cross-genre,"romance 29%, general-fiction 13%, fantasy 9%",,secret-baby,72,secret-royalty,71,secret-identity,62,"Haven | Of bees and mist | My Favorite Thing Is Monsters, vol 1"
Accept,new,activate,boys,33,tag,cross-genre,"young-adult 14%, romance 11%, general-fiction 9%",,bad-boy,54,bad-boy,54,bdsm,50,"Neverland | Alexander and the Terrible, Horrible, No Good, Very Bad Day | The Giver"
Accept,new,activate,dating-social-customs,33,tag,cross-genre,"romance 33%, young-adult 22%, general-fiction 14%",,royal-court-intrigue,53,coming-out,51,historical-fiction,51,Perfect chemistry | P.S. I Still Love You | Hearts and other body parts
Accept,review,,africa,33,tag,cross-genre,"romance 18%, history 13%, fantasy 9%",,american,71,american,71,erotica,61,Lions at Lunchtime | King Solomon's Mines | Homegoing
Accept,new,activate,management,33,tag,cross-genre,"business-&-economics 33%, (none) 27%, self-help 18%",,masc-femme,52,mentor-mentee,52,mentor-figure,52,Rework | The Dilbert Principle | Zero to One
merge:male-female-romance,new,activate,mf,33,tag,cross-genre,"romantasy 33%, fantasy 19%, romance 18%",,hfn,40,bdsm,33,mac-guffin,33,"Grave Witch (Alex Craft) | Full Moon Rising (Riley Jensen, Guardian, Book 1) | Lights Out"
Reject,new,activate,vpl,33,tag,cross-genre,"fantasy 26%, young-adult 19%, sci-fi 9%",,hopeful,40,revenge-plot,40,hopeful,40,"Dead Dead Demon's Dededede Destruction | Assassination classroom | Assassination Classroom, Vol. 1"
Accept,new,activate,morally-grey,32,tag,cross-genre,"romance 22%, romantasy 16%, fantasy 14%",,morally-gray-antihero,66,morally-gray-love-interest,57,mentor-figure,56,Six of Crows | The Poppy War | The Secret History
Accept,new,activate,angels,32,tag,cross-genre,"fantasy 36%, romantasy 19%, sci-fi 12%",,amnesia,61,amnesia,61,low-angst,53,The Dirty Streets of Heaven | Wolfhound Century | Archangels Legion
Reject,new,activate,verse-novel,32,tag,cross-genre,"general-fiction 30%, childrens 22%, young-adult 13%",,reverse-harem,58,government-cover-up,53,enemies-to-lovers,50,Sharp Teeth | One of those hideous books where the mother dies | Tricks
Accept,new,activate,canada,32,tag,cross-genre,"romance 16%, fantasy 11%, general-fiction 9%",,dark-academia,52,fantasy,46,amnesia,46,Foe | I'm Thinking of Ending Things | A Prairie Boy's Winter
Accept,new,activate,usa,32,tag,cross-genre,"romance 19%, history 14%, (none) 11%",,sad,66,sad,66,saga,57,"Lies My Teacher Told Me | ""Why are all the Black kids sitting together in the cafeteria?"" and other conversations about race | The fire next time"
merge:male-male-romance,review,,mm-romance,32,tag,cross-genre,"romance 44%, romantasy 19%, fantasy 10%",,romance,82,fae-romance,76,summer-romance,75,Heated Rivalry | Game Changer | The Charm Offensive
Reject,new,activate,googleplay,31,tag,cross-genre,"sci-fi 35%, fantasy 24%, (none) 16%",,grovel-arc,50,contemporary,45,contemporary,45,Ringworld | A Quantum Murder | The Nano Flower
Accept,new,activate,gritty,31,tag,cross-genre,"romance 45%, sci-fi 11%, romantasy 11%",,celebrity,53,celebrity,53,artist,50,Insurgent | Scales | First Mage on the Moon
Reject,new,activate,short-reads,31,tag,cross-genre,"fantasy 43%, romance 9%, fantasy-romance 9%",,friends-to-lovers,57,sports-romance,56,secret-relationship,53,The slow regard of silent things | Maus I | A Certain Hunger
Accept,new,activate,abduction,31,tag,cross-genre,"romantasy 16%, fantasy 15%, romance 13%",,dubcon,66,dubcon,66,war-fiction,60,"The Book of revelation | a promise to nadia | Gone, Baby, Gone"
Accept,new,activate,australia,31,tag,cross-genre,"romance 26%, general-fiction 13%, young-adult 8%",,tragic-past,60,amnesia,50,talking-animals,50,Picnic at Hanging Rock | Protected | Blabber Mouth
Reject,new,activate,books-and-reading,31,tag,cross-genre,"fantasy 38%, romance 10%, fantasy-romance 10%",,haunted-house-mansion,52,abandoned-building,51,abandoned-building,51,Claw of the werewolf | We Are in a Book! (Elephant & Piggie) | The View from Saturday
Accept,new,activate,chick-lit,31,tag,cross-genre,"romance 38%, romantasy 11%, (none) 11%",,first-contact,45,ticking-clock,45,hive-mind,44,Twenties Girl | Pretty Little Liars | Undead and unwelcome
merge:literary-fiction,new,activate,general-fiction,31,tag,cross-genre,"fantasy 21%, romance 12%, general-fiction 12%",,literary-fiction,64,historical-fiction,60,addiction-narrative,58,Neverwhere | The  black arrow | All the Pretty Horses
Accept,new,activate,written-by-women,31,tag,cross-genre,"fantasy 34%, fantasy-romance 13%, romance 10%",,author-writer,51,brother-s-best-friend,48,witch-romance,48,A Certain Hunger | Song of Solomon | A Face Like Glass
Accept,new,activate,architecture,31,tag,cross-genre,"history 20%, (none) 17%, general-fiction 8%",,ancient-curse,64,ancient-curse,64,true-crime,54,The Little House | 4th of July | Urban planning and cultural identity
Accept,new,activate,business-and-careers,31,tag,cross-genre,"business-&-economics 21%, (none) 21%, psychology 18%",,small-business-owner,60,business,57,business,57,A Whole New Mind | Crucial Conversations | Becoming Steve Jobs
merge:romance,review,,adulte,30,tag,cross-genre,"fantasy 41%, fantasy-romance 25%, sci-fi 16%",,new-adult,80,new-adult,66,young-adult,58,The Truth | Snuff | Wyrd Sisters
Accept,new,activate,demons,30,tag,cross-genre,"fantasy 30%, romantasy 28%, romance 16%",,dragons,61,demon-possession,54,tense,54,Lost Worlds | Konrad | Wolf in Shadow
Reject,new,activate,books-about-books,30,tag,cross-genre,"fantasy 35%, sci-fi 14%, contemporary 8%",,food-writing-cookbooks,51,food-writing-cookbooks,51,includes-adult-toys,44,The Woman Who Died A Lot | The Book of Elsewhere | A Discovery of Witches
Reject,new,activate,kobo,30,tag,cross-genre,"sci-fi 32%, fantasy 20%, fantasy-romance 15%",,horror,40,dubcon,40,folk-horror,40,The Telling | Horrorstör | Very far away from anywhere else
Reject,new,activate,exciting,30,tag,cross-genre,"mystery 28%, crime 20%, sci-fi 12%",,relaxing,62,listings,62,relaxing,62,Finders Keepers | Intensity | The Bazaar of Bad Dreams
Accept,new,activate,antiques-and-collectibles,30,tag,cross-genre,"fantasy 22%, romantasy 12%, romance 10%",,adventure-novels,53,political-intrigue,51,essay-collection,48,Afterlife | The Subtle Knife | Stargazer
Accept,new,activate,biology,30,tag,cross-genre,"history 43%, science-&-nature 16%, (none) 13%",,biography,62,biography,62,psychology,58,The Dragons of Eden | The Selfish Gene | The Immortal Life of Henrietta Lacks
Accept,new,activate,protagonist-with-trauma,29,tag,cross-genre,"fantasy 39%, romance 21%, romantasy 18%",,magic-system-with-a-cost,55,framed-protagonist,53,framed-protagonist,53,The Sword of Kaigen | A Forest Of Vanity And Valour | A Kingdom Of Courage And Cruelty
Reject,new,activate,discworld,29,tag,cross-genre,"fantasy 48%, fantasy-romance 48%, general-fiction 3%",,different-worlds,56,different-worlds,56,ancient-world,54,Jingo | Carpe Jugulum | The Truth
merge:fantasy,new,activate,fantezie,29,tag,cross-genre,"fantasy 32%, fantasy-romance 26%, sci-fi 26%",,amnesia,53,fantasy,53,amnesia,53,The Scar | Doctor Sleep | The Illustrated Man
Accept,new,activate,actors,29,tag,cross-genre,"biography-memoir 27%, romance 16%, general-fiction 13%",,fae-courts,62,victorian,53,victorian,53,Scarlett fever | Not My Father's Son | The Shakespeare stealer
Reject,new,activate,depressing,29,tag,cross-genre,"sci-fi 18%, literary-fiction 9%, biography-memoir 9%",,demon-possession,61,demon-possession,61,deep-space-mission,57,The Bell Jar | Hyperbole and a Half | No Longer Human
Accept,new,activate,india,29,tag,cross-genre,"history 22%, historical-fiction 12%, literary-fiction 6%",,amnesia,50,amnesia,50,twist-ending,47,The Satanic Verses | The God of Small Things | Midnight's Children
merge:female-protagonist,new,activate,female-mc,29,tag,cross-genre,"fantasy 20%, mystery 15%, romance 13%",,fae-romance,60,elemental-magic,58,femme-fatale,57,"The Deep | My sister, the serial killer | The Maid"
Accept,new,activate,australian,28,tag,cross-genre,"romance 29%, contemporary-romance 17%, mystery 13%",,utopian,58,utopian,58,tragic-past,57,The Rookie | Vengeance Planning for Amateurs | Southern Lights
Reject,new,activate,tower,28,tag,cross-genre,"sci-fi 21%, general-fiction 12%, romance 12%",,author-writer,55,mystery,50,history,50,Ubik | The Way Up Is Death | Awakened
Accept,new,activate,secret-society,28,tag,cross-genre,"fantasy 37%, romantasy 33%, sci-fi 11%",,secret-identity,68,post-scarcity-society,68,secret-royalty,64,Origin | The Three-body Problem | Obsidian
Accept,new,activate,boston-mass,28,tag,cross-genre,"mystery 21%, crime 17%, general-fiction 12%",,mating-bond,54,blood-magic,54,business,52,An Old-Fashioned Girl | Prayers for rain | The Given Day
merge:young-adult,auto-merge,merge:young-adult,youngadult,28,tag,cross-genre,"sci-fi 27%, romantasy 25%, sci-fi-romance 21%",,young-adult,95,new-adult,63,new-adult,52,Cinder | Red Queen | Cress
Reject,new,activate,feel-good,28,tag,cross-genre,"romance 22%, young-adult 13%, fantasy 9%",,grumpy-fae-lord,50,folk-horror,50,different-worlds,48,Stardust | The Very Hungry Caterpillar | Between the World and Me
Accept,new,activate,essay,28,tag,cross-genre,"(none) 46%, history 35%, politics 10%",,amnesia,50,sad,50,lesbian,50,"""Why are all the Black kids sitting together in the cafeteria?"" and other conversations about race | So you want to talk about race | Entangled Life"
Accept,review,,academia,27,tag,cross-genre,"romance 41%, contemporary-romance 32%, mystery 3%",,dark-academia,76,dark-academia,76,redemption-arc,54,Dr. Margaret Morgan | Magdalene Nox | Learning Curves
Accept,new,activate,corruption,27,tag,cross-genre,"fantasy 28%, mystery 15%, crime 15%",,redemption-arc,58,corrupt-cop-official,53,victorian,52,Echoes of the well of Souls | The Road to Underfall | Bloodstone
Accept,new,activate,gay,27,tag,cross-genre,"romance 29%, literary-fiction 13%, romantasy 9%",,saga,57,saga,57,biography,50,The Left Hand of Darkness | The Line of Beauty | A Little Life
merge:lgbtq,new,activate,lgbt,27,tag,cross-genre,"fantasy 24%, romance 14%, fantasy-romance 12%",,low-angst,50,lgbtq-romance,47,celebrity,46,Exquisite Corpse | The Raven King | The Lost Man
Reject,new,activate,banned-in-usa,27,tag,cross-genre,"young-adult 23%, romance 14%, general-fiction 11%",,abandoned-building,58,ancient-ruins,53,haunted-house,53,"Flamer | L8r, g8r | Speak"
Accept,new,activate,activism,27,tag,cross-genre,"biography-memoir 31%, (none) 27%, mystery 10%",,artist,57,artist,57,ancient-ruins,47,Just Mercy | 4th of July | Between the World and Me
Accept,review,,christian-fiction,27,tag,cross-genre,"general-fiction 18%, romance 18%, fantasy 18%",,historical-fiction,74,climate-fiction,68,domestic-fiction,66,Left Behind | A light in the window | At home in Mitford
Accept,review,,male-protagonist,26,tag,cross-genre,"fantasy 28%, mystery 17%, crime 17%",,framed-protagonist,82,framed-protagonist,76,prophecy-bound-protagonist,61,The Dragon in the Stone | Eragon | Konrad
Accept,new,activate,plot-twists,26,tag,cross-genre,"fantasy 40%, thriller-&-mystery 28%, romantasy 25%",,sports-writing,56,witness-protection,55,politics,52,The Iron Trial | The Three-body Problem | The Passengers
Accept,new,activate,humorous-stories,26,tag,cross-genre,"humor 16%, romance 16%, young-adult 12%",,mysterious-stranger,57,monster-horror,53,survival-horror,51,The Gun Seller | One Day | Welcome to Temptation
Accept,new,activate,blessing-and-cursing,26,tag,cross-genre,"fantasy 41%, romantasy 17%, romance 15%",,ancient-curse,54,missing-person,52,heist-in-a-fantasy-setting,52,The Magnificence of Death | The Night Gardener | The Boy Who Lost His Face
Reject,review,,enfants,26,tag,cross-genre,"graphic-novel 41%, fantasy 25%, fantasy-romance 12%",,fantasy,71,fae-fantasy,66,fae-fantasy,66,I Shall Wear Midnight | The Son of Neptune | The Last Battle
Reject,new,activate,french-fiction,26,tag,cross-genre,"mystery 14%, romance 14%, fantasy 14%",,speculative-fiction,60,historical-fiction,56,war-fiction,56,Missing Joseph | Dans le jardin de l'ogre | Candide
Reject,new,activate,long-read,26,tag,cross-genre,"history 19%, general-fiction 12%, (none) 12%",,red-herring,60,one-last-scare,52,cloning,50,Invisible Man | The Satanic Verses | Ulysses
Accept,review,,adultery,26,tag,cross-genre,"romance 28%, general-fiction 25%, (none) 9%",,new-adult,70,new-adult,58,mystery,53,The Good Soldier | Angle of repose | Fifty Shades of Grey
Accept,new,activate,entrepreneurship,26,tag,cross-genre,"business-&-economics 42%, (none) 30%, self-help 11%",,generation-ship,58,generation-ship,58,secret-relationship,57,Innovation and Entrepreneurship | Rework | Zero to One
Accept,new,activate,women-s-fiction,26,tag,cross-genre,"romance 28%, mystery 15%, contemporary-romance 10%",,speculative-fiction,58,historical-fiction,54,war-fiction,53,Eleanor Oliphant is Completely Fine | The Nightingale | Me Before You
Accept,new,activate,career,26,tag,cross-genre,"business-&-economics 28%, self-help 25%, (none) 14%",,celebrity,53,celebrity,53,reverse-harem,52,Rework | The 4-Hour Workweek | Essentialism
Accept,new,activate,women-sleuths,26,tag,cross-genre,"mystery 42%, crime 38%, fantasy 4%",,mentor-s-death,51,lesbian-romance,50,killer-that-won-t-die,47,Dark Places | The mysterious Mr Quin | Dead in the family
Accept,new,activate,omegaverse,26,tag,cross-genre,"fantasy 32%, romantasy 25%, sci-fi 13%",,reverse-harem,60,soulmates,52,soulmates,52,Burn bright | Dead heat | Hunting Ground
Accept,new,activate,family-legacy,25,tag,cross-genre,"thriller-&-mystery 39%, fantasy 32%, romance 17%",,found-family,56,multi-generational-family-saga,51,remote-research-facility,48,The Priory of the Orange Tree | A Day of Fallen Night | Among the Burning Flowers
Reject,new,activate,literature-and-fiction-mystery,25,tag,cross-genre,"mystery 34%, crime 34%, sci-fi 13%",,literary-fiction,60,dystopian-society-faction-system,56,culinary-craft-cozy-mystery,56,City of Stairs | Lock In | Innocence
Reject,new,activate,banned,25,tag,cross-genre,"romance 18%, young-adult 16%, general-fiction 16%",,abandoned-building,50,abandoned-building,50,lesbian-romance,47,Breaking Dawn | The Lovely Bones | Like a Love Story
Accept,new,activate,bereavement,25,tag,cross-genre,"romance 18%, general-fiction 15%, young-adult 15%",,cybernetic-enhancement,60,cybernetic-enhancement,60,government-cover-up,53,"Celeste | PS, I Love You | Blue"
Accept,new,activate,dogs,25,tag,cross-genre,"fantasy 26%, general-fiction 13%, fantasy-romance 13%",,dragons,54,low-angst,50,bdsm,50,Dominic | The Empty City | A Hidden Enemy
merge:artist,auto-merge,merge:artist,artists,25,tag,cross-genre,"romance 16%, (none) 16%, art 13%",,artist,92,artist,92,british,57,An Artist of the Floating World | Cultural Amnesia | Chamber Music / Dubliners / Portrait of the Artist as a Young Man
Reject,new,activate,fc-opus,25,tag,cross-genre,"romantasy 26%, sci-fi 20%, fantasy 20%",,cop,60,cop,60,fae-courts,58,Restitution | A Soul to Keep | Wolf Gone Wild
Reject,new,activate,suspense-fiction,25,tag,cross-genre,"mystery 31%, crime 25%, general-fiction 11%",,speculative-fiction,68,romantic-suspense,66,romantic-suspense,60,"Rule 34 | Darkness, take my hand | Bring Up the Bodies"
Reject,review,,historical-fantasy,24,tag,cross-genre,"fantasy 34%, fantasy-romance 21%, historical 17%",,portal-fantasy,75,science-fantasy,66,flintlock-gaslamp-fantasy,65,The Poppy War | Jonathan Strange &amp; Mr Norrell | The Adventures of Amina al-Sirafi
Accept,new,activate,survival-and-resilience,24,tag,cross-genre,"sci-fi 48%, romantasy 21%, sci-fi-romance 13%",,survival-narrative,63,survival-against-historical-injustice,63,serial-detective,56,The Martian | Origin | Children of Time
Accept,new,activate,widow,24,tag,cross-genre,"romance 27%, contemporary-romance 21%, romantasy 15%",,kingdoms-at-war,40,kingdoms-at-war,40,war-fiction,37,Iceberg | Windburn | For the Record
Accept,new,activate,latinx,24,tag,cross-genre,"romance 34%, contemporary-romance 24%, romantasy 10%",,relaxing,57,listings,57,relaxing,57,The Love Conspiracy | Soul Burn | Secrets In A Small Town
Accept,new,activate,black-author,24,tag,cross-genre,"romance 23%, contemporary-romance 19%, romantasy 17%",,black,58,black,58,author-writer,51,Mechanics of Love | Boss of Her | Executive Liaison
Accept,new,activate,transgender,24,tag,cross-genre,"romance 18%, sci-fi 15%, fantasy 9%",,strangers-to-lovers,53,trapped-together,51,romantic-suspense,50,New Brighton | Space Unicorn Blues | Make Room for Love
Accept,new,activate,journalism,24,tag,cross-genre,"mystery 19%, crime 19%, adventure 9%",,transhumanism,52,transhumanism,52,magical-realism,48,The Truth | The Bell Jar | Hack attack
Accept,new,activate,love,24,tag,cross-genre,"romance 40%, contemporary-romance 11%, fantasy 8%",,insta-love,57,first-love,57,insta-love,57,The Dragon in the Stone | ShadowBreed | Lamentation
Accept,new,activate,single-pov,24,tag,cross-genre,"fantasy 41%, mystery 16%, sci-fi 9%",,love-triangle,69,single-dad-mom,66,love-triangle,60,Imperial Earth | Harbinger of the Storm | The Dog Stars
Accept,new,activate,ireland,24,tag,cross-genre,"mystery 15%, crime 13%, romance 13%",,relaxing,66,relaxing,66,hive-mind,50,Supermax | In the forest | In a glass darkly
activate,review,,ya-romance,24,subgenre,cross-genre,"fantasy 42%, romantasy 42%, romance 14%",,romance,82,vampire-romance,72,romance,70,Bookish and the Beast | Caraval | Dark Shores
Reject,new,activate,german-fiction,24,tag,cross-genre,"fantasy 23%, (none) 20%, romance 13%",,literary-fiction,66,victorian,60,victorian,60,Red Lily | One Day | And the Mountains Echoed
Accept,new,activate,diaries,24,tag,cross-genre,"young-adult 24%, general-fiction 20%, childrens 12%",,artist,61,artist,61,dark,54,"Diary of a Wimpy Kid Do-It-Yourself Book | Catherine, Called Birdy | Dog Days"
Accept,review,,abandoned-children,24,tag,cross-genre,"general-fiction 24%, romance 20%, young-adult 17%",,abandoned-building,77,abandoned-building,72,absent-dead-parents,54,Willow and Twig | The Girl Who Drank the Moon | A complicated kindness
Accept,new,activate,japanese,24,tag,cross-genre,"mystery 14%, crime 14%, romance 11%",,amnesia,53,amnesia,53,shapeshifters,47,"Farewell to Manzanar | Assassination classroom | Assassination Classroom, Vol. 1"
Accept,new,activate,african-american-women,24,tag,cross-genre,"romance 13%, general-fiction 10%, history 10%",,american,53,american,53,arranged-marriage,51,Their Eyes Were Watching God | When they call you a terrorist | Sister Outsider
Accept,review,,canadian-fiction,24,tag,cross-genre,"fantasy 21%, fantasy-romance 10%, mystery 10%",,climate-fiction,70,war-fiction,66,climate-fiction,64,The Handmaid's Tale | Spell Bound | The crippled god
Accept,new,activate,health,24,tag,cross-genre,"(none) 30%, self-help 15%, history 11%",,hea,66,heist,54,heist,54,Full Catastrophe Living | Everything Happens for a Reason | In the Realm of Hungry Ghosts
Accept,new,activate,dreams,23,tag,cross-genre,"fantasy 27%, sci-fi 13%, (none) 13%",,dragons,61,mentor-s-death,50,amnesia,46,Nod | Back on Blossom Street | Einstein's dreams
Reject,new,activate,short-read,23,tag,cross-genre,"(none) 34%, history 26%, young-adult 8%",,sports-romance,58,road-trip,52,hot-and-spicy,52,We Should All Be Feminists | Homage to Catalonia | Ain't I a Woman
Reject,review,,germany,23,tag,cross-genre,"romance 25%, history 18%, historical 15%",,necromancy,70,necromancy,70,romantasy,62,The Spy Who Came in from the Cold | Britannia's Daughters | Ordinary Men
Accept,new,activate,martial-arts,23,tag,cross-genre,"fantasy 33%, adventure 30%, fantasy-romance 23%",,portal-fantasy,61,fake-marriage,56,artist,55,"The Book of Five Rings | Naruto, Vol. 1: Uzumaki Naruto | Hunter x Hunter, Vol. 1"
Accept,new,activate,asian,22,tag,cross-genre,"romance 35%, contemporary-romance 26%, mystery 4%",,amnesia,66,lesbian,66,amnesia,66,When Tara Met Farah | After Happily Ever After Once Again edited | Beyond the Blue
Reject,new,activate,top-100-f-f-vacation-reads-b,22,tag,cross-genre,"romance 36%, contemporary-romance 25%, romantasy 12%",,vacation-romance,50,friends-to-lovers,44,body-horror-transformation,44,Knotted Legacy | For the Love of Cake | In Fashion
Accept,new,activate,superhero,22,tag,cross-genre,"fantasy 23%, young-adult 13%, fantasy-romance 13%",,grumpy-hero,60,grumpy-hero,60,supernatural-horror,57,Shattered | Chasing Stars | The Superheroes Union: Dynama
Accept,new,activate,intelligence-officers,22,tag,cross-genre,"adventure 25%, general-fiction 12%, thriller 12%",,billionaire-romance,50,genetic-engineering,50,billionaire-love-interest,47,The Rebel Worlds | Blasphemy | Red war
Accept,new,activate,cults,22,tag,cross-genre,"fantasy 21%, mystery 17%, crime 10%",,soulmates,57,soulmates,57,fae-courts,53,Kraken | Under the Banner of Heaven | Cultish: The Language of Fanaticism
Accept,review,,emotional-trauma,22,tag,cross-genre,"romance 34%, romantasy 20%, fantasy 17%",,emotional,72,emotional,72,demon-angel-romance,57,Origin | Tender is the Flesh | Anathema
Reject,new,activate,20th-century,22,tag,cross-genre,"romance 22%, history 17%, romantasy 11%",,mentor-s-death,53,ancient-curse,48,ancient-curse,48,Grave Peril | Five Decembers | The Vampire Lestat
Accept,review,,crime-thrillers,22,tag,cross-genre,"mystery 46%, crime 44%, fantasy 2%",,action-thriller,73,true-crime,72,medical-thriller,70,Finders Keepers | Chasing the Boogeyman | Gray Mountain
Reject,new,activate,read-next-2024,22,tag,cross-genre,"romance 18%, mystery 12%, crime 12%",,40-lead,45,ancient-curse,44,ancient-world,44,Upgrade | The Exorcist | Midnight in Chernobyl
Accept,new,activate,american-literature,22,tag,cross-genre,"general-fiction 13%, romance 13%, mystery 10%",,american,59,american,59,literary-fiction,57,Psycho | Meet the authors and illustrators | As I Lay Dying
Accept,new,activate,parenting-and-personal-development,22,tag,cross-genre,"self-help 29%, psychology 16%, (none) 16%",,ancient-evil-awakening,53,benevolent-ai-companion,49,mental-health-representation-as-central-theme,48,Duma Key | 12 Rules for Life | Maybe You Should Talk to Someone
Reject,new,activate,heartfelt,22,tag,cross-genre,"romance 25%, young-adult 11%, mystery 8%",,hate-to-love,57,lighthearted,57,lighthearted,57,The Dark Half | Identical | A Farewell to Arms
merge:military,review,,military-fiction,22,tag,cross-genre,"sci-fi 28%, mystery 25%, crime 25%",,literary-fiction,75,historical-fiction,58,action-thriller,58,The teeth of the tiger | Seven Pillars of Wisdom | Night school
Reject,new,activate,ability,22,tag,cross-genre,"fantasy 39%, sci-fi 17%, romance 10%",,royalty,57,royalty,57,celebrity,50,Keeper of the Lost Cities | The Rose Society | Nightfall
Accept,new,activate,holocaust,22,tag,cross-genre,"romance 24%, historical 24%, young-adult 13%",,the-outcast-hero,56,low-angst,55,occult-horror,54,The Boy in the Striped Pyjamas | The Boys from Brazil | Ordinary Men
merge:new-york,new,activate,new-york-n-y,22,tag,cross-genre,"romance 15%, mystery 15%, general-fiction 12%",,sword-and-sorcery,48,grumpy-fae-lord,44,war-between-good-and-evil,43,The House of Mirth | 10:04 | In his father's footsteps
Accept,review,,geopolitics,22,tag,cross-genre,"history 33%, (none) 16%, general-fiction 8%",,politics,84,politics,84,erotica,55,The Looming Tower | Why Nations Fail | Legacy of Ashes
Accept,new,activate,food,22,tag,cross-genre,"(none) 19%, cooking 11%, romance 11%",,horror,40,blood-magic,40,folk-horror,40,Crying in H Mart | French Women Don't Get Fat | In Defense of Food
Accept,review,,asia,22,tag,cross-genre,"history 26%, romance 15%, historical-fiction 7%",,amnesia,72,amnesia,72,sad,57,A Fine Balance | Orientalism | On China
merge:enemies-to-lovers,auto-merge,merge:enemies-to-lovers,enemiestolovers,22,tag,cross-genre,"romantasy 34%, fantasy 28%, romance 15%",,enemies-to-lovers,93,exes-to-lovers,75,exes-to-lovers,75,God of Wrath | God of Malice | Better Than the Movies
Reject,new,activate,eve-fictitious-character,22,tag,cross-genre,"mystery 35%, romantic-suspense 23%, romantasy 23%",,narrative-nonfiction,59,interpersonal-character-study,56,climate-fiction,56,Night and day | Naked in Death | Rapture in Death
Accept,new,activate,canadian,21,tag,cross-genre,"romance 28%, contemporary-romance 15%, fantasy 10%",,amnesia,53,cloning,53,amnesia,53,"Silk and Leather: Lesbian Erotica with an Edge, edited | Born of Blood and Magic | A Kind Deception"
merge:alternative-history,new,activate,alternative-histories-fiction,21,tag,cross-genre,"sci-fi 43%, fantasy 26%, (none) 13%",,alternate-history,69,alternate-history,65,biographical-historical-fiction,63,Nation | Etiquette & espionage (Finishing School #1) | The Plot Against America
Accept,new,activate,werewolves,21,tag,cross-genre,"fantasy 42%, romantasy 34%, romance 7%",,exes-to-lovers,58,exes-to-lovers,58,different-worlds,53,Red Moon | Sharp Teeth | Blood oranges
merge:chicago,new,activate,chicago-ill,21,tag,cross-genre,"fantasy 20%, romance 20%, mystery 20%",,psychological-thriller,54,action-thriller,53,cinnamon-roll,52,Summer Knight | Proven Guilty | The House on Mango Street
merge:contemporary-fiction,review,,contemporary-fiction,21,tag,cross-genre,"contemporary 37%, romance 35%, contemporary-romance 5%",,contemporary,75,contemporary,75,literary-fiction,72,The Queen of the Tearling | Eleanor Oliphant is Completely Fine | Little Fires Everywhere
Reject,new,activate,eerie,21,tag,cross-genre,"romance 48%, horror 16%, sci-fi 8%",,celebrity,57,celebrity,57,perfect-crime,55,Eternal Ruin | Hemlock & Silver | The Girls
Reject,new,activate,english-language,21,tag,cross-genre,"(none) 17%, general-fiction 13%, history 13%",,low-angst-romance,48,angsty-romance,46,demon-angel-romance,45,The Body | Jaws | King Solomon's Mines
Accept,new,activate,united-kingdom,21,tag,cross-genre,"sci-fi 32%, (none) 16%, romance 12%",,multiple-warring-kingdoms,56,kingdoms-at-war,55,kingdoms-at-war,55,The Collector | Our Wives Under the Sea | The Time Machine
Reject,new,activate,completed-series,21,tag,cross-genre,"romantasy 40%, romance 15%, fantasy 15%",,competence-kink,60,competence-kink,58,isolated-setting,56,Shadow Kiss | Vampire Academy | A Touch of Malice
Accept,new,activate,sexy,21,tag,cross-genre,"romantasy 32%, romance 30%, fantasy 22%",,mystery,54,mystery,54,bisexual,50,A Song of Ice and Fire (A Game of Thrones / A Clash of Kings / A Storm of Swords / A Feast for Crows / A Dance with Dragons) | Fifty Shades of Grey | Casting Spells
Accept,new,activate,female-friendship,21,tag,cross-genre,"romance 22%, (none) 18%, young-adult 11%",,generation-ship,56,generation-ship,56,best-friend-s-sibling,52,White crow | Red Lily | Hurricane Bay
Accept,new,activate,monsters,21,tag,cross-genre,"fantasy 27%, romantasy 27%, romance 10%",,mysterious,66,mystery,66,mysterious,66,The Monster at the End of This Book | Blood oranges | Batty beasts
Reject,new,activate,from-listening-app,21,tag,cross-genre,"sci-fi 25%, romance 10%, mystery 10%",,listings,53,listings,53,twist-ending,53,The Once and Future King | The Master Butchers Singing Club SP | Four Thousand Weeks: Time and How to Use It
Accept,new,activate,fashion,21,tag,cross-genre,"young-adult 22%, romance 18%, sci-fi 13%",,sunshine,53,sunshine,53,found-family,52,Uglies | The Princess Diaries | Bergdorf Blondes
Accept,review,,political-theory,21,tag,cross-genre,"history 47%, (none) 28%, philosophy 4%",,political-thriller,82,political-thriller,76,historical-mystery,64,The Ecology of Freedom | The Utopia of Rules | Crisis and Constitutionalism
Accept,new,activate,science-and-technology,21,tag,cross-genre,"(none) 20%, biography-memoir 16%, romance 8%",,nanotechnology,66,technology-in-the-wrong-hands,66,nanotechnology,66,A choice of catastrophes | Hackers | Dopamine Nation
Accept,new,activate,dallas,21,tag,cross-genre,"mystery 37%, romantic-suspense 23%, romantasy 23%",,fantasy,46,slasher,46,fantasy,46,Glory in Death | Rapture in Death | Vengeance in Death
Accept,new,activate,chef-foodie,20,tag,cross-genre,"romance 40%, contemporary-romance 29%, romantasy 13%",,chosen-one,57,second-chance,50,the-chosen-one,48,"The Devil She Knows | Sweet, Spicy, Delicate | For the Record"
Accept,new,activate,book-club,20,tag,cross-genre,"romance 25%, romantasy 11%, contemporary-romance 11%",,blood-magic,50,occult-horror,45,suburban-horror,41,Requiem For Immortals | The Red Files | In Development
merge:paranormal,new,activate,ghost-stories,20,tag,cross-genre,"romance 42%, paranormal 40%, fantasy 7%",,domestic-thriller,53,hostage-situation,53,chosen-one,52,Ghost Story | The ghost of Graylock | The Ghost of Thomas Kempe
Reject,new,activate,1945-texts,20,tag,cross-genre,"sci-fi 29%, fantasy 20%, general-fiction 20%",,tense,40,tense,40,fated-mates,38,The Wasp Factory | Humpty Dumpty in Oakland | Watership Down
Accept,new,activate,anthologies-and-short-stories,20,tag,cross-genre,"sci-fi 20%, fantasy 17%, romance 13%",,short-story-or-novella,58,novel-in-stories-linked-short-stories-structure,55,grief-and-loss-as-central-theme,53,"I, Robot | Stories of Your Life and Others | Brief cases"
Accept,new,activate,fathers-and-daughters,20,tag,cross-genre,"crime 16%, fantasy 16%, general-fiction 12%",,fated-mates-destined-mates,53,the-last-of-their-kind,51,fated-mates,50,In the Haunted House | Night Film | Firestarter
Accept,new,activate,autism,20,tag,cross-genre,"biography-memoir 16%, (none) 16%, romance 12%",,artist,66,artist,66,transhumanism,52,Compound Fracture | The Curious Incident of the Dog in the Night-Time | Parallel play
Accept,new,activate,social-sciences,20,tag,cross-genre,"(none) 25%, science-&-nature 10%, psychology 10%",,historical-fiction,54,small-town-secrets,54,science-fantasy,53,We Should All Be Feminists | Think Like a Freak | Down and Out in Paris and London
Accept,new,activate,career-success,20,tag,cross-genre,"business-&-economics 35%, (none) 25%, self-help 20%",,chase-sequence,57,reverse-harem,51,true-crime,50,A Whole New Mind | Blink | Think Like a Freak
Accept,new,activate,world-literature,20,tag,cross-genre,"romance 30%, sci-fi 13%, fantasy 13%",,virtual-reality-world,64,different-worlds,62,ancient-world,62,Stories of Your Life and Others | Snow Falling on Cedars | Little Fires Everywhere
Accept,new,activate,cold-cases-criminal-investigation,20,tag,cross-genre,"mystery 46%, crime 37%, thriller 9%",,first-case-rookie-investigator,55,first-case-rookie-investigator,53,class-stratification-in-a-future-society,52,Missing You | The Girl Next Door | The melody lingers on
Accept,review,,paranormal-fiction,20,tag,cross-genre,"romance 39%, paranormal 26%, paranormal-romance 15%",,paranormal,71,paranormal,71,historical-fiction,61,Lover at last | Tempest rising | Vanished
Accept,new,activate,tech-specialist,19,tag,cross-genre,"romance 25%, contemporary-romance 12%, mystery 12%",,tragic-past,53,the-outcast-hero,51,serial-detective,51,Falling Blindly | Lake of Secrets | Technically Faking
merge:horror,review,,horreur,19,tag,cross-genre,"sci-fi 32%, fantasy 28%, fantasy-romance 12%",,horror,76,horror,61,author-writer,60,Hyperion | Doctor Sleep | Taltos
merge:male-protagonist,new,activate,male-mc,19,tag,cross-genre,"fantasy 46%, fantasy-romance 16%, romantasy 13%",,fae-romance,55,elemental-magic,54,femme-fatale,52,Servant of the underworld | Roman Blood | In the Lives of Puppets
Accept,new,activate,criminals,19,tag,cross-genre,"mystery 25%, adventure 25%, crime 12%",,criminal-mastermind,64,criminal-mastermind,64,romantasy,55,Fool Moon | Saturday | True Betrayals
Accept,new,activate,high-school-students,19,tag,cross-genre,"fantasy 37%, young-adult 20%, sci-fi 8%",,magic-school-setting,60,childhood-sweethearts,53,teacher-student,51,Zom-B | Seconds Away | Speak
Reject,new,activate,read-2025,19,tag,cross-genre,"fantasy 46%, fantasy-romance 32%, sci-fi 21%",,25-39-lead,63,40-lead,58,25-39-lead,52,Dogs of War | Service Model | Blackout
Accept,new,activate,bullying,19,tag,cross-genre,"childrens 26%, young-adult 21%, humor 15%",,worldbuilding,57,worldbuilding,57,cloning,53,Fuzzy Mud | Thornhill | Bully
Reject,new,activate,poirot,19,tag,cross-genre,"mystery 47%, crime 44%, general-fiction 2%",,politics,57,politics,57,horror,50,Lord Edgware Dies | The A.B.C. Murders | Death on the Nile
Reject,new,activate,characters-and-characteristics-in-literature,19,tag,cross-genre,"graphic-novel 35%, fantasy 30%, general-fiction 10%",,interpersonal-character-study,52,real-historical-figure-as-secondary-character,51,amateur-sleuth-stumbling-into-a-case,47,The Looking Glass Wars | ArchEnemy | Something Rotten
Accept,new,activate,childrens,19,tag,cross-genre,"fantasy 44%, fantasy-romance 44%, general-fiction 2%",,creepy-child,66,challenging,50,dragons,50,Diary of a Wimpy Kid | A Hidden Enemy | Bramblestar's Storm
Accept,new,activate,plays,19,tag,cross-genre,"drama 20%, fantasy 20%, romance 8%",,polyamory,57,polyamory,57,slasher,50,Othello | Death of a Salesman | The Importance of Being Earnest
Accept,review,,inspirational,19,tag,cross-genre,"self-help 28%, biography-memoir 9%, psychology 9%",,inspiring,72,inspiring,72,witness-protection,58,We Should All Be Feminists | The Five People You Meet in Heaven | Siddhartha
Accept,new,activate,italy,19,tag,cross-genre,"romance 16%, (none) 16%, mystery 12%",,insta-love,53,insta-love,53,fantasy,50,A Farewell to Arms | Blameless | Pictures from Italy
Accept,new,activate,physics,19,tag,cross-genre,"(none) 35%, sci-fi 20%, science-&-nature 10%",,sapphic,57,sapphic,57,skyships,53,A Brief History of Time | The God Delusion | What If? Serious Scientific Answers to Absurd Hypothetical Questions
Reject,new,activate,hoopla,19,tag,cross-genre,"contemporary 28%, sci-fi 25%, romance 17%",,hopeful,61,hopeful,61,workplace,53,Moby Dick | The Invisible Man | We
merge:sci-fi,new,activate,sciencefiction,19,tag,cross-genre,"sci-fi 40%, sci-fi-romance 21%, romantasy 21%",,climate-fiction,68,climate-fiction,68,domestic-fiction,66,Cress | Stars Above | Tender Is the Flesh
Accept,new,activate,westerns,19,tag,cross-genre,"mystery 41%, crime 38%, general-fiction 5%",,tense,61,tense,61,shapeshifters,57,Lonesome Dove | The cold dish | A serpent's tooth
Accept,new,activate,house-and-home,19,tag,cross-genre,"(none) 36%, business-&-economics 21%, self-help 15%",,haunted-house,66,hot-and-spicy,59,haunted-house,59,Sea Swept | Emergency response and hazardous chemical management | Survival mom
Reject,new,activate,long-shelf,19,tag,cross-genre,"literary-fiction 18%, general-fiction 13%, (none) 13%",,low-angst,55,low-angst,52,coming-of-age,52,The Night Manager | Franny and Zooey | In our time
Accept,new,activate,european,18,tag,cross-genre,"romance 30%, contemporary-romance 21%, mystery 6%",,utopian,66,utopian,66,necromancy,55,Bid Number Nine | Ensnared In Her Symphony | Of Light and Love
Accept,new,activate,recluse,18,tag,cross-genre,"romance 21%, romantasy 21%, fantasy 18%",,meet-cute,50,ancient-curse,50,tense,50,Vengeance Planning for Amateurs | Lovers of the Unbound Kingdoms: Volume One | Hayefield Manor
Accept,new,activate,contemplative,18,tag,cross-genre,"romance 33%, sci-fi 23%, fantasy 14%",,contemporary,64,contemporary,64,speculative-fiction,62,Imperial Earth | Dying Inside | The Dog Stars
Reject,new,activate,ensemble-cast,18,tag,cross-genre,"fantasy 45%, mystery 16%, crime 16%",,tense,55,tense,55,chase-sequence,51,Dragonfly Falling | The Eye Of The World | The Lord Of Chaos
Accept,review,,psychological-fiction,18,tag,cross-genre,"mystery 20%, crime 16%, sci-fi 12%",,psychological-horror,73,historical-fiction,66,psychological-horror,63,The Affirmation | Burn baby burn | The Alibi
merge:lgbtq,new,activate,lgbtqia,18,tag,cross-genre,"sci-fi 15%, romance 15%, horror 11%",,lgbtq-romance,60,lesbian,57,lesbian,57,salt slow | Our Wives Under the Sea | Conversations With Friends
Reject,new,activate,arthurian-romances,18,tag,cross-genre,"romantasy 45%, fantasy 30%, romance 15%",,historical-romance,66,paranormal-romance,66,dark-romance,66,Nightmare Abbey | King Arthur and His Knights of the Round Table | Bulfinch's Mythology (The Age of Fable / The Age of Chivalry / Legends of Charlemagne)
Accept,new,activate,german,18,tag,cross-genre,"romance 20%, fantasy 13%, (none) 10%",,necromancy,62,necromancy,62,romance,61,Misery | When We Were Orphans | The Golem
Accept,new,activate,frontier-and-pioneer-life,18,tag,cross-genre,"general-fiction 42%, fantasy 15%, historical-fiction 15%",,non-linear-timeline,54,identity-and-self-discovery,53,alternate-timeline,51,The tragic tale of Narcissa Whitman and a faithful history of the Oregon Trail | Ghost Town at Sundown | Little House on the Prairie
merge:adventure-novels,review,,adventure-fiction,18,tag,cross-genre,"fantasy 24%, mystery 16%, crime 16%",,war-fiction,71,detective-fiction,70,climate-fiction,68,The tin princess (Sally Lockhart #4) | Greenwitch (The Dark Is Rising #3) | Runner
Accept,new,activate,cinema,18,tag,cross-genre,"history 15%, romance 15%, (none) 15%",,contemporary,55,contemporary,55,masculine,53,The House on Mango Street | The Age of Surveillance Capitalism | The radium girls
merge:classic,new,activate,classic-lit,18,tag,cross-genre,"romance 20%, general-fiction 12%, mystery 12%",,class-divide,60,class-divide,60,first-contact,50,Walden | The Heart is a Lonely Hunter | Invisible Man
Accept,new,activate,decision-making-and-problem-solving,18,tag,cross-genre,"self-help 27%, (none) 27%, psychology 16%",,ancient-evil-awakening,52,one-ring-to-rule-them-all,50,espionage-double-agent,49,A Whole New Mind | Blink | Think Like a Freak
Accept,new,activate,state-power,18,tag,cross-genre,"mystery 20%, history 20%, crime 12%",,space-opera,63,strangers-to-lovers,53,star-crossed-lovers,53,In Cold Blood | Why Nations Fail | Legacy of Ashes
Accept,new,activate,nonfictiune,18,tag,cross-genre,"history 27%, (none) 16%, sci-fi 11%",,narrative-nonfiction,58,narrative-nonfiction,58,war-fiction,54,Designing brand identity | Our dark side | George and the Big Bang
Accept,new,activate,nostalgic,18,tag,cross-genre,"fantasy 45%, romance 22%, fantasy-romance 13%",,tragic-past,60,elemental-magic,58,elemental-magic,58,Barbarian Days: A Surfing Life | Great Big Beautiful Life | Firefly Lane
Accept,new,activate,sports-player,17,tag,cross-genre,"romance 47%, sports-romance 44%, romantasy 5%",,sports-romance,66,sports-star-romance,56,pet-parent,52,Girlfriend Goals | The Rookie | The Long Shot
merge:period-romance,new,activate,period-piece,17,tag,cross-genre,"romance 31%, historical-romance 21%, romantasy 12%",,space-opera,60,prophecy,60,space-exploration,55,Lullaby | Iceberg | A Crime of Secrets
Accept,review,,businessmen,17,tag,cross-genre,"romance 33%, general-fiction 16%, sci-fi 8%",,business,84,business,84,small-business-owner,58,Ubik | Fifty Shades of Grey | Five Days in Paris
Reject,new,activate,wake-county-library,17,tag,cross-genre,"romance 28%, historical-romance 10%, mystery 7%",,contemporary,51,contemporary,51,literary-fiction,51,The Seven Deaths of Evelyn Hardcastle | Firekeeper's Daughter | The Once and Future King
merge:fantasy,new,activate,fiction-fantasy-general,17,tag,cross-genre,"fantasy 48%, fantasy-romance 30%, romantasy 18%",,science-fantasy,68,portal-fantasy,64,flintlock-gaslamp-fantasy,62,Sons of Darkness | Unsouled | Earthlings
Accept,new,activate,adopted-children,17,tag,cross-genre,"general-fiction 19%, romance 14%, fantasy 14%",,abandoned-building,58,abandoned-building,52,asteroid-field-peril,50,Butterfly | Visions | The answer is yes
Reject,new,activate,readers,17,tag,cross-genre,"romance 22%, fantasy 18%, general-fiction 9%",,adventurous,55,red-herring,55,adventurous,55,The monkey's paw | Barchester Towers | Cold Comfort Farm
Accept,new,activate,french,17,tag,cross-genre,"biography-memoir 45%, fantasy 15%, general-fiction 10%",,regency,61,forbidden-magic,47,forbidden-magic,47,Strega Nona | The passion | Words
Reject,new,activate,living-room-lit,17,tag,cross-genre,"literary-fiction 22%, poetry 22%, general-fiction 11%",,listings,52,listings,52,court-intrigue-romance,48,Walden | Half of a Yellow Sun | When You Are Engulfed in Flames
merge:classic,review,,classical-fiction,17,tag,cross-genre,"general-fiction 21%, mystery 15%, romance 15%",,climate-fiction,75,climate-fiction,68,historical-fiction,68,Classic Adventures of Sherlock Holmes | One Flew Over the Cuckoo's Nest | The Beautiful and Damned
Accept,new,activate,superheroes,17,tag,cross-genre,"fantasy 38%, graphic-novel 23%, romantasy 9%",,shapeshifters,58,shapeshifters,58,summer-romance,56,The Secret History of Wonder Woman | Soulless | The Demon in the Wood
Accept,new,activate,spain,17,tag,cross-genre,"(none) 30%, romance 20%, general-fiction 15%",,dystopian,57,inspiring,57,dystopian,57,Homage to Catalonia | The Fountains of Silence | Corazón tan blanco
Reject,new,activate,american-wit-and-humor,17,tag,cross-genre,"humor 29%, graphic-novel 23%, childrens 11%",,american,53,american,53,informant-with-their-own-agenda,52,Let's Explore Diabetes with Owls | Suit your selfie | Sh*t My Dad Says
Accept,new,activate,interpersonal-relations,17,tag,cross-genre,"romance 35%, self-help 15%, psychology 10%",,interpersonal-character-study,65,interpersonal-character-study,57,secret-relationship,57,Getting to yes | Bullfighting | A Deal with Benefits
Accept,new,activate,one-main-love-interest,17,tag,cross-genre,"romantasy 35%, fantasy 26%, romance 17%",,morally-gray-love-interest,66,morally-gray-fae-love-interest,61,cinnamon-roll-sunshine-love-interest,56,The Witch Collector | Silver Elite | A Promise of Fire
Accept,review,,shifters,17,tag,cross-genre,"fantasy 36%, romantasy 36%, romance 16%",,shapeshifters,76,shapeshifters,76,shifter-romance,60,House of Beating Wings | Psycho Shifters | The Tyrant Alpha's Rejected Mate
Accept,new,activate,exploration-of-identity-and-belonging,16,tag,cross-genre,"fantasy 40%, romantasy 32%, sci-fi 20%",,genetic-engineering,50,first-generation-off-earth-identity,50,generation-ship-colonization-sci-fi,48,Gideon the Ninth | Clay's Ark | Harrow the Ninth
Accept,new,activate,lawyer-judge,16,tag,cross-genre,"romance 37%, contemporary-romance 28%, mystery 12%",,sleeper-agent,48,unlikely-hero,48,grovel-arc,45,Discovering Nicola | Love Is Just Camouflage | The Love Conspiracy
merge:contemporary-fiction,new,activate,popular-literature,16,tag,cross-genre,"fantasy 23%, romance 19%, sci-fi 9%",,alternate-history,57,intergalactic-war,51,alternate-history,51,The Vor Game | And the Mountains Echoed | Salem Falls
Accept,new,activate,fathers-and-sons,16,tag,cross-genre,"fantasy 20%, sci-fi 15%, fantasy-romance 15%",,grandfather-paradox,62,band-of-misfits,58,grandfather-paradox,57,The Wasp Factory | Nightmare Abbey | Extremely Loud and Incredibly Close
Reject,review,,mister,16,tag,cross-genre,"fantasy 24%, fantasy-romance 16%, mystery 12%",,mystery,76,mysterious,62,magic-user,62,The Green Mile | Ubik | Miss Peregrine's Home for Peculiar Children
Accept,new,activate,living-room-mid,16,tag,cross-genre,"romance 23%, literary-fiction 19%, (none) 14%",,hive-mind,50,missing-person,48,billionaire-romance,47,Valis | Miss Peregrine's Home for Peculiar Children | The House of Mirth
Reject,new,activate,mapnr,16,tag,cross-genre,"sci-fi 25%, general-fiction 18%, travel 12%",,romance,50,romance,50,grimdark,46,Swan Song | Prey | The Glass Castle
Reject,new,activate,guerre,16,tag,cross-genre,"sci-fi 38%, fantasy 33%, fantasy-romance 11%",,magic-user,50,summer-romance,50,true-crime,50,A Thousand Sons | The Wages of Destruction | American War
Accept,review,,spanish-fiction,16,tag,cross-genre,"general-fiction 30%, fantasy 20%, romance 10%",,speculative-fiction,70,historical-fiction,54,space-colonization,54,Brave New World | Marina | Dark Angel
Accept,new,activate,motherhood,16,tag,cross-genre,"thriller-&-mystery 47%, fantasy 10%, romance 10%",,monster-horror,66,gothic-horror,52,gothic-horror,52,Circe | Cross Her Heart | Every Last Lie
Accept,new,activate,ghosts,16,tag,cross-genre,"romance 16%, fantasy 16%, horror 12%",,heist,54,heist,54,neighbors-to-lovers,48,NOS4R2 | The Time of the Ghost | The Pit and the Pendulum
Reject,new,activate,round-lower,16,tag,cross-genre,"romance 15%, sci-fi 10%, poetry 10%",,monster-romance,53,star-crossed-lovers,53,found-family,52,Northanger Abbey | A Tale for the Time Being | Timequake
merge:thriller,new,activate,mysterythriller,16,tag,cross-genre,"mystery 20%, romance 16%, crime 13%",,thriller,69,domestic-thriller,68,domestic-thriller,68,The Silence of the Lambs | I'm Thinking of Ending Things | The Lost Man
Accept,new,activate,criminal-investigation,16,tag,cross-genre,"mystery 37%, crime 33%, (none) 8%",,criminal-mastermind,63,criminal-mastermind,58,alien-invasion,55,Fire storm | Memory Man | The Peripheral
Accept,new,activate,bible,16,tag,cross-genre,"fantasy 37%, history 18%, general-fiction 6%",,thriller,46,business,46,bisexual,46,Ben Hur | The gospels and Homer | What Kind of God?
Accept,new,activate,management-and-leadership,16,tag,cross-genre,"business-&-economics 31%, psychology 31%, (none) 25%",,fake-relationship-fake-engagement,55,absent-dead-parents,50,absent-dead-parents,50,A Whole New Mind | Leaders Eat Last | Start with why
Accept,new,activate,war-and-military,16,tag,cross-genre,"mystery 17%, crime 17%, historical-fiction 13%",,military-romance,62,band-of-misfits,58,military-sci-fi,58,Nothing to Lose | A Farewell to Arms | War and Peace
Accept,new,activate,cowboys,16,tag,cross-genre,"general-fiction 40%, romance 35%, western 10%",,cowboy-western-romance,48,cowboy-western-romance,48,why-choose,47,Of Mice and Men | Colorado Courtship | Texas true
Accept,new,activate,medicine,16,tag,cross-genre,"history 29%, psychology 17%, biography-memoir 11%",,medieval,62,american,62,musician,62,The Immortal Life of Henrietta Lacks | This is going to hurt | Naissance de la clinique
merge:romance,review,,adult-fiction,16,tag,cross-genre,"romance 23%, mystery 19%, crime 19%",,war-fiction,75,climate-fiction,71,detective-fiction,66,Ethan Frome | The House of Forgetting | Long Bright River
Accept,new,activate,family-dynamics,16,tag,cross-genre,"literary-fiction 14%, fantasy 14%, self-help 9%",,found-family,51,fake-dating,46,found-family,44,The Dutch House | Stop Pretending | Your defiant child
Accept,review,,celebrities,16,tag,cross-genre,"mystery 13%, crime 13%, graphic-novel 13%",,celebrity,80,celebrity,80,british,66,"A handbook of American prayer | In the Age of Love and Chocolate | Weep No More, My Lady"
Accept,new,activate,brain,16,tag,cross-genre,"biography-memoir 16%, (none) 16%, general-fiction 11%",,relaxing,61,relaxing,61,mating-bond,50,A Girl Is a Half-formed Thing | The Intact and Sliced Brain (Bradford Books) | Brain Rules
Reject,new,activate,abandoned,16,tag,cross-genre,"mystery 26%, crime 19%, sci-fi 11%",,abandoned-building,66,abandoned-building,66,bad-boy,50,Mistress of the Art of Death | Time and Again | The Run
Accept,new,activate,harem,16,tag,cross-genre,"fantasy 46%, fantasy-romance 34%, mystery 3%",,reverse-harem,55,reverse-harem,55,hea,50,The Butterfly Garden | Dungeon Diving 101 | Warlock: Book 1
Accept,new,activate,iceland,16,tag,cross-genre,"adventure 30%, fantasy 15%, romance 15%",,relaxing,53,american,53,ice-queen,53,"The Prose Edda | Vinland Saga (2‐in‐1 Omnibus), Vol. 4 | Moonstone: The Boy Who Never Was"
Accept,new,activate,military-academy,15,tag,cross-genre,"fantasy 45%, romantasy 33%, sci-fi 16%",,dark-academia,62,dark-academia,55,magic-school-magical-academy,52,The Poppy War | Pure | Cytonic
activate,new,activate,young-adult-15-18-lead,15,tag,cross-genre,"romance 23%, romantasy 20%, fantasy 16%",,new-adult-18-24-lead,65,young-adult,54,includes-adult-toys,48,Lullaby | We Deserve Monuments | Lunav
Accept,new,activate,criminal,15,tag,cross-genre,"mystery 20%, romantic-suspense 20%, romance 17%",,criminal-mastermind,59,criminal-mastermind,59,emotional,58,Forged in Deception | Requiem For Immortals | Whiskey Sunrise
Reject,new,activate,hall-of-fame-books,15,tag,cross-genre,"romance 34%, contemporary-romance 31%, romantasy 12%",,farm-boy-orphan-hero,52,small-town,50,coming-of-age,45,Magdalene Nox | The Perfect Match | The Delicate Things We Make
Accept,new,activate,vacation,15,tag,cross-genre,"romance 45%, contemporary-romance 29%, holiday-romance 6%",,vacation-romance,66,vacation-romance,66,war-fiction,63,Paradise Lost and Found | Spanish Surrender | Under Your Skin
Accept,review,,shifter,15,tag,cross-genre,"romantasy 40%, fantasy 34%, romance 9%",,shapeshifters,70,shapeshifters,70,shifter-romance,63,Soul Burn | Virelai's Hoard | Rand
merge:sci-fi,new,activate,science-fiction-general,15,tag,cross-genre,"sci-fi 42%, fantasy 28%, fantasy-romance 28%",,science-fantasy,57,addiction-narrative,57,speculative-fiction,57,Ensign Flandry | The Boat of a Million Years | Crossroads of Twilight
merge:political,review,,political-fiction,15,tag,cross-genre,"sci-fi 22%, politics 11%, mystery 11%",,historical-fiction,74,speculative-fiction,66,political-intrigue,62,Radio Free Albemuth | The Clansman | Split Second
Reject,review,,bleak,15,tag,cross-genre,"sci-fi 18%, fantasy 18%, historical-fiction 12%",,black,80,black,80,blackmail,57,The Windup Girl | The Way of Kings Part 2 | Gods of the Wyrdwood
merge:romance,new,activate,sexual-content,15,tag,cross-genre,"romance 32%, fantasy 20%, romantasy 20%",,bisexual,54,bisexual,54,serial-detective,53,Coldheart Canyon | Supermax | Paved With Good Intentions
Accept,review,,bully-romance,15,tag,cross-genre,"romance 41%, romantasy 25%, fantasy 20%",,holiday-romance,71,romance,70,military-romance,68,A Kingdom of Shadow and Ash | Sabotage | Twisted Kingdom
Accept,new,activate,inheritance-and-succession,15,tag,cross-genre,"romance 36%, fantasy 13%, mystery 9%",,second-chance,51,single-parent-romance,51,haunted-house-mansion,51,13 days of midnight | The Summons | The Beautiful and Damned
Accept,new,activate,melancholy,15,tag,cross-genre,"fantasy 20%, romance 15%, mystery 10%",,nanotechnology,58,nanotechnology,58,necromancy,50,"My Favorite Thing Is Monsters, vol 1 | Interview With the Vampire | Girl A"
Accept,new,activate,arctic-regions,15,tag,cross-genre,"sci-fi 18%, general-fiction 18%, young-adult 18%",,redemption-arc,64,ancient-ruins,59,resurrection-magic,56,The Terror | Fire Star | Arctic rising
Accept,new,activate,folk-tales,15,tag,cross-genre,"fantasy 29%, romantasy 20%, romance 16%",,soulmates,52,soulmates,52,love-triangle,52,"The Book Eaters | Babel, or The Necessity of Violence: An Arcane History of the Oxford Translators' Revolution | Daughter of the Moon Goddess"
Reject,new,activate,unsettling,15,tag,cross-genre,"horror 33%, contemporary 16%, young-adult 11%",,talking-animals,56,relaxing,55,sunshine,55,The Tell-Tale Heart | None of This Is True | Things Have Gotten Worse Since We Last Spoke
Accept,new,activate,arizona,15,tag,cross-genre,"general-fiction 31%, romance 18%, sci-fi 9%",,war-fiction,55,war-fiction,55,american,53,Weedflower | Stargirl | The homework Machine
Accept,new,activate,poetry,15,tag,cross-genre,"poetry 27%, fantasy 27%, sci-fi 11%",,prophecy,57,polyamory,53,polyamory,53,Leaves of Grass | Falling Back in Love with Being Human | The Odyssey
Accept,new,activate,popular-culture,15,tag,cross-genre,"(none) 18%, business-&-economics 18%, history 12%",,contemporary,51,contemporary,51,occult-horror,50,Think Like a Freak | Please kill me | Japanese Popular Music
Accept,new,activate,writing,15,tag,cross-genre,"(none) 43%, fantasy 18%, history 6%",,travel-writing,66,nature-writing,66,sports-writing,66,A Room of One's Own | Bird by Bird: Some Instructions on Writing and Life | On Writing Well: The Classic Guide to Writing Nonfiction
Reject,new,activate,disturbing,15,tag,cross-genre,"romance 13%, sci-fi 13%, biography-memoir 9%",,listings,66,listings,66,inspiring,63,I Know Why the Caged Bird Sings | The devil of Nanking | Burn baby burn
Accept,new,activate,parenting,15,tag,cross-genre,"psychology 31%, (none) 18%, health-&-fitness 12%",,pet-parent,63,pet-parent,63,nature-writing,60,How children succeed | Your defiant child | What to expect when you're expecting
merge:graphic-novel,new,activate,comics-and-graphic-novels-manga-general,15,tag,cross-genre,"fantasy 28%, fantasy-romance 23%, young-adult 14%",,grief-and-loss-as-central-theme,51,family-saga-across-generations,49,magical-creatures-as-companions,48,"Witch Hat Atelier, Vol. 4 | A Silent Voice, Vol. 1 | Berserk, Vol. 39"
Accept,new,activate,neurodiverse-lead,14,tag,cross-genre,"romance 41%, contemporary-romance 34%, romantasy 6%",,adventure-novels,54,adventure-novels,54,reverse-harem,53,The Second Draft | Brooke Takes Queen | After Happily Ever After Once Again edited
Accept,new,activate,actor,14,tag,cross-genre,"romance 48%, contemporary-romance 41%, romantasy 3%",,victorian,57,victorian,57,ancient-world,55,"A Thousand Reasons | Sweet, Spicy, Delicate | Southern Lights"
Accept,new,activate,scotland,14,tag,cross-genre,"romance 15%, fantasy 15%, sci-fi 10%",,solarpunk,58,solarpunk,58,sad,54,Crow Road | Third Loch from the sun | The Drowned Siren
Accept,new,activate,evolution,14,tag,cross-genre,"sci-fi 35%, history 28%, general-fiction 14%",,emotional,66,emotional,66,essay-collection,56,Darwins Radio | Sentient | On the origin of species by means of natural selection
Accept,new,activate,southern,14,tag,cross-genre,"romance 11%, historical 11%, young-adult 11%",,soulmates,58,slow-burn,58,soulmates,58,Ticktock | Oil! | When a crocodile eats the sun
Accept,new,activate,translation,14,tag,cross-genre,"fantasy 29%, romance 17%, contemporary 11%",,vacation-romance,59,transhumanism,58,teleportation,58,If We Cannot Go at the Speed of Light | Letters to a Young Poet | Lonely Castle in the Mirror
Accept,new,activate,sacrifice-martyrdom,14,tag,cross-genre,"romance 45%, romantasy 30%, fantasy 25%",,hard-sci-fi,60,military-sci-fi,58,military-romance,57,Ignite Me | A Court of Thorns and Roses | A Curse Carved in Bone
Accept,new,activate,small-town-with-dark-underbelly,14,tag,cross-genre,"thriller-&-mystery 36%, fantasy 21%, romantasy 21%",,small-town-with-a-dark-secret,66,informant-with-their-own-agenda,54,small-town-secrets,53,Anathema | Eldritch | Old Flames and New Fortunes
Accept,new,activate,legends-and-mythology,14,tag,cross-genre,"fantasy 30%, romantasy 21%, romance 17%",,technology-in-the-wrong-hands,52,psychology,51,psychology,51,The Book Eaters | Norse Mythology | Daughter of the Moon Goddess
Accept,new,activate,presidents,14,tag,cross-genre,"biography-memoir 31%, sci-fi 12%, (none) 12%",,secret-identity,56,shapeshifters,52,shapeshifters,52,"Red, white, and blood | Long Walk to Freedom | Profiles in courage"
Accept,new,activate,heroes,14,tag,cross-genre,"fantasy 31%, romance 15%, fantasy-romance 10%",,heist,54,heist,54,reverse-harem,52,The Blue Sword | All-American Girl | Legacy of Ash
Reject,review,,aventura,14,tag,cross-genre,"sci-fi 44%, fantasy 22%, fantasy-romance 11%",,adventurous,73,adventurous,73,adventure-novels,58,The Power of Six | The Son of Neptune | The Amulet of Samarkand
Accept,new,activate,aunts,14,tag,cross-genre,"mystery 21%, fantasy 15%, crime 10%",,fantasy,66,fantasy,66,romantasy,57,Judy Moody and the Not Bummer Summer | Miss Rumphius | Into the Water
Accept,new,activate,uk,14,tag,cross-genre,"mystery 36%, crime 28%, romance 12%",,biopunk,44,biopunk,44,cyberpunk,36,The Sign of Four | A Murder Is Announced | The Mysterious Affair at Styles
Accept,new,activate,psychology-and-mental-health,14,tag,cross-genre,"psychology 28%, self-help 21%, (none) 21%",,mental-health-narrative,54,mental-health-representation-as-central-theme,54,psychology,52,A Whole New Mind | Predictably Irrational | Think Like a Freak
Accept,new,activate,speech,14,tag,cross-genre,"mystery 41%, crime 41%, sci-fi 12%",,warp-speed,50,warp-speed,50,space-opera,47,Echo Burning | Nothing to Lose | Persuader
Reject,review,,histoire,14,tag,cross-genre,"history 28%, (none) 28%, politics 14%",,history,80,history,80,historical-romance,61,The Selfish Gene | Les damnés de la terre | Indignez-vous!
Reject,new,activate,narrativa,14,tag,cross-genre,"romance 25%, general-fiction 18%, (none) 12%",,survival-narrative,66,survival-narrative,59,unreliable-narrator,57,My Sister's Keeper | Oranges Are Not the Only Fruit | Los Pazos de Ulloa
Accept,new,activate,egypt,14,tag,cross-genre,"romance 22%, general-fiction 18%, historical-fiction 9%",,regency,50,regency,50,age-gap,50,Death on the Nile | Whispers in the Sand | The Afrika Korps
Accept,new,activate,cosmology,14,tag,cross-genre,"sci-fi 42%, (none) 21%, science-&-nature 21%",,psychology,63,psychology,63,nanotechnology,52,A Brief History of Time | Our Mathematical Universe | Cosmos
Reject,new,activate,binged,14,tag,cross-genre,"romantasy 37%, fantasy 21%, romance 12%",,red-herring,58,business,57,business,57,Grave Witch (Alex Craft) | Body movers | Year One
Accept,review,,race,14,tag,cross-genre,"romance 21%, historical 15%, sci-fi 10%",,romance,72,workplace,61,workplace,61,The Color of Law | The Sellout | The Cooking Gene
Accept,new,activate,country-life,14,tag,cross-genre,"romance 29%, fantasy 17%, general-fiction 11%",,fae-courts,63,court-intrigue,61,court-intrigue,61,Major Pettigrew's last stand | The shepherd's life | The Collected Essex County
Accept,new,activate,college,14,tag,cross-genre,"romance 44%, contemporary-romance 24%, romantasy 12%",,challenging,55,challenging,55,essay-collection,52,God of Wrath | I Hope They Serve Beer In Hell | God of Malice
Accept,new,activate,industries,14,tag,cross-genre,"(none) 43%, business-&-economics 12%, romance 12%",,business,55,listings,55,business,55,"Becoming Steve Jobs | Empire of Pain: The Secret History of the Sackler Dynasty | Blood, Sweat, and Pixels: The Triumphant, Turbulent Stories Behind How Video Games Are Made"
Reject,new,activate,rec-read-next,14,tag,cross-genre,"fantasy 47%, sci-fi 21%, romantasy 15%",,absent-dead-parents,50,brother-s-best-friend,47,race-against-time,46,A Face Like Glass | The Hundred Thousand Kingdoms | Binti
Reject,new,activate,berlin-germany,14,tag,cross-genre,"history 26%, (none) 20%, thriller 13%",,necromancy,58,necromancy,58,lesbian-romance,55,The Ipcress File | Armageddon | Hannah's War
Accept,new,activate,productivity,14,tag,cross-genre,"self-help 42%, business-&-economics 28%, (none) 21%",,witness-protection,53,forced-proximity,50,whodunit,50,Deep Work | The Dip | Digital Minimalism
merge:graphic-novel,new,activate,comics-and-graphic-novels-east-asian-style-manga-general,14,tag,cross-genre,"fantasy 39%, fantasy-romance 34%, romance 13%",,grief-and-loss-as-central-theme,52,twist-ending-reality-reframing-reveal,44,resistance-movement-rebellion-against-the-state,43,"The Guy She Was Interested In Wasn't a Guy at All, Vol. 1 | Kaiju No. 8, Vol. 1 | Berserk, Vol. 39"
Accept,new,activate,physical-disability,13,tag,cross-genre,"romance 29%, contemporary-romance 22%, romantasy 7%",,biographical-historical-fiction,52,medical-professional,51,simulated-reality,50,"Sweet, Spicy, Delicate | Evermore | Hayefield Manor"
Accept,new,activate,fairytale,13,tag,cross-genre,"romantasy 46%, fantasy 39%, romance 7%",,first-love,63,first-love,63,fairy-tale-retelling,62,The Perfect Match | Lucky Jinn | The Princess and the Evil Queen
merge:sports-romance,new,activate,hockey,13,tag,cross-genre,"romance 45%, sports-romance 36%, (none) 9%",,unlikely-hero,52,horror-comedy,52,horror-comedy,52,Overtime | Game Changer | The Chase
Reject,new,activate,bram-stoker,13,tag,cross-genre,"mystery 23%, crime 23%, fantasy 17%",,mystery,55,secret-baby,54,shifter-romance,53,Carrion Comfort | Bag of Bones | Boy's Life
Reject,review,,politique,13,tag,cross-genre,"(none) 46%, history 23%, politics 15%",,politics,70,politics,70,political-intrigue,59,The Dispossessed | Les damnés de la terre | Indignez-vous!
Reject,new,activate,calvin,13,tag,cross-genre,"sci-fi 37%, romantasy 12%, general-fiction 12%",,cloning,61,cloning,61,challenging,58,The Diamond Age | City | A Darker Shade of Magic
Accept,new,activate,grim,13,tag,cross-genre,"fantasy 33%, mystery 11%, crime 11%",,grimdark,66,grimdark,66,true-crime,42,Empress | Bloodstone | The Illearth War
Accept,new,activate,spies-and-politics,13,tag,cross-genre,"mystery 43%, crime 43%, thriller 4%",,hot-and-spicy,64,politics,61,politics,61,The Rook | No middle name | The Partner
Accept,new,activate,ethics,13,tag,cross-genre,"sci-fi 23%, (none) 23%, philosophy 15%",,erotica,61,erotica,61,politics,57,The Long Midnight | Scales | The Immortal Life of Henrietta Lacks
Accept,new,activate,boarding-school-students,13,tag,cross-genre,"young-adult 23%, fantasy 17%, sci-fi 17%",,magic-school-setting,59,teacher-student,51,teacher-student,51,"The Dark Elite (The Dark Elite, #1-2) | Charlie Bone and the time twister | Don't Judge a Girl by Her Cover (Gallagher Girls)"
Reject,new,activate,contests,13,tag,cross-genre,"romantasy 26%, sci-fi 21%, fantasy 21%",,first-contact,57,sports-romance,54,one-last-scare,54,The Heir (The Selection #4) | The View from Saturday | Nasty stinky sneakers
Reject,new,activate,caricatures-and-cartoons,13,tag,cross-genre,"graphic-novel 35%, young-adult 21%, fantasy 21%",,includes-adult-toys,55,magical-creatures-as-companions,54,magical-creatures-as-companions,54,Tintin au pays de l'or noir | The Comical Tragedy or Tragical Comedy of Mr Punch | Tintin au Tibet
Reject,new,activate,alabama,13,tag,cross-genre,"romance 20%, thriller 13%, childrens 6%",,blackmail,50,dark-academia,50,blackmail,50,Inside Out & Back Again | Go Set A Watchman | Gods in Alabama
Accept,new,activate,brazil,13,tag,cross-genre,"(none) 23%, history 23%, sci-fi 15%",,blackmail,53,blackmail,53,british,46,The Boys from Brazil | Pedagogy of the Oppressed | Hour of the Star
Accept,new,activate,politics-and-social-sciences,13,tag,cross-genre,"biography-memoir 28%, romance 14%, science-&-nature 7%",,science-fantasy,55,survival-against-historical-injustice,52,popular-science,51,We Should All Be Feminists | When Breath Becomes Air | Careless People
Accept,new,activate,cancer,13,tag,cross-genre,"young-adult 26%, literary-fiction 13%, fantasy 13%",,romance,61,romance,61,ancient-ruins,52,Illness as metaphor | The end of your life book club | Terms of Endearment
merge:psychology,review,,psychologie,13,tag,cross-genre,"(none) 30%, history 23%, business-&-economics 15%",,psychology,85,psychology,85,psychological-thriller,66,The Selfish Gene | Les damnés de la terre | Never Split the Difference
Accept,new,activate,russian,13,tag,cross-genre,"fantasy 25%, psychology 12%, fantasy-romance 12%",,musician,66,musician,66,utopian,57,The Da Vinci Code | Escape from Freedom | Evgeniĭ Onegin
Reject,new,activate,pulitzer-prize,13,tag,cross-genre,"romance 22%, history 16%, literary-fiction 11%",,perfect-crime,51,true-crime,50,pet-parent,50,The Grapes of Wrath | All the Light We Cannot See | The Underground Railroad
Accept,new,activate,indigenous,13,tag,cross-genre,"biography-memoir 20%, (none) 20%, history 6%",,adventurous,57,adventurous,57,ancient-ruins,52,"An Indigenous Peoples' History of the United States | The Tiger Flu | Braiding Sweetgrass: Indigenous Wisdom, Scientific Knowledge, and the Teachings of Plants"
merge:new-york,new,activate,brooklyn-new-york,13,tag,cross-genre,"general-fiction 25%, romance 18%, young-adult 18%",,biotechnology-gone-wrong,48,workplace-romance,47,sports-romance,45,Half the blood of Brooklyn | Brooklyn | Legends
Accept,new,activate,games,13,tag,cross-genre,"biography-memoir 13%, (none) 13%, fantasy 13%",,amnesia,66,amnesia,66,fated-mates,50,Homo Ludens | What can you do with a shoe? | La tabla de Flandes
Accept,new,activate,actresses,13,tag,cross-genre,"romance 35%, general-fiction 11%, mystery 11%",,tense,57,tense,57,ancient-curse,54,"Genuine Lies | Weep No More, My Lady | In America"
Accept,new,activate,greek-mythology,13,tag,cross-genre,"fantasy 35%, romantasy 25%, sci-fi 10%",,psychology,56,psychology,56,mythology-retelling,52,Klara and the Sun | Blood of Hercules | Atalanta
Accept,review,,ancient-rome,13,tag,cross-genre,"history 37%, historical-fiction 18%, romance 12%",,ancient-curse,80,ancient-ruins,72,ancient-world,72,Roman Blood | Roma | Meditations
Accept,new,activate,bookclub,13,tag,cross-genre,"fantasy 20%, romance 20%, contemporary-romance 20%",,blood-magic,42,blood-magic,42,only-one-bed,40,We Are Legion | Katabasis | Funny Story
merge:japanese,new,activate,japanese-fiction,13,tag,cross-genre,"fantasy 16%, (none) 16%, mystery 16%",,speculative-fiction,62,addiction-narrative,57,space-colonization,52,Days At The Morisaki Bookshop | Tales from the Cafe | Kokoro
Accept,new,activate,one-night-to-forever,12,tag,cross-genre,"romance 40%, contemporary-romance 40%, romantasy 12%",,neighbors-to-lovers,66,strangers-to-lovers,56,friends-to-lovers,54,Magdalene Nox | Southern Lights | Enthralled In Her Design
merge:business-women,review,,businesswomen,12,tag,cross-genre,"romance 35%, romantasy 15%, mystery 10%",,business,76,business,76,small-business-owner,60,The Business | Hungry for You | After Tex
Reject,new,activate,media-tie-in,12,tag,cross-genre,"mystery 21%, crime 21%, fantasy 21%",,medical-thriller,64,medical-thriller,57,race-against-time,55,Dolores Claiborne | The Dark Half | From dead to worse
merge:thriller,review,,triler,12,tag,cross-genre,"mystery 35%, crime 35%, general-fiction 10%",,thriller,85,thriller,71,legal-thriller,60,Geralds Game | Doctor Sleep | Psycho
Accept,review,,transportation,12,tag,cross-genre,"adventure 23%, travel 15%, (none) 15%",,teleportation,74,teleportation,74,witness-protection,62,Redshirts | Sailing alone around the world | The Great Railway Bazaar
Accept,new,activate,cannibalism,12,tag,cross-genre,"thriller 20%, sci-fi 13%, mystery 13%",,magical-realism,53,magical-realism,53,talking-animals,53,Scales | Exquisite Corpse | A Certain Hunger
merge:angst,review,,emotional-angst,12,tag,cross-genre,"fantasy 35%, romantasy 35%, romance 25%",,emotional,75,emotional,75,low-angst-romance,56,Apollyon | Crowntide | Nightbane
Accept,new,activate,boarding-school,12,tag,cross-genre,"romance 20%, general-fiction 12%, romantasy 12%",,body-horror,53,magic-school-setting,51,psychological-horror,51,Evernight | Blue bloods | Everything must go
Accept,new,activate,dysfunctional-families,12,tag,cross-genre,"general-fiction 14%, self-help 14%, fantasy 7%",,multi-generational-family-saga,53,dual-timeline,51,addiction-narrative,48,Dark Angel | Petals on the Wind | The city's son
Reject,new,activate,gift,12,tag,cross-genre,"contemporary 42%, romance 36%, mystery 5%",,heist,44,heist,44,soft-sci-fi,40,The talisman | Girl with a Pearl Earring | Based on a True Story
Accept,new,activate,adolescence,12,tag,cross-genre,"general-fiction 18%, young-adult 18%, childrens 12%",,popular-science,61,popular-science,61,chase-sequence,56,"Then Again, Maybe I Won't | Let's get lost | Are You There God? It's Me, Margaret."
merge:young-adult,new,activate,ya,12,tag,cross-genre,"fantasy 15%, romantasy 10%, mystery 10%",,royalty,44,royalty,44,sad,40,A Darker Shade of Magic | Son of the mob | Tales from Earthsea
Accept,review,,autobiographical-fiction,12,tag,cross-genre,"(none) 25%, general-fiction 16%, adventure 16%",,biographical-historical-fiction,72,biographical-historical-fiction,69,historical-fiction,66,On The Road | Portrait of the Artist as a Young Dog | Fear and Loathing in Las Vegas: A Savage Journey to the Heart of the American Dream
Accept,new,activate,anthropology,12,tag,cross-genre,"(none) 30%, history 23%, psychology 7%",,nanotechnology,69,nanotechnology,69,morally-gray-antihero,54,The Dragons of Eden | The Selfish Gene | The Golden Bough
merge:fiction,new,activate,fiction-general,12,tag,cross-genre,"romance 17%, fantasy 17%, mystery 13%",,literary-fiction,64,historical-fiction,60,addiction-narrative,58,The dry | Skipping Christmas | Norwegian Wood
merge:romance,new,activate,romcom,12,tag,cross-genre,"romance 42%, romantasy 19%, contemporary-romance 14%",,romance,61,romantic-comedy,57,horror-comedy,52,The Importance of Being Earnest | Dungeons and Drama | Ready Or Not
merge:paranormal,review,,urban-paranormoral,12,tag,cross-genre,"romantasy 34%, fantasy 19%, romance 19%",,paranormal-romance,77,paranormal-romance,72,paranormal,71,Grave Witch (Alex Craft) | Zodiac Academy: The Awakening | Magic Bites
Accept,new,activate,identity-psychology,12,tag,cross-genre,"young-adult 23%, general-fiction 15%, fantasy 15%",,psychology,68,psychology,68,secret-identity,64,Bloodborn | Just one look | Colorless Tsukuru Tazaki and His Years of Pilgrimage
Accept,new,activate,alaska,12,tag,cross-genre,"fantasy 20%, romantasy 20%, general-fiction 20%",,black,54,black,54,blackmail,53,Frostbitten | Before I let go | Starry night
Accept,review,,social-psychology,12,tag,cross-genre,"(none) 33%, psychology 25%, self-help 25%",,psychology,74,psychology,74,psychological-horror,64,The Righteous Mind | Dare to lead | The Happiness Hypothesis: Finding Modern Truth in Ancient Wisdom
Accept,new,activate,politics-and-government,12,tag,cross-genre,"history 23%, biography-memoir 23%, politics 15%",,dystopian-government-totalitarian-regime,58,neurodivergent-protagonist,57,hot-and-spicy,55,21 Lessons for the 21st Century | Invisible Women: Data Bias in a World Designed for Men | Abundance
Accept,new,activate,communism,12,tag,cross-genre,"history 23%, (none) 23%, sci-fi 15%",,romantic-comedy,50,cloning,50,cloning,50,Bend sinister | The Communist Manifesto | The State and Revolution
Reject,new,activate,tall-cabinet,12,tag,cross-genre,"biography-memoir 21%, romance 14%, literary-fiction 14%",,portal-fantasy,53,time-travel,52,action-thriller,51,The Argonauts | The Body Keeps the Score | Republic
Reject,new,activate,short-story,12,tag,cross-genre,"sci-fi 38%, (none) 23%, fantasy-romance 15%",,history,66,short-story-or-novella,66,history,66,Very far away from anywhere else | The Paper Menagerie and Other Stories | Sour Heart
Reject,new,activate,adam-fictitious-character,12,tag,cross-genre,"mystery 47%, crime 47%, general-fiction 4%",,climate-fiction,55,narrative-nonfiction,53,detective-fiction,52,The Private Patient | A Mind to Murder | Unnatural Causes
Accept,new,activate,third-person-pov,12,tag,cross-genre,"fantasy 33%, mystery 11%, romance 11%",,virgin-heroine,53,spy-espionage-thriller,52,wrong-person-convicted,52,A Mind to Murder | Grave Empire | The Gutter Prayer
Reject,new,activate,battle-of,12,tag,cross-genre,"general-fiction 38%, history 15%, historical-fiction 7%",,hate-to-love,57,femme-fatale,57,bad-boy,50,The Afrika Korps | Agincourt | Sharpe's Fury
Reject,new,activate,authorship,12,tag,cross-genre,"fantasy 26%, (none) 13%, general-fiction 6%",,author-writer,60,generation-ship,56,author-writer,56,Bambert's book of missing stories | Inkheart | Starling House
Reject,review,,fun,12,tag,cross-genre,"romantasy 26%, fantasy 26%, romance 10%",,funny,75,funny,75,hfn,66,Newt's emerald | Sass & Sorcery | Save the Cat
Accept,new,activate,as-special-box,12,tag,cross-genre,"romantasy 37%, fantasy 29%, sci-fi 12%",,one-last-scare,57,hot-and-spicy,51,secret-baby,48,The Bridge Kingdom | Broken Bonds | A Light in the Flame
Reject,new,activate,pique,12,tag,cross-genre,"fantasy 40%, fantasy-romance 36%, sci-fi 9%",,ice-queen,57,ice-queen,46,time-loop,42,House of Chains | The Land: Founding | Forging Divinity
Accept,new,activate,disability-and-scars,12,tag,cross-genre,"romantasy 31%, romance 27%, fantasy 27%",,band-of-misfits,51,identity-and-self-discovery,51,sword-and-sorcery,48,The Dark One | Leave Me Behind | Psycho Fae
Reject,new,activate,thrilling-reads,11,tag,cross-genre,"mystery 40%, romantic-suspense 40%, sci-fi 4%",,legal-thriller,62,red-herring,61,slasher-villain,60,Bid Number Nine | A Curious Visit | Strange Attractors
Accept,new,activate,criminal-underworld,11,tag,cross-genre,"romance 42%, fantasy 35%, romantasy 21%",,criminal-mastermind,63,criminal-mastermind,57,ancient-world,56,Thorn | The Lies of Locke Lamora | Book of Night
Reject,review,,maine,11,tag,cross-genre,"mystery 21%, crime 14%, fantasy 14%",,masculine,71,masculine,71,romance,66,Dolores Claiborne | The Gunslinger | Northern New England
merge:fantasy,review,,sf-fantasy,11,tag,cross-genre,"sci-fi 37%, fantasy 31%, fantasy-romance 31%",,fantasy,82,low-fantasy,76,science-fantasy,72,The Naked Sun | The Robots of Dawn | Ubik
Reject,new,activate,trilogy,11,tag,cross-genre,"fantasy 35%, mystery 14%, crime 14%",,straight-to-gay,54,thriller,53,biography,50,Konrad | Empress | Bloodstone
Accept,new,activate,london,11,tag,cross-genre,"fantasy 20%, general-fiction 13%, mystery 13%",,cloning,61,cloning,61,dubcon,50,Drood | Awakened | Wonders Never Cease
Reject,review,,contemporary-city,11,tag,cross-genre,"romance 31%, contemporary 27%, mystery 18%",,contemporary,82,contemporary,82,contemporary-romance,64,Coldheart Canyon | Poe | The Perfect Stranger
Accept,new,activate,fate-vs-free-will,11,tag,cross-genre,"fantasy 42%, romantasy 42%, romance 10%",,femme-fatale,55,surveillance-state,51,morally-gray-fae-love-interest,51,A Curse Carved in Bone | A Fate Inked in Blood | Blood of the Raven
Accept,new,activate,sex,11,tag,cross-genre,"(none) 45%, childrens 9%, general-fiction 9%",,bisexual,54,bisexual,54,tense,50,Cirque du freak | Cirque Du Freak #7 | Come as You Are: The Surprising New Science that Will Transform Your Sex Life
Reject,new,activate,main-top,11,tag,cross-genre,"romance 21%, literary-fiction 21%, general-fiction 14%",,small-town,55,coming-out,55,mating-bond,52,Ghost Wall | Her Body and Other Parties | The Electric Kool-Aid Acid Test
Accept,new,activate,mental-illness,11,tag,cross-genre,"romance 28%, young-adult 21%, horror 14%",,serial-killer,59,elemental-magic,55,elemental-magic,55,"When Mr. Dog bites | Wintergirls | Girl, Interrupted"
Reject,new,activate,cornwall-england-county,11,tag,cross-genre,"fantasy 17%, romance 17%, adventure 11%",,essay-collection,51,criminal-mastermind,47,challenging,47,"The dark is rising | Over Sea, Under Stone (The Dark Is Rising #1) | Greenwitch (The Dark Is Rising #3)"
merge:new-york,new,activate,n-y,11,tag,cross-genre,"romance 20%, (none) 20%, young-adult 13%",,funny,50,funny,50,fantasy,40,More happy than not | My Year of Rest and Relaxation | Cutting for Stone
Reject,new,activate,wonwoo,11,tag,cross-genre,"history 21%, mystery 21%, crime 14%",,whodunit,42,whodunit,42,nanotechnology,40,"As You Like It | Me Before You | Guns, germs, and steel"
Accept,new,activate,legal,11,tag,cross-genre,"mystery 42%, crime 36%, general-fiction 5%",,legal-thriller,52,legal-thriller,52,lesbian,50,The Runaway Jury | The Street Lawyer | The Summons
Accept,new,activate,cold-war,11,tag,cross-genre,"adventure 20%, history 13%, romance 13%",,warp-speed,55,creepy-child,50,dark,50,The fifty years war | The Spy Who Came in from the Cold | The Pigeon Tunnel: Stories from My Life
Accept,new,activate,argentina,11,tag,cross-genre,"(none) 28%, romance 14%, general-fiction 7%",,rogue-sentient-ai,61,emotional,55,emotional,55,Eva Luna | The penguin lessons | Hopscotch
Accept,new,activate,alcoholics,11,tag,cross-genre,"romance 42%, self-help 14%, general-fiction 7%",,politics,55,politics,55,alcoholic-broken-detective,50,The Beautiful and Damned | Hope for Today | Addicted to You
Reject,new,activate,hierhelena,11,tag,cross-genre,"romance 30%, contemporary 15%, biography-memoir 15%",,ice-queen,55,ice-queen,52,reluctant-hero,50,"Kim Jiyoung, Born 1982 | The Year of Magical Thinking | Kim Jiyoung, Born 1982"
Accept,new,activate,baseball-players,11,tag,cross-genre,"romance 37%, paranormal 6%, romantasy 6%",,serial-killer,55,causal-loop-paradox,51,absent-dead-parents,51,"Strange neighbors | Angels walking | 7,000 clams"
merge:single-pov,new,activate,solo-narration,11,tag,cross-genre,"romantasy 34%, fantasy 15%, romance 15%",,survival-narrative,62,generation-ship,62,narrative-nonfiction,58,"Grave Witch (Alex Craft) | Full Moon Rising (Riley Jensen, Guardian, Book 1) | Body movers"
Accept,new,activate,personal,11,tag,cross-genre,"self-help 30%, (none) 23%, general-fiction 7%",,emotional,58,emotional,58,paranormal,55,"Confessions of An Ugly Stepsister (Maguire, Gregory) | You are a badass at making money | The Gods Themselves"
Accept,review,,workplace-culture,11,tag,cross-genre,"(none) 36%, business-&-economics 18%, psychology 18%",,workplace-romance,70,workplace,69,workplace,69,The 4-Hour Workweek | Leaders Eat Last | Who Moved My Cheese?
Accept,new,activate,aging,11,tag,cross-genre,"general-fiction 18%, self-help 18%, biography-memoir 18%",,challenging,62,challenging,62,relaxing,61,Everyman | Memoirs of an ex-prom queen | Aging with grace
merge:graphic-novel,new,activate,comic,11,tag,cross-genre,"(none) 33%, fantasy 25%, general-fiction 8%",,necromancy,53,conspiracy,53,coming-out,53,Hyperbole and a Half | Incognegro | Ancient History
Accept,new,activate,anarchism,11,tag,cross-genre,"(none) 36%, history 27%, religion-&-spirituality 9%",,transhumanism,54,transhumanism,54,artist,53,Anarchie et Christianisme | The Ecology of Freedom | Roads to Freedom
Reject,new,activate,calif,11,tag,cross-genre,"romance 15%, mystery 15%, (none) 15%",,sci-fi,54,apocalyptic,50,cloning,50,The Deer Park | Genuine Lies | Deception
Accept,new,activate,booksellers-and-bookselling,11,tag,cross-genre,"general-fiction 25%, biography-memoir 25%, romance 8%",,abandoned-building,48,best-friend-s-older-sibling,48,magic-school-setting,46,"Twenty Wishes | Fearless Jones | 84, Charing Cross Road"
merge:biography-memoir,new,activate,personal-memoirs,11,tag,cross-genre,"biography-memoir 27%, humor 9%, music 9%",,missing-person,66,emotional,64,emotional,64,"Wow, No Thank You. | Famous father girl | I'm Glad My Mom Died"
Accept,new,activate,government-investigators,11,tag,cross-genre,"mystery 31%, crime 25%, fantasy 12%",,government-cover-up,60,first-case-rookie-investigator,57,lone-detective-maverick-investigator,56,Behold a Pale Horse | Hour Game | The killing hour
Reject,new,activate,dalgliesh,11,tag,cross-genre,"mystery 47%, crime 47%, general-fiction 4%",,dual-timeline,54,dual-timeline,54,dragons,50,The Private Patient | A Mind to Murder | Shroud for a Nightingale
Accept,new,activate,greece,11,tag,cross-genre,"fantasy 26%, general-fiction 20%, romance 13%",,reflective,62,reflective,62,regency,61,Gates of fire | The Last of the Wine | The Mediterranean's wife by contract
Accept,review,,pregnancy,11,tag,cross-genre,"romantasy 26%, romance 19%, sci-fi 15%",,regency,75,regency,62,prophecy,58,The Ritual | Highest Bidder | The Girls Who Grew Big
Accept,new,activate,southeast-asian-author,11,tag,cross-genre,"fantasy 41%, young-adult 16%, sci-fi 8%",,woods-forest-as-threat,54,author-writer,54,the-last-of-their-kind,50,The Black Tides of Heaven | She Is a Haunting | The Genesis of Misery
Accept,new,activate,male-pov,11,tag,cross-genre,"romance 44%, romantasy 22%, paranormal-romance 11%",,multiple-pov,60,small-town,55,sports-romance,54,Dark Space | Rule Breaker | How to Train Your Human Omega
Accept,new,activate,morally-grey-choices,10,tag,cross-genre,"sci-fi 40%, fantasy 26%, romantasy 20%",,morally-gray-antihero,68,morally-gray-love-interest,56,police-procedural,54,The Sword of Kaigen | Catching Fire | Dark Matter
Accept,new,activate,student,10,tag,cross-genre,"romance 42%, contemporary-romance 26%, fantasy 5%",,teacher-student,63,teacher-student,63,secret-identity,54,Dr. Margaret Morgan | The Witch's Pet | The Music And The Mirror
Accept,new,activate,own-voices,10,tag,cross-genre,"romantasy 26%, romance 21%, contemporary-romance 17%",,slow-burn-spice,56,chosen-one,50,vampire-romance,48,When Tara Met Farah | Rise To The Sun | Objecting To Her
Accept,new,activate,boats,10,tag,cross-genre,"romance 23%, romantasy 23%, fantasy 14%",,romantasy,57,soulmates,57,romantasy,57,Iceberg | Virelai's Hoard | Uncharted
Accept,new,activate,veterinarian,10,tag,cross-genre,"romance 39%, small-town-romance 21%, contemporary-romance 13%",,terraforming,58,terraforming,58,victorian,57,After Happily Ever After Once Again edited | Dreamer | A Roll In The Hay
Reject,new,activate,literatur-and-belletristik,10,tag,cross-genre,"sci-fi 21%, fantasy 21%, romance 14%",,cannibalistic-backwoods-threat,50,identity-and-self-discovery,49,literary-fiction,47,Excession | The Sympathizer | Vera Wong's Unsolicited Advice for Murderers
Reject,new,activate,short-stories-single-author,10,tag,cross-genre,"sci-fi 25%, (none) 25%, paranormal 8%",,short-story-or-novella,57,author-writer,52,includes-adult-toys,52,Valis | The Illustrated Man | The Complete Sookie Stackhouse Stories
Accept,new,activate,loss,10,tag,cross-genre,"mystery 21%, crime 21%, sci-fi 14%",,low-angst,50,listings,50,listings,50,Konrad | ShadowBreed | Dying Inside
Accept,new,activate,child-abuse,10,tag,cross-genre,"fantasy 16%, mystery 16%, crime 16%",,creepy-child,52,abandoned-building,48,slasher-villain,46,Empress | Esperance | If There Be Thorns
Accept,new,activate,disability,10,tag,cross-genre,"fantasy 20%, mystery 13%, crime 13%",,history,47,royalty,47,history,47,Lord Foul's Bane | First Mage on the Moon | I Hear the SunSpot
Accept,review,,redemption,10,tag,cross-genre,"fantasy 42%, romantasy 14%, mystery 7%",,redemption-arc,83,redemption-arc,83,emotional,63,"Eve, The Burning Life | Wolf in Shadow | The Last Guardian"
Accept,new,activate,protective-hero,10,tag,cross-genre,"romantasy 31%, romance 31%, fantasy 25%",,the-outcast-hero,64,reluctant-hero,62,serial-detective,58,Pure | Opal | Grace and Glory
Accept,new,activate,power-and-control,10,tag,cross-genre,"fantasy 38%, romantasy 23%, thriller-&-mystery 23%",,action-thriller,56,action-thriller,56,portal-to-another-world,55,Red Glove | The Perfect Wife | Black Heart
Accept,new,activate,graphic-violence,10,tag,cross-genre,"mystery 20%, crime 20%, romance 20%",,biographical-historical-fiction,51,vacation-romance,50,immigrant-experience,50,The Long Walk | Turner | Coldheart Canyon
Accept,new,activate,government-control-and-surveillance,10,tag,cross-genre,"sci-fi 43%, sci-fi-romance 18%, thriller-&-mystery 18%",,surveillance-state,60,dystopian-government-totalitarian-regime,54,government-cover-up,51,Origin | The Three-body Problem | The Dark Forest
Accept,new,activate,antarctica,10,tag,cross-genre,"adventure 27%, fantasy 18%, sci-fi 18%",,intergalactic-war,59,intergalactic-war,59,erotica,58,The Dying of the Light: Interval | Symbiote | Sentient
Accept,new,activate,abuse,10,tag,cross-genre,"horror 14%, biography-memoir 14%, self-help 14%",,business,61,business,61,magic-user,53,The Long Midnight | Girl A | I'm Glad My Mom Died
Reject,new,activate,lovecraftian,10,tag,cross-genre,"fantasy 41%, horror 25%, sci-fi 16%",,love-triangle,64,love-triangle,64,cosmic-lovecraftian-horror,63,The Country Under Heaven | There Is No Antimemetics Division | Sour Candy
Reject,new,activate,general-science-fiction-and-fantasy,10,tag,cross-genre,"fantasy 37%, fantasy-romance 37%, sci-fi 25%",,science-fantasy,60,heist-in-a-fantasy-setting,59,addiction-narrative,51,Dominion | Shades Of Forever | Nightmares In Glass
Accept,new,activate,high-schools,10,tag,cross-genre,"young-adult 25%, romantasy 18%, romance 12%",,magic-school-setting,56,why-choose,54,high-spice-explicit,51,Shadow Kiss | Nothing but the Truth | Eclipse
Reject,review,,short-story-collection,10,tag,cross-genre,"horror 27%, fantasy 18%, sci-fi 18%",,essay-collection,73,short-story-or-novella,72,resource-scarcity-conflict,54,The Dragon Book | Holidays on Ice | You Like It Darker
Reject,new,activate,novela,10,tag,cross-genre,"general-fiction 25%, mystery 16%, crime 16%",,grovel-arc,62,comedy-novels,52,comedy-novels,52,Darkest Hour | Ulysses | The Buried Giant
merge:occult,review,,occult-fiction,10,tag,cross-genre,"fantasy 41%, fantasy-romance 11%, romance 11%",,speculative-fiction,72,historical-fiction,62,occult-horror,59,Lasher | Lammas Night | Dark Prince
Accept,new,activate,kings-and-rulers,10,tag,cross-genre,"fantasy 45%, romance 36%, general-fiction 9%",,kingdoms-at-war,58,ancient-ruins,55,ancient-curse,55,The Blue Sword | A conspiracy of kings | The Sheikhs Last Seduction
Reject,new,activate,fl-pre-order,10,tag,cross-genre,"romance 38%, fantasy 38%, romantasy 23%",,folk-horror,60,forbidden-forest,57,mail-order-bride,57,Boundless (Unearthly #3) | Howl's Moving Castle | The Fine Print
Reject,new,activate,cute,10,tag,cross-genre,"romance 33%, young-adult 13%, fantasy 13%",,meet-cute,61,meet-cute,61,fae-courts,57,Knuffle Bunny | Check & Mate | The Cheat Sheet
Reject,new,activate,floor-stack-a,10,tag,cross-genre,"general-fiction 41%, fantasy 16%, romance 8%",,star-crossed-lovers,50,sports-star-romance,50,love-at-first-sight,50,Sula | Song of Solomon | The Bluest Eye
Accept,new,activate,gender-feminism,10,tag,cross-genre,"history 40%, (none) 30%, science-&-nature 10%",,genetic-engineering,52,femme,50,femme-femme,50,We Should All Be Feminists | Backlash | Gender Trouble
Accept,new,activate,study-aids,10,tag,cross-genre,"self-help 27%, mystery 9%, crime 9%",,artist,50,artist,50,includes-adult-toys,48,Private Vegas | White Teeth | 12 Rules for Life
Accept,new,activate,antiquities,10,tag,cross-genre,"fantasy 27%, general-fiction 18%, sci-fi 18%",,romantic-suspense,50,ancient-ruins,50,romantic-suspense,50,Trojan Odysey | The second sleep | Inca Gold
Accept,new,activate,life,10,tag,cross-genre,"general-fiction 20%, psychology 10%, adventure 10%",,time-loop,46,self-help,46,masculine,46,On The Road | Of Human Bondage | The Righteous Mind
Accept,new,activate,academic,10,tag,cross-genre,"history 40%, sci-fi 20%, general-fiction 10%",,dark-academia,66,dark-academia,66,art-and-music,57,The Five People You Meet in Heaven | Unheroic conduct | The body in pain
merge:business-people,review,,businesspeople,10,tag,cross-genre,"romance 40%, general-fiction 13%, adventure 13%",,business,72,business,72,small-business-owner,58,Fifty Shades of Grey | Dombey and Son | His virgin acquisition
Reject,review,,contempor-nea,10,tag,cross-genre,"romance 28%, contemporary-romance 14%, (none) 14%",,contemporary,80,contemporary,80,contemporary-romance,66,My Sister's Keeper | The Woman in the Window | The Sense of an Ending
Accept,new,activate,spy-stories,10,tag,cross-genre,"general-fiction 23%, mystery 23%, crime 15%",,mysterious,57,mysterious,57,skyships,52,The Spy Who Came in from the Cold | The spies of Warsaw | A murder of quality
Accept,new,activate,cousins,10,tag,cross-genre,"romance 27%, general-fiction 11%, historical-romance 11%",,business,66,business,66,cloning,57,The God of Small Things | The gardens of Kyoto | Just tell me when we're dead!
Accept,new,activate,bombings,10,tag,cross-genre,"crime 33%, mystery 26%, general-fiction 13%",,mating-bond,63,coming-out,55,coming-out,55,The Chamber | The watchmaker of Filigree Street | 16th Seduction
Accept,new,activate,farm-life,10,tag,cross-genre,"general-fiction 23%, romance 23%, (none) 15%",,first-love,52,shifter-romance,50,fae-romance,50,Ethan Frome | The simple truth | The edge of town
Accept,new,activate,journalists,10,tag,cross-genre,"adventure 30%, mystery 23%, general-fiction 7%",,young-adult,54,whodunit,52,howdunit,52,The Glass Castle | Jail journal | The Girl Who Played With Fire
Accept,new,activate,communication,10,tag,cross-genre,"self-help 41%, psychology 16%, general-fiction 8%",,vacation-romance,62,space-colonization,58,space-colonization,58,Tan veloz como el deseo | Theories of the information society | Unflattening
Accept,new,activate,mexico,10,tag,cross-genre,"romance 15%, mystery 15%, paranormal 7%",,american,57,american,57,mysterious,50,Vlad | Desperado | 2666
Accept,review,,courage,10,tag,cross-genre,"fantasy 23%, sci-fi 23%, general-fiction 15%",,fae-courts,70,court-intrigue,57,court-intrigue,57,Angel Fire East | Cybele's Secret | Artemis the brave
Reject,new,activate,mia,10,tag,cross-genre,"history 30%, biography-memoir 20%, sci-fi 20%",,amnesia,60,amnesia,60,medieval,54,Dark Money | In Search of Our Mother's Garden | Assassination vacation
merge:jewish,new,activate,jewish-1939-1945,10,tag,cross-genre,"young-adult 25%, romance 16%, historical 16%",,the-wise-mentor,32,deal-with-a-devil-demon,30,25-39-lead,30,Ordinary Men | Holocaust | The Lost Childhood
Accept,new,activate,theology,10,tag,cross-genre,"religion-&-spirituality 20%, (none) 20%, history 20%",,psychology,66,psychology,66,nanotechnology,63,A Grief Observed | Everything Happens for a Reason | Darwin on trial
Accept,review,,change-psychology,10,tag,cross-genre,"psychology 45%, self-help 27%, romance 9%",,psychology,74,psychology,74,nanotechnology,64,The Monk Who Sold His Ferrari | Women as Agents of Revolutionary Change | Who Moved My Cheese?
Accept,review,,roman,10,tag,cross-genre,"romance 18%, historical-fiction 18%, adventure 18%",,romance,83,romantasy,71,romantasy,71,The Power and the Glory | The Screwtape Letters | The End of the Affair
Accept,new,activate,colorado,10,tag,cross-genre,"romance 46%, general-fiction 23%, historical-fiction 15%",,corporate-dystopia,53,corporate-dystopia,53,folk-horror,52,The magic of ordinary days | Plainsong | Promised Splendor
Accept,new,activate,cruel-bully,10,tag,cross-genre,"romantasy 28%, romance 19%, fantasy 19%",,secret-baby,54,rival-turned-ally,50,secret-royalty,48,God of Wrath | Hooked | The Sinner
Accept,new,activate,castles,10,tag,cross-genre,"fantasy 38%, sci-fi 15%, fantasy-romance 7%",,rivals-to-lovers,52,rivals-to-lovers,52,soulmates,50,The Journey Home (The Unicorn's Secret #8) | Five on Finniston Farm | Good Old Secret Seven
Accept,new,activate,psychology-and-philosophy,10,tag,cross-genre,"business-&-economics 27%, sci-fi 27%, psychology 9%",,psychological-horror,57,psychology,57,philosophy,57,Dare to lead | Who Moved My Cheese? | The more of less
Accept,new,activate,treasure-hunt,10,tag,cross-genre,"general-fiction 27%, adventure 27%, thriller 27%",,haunted-house,53,haunted-house,53,court-intrigue,51,The Sanctuary | The First Apostle | Indiana Jones and the Temple of Doom
Reject,new,activate,kids-mg,10,tag,cross-genre,"fantasy 40%, fantasy-romance 20%, young-adult 13%",,bdsm,54,kidnapping,47,kingdoms-at-war,45,Howl's Moving Castle | The Secret of the Old Clock | The Island of Adventure
Accept,new,activate,angry,10,tag,cross-genre,"mystery 16%, crime 16%, fantasy 16%",,fantasy,50,fantasy,50,relaxing,46,Burn baby burn | The Silence of the Girls | Columbine
Accept,new,activate,personality,10,tag,cross-genre,"self-help 40%, psychology 20%, young-adult 20%",,royalty,66,royalty,66,unlikely-hero,58,The Highly Sensitive Person | Think Again: The Power of Knowing What You Don't Know | The Almanack Of Naval Ravikant
Reject,new,activate,nsfw,10,tag,cross-genre,"romantasy 27%, romance 22%, fantasy 22%",,slow-burn,46,tense,44,tense,44,Don't Want You Like a Best Friend | Game Changer | Ravensong
Accept,new,activate,immigrants,10,tag,cross-genre,"literary-fiction 16%, romance 16%, historical 16%",,immigrant-experience,60,immigrant-experience,60,romantasy,52,The Deportees and Other Stories | Drifting house | The View from Castle Rock
Reject,new,activate,read-2024,10,tag,cross-genre,"fantasy 33%, sci-fi 26%, fantasy-romance 13%",,40-lead,58,25-39-lead,52,40-lead,50,When the Moon Hits Your Eye | The Life Impossible | Barrayar
Accept,new,activate,plus-size,10,tag,cross-genre,"romance 27%, romantasy 27%, sci-fi 13%",,slow-burn-spice,50,popular-science,50,class-divide,47,Eyes on Me | Camera Shy | Blood Moon
Reject,new,activate,poly-3,10,tag,cross-genre,"romance 30%, fantasy 15%, paranormal-romance 15%",,polyamory,53,polyamory,53,psychology,50,Madame | Hollow | Triple Sec
Accept,new,activate,women-in-stem,9,tag,cross-genre,"romance 46%, fantasy 15%, romantasy 15%",,monster-romance,57,race-against-time,53,low-angst-romance,53,The Love Hypothesis | The Romance Revival | Bride
Accept,new,activate,chapstick,9,tag,cross-genre,"romance 36%, contemporary-romance 21%, romantasy 15%",,apocalyptic,60,apocalyptic,60,tragic-past,50,Girlfriend Goals | Vengeance Planning for Amateurs | Paradise Lost and Found
Accept,new,activate,reality-show,9,tag,cross-genre,"romance 42%, contemporary-romance 33%, romantasy 14%",,simulated-reality,62,quiet-literary-slow-burn,55,virtual-reality-world,54,"Sweet, Spicy, Delicate | For the Love of Cake | Limelight"
merge:speculative,review,,speculative-fiction-characters,9,tag,cross-genre,"romantasy 31%, fantasy 26%, romance 10%",,speculative-fiction,77,interpersonal-character-study,57,true-crime-adjacent-fiction,56,Shattered | Silver Collar | Ambereye
Accept,new,activate,vampire,9,tag,cross-genre,"romantasy 42%, fantasy 36%, mystery 5%",,vampire-romance,63,vampire-romance,63,galactic-empire,54,If the Darkness Had Wings | Born of Blood and Magic | Under the Harvest Moon
Accept,new,activate,accidents,9,tag,cross-genre,"sci-fi 20%, thriller 20%, fantasy 20%",,ancient-ruins,63,ancient-curse,63,ancient-ruins,63,The Bridge | I Let You Go | The Bridge
Reject,new,activate,debut,9,tag,cross-genre,"fantasy 45%, sci-fi 18%, mystery 9%",,whodunit,46,howdunit,46,whodunit,46,The Salmon of Doubt | Eragon | Lamentation
Accept,new,activate,mortality,9,tag,cross-genre,"mystery 23%, crime 23%, fantasy 15%",,royalty,62,royalty,62,portal-fantasy,60,Lost Worlds | The Long Walk | Poe
Accept,new,activate,isolation,9,tag,cross-genre,"fantasy 25%, romance 16%, sci-fi 8%",,isolated-setting,64,isolated-setting,64,historical-fiction,59,Lord Foul's Bane | The Dog Stars | Symbiote
Accept,new,activate,moral-awakening,9,tag,cross-genre,"fantasy 35%, romantasy 35%, sci-fi 21%",,ancient-evil-awakening,59,ancient-world,57,paranormal,56,Pure | Scythe | The Toll
Accept,new,activate,dark-humor,9,tag,cross-genre,"sci-fi 20%, romance 20%, short-stories 20%",,dark,57,dark,57,monster-in-the-dark,55,Cat's Cradle | This Is Not My Hat | The Wedding People
Reject,review,,myst-re,9,tag,cross-genre,"fantasy 45%, mystery 9%, crime 9%",,mystery,71,mysterious,58,mysterious,58,Doctor Sleep | Men at Arms | Les Indes noires
Accept,review,,cosmic-horror,9,tag,cross-genre,"fantasy 33%, horror 25%, fantasy-romance 16%",,gothic-horror,76,gothic-horror,69,cosmic-lovecraftian-horror,66,The Country Under Heaven | The Fisherman | The Hollow Places
Accept,new,activate,diverse-representation,9,tag,cross-genre,"romantasy 26%, fantasy 26%, romance 20%",,teleportation,57,teleportation,57,space-station-setting,55,Heart of Iron | Soul of Stars | Bookish and the Beast
Accept,new,activate,buddhism,9,tag,cross-genre,"(none) 27%, self-help 18%, horror 9%",,bdsm,66,business,50,business,50,Esperanza | Siddhartha | When Things Fall Apart
Reject,review,,romanzo,9,tag,cross-genre,"romance 36%, general-fiction 27%, historical-fiction 9%",,romance,71,romantasy,62,romantasy,62,The Vampire Armand | Merrick | Oranges Are Not the Only Fruit
Reject,new,activate,spanish-language-materials,9,tag,cross-genre,"mystery 38%, crime 30%, general-fiction 15%",,magical-creatures-as-companions,49,fake-relationship-fake-engagement,47,arranged-marriage,46,Violin | If There Be Thorns | Presumed Innocent
Accept,new,activate,girls,9,tag,cross-genre,"fantasy 36%, romantasy 18%, young-adult 18%",,final-girl,53,final-girl,53,magical-realism,50,Picnic at Hanging Rock | The Bones Beneath My Skin | Looking for Alibrandi
merge:bisexual,review,,bisexual-mc,9,tag,cross-genre,"fantasy 31%, romantasy 25%, romance 25%",,bisexual,84,bisexual,84,bisexual-or-pansexual,56,Carry on | Heated Rivalry | Prince's Gambit
Accept,new,activate,fugitives-from-justice,9,tag,cross-genre,"general-fiction 20%, sci-fi 20%, politics 10%",,futuristic,50,futuristic,50,the-outcast-hero,47,Hannibal | Hannibal Rising | Unwind
Reject,new,activate,rusty-macdonald,9,tag,cross-genre,"romance 44%, contemporary 38%, contemporary-romance 5%",,first-contact,57,magical-realism,53,romantasy,50,Imiginary Friend | The Last Report on the Miracles at Little No Horse | Imaginary Friend
Accept,new,activate,birds,9,tag,cross-genre,"(none) 27%, mystery 18%, crime 18%",,bdsm,66,british,50,british,50,The Pigeon finds a hot dog! | There is a bird on your head! | The Feather Thief
Reject,new,activate,board-books,9,tag,cross-genre,"childrens 30%, general-fiction 20%, young-adult 20%",,bad-boy,66,bad-boy,55,body-horror,54,A Sick Day for Amos McGee | My Very First Book of Shapes | The Very Busy Spider
Reject,new,activate,high-interest-low-vocabulary-books,9,tag,cross-genre,"mystery 23%, general-fiction 15%, romance 15%",,morally-gray-love-interest,60,morally-gray-fae-love-interest,59,billionaire-love-interest,54,Frog and Toad All Year | Dead Man's Folly | The Ransom of Red Chief
Accept,new,activate,therapy,9,tag,cross-genre,"psychology 33%, general-fiction 22%, self-help 11%",,hea,60,mystery,57,mystery,57,A Monster Calls | Narrative therapy | Clinical Interviewing
Reject,new,activate,english-drama,9,tag,cross-genre,"drama 33%, history 22%, (none) 22%",,transhumanism,53,transhumanism,53,single-dad-mom,51,"Measure for Measure | Henry IV, Part 1 | The complete plays"
Reject,review,,philosophical-fiction,9,tag,cross-genre,"romance 16%, sci-fi 16%, general-fiction 8%",,historical-fiction,71,biographical-historical-fiction,61,speculative-fiction,60,Flowers for Algernon | The Stranger | The Myth of Sisyphus
Accept,new,activate,tragedy,9,tag,cross-genre,"history 38%, romance 23%, historical 15%",,regency,57,love-triangle,50,love-triangle,50,Midnight in Chernobyl | Romeo and Juliet | Hiroshima
Accept,new,activate,african-american,9,tag,cross-genre,"romance 31%, historical 18%, general-fiction 12%",,american,66,american,66,arranged-marriage,54,Invisible Man | The Water Dancer | The Sellout
merge:ireland,new,activate,dublin-ireland,9,tag,cross-genre,"romance 15%, general-fiction 15%, sci-fi 15%",,dual-timeline,59,billionaire-romance,54,billionaire-romance,54,The Dead | Eggshells | Burned
Reject,new,activate,read-next-2026,9,tag,cross-genre,"romance 26%, historical 20%, general-fiction 13%",,40-lead,45,ancient-curse,44,ancient-world,44,The Narrow Road to the Deep North | Slade House | A Prayer for Owen Meany
Accept,new,activate,forensic-pathologists,9,tag,cross-genre,"mystery 35%, crime 35%, romance 14%",,friends-to-lovers,52,friends-to-lovers,52,framed-protagonist,51,Flesh and Blood | Trace | Chaos
Accept,new,activate,abused-women,9,tag,cross-genre,"romance 33%, young-adult 16%, general-fiction 8%",,only-one-bed,58,haunted-house,56,fae-romance,52,Paradise | The Vegetarian | The Wives
Accept,new,activate,terrorism,9,tag,cross-genre,"history 36%, romance 18%, general-fiction 9%",,terraforming,66,terraforming,66,horror,53,The 9/11 Commission report | The Unsung Hero | The Marching Season
Accept,new,activate,afghanistan,9,tag,cross-genre,"biography-memoir 27%, romance 18%, contemporary 9%",,fantasy,55,fae-fantasy,54,fae-fantasy,54,The Kite Runner | The secret sky | The Kite Runner--the graphic novel
Reject,new,activate,book-clubs-discussion-groups,9,tag,cross-genre,"(none) 25%, romance 16%, young-adult 16%",,robot-uprising,42,boss-s-son-daughter,42,boss-s-son-daughter,42,The Guernsey Literary and Potato Peel Pie Society | Me Before You | Mr. Perfect
Reject,new,activate,main-above,9,tag,cross-genre,"romance 23%, fantasy 15%, literary-fiction 15%",,mating-bond,66,hive-mind,63,fae-romance,57,Crying in H Mart | Young Mungo | My Dark Vanessa
Reject,new,activate,german-literature,9,tag,cross-genre,"fantasy 22%, (none) 22%, philosophy 11%",,shifter-romance,56,ancient-curse,53,ancient-curse,53,Siddhartha | Steppenwolf | Momo
Accept,new,activate,criticism,9,tag,cross-genre,"(none) 22%, history 22%, philosophy 11%",,british,62,british,62,politics,58,From Romanticism To Critical Theory | A short guide to writing about literature | A Swim in a Pond in the Rain
Accept,auto-merge,merge:lesbian,lesbians,9,tag,cross-genre,"fantasy 23%, romance 15%, romantasy 15%",,lesbian,93,lesbian,93,listings,62,Why Be Happy When You Could Be Normal? | Road to Glory | Delilah Green Doesn't Care
Accept,review,,professionals-and-academics,9,tag,cross-genre,"(none) 30%, biography-memoir 20%, sci-fi 20%",,medical-professional,72,medical-professional,68,demon-possession,55,Se questo è un uomo | Becoming Steve Jobs | Lab Girl
Reject,new,activate,supporting-my-local-library,9,tag,cross-genre,"fantasy 38%, fantasy-romance 15%, biography-memoir 7%",,betrayal-from-within-a-trusted-group,47,apocalyptic,47,apocalyptic,47,Tales from Earthsea | Year of yes | Impossible Creatures
Accept,new,activate,bed-and-breakfast-accommodations,9,tag,cross-genre,"romantasy 21%, general-fiction 15%, romance 15%",,magical-creatures-as-companions,47,space-colonization,43,generation-ship-colonization-sci-fi,43,"Born in Ice | 44 Cranberry Point (Cedar Cove, Book 4) | Dog Friday"
Accept,new,activate,self-actualization-psychology,9,tag,cross-genre,"self-help 30%, general-fiction 20%, religion-&-spirituality 10%",,space-colonization,55,psychology,51,psychology,51,The Day of Awakening | Now is the Time to Open Your Heart | Shape Shifter
Accept,review,,divorced-women,9,tag,cross-genre,"romance 27%, general-fiction 18%, (none) 18%",,divorcee,72,divorcee,72,forced-proximity,53,Beyond Black | The Starter Marriage | The summerhouse
Accept,review,,ancient,9,tag,cross-genre,"history 45%, romance 18%, art 9%",,ancient-ruins,70,ancient-curse,70,ancient-world,70,Magicians of the gods | Meditations | Mythos: The Greek Myths Retold
Accept,review,,emotions,9,tag,cross-genre,"(none) 30%, self-help 20%, young-adult 10%",,emotional,82,emotional,82,teleportation,57,"Invisible | Thinking, Fast and Slow | Behave: The Biology of Humans at Our Best and Worst"
merge:russian,new,activate,russian-literature,9,tag,cross-genre,"mystery 20%, literary-fiction 10%, crime 10%",,nature-writing,56,alternate-timeline,55,military-romance,52,Evgeniĭ Onegin | Crime and Punishment | Lolita
Reject,new,activate,hand-signed,9,tag,cross-genre,"romance 35%, contemporary-romance 28%, fantasy 14%",,haunted-house,58,second-chance,58,single-dad-mom,56,God of Wrath | The Irresistible Urge to Fall For Your Enemy | God of Pain
Accept,new,activate,environment,9,tag,cross-genre,"history 22%, (none) 22%, general-fiction 11%",,mentor-mentee,58,mentor-mentee,58,everyone-did-it,53,Entangled Life | The Overstory | An Immense World: How Animal Senses Reveal the Hidden Realms Around Us
Accept,new,activate,economic-history,9,tag,cross-genre,"history 44%, business-&-economics 22%, (none) 22%",,history,60,history,60,alternate-history,60,Utopia for Realists | Misbehaving | The ascent of money
Accept,new,activate,gender-studies,9,tag,cross-genre,"(none) 30%, self-help 20%, philosophy 10%",,teacher-student,55,generation-ship,55,teacher-student,55,"Sexing the Body | Invisible Women: Data Bias in a World Designed for Men | The Way of the Superior Man: A Spiritual Guide to Mastering the Challenges of Women, Work, and Sexual Desire"
Reject,new,activate,stiinta,9,tag,cross-genre,"sci-fi 22%, science-&-nature 22%, history 22%",,listings,53,musician,53,listings,53,George and the Big Bang | Information is Beautiful | Homo Deus: A Brief History of Tomorrow
Accept,new,activate,skills,9,tag,cross-genre,"self-help 44%, psychology 22%, (none) 22%",,skyships,57,skyships,57,serial-killer,52,Slow Productivity | Ultralearning | Building a Second Brain: A Proven Method to Organize Your Digital Life and Unlock Your Creative Potential
Accept,review,,denmark,9,tag,cross-genre,"history 22%, (none) 22%, historical-fiction 11%",,dark,72,dark,72,dark-academia,60,Gertrude and Claudius | Sharpe's Prey | Termush
Accept,new,activate,chess,9,tag,cross-genre,"(none) 22%, general-fiction 11%, romance 11%",,heist,60,heist,60,ceo,50,The Queen's gambit | Check & Mate | The Queen's Gambit
merge:graphic-novel,new,activate,comics-and-graphic-novel,9,tag,cross-genre,"contemporary 35%, romance 28%, sci-fi 21%",,grovel-arc,52,band-of-misfits,51,hot-and-spicy,48,"The Collected Essex County | The Black Dahlia | The Department of Truth, Vol. 1: The End of the World"
Accept,new,activate,soviet-union,9,tag,cross-genre,"romance 16%, sci-fi 16%, history 16%",,ancient-ruins,56,home-invasion,56,sole-survivor,56,Symphony for the city of the dead | The Trial | Doctor Zhivago
Reject,new,activate,multiple-authors,9,tag,cross-genre,"(none) 40%, mystery 10%, crime 10%",,multiple-pov,64,author-writer,58,unreliable-narrator,57,"Six Against the Yard | How to Read a Book: the classic guide to intelligent reading | The Ethical Slut: A Practical Guide to Polyamory, Open Relationships, and Other Freedoms in Sex and Love"
Accept,new,activate,anxiety,9,tag,cross-genre,"young-adult 36%, romance 18%, small-town-romance 9%",,fantasy,57,fantasy,57,romantasy,50,"Twice Shy | Ducks, Newburyport | Finding Audrey"
Reject,new,activate,shortstories,9,tag,cross-genre,"sci-fi 46%, sci-fi-romance 20%, romantasy 20%",,short-story-or-novella,58,horror,55,court-intrigue,53,"There Is No Antimemetics Division | Rapport: Friendship, Solidarity, Communion, Empathy | Queen Song"
Accept,new,activate,dark-comedy,9,tag,cross-genre,"romance 16%, (none) 16%, horror 16%",,romantic-comedy,61,dark-academia,58,comedy-novels,58,My Year of Rest and Relaxation | The Wide Window | Trainspotting
Accept,new,activate,power-dynamics,9,tag,cross-genre,"romantasy 35%, fantasy 29%, romance 23%",,enemies-to-lovers,51,portal-fantasy,50,missing-person,50,Quicksilver | A Promise of Fire | Rain of Shadows and Endings
Accept,new,activate,college-teachers,9,tag,cross-genre,"literary-fiction 18%, romance 18%, (none) 18%",,teacher-professor,57,legal-thriller,53,teacher-student,51,On Beauty | Pnin | Lunar Park
Reject,new,activate,poly-4,9,tag,cross-genre,"romantasy 35%, fantasy 29%, romance 17%",,polyamory,53,polyamory,53,psychology,50,Court of the Vampire Queen | Psycho Fae | Psycho Beasts
Reject,new,activate,action-et-aventure,9,tag,cross-genre,"fantasy 46%, fantasy-romance 38%, sci-fi 15%",,action-thriller,60,adventure-novels,58,ancient-curse,58,Forging Divinity | The Ruby Knight | The Hidden City
Accept,new,activate,jewish,8,tag,cross-genre,"romance 46%, contemporary-romance 30%, fantasy 7%",,heist,54,heist,54,british,46,The Second Draft | The Villains Series | Hotel Queens
merge:ireland,new,activate,irish,8,tag,cross-genre,"mystery 25%, crime 16%, romance 8%",,british,66,british,66,artist,54,Overtime | The Ironwood tree | A Caribbean Mystery
merge:chinese,review,,chinese-fiction,8,tag,cross-genre,"sci-fi 30%, (none) 20%, romance 10%",,climate-fiction,73,detective-fiction,68,climate-fiction,66,Contact | Suddenly You | Death's End
merge:evolution,new,activate,evolution-biology,8,tag,cross-genre,"sci-fi 22%, general-fiction 11%, history 11%",,mythology-retelling,55,biotechnology-gone-wrong,53,blackmail-into-relationship,50,Darwins Radio | On the origin of species by means of natural selection | Darwin's radio
Accept,new,activate,rebellion,8,tag,cross-genre,"sci-fi 45%, fantasy 18%, romantasy 18%",,relaxing,58,relaxing,58,redemption-arc,52,"The Liberators | Terminator Salvation, From the Ashes | The Peachy Paradox"
Accept,new,activate,trauma,8,tag,cross-genre,"romance 16%, mystery 16%, crime 16%",,transhumanism,63,transhumanism,63,paranormal,50,Drood | Awakened | Cabaret in Flames
merge:new-york,new,activate,new-york,8,tag,cross-genre,"romance 20%, sci-fi 10%, general-fiction 10%",,workplace-romance,48,ancient-world,47,ancient-world,47,Dying Inside | Supermax | Woodstake
Accept,new,activate,soldiers,8,tag,cross-genre,"historical 30%, sci-fi 20%, romance 20%",,soulmates,58,soulmates,58,exes-to-lovers,54,Embedded | Plain tales from the hills | Il deserto dei Tartari
Accept,new,activate,mythical-creatures,8,tag,cross-genre,"fantasy 40%, fantasy-romance 20%, romantasy 20%",,magical-creatures-as-companions,61,corporate-dystopia,55,creepy-child,53,Bloodsworn | The Remarkable Retirement of Edna Fisher | The Burial Tide
Accept,new,activate,fear,8,tag,cross-genre,"sci-fi 22%, horror 11%, general-fiction 11%",,hea,57,dark,50,dark,50,No One Gets Out Alive | Owl Babies | Fear
merge:american,new,activate,fiction-in-english-american-writers,8,tag,cross-genre,"sci-fi 44%, general-fiction 22%, romance 11%",,true-crime-adjacent-fiction,51,biographical-historical-fiction,51,first-contact-with-aliens,50,Humpty Dumpty in Oakland | The Witches of Eastwick | The Door into Summer
Accept,new,activate,empowering,8,tag,cross-genre,"romance 44%, fantasy 11%, romantasy 11%",,sports-writing,58,sports-writing,58,red-herring,57,Ignite Me | The Wendy | Kaikeyi
Accept,new,activate,online-identity-vs-real,8,tag,cross-genre,"romance 36%, fantasy 27%, romantasy 27%",,secret-identity,63,identity-and-self-discovery,52,identity-and-self-discovery,52,Bookish and the Beast | Geekerella | The Princess and the Fangirl
Accept,new,activate,death-row-inmates,8,tag,cross-genre,"general-fiction 33%, horror 22%, mystery 11%",,slow-descent-into-madness,61,mentor-s-death,58,fated-mates,57,Night journey | The Two Dead Girls | Coffey on the Mile
Reject,review,,blake,8,tag,cross-genre,"fantasy 30%, romantasy 23%, romance 15%",,black,80,black,80,blackmail,57,Circus of the damned | Hit list | The harlequin
Reject,new,activate,anita-fictitious-character,8,tag,cross-genre,"fantasy 30%, romantasy 23%, romance 15%",,narrative-nonfiction,56,climate-fiction,53,literary-fiction,52,Circus of the damned | Hit list | The harlequin
Accept,new,activate,fate-and-fatalism,8,tag,cross-genre,"fantasy 45%, romantasy 18%, general-fiction 9%",,fake-dating,57,band-of-misfits,56,femme-fatale,55,The monkey's paw | Cloud Cuckoo Land | Heavenly Bodies
Accept,review,,cartoonists,8,tag,cross-genre,"biography-memoir 27%, graphic-novel 18%, horror 9%",,artist,70,artist,70,opposites-attract,57,Drawing Blood | Are you my mother? | The Ink Black Heart
Reject,new,activate,spooky,8,tag,cross-genre,"romance 21%, fantasy 21%, fantasy-romance 14%",,polyamory,53,polyamory,53,psychology,50,The Time of the Ghost | Compound Fracture | Interview With the Vampire
Accept,new,activate,connecticut,8,tag,cross-genre,"general-fiction 20%, romance 20%, literary-fiction 10%",,first-contact,58,romantic-subplot,51,romantic-subplot,51,White Shark | The Witch of Blackbird Pond | Tara Road
Accept,review,,marriage,8,tag,cross-genre,"romance 23%, mystery 15%, crime 15%",,fake-marriage,76,fake-marriage,76,arranged-marriage,64,The Bazaar of Bad Dreams | All your perfects | The Duke and I
Accept,auto-merge,merge:american,america,8,tag,cross-genre,"history 37%, general-fiction 25%, travel 12%",,american,93,american,93,erotica,71,"The journey of Columbus | Morning Girl | The Girl in the Clockwork Collar (The Steampunk Chronicles Series, Book 2)"
Accept,new,activate,animal-welfare,8,tag,cross-genre,"general-fiction 25%, (none) 25%, childrens 12%",,talking-animals,55,paranormal-romance,50,magical-realism,48,The One and Only Ivan | The Tiger Rising | Teacher's Pet (Vet Volunteers #7)
Accept,new,activate,alienation-social-psychology,8,tag,cross-genre,"childrens 25%, fantasy 25%, (none) 12%",,generation-ship-society,58,psychological-horror,58,psychology,52,The Arrival | The Wish List (Infinite) | Steppenwolf
Accept,new,activate,high-school,8,tag,cross-genre,"romance 35%, young-adult 14%, contemporary 7%",,high-spice-explicit,53,magic-school-setting,51,psychological-horror,51,If I Stay | Boy Toy | The Crucible
Accept,new,activate,concentration-camps,8,tag,cross-genre,"romance 23%, historical 23%, history 15%",,ancient-ruins,56,ancient-ruins,56,environmental-collapse-narrative,54,The Boy in the Striped Pyjamas | Between Shades of Gray | The Rise and Fall of the Third Reich: A History of Nazi Germany
Accept,new,activate,behavior,8,tag,cross-genre,"general-fiction 37%, humor 25%, young-adult 25%",,history,53,history,53,mail-order-bride,50,Superfudge | Stage Fright (Allie Finkle's Rules for Girls #4) | No Kiss for Mother
Accept,review,,photography,8,tag,cross-genre,"art 22%, travel 22%, history 11%",,biography,70,biography,70,autobiography,66,Let us now praise famous men | Humans Of New York | Regarding the Pain of Others
Accept,review,,legal-stories,8,tag,cross-genre,"mystery 27%, adventure 9%, romantic-suspense 9%",,legal-thriller,74,legal-thriller,66,medical-thriller,55,The Firm | The Associate | The Lincoln Lawyer (Mickey Haller #1)
Accept,new,activate,middle-east,8,tag,cross-genre,"romance 20%, general-fiction 10%, biography-memoir 10%",,class-divide,52,hive-mind,50,simulated-reality,50,The Looming Tower | Seven Pillars of Wisdom | A Thousand Splendid Suns
Accept,review,,ecology,8,tag,cross-genre,"sci-fi 20%, philosophy 10%, poetry 10%",,psychology,70,psychology,70,nanotechnology,66,The World Without Us | The Ecology of Freedom | Ecology
Reject,new,activate,john-seybold,8,tag,cross-genre,"history 33%, romance 22%, travel 11%",,second-chance,56,sword-and-sorcery,48,post-human-society,46,Steve Jobs | The Electric Kool-Aid Acid Test | Fear and Loathing in Las Vegas: A Savage Journey to the Heart of the American Dream
Accept,new,activate,dinosaurs,8,tag,cross-genre,"sci-fi 25%, fantasy 25%, adventure 12%",,kingdoms-at-war,50,adventurous,50,kingdoms-at-war,50,The Lost World | Goldilocks and the three dinosaurs | The Rise and Fall of the Dinosaurs: A New History of a Lost World
Reject,new,activate,living-room-top,8,tag,cross-genre,"history 25%, fantasy 25%, general-fiction 12%",,roommates-to-lovers,58,one-ring-to-rule-them-all,50,missing-person,48,A Room of One's Own | The Waves | The Master and Margarita
Accept,new,activate,advertising,8,tag,cross-genre,"business-&-economics 33%, (none) 22%, general-fiction 11%",,travel-writing,64,travel-writing,64,artist,58,This Side of Paradise | The hidden persuaders | No Logo
merge:african-american,new,activate,african-american-and-black,8,tag,cross-genre,"general-fiction 16%, romance 16%, historical 16%",,dark-academia,51,american,47,american,47,The Warmth of Other Suns | The Underground Railroad | Go Tell It on the Mountain
Accept,new,activate,abused-wives,8,tag,cross-genre,"general-fiction 25%, romance 16%, romantasy 16%",,business,60,business,60,fated-mates,52,Face the Fire | Dance Upon the Air | Stolen Innocence
Accept,new,activate,montana,8,tag,cross-genre,"romance 38%, general-fiction 15%, mystery 15%",,emotional,62,emotional,62,monster-romance,54,Man with a past | Father Found | Pray for justice
Reject,new,activate,h2,8,tag,cross-genre,"sci-fi 27%, general-fiction 18%, fantasy 18%",,hea,40,hfn,40,heist,28,Hilda and the Midnight Giant | Hilda and the Black Hound | The Thrilling Adventures of Lovelace and Babbage
Accept,new,activate,blizzards,8,tag,cross-genre,"young-adult 27%, general-fiction 18%, romance 18%",,lighthearted,47,lighthearted,47,bdsm,46,The Centaur | Katy and the Big Snow | No Exit
Accept,new,activate,public-policy,8,tag,cross-genre,"(none) 44%, business-&-economics 11%, romance 11%",,police-procedural,60,apocalyptic,58,apocalyptic,58,"Zero to One | Zero to One: Notes on Startups, or How to Build the Future | Of Boys and Men: Why the Modern Male Is Struggling, Why It Matters, and What to Do about It"
Accept,review,,american-history,8,tag,cross-genre,"history 33%, biography-memoir 22%, politics 11%",,alternate-history,72,american,66,alternate-history,66,"These Truths | The Color of Law | The Demon of Unrest: A Saga of Hubris, Heartbreak, and Heroism at the Dawn of the Civil War"
Accept,new,activate,meditation,8,tag,cross-genre,"(none) 37%, biography-memoir 25%, health-&-fitness 12%",,teleportation,60,home-invasion,60,teleportation,60,Autobiography of a Yogi | The Body Keeps the Score | Autobiography of a Yogi
merge:los-angeles,new,activate,los-angeles-calif,8,tag,cross-genre,"mystery 36%, crime 27%, general-fiction 9%",,grief-and-loss-as-central-theme,54,magical-realism,50,talking-animals,50,The Informers | Blood Work | The Big Sleep
merge:hollywood,new,activate,hollywood-los-angeles,8,tag,cross-genre,"(none) 33%, romance 22%, drama 11%",,enemies-to-lovers,47,low-angst-romance,47,woods-forest-as-threat,46,The Deer Park | Genuine Lies | Play it as it lays
Accept,new,activate,air-pilots,8,tag,cross-genre,"romance 25%, general-fiction 16%, mystery 8%",,romantic-subplot,53,jealousy-plot,52,opposites-attract,51,Tailspin | Northern Lights | Five Go to Billycock Hill
Accept,new,activate,civil-war,8,tag,cross-genre,"sci-fi 27%, general-fiction 9%, romance 9%",,criminal-mastermind,50,creepy-child,47,childhood-sweethearts,46,"Cold Mountain | American War | The Demon of Unrest: A Saga of Hubris, Heartbreak, and Heroism at the Dawn of the Civil War"
Reject,new,activate,espa-ola,8,tag,cross-genre,"(none) 33%, fantasy 22%, general-fiction 11%",,space-opera,52,lesbian-romance,52,saga,50,Los Pazos de Ulloa | Nada | El infinito en un junco. La invención de los libros en el mundo antiguo
Accept,new,activate,architects,8,tag,cross-genre,"romance 25%, general-fiction 16%, (none) 16%",,shapeshifters,52,ancient-ruins,52,ancient-curse,52,The Next Always | The Holcroft covenant | Leonardo da Vinci
Accept,new,activate,sisters,8,tag,cross-genre,"general-fiction 30%, young-adult 20%, romance 10%",,shapeshifters,60,shapeshifters,60,mysterious,58,Smoke in Mirrors | All My Puny Sorrows | Wild Nights!
Accept,new,activate,depression,8,tag,cross-genre,"romance 30%, horror 20%, (none) 20%",,demon-possession,69,demon-possession,69,deep-space-mission,64,A Village Affair | When Nietzsche Wept | The First Bad Man
Reject,new,activate,filozofie,8,tag,cross-genre,"history 37%, sci-fi 25%, science-&-nature 12%",,time-loop,55,first-love,52,first-love,52,Our dark side | Homo Deus: A Brief History of Tomorrow | Behave: The Biology of Humans at Our Best and Worst
Reject,review,,istorie,8,tag,cross-genre,"history 37%, science-&-nature 12%, self-help 12%",,history,71,history,71,victorian,62,Our dark side | Information is Beautiful | Homo Deus: A Brief History of Tomorrow
Accept,new,activate,clergy,8,tag,cross-genre,"mystery 25%, crime 25%, sci-fi 8%",,celebrity,66,celebrity,66,psychology,50,The second sleep | Stealing the Preacher | Three Act Tragedy
Accept,new,activate,aircraft-accidents,8,tag,cross-genre,"romance 18%, mystery 18%, general-fiction 9%",,ancient-curse,58,secret-identity,54,addiction-narrative,54,MOUNTAIN BETWEEN US | Total control | Night Fall
Accept,new,activate,bail-bond-agents,8,tag,cross-genre,"mystery 33%, romantic-suspense 33%, general-fiction 13%",,urban-fantasy,55,alien-invasion,53,espionage-double-agent,52,A nasty piece of work | Finger lickin' fifteen | Sizzling sixteen
Accept,new,activate,film,8,tag,cross-genre,"biography-memoir 33%, mystery 11%, crime 11%",,femme,44,femme,44,first-love,42,"Catch and Kill | Silver Nitrate | Catching the Big Fish: Meditation, Consciousness, and Creativity"
Accept,new,activate,drug-abuse,8,tag,cross-genre,"young-adult 22%, (none) 22%, travel 11%",,nature-writing,50,magic-user,50,magic-user,50,The Electric Kool-Aid Acid Test | The Naked Lunch | Go Ask Alice
Accept,new,activate,reflective-and-emotional,8,tag,cross-genre,"(none) 22%, young-adult 22%, mystery 11%",,reflective,58,reflective,58,addiction-narrative,55,Burn baby burn | Howards End | The Elementary Particles
Accept,new,activate,pets,8,tag,cross-genre,"biography-memoir 25%, cooking 12%, childrens 12%",,politics,50,politics,50,shapeshifters,47,Pet Food Nation | Old Yeller | A street cat named Bob
Accept,review,,science-and-engineering,8,tag,cross-genre,"history 33%, (none) 22%, sci-fi 11%",,genetic-engineering,71,genetic-engineering,57,science-fantasy,52,What If? Serious Scientific Answers to Absurd Hypothetical Questions | Astrophysics for People in a Hurry | Packing for Mars: The Curious Science of Life in the Void
Accept,review,,fanfiction,8,tag,cross-genre,"romantasy 26%, fantasy 20%, romance 13%",,war-fiction,76,war-fiction,76,climate-fiction,64,Wicked: The Life and Times of the Wicked Witch of the West | Manacled | Harry Potter and the Methods of Rationality
merge:japanese,new,activate,japanese-literature,8,tag,cross-genre,"romance 21%, contemporary 14%, mystery 14%",,shapeshifters,50,race-against-time,50,ancient-curse,50,Days At The Morisaki Bookshop | Strange Houses | Sweet Bean Paste
merge:italian,new,activate,italian-fiction,8,tag,cross-genre,"fantasy 40%, romantasy 10%, biography-memoir 10%",,historical-fiction,66,literary-fiction,64,speculative-fiction,58,If on a Winter's Night a Traveler | Foucault's Pendulum | The Baron in the Trees
Accept,new,activate,asexuality,8,tag,cross-genre,"young-adult 27%, romance 27%, psychology 9%",,bisexual,66,bisexual,66,masculine,52,"Loveless | Ace: What Asexuality Reveals About Desire, Society, and the Meaning of Sex | Dear Wendy"
Accept,new,activate,existentialism,8,tag,cross-genre,"(none) 37%, romance 25%, sci-fi 12%",,rogue-sentient-ai,51,first-contact-with-aliens,51,magical-realism,48,Existentialism is a Humanism | The Rebel | Either/Or
Accept,new,activate,action-and-abenteuer,8,tag,cross-genre,"sci-fi 33%, fantasy 25%, fantasy-romance 25%",,generation-ship,57,vacation-romance,55,teleportation,54,The Land: Founding | Forging Divinity | The Hidden City
Accept,new,activate,video-games,8,tag,cross-genre,"fantasy 41%, fantasy-romance 33%, business-&-economics 8%",,class-divide,60,amnesia,55,amnesia,55,Press Reset: Ruin and Recovery in the Video Game Industry | The Land: Forging | Life Reset
Reject,new,activate,taltos-vlad-fictitious-character,8,tag,cross-genre,"fantasy 43%, fantasy-romance 43%, romance 6%",,interpersonal-character-study,55,real-historical-figure-as-secondary-character,51,portal-to-another-world,50,Jhereg | Issola | Dragon
Accept,new,activate,class-difference,8,tag,cross-genre,"romantasy 31%, fantasy 18%, romance 18%",,class-divide,64,chase-sequence,60,chase-sequence,60,A Quest of Heroes | A Gentleman Never Keeps Score | The Matrimonial Advertisement
Accept,new,activate,dc-comics,8,tag,cross-genre,"graphic-novel 37%, fantasy 25%, (none) 25%",,coming-out,52,domestic-fiction,48,politics,47,"Batman, Volume 4: Zero Year – Secret City | Batman: The Night of the Owls | Batman: Knightfall, Part One: Broken Bat"
Accept,review,,cosy-mystery,7,tag,cross-genre,"crime 40%, mystery 30%, thriller-&-mystery 30%",,cozy-mystery,83,cozy-mystery,83,mystery,73,The Thursday Murder Club | The Bullet That Missed | The Last Devil To Die
Accept,review,,farmer-rancher,7,tag,cross-genre,"romance 46%, contemporary-romance 20%, small-town-romance 20%",,fae-romance,72,fae-romance,64,monster-romance,62,After Happily Ever After Once Again edited | A Roll In The Hay | Romancing The Girl
Accept,review,,military-professional,7,tag,cross-genre,"romance 23%, contemporary-romance 15%, fantasy 15%",,medical-professional,78,medical-professional,73,military-romance,64,Everybody Needs a Hero | Space Unicorn Blues | A Marine’s Conflict
Accept,new,activate,pirate,7,tag,cross-genre,"fantasy 30%, romantasy 30%, sci-fi 15%",,conspiracy,50,first-love,50,pet-parent,50,The Lily and the Crown | Virelai's Hoard | The Red Scholar’s Wake
Accept,review,,supernatural-thriller,7,tag,cross-genre,"mystery 28%, romantic-suspense 28%, romantasy 21%",,supernatural-horror,75,legal-thriller,68,political-thriller,66,Born of Blood and Magic | Lex Files | Keepers of the Cave
Accept,new,activate,halloween,7,tag,cross-genre,"fantasy 21%, romantasy 21%, romance 21%",,small-town,63,small-town,63,challenging,60,The Hungry Butterfly | Payback’s a Witch | The Vampire's Mail Order Bride
Accept,new,activate,complex,7,tag,cross-genre,"sci-fi 40%, fantasy 20%, romantasy 20%",,cop,60,cop,60,workplace,50,A Fire Upon the Deep | Neuromancer | Heretics of Dune
Accept,new,activate,eccentrics-and-eccentricities,7,tag,cross-genre,"sci-fi 25%, young-adult 25%, general-fiction 12%",,ancient-evil-cosmic-entity,50,secret-identity,50,grief-and-loss-as-central-theme,50,Crow Road | Surviving the Applewhites | The Lady In The Van
Accept,new,activate,small-town-and-rural,7,tag,cross-genre,"romance 35%, small-town-romance 21%, mystery 14%",,small-town,66,small-town-romance,63,small-town-with-a-dark-secret,61,Needful Things | The Casual Vacancy | All the Sinners Bleed
Accept,new,activate,immortalism,7,tag,cross-genre,"sci-fi 33%, fantasy 33%, paranormal 11%",,magical-realism,53,magical-realism,53,immortal-mortal-romance,52,The Boat of a Million Years | Breaking midnight | Ancillary Sword
Accept,new,activate,sacrifice,7,tag,cross-genre,"fantasy 41%, romantasy 25%, sci-fi 8%",,sci-fi,66,hard-sci-fi,50,soft-sci-fi,50,The Liberators | The Fires Of Heaven | The Long Walk
Accept,new,activate,retail,7,tag,cross-genre,"sci-fi 40%, romance 20%, general-fiction 10%",,relaxing,57,relaxing,57,emotional,53,Pandora's Star | Modern Romance | Dead Ever After
Accept,new,activate,imperialism,7,tag,cross-genre,"fantasy 42%, history 28%, politics 14%",,time-travel,54,time-travel,54,magical-realism,53,Empire in Black and Gold | Dragonfly Falling | Blood of the Mantis
Accept,review,,slavery,7,tag,cross-genre,"fantasy 22%, historical-fiction 22%, mystery 11%",,slasher,71,slasher,71,mystery,57,Empress | Dragonfly Falling | Our Lady of Blades
Accept,new,activate,justice,7,tag,cross-genre,"mystery 33%, crime 33%, sci-fi 8%",,futuristic,58,futuristic,58,business,53,Just Another Judgement Day | Esperance | Maria the Wanted
Accept,new,activate,thoughtful,7,tag,cross-genre,"fantasy 25%, romantasy 12%, business-&-economics 12%",,hopeful,58,hopeful,58,young-adult,47,Sabriel | Digital Minimalism | Heaven
Accept,new,activate,colonialism,7,tag,cross-genre,"fantasy 44%, sci-fi 22%, romantasy 11%",,space-colonization,62,colonial-postcolonial,56,colonial-postcolonial,56,"The Windup Girl | Lives of Bitter Rain | Cry, Voidbringer"
Accept,new,activate,bears,7,tag,cross-genre,"sci-fi 28%, adventure 28%, childrens 14%",,artist,54,artist,54,british,50,Beyond the Burn Line | I Want My Hat Back | A light in the window
Accept,new,activate,fascism,7,tag,cross-genre,"history 42%, horror 14%, sci-fi 14%",,transhumanism,50,masc-femme,50,masculine,50,"Cabaret in Flames | The Disco at the End of the World | Autocracy, Inc."
Reject,new,activate,somber,7,tag,cross-genre,"romance 38%, historical-romance 15%, mystery 7%",,soulmates,53,slow-burn,53,soulmates,53,All the Ugly and Wonderful Things | Mother of Rome | Gone With the Wind
Accept,new,activate,bounty-hunters,7,tag,cross-genre,"romantasy 18%, mystery 18%, romantic-suspense 18%",,haunted-house,51,fantasy-of-manners,50,robot-uprising,50,Silver Under Nightfall | Rot & Ruin | Hardcore twenty-four
Reject,new,activate,english-poetry,7,tag,cross-genre,"fantasy 28%, horror 14%, philosophy 14%",,generation-ship-society,54,generation-ship-society,54,jealousy-plot,51,The Dead House | The marriage of Heaven and Hell | 40 sonetti di Shakespeare
merge:academia,new,activate,academy,7,tag,cross-genre,"romantasy 29%, romance 17%, fantasy 17%",,dark-academia,60,dark-academia,60,masc-femme,50,Shadow Kiss | Frostbite | Zodiac Academy: The Awakening
merge:new-orleans,new,activate,new-orleans-la,7,tag,cross-genre,"mystery 20%, crime 20%, paranormal-romance 13%",,one-last-scare,57,ancient-ruins,51,ancient-world,51,Taltos | Violin | The Witching Hour
Reject,new,activate,jack-fictitious-character,7,tag,cross-genre,"adventure 40%, mystery 30%, crime 30%",,climate-fiction,55,narrative-nonfiction,53,interpersonal-character-study,51,Birdman | Post Captain | The Surgeon's Mate
Reject,new,activate,clasici,7,tag,cross-genre,"sci-fi 44%, adventure 11%, mystery 11%",,class-divide,63,class-divide,63,climate-fiction,54,The Illustrated Man | The Castle | Devils
Reject,new,activate,french-language-materials,7,tag,cross-genre,"mystery 25%, crime 12%, historical-fiction 12%",,arranged-marriage,52,arranged-marriage,47,fake-marriage,47,Lasher | The Other Boleyn Girl | A Season in Hell and The Drunken Boat
merge:horror,review,,horror-suspense,7,tag,cross-genre,"mystery 27%, crime 18%, fantasy 18%",,supernatural-horror,70,monster-horror,68,romantic-suspense,68,"Duma Key | Full Dark, No Stars | Rose Madder"
Accept,new,activate,antiheroes,7,tag,cross-genre,"sci-fi 42%, fantasy 28%, mystery 14%",,reluctant-hero,58,adventurous,57,adventurous,57,Market Forces | How to Kill Your Family | Thirteen
Reject,new,activate,illustrated-by-the-author,7,tag,cross-genre,"graphic-novel 28%, biography-memoir 28%, art 14%",,the-dark-lord-ultimate-evil,57,the-outcast-hero,53,monster-in-the-dark,50,Maus I | Maus II | Up Front
Accept,new,activate,abusive-men,7,tag,cross-genre,"romance 38%, general-fiction 15%, young-adult 15%",,hive-mind,60,business,52,business,52,Ghost Wall | Diary of an Oxygen Thief | The Great Alone
Accept,new,activate,coma,7,tag,cross-genre,"fantasy 28%, general-fiction 14%, sci-fi 14%",,necromancy,57,ceo,57,cop,57,Son of Rosemary | Rosemary's Baby | The Coma
Accept,new,activate,silly,7,tag,cross-genre,"fantasy 36%, fantasy-romance 27%, childrens 9%",,thriller,46,thriller,46,simulated-reality,45,The Monster at the End of This Book | No Longer Human | The Crash
Accept,new,activate,abused-children,7,tag,cross-genre,"romance 22%, biography-memoir 22%, general-fiction 11%",,abandoned-building,54,secret-baby,53,absent-dead-parents,52,"Staying Fat for Sarah Byrnes | A child called ""it"" | The doll funeral"
Accept,new,activate,blind,7,tag,cross-genre,"general-fiction 11%, biography-memoir 11%, childrens 11%",,biopunk,50,cloning,50,lesbian,50,Teacher's Pet (Vet Volunteers #7) | The Unwinding of the Miracle | Things Not Seen
Accept,review,,automobile-travel,7,tag,cross-genre,"romance 28%, childrens 14%, general-fiction 14%",,time-travel,71,time-travel,64,autobiography,53,Going Bovine | Monsignor Quixote | The Travelling Cat Chronicles
Accept,new,activate,depressions,7,tag,cross-genre,"general-fiction 42%, historical-fiction 14%, childrens 14%",,demon-possession,66,demon-possession,66,deep-space-mission,62,Out of the Dust | Speak | No Promises in the Wind
Accept,new,activate,accident-victims,7,tag,cross-genre,"romance 36%, general-fiction 18%, psychology 9%",,ancient-ruins,62,ancient-curse,62,ancient-ruins,55,Winners | Ethan Frome | The Echo Maker
Reject,new,activate,james-fictitious-character,7,tag,cross-genre,"mystery 41%, crime 41%, adventure 8%",,interpersonal-character-study,54,climate-fiction,53,true-crime-adjacent-fiction,52,You Only Live Twice | Thunderball | Never Dream of Dying
Accept,new,activate,race-civil-rights,7,tag,cross-genre,"general-fiction 25%, history 25%, biography-memoir 12%",,sports-romance,51,criminal-mastermind,50,road-trip-romance,47,Invisible Man | The Warmth of Other Suns | Ain't I a Woman
Reject,new,activate,allon,7,tag,cross-genre,"art 37%, general-fiction 25%, thriller 12%",,small-town,66,small-town,66,dragons,50,The black widow | Moscow rules | The fallen angel
Reject,new,activate,gabriel-fictitious-character,7,tag,cross-genre,"art 37%, general-fiction 25%, thriller 12%",,true-crime-adjacent-fiction,54,competition-trial-arc,53,interpersonal-character-study,52,The black widow | Moscow rules | The fallen angel
merge:thriller,new,activate,thriller-and-suspense-thriller-and-suspense,7,tag,cross-genre,"mystery 46%, crime 46%, sci-fi 7%",,spy-espionage-thriller,49,serial-killer-thriller,49,serial-killer-thriller,49,Gray Mountain | The Summons | The Testament
Reject,new,activate,top-cabinet,7,tag,cross-genre,"literary-fiction 33%, general-fiction 11%, mystery 11%",,ancient-world,50,second-chance,50,corporate-dystopia,48,A complicated kindness | No Longer Human | Sense and Sensibility
Accept,new,activate,neuroscience,7,tag,cross-genre,"psychology 28%, (none) 28%, music 14%",,popular-science,66,popular-science,66,science-fantasy,59,The Dragons of Eden | This Is Your Brain on Music | High price
Accept,new,activate,life-sciences,7,tag,cross-genre,"(none) 28%, general-fiction 14%, biography-memoir 14%",,science-fantasy,64,popular-science,64,listings,57,"The Selfish Gene | Braiding Sweetgrass: Indigenous Wisdom, Scientific Knowledge, and the Teachings of Plants | Outlive: The Science and Art of Longevity"
merge:atlanta,new,activate,atlanta-ga,7,tag,cross-genre,"mystery 18%, crime 18%, thriller 9%",,urban-fantasy,52,portal-fantasy,50,portal-fantasy,50,Fractured | Bonnie | A walk across the sun
merge:literary-fiction,new,activate,english-literature,7,tag,cross-genre,"romance 14%, history 14%, humor 14%",,lighthearted,53,lighthearted,53,epistolary-structure,52,Atonement | The Great War and Modern Memory | What a Carve Up!
Reject,new,activate,floor-stack-b,7,tag,cross-genre,"history 20%, mystery 10%, crime 10%",,blood-magic,58,black,55,black,55,The Corrections | The Beautiful and Damned | War and Peace
Accept,new,activate,intelligence-service,7,tag,cross-genre,"mystery 41%, crime 41%, general-fiction 16%",,serial-killer,54,secret-identity,51,billionaire-romance,51,Goldfinger | Legacy of Ashes | Spook street
Accept,new,activate,princesses,7,tag,cross-genre,"romantasy 18%, sci-fi 18%, fantasy 18%",,business,55,business,55,romantic-suspense,51,Just Ella | Under the Never Sky | Magician's Gambit
Accept,new,activate,vietnam-war,7,tag,cross-genre,"fantasy 25%, (none) 25%, short-stories 12%",,kingdoms-at-war,53,intergalactic-war,50,ancient-world,50,The Things They Carried | The Mountains Sing | Dispatches
Accept,new,activate,drug-addicts,7,tag,cross-genre,"fantasy 25%, (none) 25%, literary-fiction 12%",,addiction-narrative,51,dark-academia,48,ancient-ruins,48,Blood oranges | Red delicious | Rachel's holiday
Accept,new,activate,mothers-and-daughters,7,tag,cross-genre,"sci-fi 14%, young-adult 14%, (none) 14%",,fated-mates-destined-mates,53,the-last-of-their-kind,51,fated-mates,50,"Dead City | Hanging Out with Cici | The Wren, The Wren"
merge:detective,new,activate,mystery-and-detective-general,7,tag,cross-genre,"mystery 42%, crime 42%, fantasy 7%",,serial-detective,62,lone-detective-maverick-investigator,56,identity-and-self-discovery,53,Dead and Gone | The mysterious Mr Quin | Sparkling Cyanide
Reject,new,activate,b4-2022,7,tag,cross-genre,"sci-fi 38%, sci-fi-romance 23%, romantasy 23%",,bad-boy,28,40-lead,26,25-39-lead,23,Feed | Harry Potter: The Complete Collection | Nyxia
Accept,new,activate,business-and-money,7,tag,cross-genre,"business-&-economics 42%, (none) 42%, self-help 14%",,small-business-owner,63,small-business-owner,63,business,61,"Zero to One | Buyology | Zero to One: Notes on Startups, or How to Build the Future"
Accept,new,activate,international-relations,7,tag,cross-genre,"general-fiction 28%, history 28%, politics 14%",,secret-relationship,57,blackmail-into-relationship,56,human-ai-relationship,54,The Whole Truth | On China | Deliver us from evil
Accept,new,activate,authoritarianism,7,tag,cross-genre,"history 37%, sci-fi 12%, romance 12%",,author-writer,62,author-writer,58,transhumanism,55,Nothing is true and everything is possible | Vox | Fascism: A Warning
Accept,new,activate,life-change-events,7,tag,cross-genre,"romance 30%, young-adult 20%, psychology 10%",,reverse-harem,58,chase-sequence,56,enchanted-sleep,54,The Monk Who Sold His Ferrari | In Five Years | Hopeless
Accept,new,activate,apache-indians,7,tag,cross-genre,"general-fiction 37%, romance 25%, religion-&-spirituality 12%",,hive-mind,52,ancient-ruins,51,home-invasion,51,They Sang for Horses | The Defiant Agents | Lawless
Accept,new,activate,manners-and-customs,7,tag,cross-genre,"(none) 42%, fantasy 28%, drama 14%",,fantasy-of-manners,64,fantasy-of-manners,59,low-angst-romance,55,The Admirable Crichton | Piazza Tales | Breakfast at Tiffany’s and Three Stories
Accept,new,activate,italian,7,tag,cross-genre,"romance 33%, fantasy 22%, travel 11%",,victorian,62,victorian,62,utopian,57,Under the Tuscan Sun | The wedding officer | Il deserto dei Tartari
Reject,new,activate,baltimore-md,7,tag,cross-genre,"(none) 30%, mystery 20%, crime 20%",,galactic-empire,51,billionaire-romance,51,simulated-reality,48,Life sentences | The What the Dead Know CD | Dinner at the Homesick Restaurant
Accept,new,activate,mental,7,tag,cross-genre,"romance 33%, (none) 22%, general-fiction 11%",,time-travel,58,time-travel,58,elemental-magic,57,A Village Affair | The Burnout Society | When Nietzsche Wept
Accept,new,activate,spy,7,tag,cross-genre,"adventure 25%, general-fiction 12%, romance 12%",,conspiracy,46,philosophy,46,conspiracy,46,All the old knives | The silent war | The Kill Artist
merge:consensual-non-consent,new,activate,cnc,7,tag,cross-genre,"romantasy 29%, romance 23%, contemporary-romance 17%",,necromancy,46,conspiracy,46,necromancy,46,God of Wrath | God of Malice | God of Ruin
Accept,new,activate,aeronautics,7,tag,cross-genre,"romance 22%, thriller 11%, general-fiction 11%",,erotica,66,erotica,66,artist,58,The billion dollar spy | Smart and sexy | Falling
merge:poetry,new,activate,epic-poetry,7,tag,cross-genre,"fantasy 42%, poetry 42%, general-fiction 14%",,police-procedural,57,police-procedural,50,secret-royalty,48,Homer's daughter | The Odyssey | The Iliad
merge:native-americans,new,activate,indians-of-north-america,7,tag,cross-genre,"general-fiction 36%, romance 18%, romantasy 18%",,widow-finding-love-again,50,american,50,american,50,Life 3.0 | The Indian School (Trophy Chapter Book) | The man who fell in love with the moon
Accept,new,activate,brainwashing,7,tag,cross-genre,"sci-fi 42%, fantasy 42%, thriller 14%",,inspiring,57,inspiring,57,kidnapping,54,Candor | Shutter Island | The Key to Midnight
Accept,new,activate,motivation-and-self-improvement,7,tag,cross-genre,"business-&-economics 42%, self-help 42%, psychology 14%",,neurodivergent-protagonist,52,identity-and-self-discovery,51,dystopian-government-totalitarian-regime,49,Outliers | Start with why | The 7 Habits of Highly Effective People
Accept,new,activate,stress-management,7,tag,cross-genre,"psychology 42%, self-help 28%, (none) 28%",,ancient-ruins,53,sleeper-agent,53,ancient-curse,53,"When the Body Says No | Stillness is the Key | Goodbye, Things: The New Japanese Minimalism"
Reject,new,activate,temperance-fictitious-character,7,tag,cross-genre,"mystery 45%, crime 36%, general-fiction 9%",,interpersonal-character-study,56,true-crime-adjacent-fiction,55,court-intrigue-romance,52,Monday mourning | Spider bones | Break No Bones
Accept,new,activate,cities-and-towns,7,tag,cross-genre,"romance 20%, fantasy 20%, fantasy-romance 20%",,band-of-misfits,58,includes-adult-toys,57,ancient-ruins,55,The Lost City of the Monkey God | Evicted: Poverty and Profit in the American City | Milkman
Reject,new,activate,library-book,7,tag,cross-genre,"fantasy 37%, psychology 12%, (none) 12%",,literary-fiction,50,contemporary,50,contemporary,50,Tiny Habits | Nausea | Horror Movie
Accept,new,activate,napoleonic-wars,7,tag,cross-genre,"adventure 42%, historical-fiction 28%, general-fiction 14%",,intergalactic-war,56,politics,52,politics,52,Sharpe's honour | Sharpe's Tiger | Mr Midshipman Hornblower
Accept,new,activate,brides,7,tag,cross-genre,"romance 25%, mystery 16%, general-fiction 16%",,british,61,british,61,bdsm,60,The bride collector | The Greek Tycoon's Reluctant Bride | El diablo y la señorita Jones
Accept,new,activate,colombia,7,tag,cross-genre,"fantasy-romance 20%, mystery 20%, crime 20%",,cloning,53,lesbian,53,cloning,53,One Hundred Years of Solitude | Chronicle of a Death Foretold | Memories of My Melancholy Whores
Reject,new,activate,19th-century,7,tag,cross-genre,"romance 44%, history 22%, mystery 11%",,mentor-s-death,53,ancient-curse,48,ancient-curse,48,Little Women | His Last Bow | Either/Or
Reject,new,activate,weird,7,tag,cross-genre,"sci-fi 37%, fantasy 12%, fantasy-romance 12%",,memoir,54,memoir,54,red-herring,50,Earthlings | Bluets | Gyo
Accept,review,,engineering,7,tag,cross-genre,"history 28%, (none) 28%, biography-memoir 14%",,genetic-engineering,73,genetic-engineering,73,inspiring,60,"The Innovators: How a Group of Hackers, Geniuses and Geeks Created the Digital Revolution | The Making of the Atomic Bomb | A Philosophy of Software Design"
Reject,new,activate,poly-5,7,tag,cross-genre,"romantasy 46%, fantasy 38%, romance 15%",,polyamory,53,polyamory,53,psychology,50,Den of Vipers | Bonded by Thorns | Woven by Gold
Accept,new,activate,multicultural,7,tag,cross-genre,"romance 30%, fantasy 30%, fantasy-romance 20%",,political-thriller,51,political-thriller,51,magical-realism,50,You Made a Fool of Death with Your Beauty | Flash Fire | A Dash of Salt and Pepper
Reject,new,activate,ongoing-series,7,tag,cross-genre,"romantasy 30%, fantasy 23%, romance 23%",,twist-ending,53,ancient-ruins,51,missing-person,50,Silver Elite | Rites of the Starling | Kingdom of Claw
Accept,new,activate,aesthetics,7,tag,cross-genre,"(none) 28%, history 28%, poetry 14%",,tragic-past,57,heist,53,heist,53,In Praise of Shadows | The Beauty Myth: How Images of Beauty Are Used Against Women | Poetics
Reject,new,activate,aflibrary-upcoming,7,tag,cross-genre,"fantasy 44%, young-adult 33%, fantasy-romance 22%",,military-romance,52,literary-fiction,52,holiday-romance,48,"Chainsaw Man, Vol. 4: The Gun is Mightier | One-Punch Man, Vol. 2 | Delicious in Dungeon, Vol. 4"
Accept,new,activate,yaoi,7,tag,cross-genre,"romance 44%, graphic-novel 22%, fantasy 22%",,ya-dystopian,50,polyamory,46,dystopian,46,"While You Weren't Watching | Given, Vol. 1 | Dangerous Convenience Store, Vol. 1"
Accept,new,activate,ptsd-and-war-trauma,6,tag,cross-genre,"fantasy 42%, sci-fi 42%, fantasy-romance 14%",,sports-star-romance,52,sword-and-sorcery,50,intergalactic-war,50,The Poppy War | Catching Fire | Mockingjay
Accept,new,activate,outsider-protagonists,6,tag,cross-genre,"fantasy 30%, romantasy 30%, thriller-&-mystery 30%",,neurodivergent-protagonist,68,framed-protagonist,66,prophecy-bound-protagonist,63,The Cruel Prince | The Queen of Nothing | The Hunter
Accept,new,activate,scientist,6,tag,cross-genre,"romance 23%, contemporary-romance 23%, romantasy 15%",,secret-identity,66,ancient-ruins,63,ancient-ruins,63,Dr. Margaret Morgan | The Fires of Winter | The Nexus Series
Accept,new,activate,architect-builder,6,tag,cross-genre,"romance 45%, contemporary-romance 18%, holiday-romance 9%",,secret-underground-city,55,mail-order-bride,54,ancient-ruins,53,Deck the Palms | Enthralled In Her Design | Upheaval
Accept,new,activate,non-binary,6,tag,cross-genre,"romance 30%, romantasy 23%, contemporary-romance 15%",,billionaire-romance,55,military-romance,53,betting-wager-on-seduction,50,"Ignis | Silk and Leather: Lesbian Erotica with an Edge, edited | A Roll In The Hay"
Accept,new,activate,bartender,6,tag,cross-genre,"romance 26%, romantasy 20%, paranormal-romance 13%",,tense,57,tense,57,pet-parent,52,Space Unicorn Blues | Cuffing Season | Upheaval
Accept,new,activate,living-as-a-man,6,tag,cross-genre,"romance 30%, romantasy 23%, historical-romance 23%",,talking-animals,53,low-angst-romance,50,heist-in-a-fantasy-setting,48,Uncharted | A Touch Of Rage | Pioneering
Accept,new,activate,immortality,6,tag,cross-genre,"sci-fi 20%, romance 20%, fantasy 20%",,simulated-reality,57,portal-fantasy,56,royalty,55,Permutation City | Coldheart Canyon | The Invisible Life of Addie LaRue
Accept,new,activate,policier,6,tag,cross-genre,"fantasy 27%, fantasy-romance 18%, mystery 18%",,politics,62,politics,62,political-thriller,61,The Naked Sun | Snuff | Red Seas Under Red Skies
merge:sci-fi,new,activate,sf,6,tag,cross-genre,"sci-fi 42%, fantasy 28%, general-fiction 14%",,sci-fi,50,sad,40,hfn,40,Diaspora | Rainbows End | The Salmon of Doubt
Accept,new,activate,undead,6,tag,cross-genre,"fantasy 22%, romance 11%, small-town 11%",,new-adult,53,young-adult,47,amnesia,46,Lost Worlds | The Dead of Winter | Way of the Walker
Accept,new,activate,faith,6,tag,cross-genre,"fantasy 28%, (none) 28%, romance 14%",,artist,54,artist,54,british,50,Lamentation | Wolf in Shadow | The Dead of Winter
Accept,review,,tragic,6,tag,cross-genre,"mystery 14%, crime 14%, romance 14%",,tragic-past,70,tragic-past,70,futuristic,50,"The Legend of Sigurd and Gudrun | Anna Karenina | The Summer Hikaru Died, Vol. 1"
Reject,new,activate,award-winning-book,6,tag,cross-genre,"sci-fi 42%, fantasy 28%, romantasy 14%",,worldbuilding,51,worldbuilding,51,robot-uprising,50,Stranger in a Strange land | The Moon is a Harsh Mistress | Starship Troopers
Accept,new,activate,forests-and-forestry,6,tag,cross-genre,"fantasy 42%, sci-fi 14%, religion-&-spirituality 14%",,sword-and-sorcery,64,forbidden-forest,61,woods-forest-as-threat,57,The Word for World is Forest | The Harvester | The Watchers
Accept,new,activate,alcoholism,6,tag,cross-genre,"(none) 28%, romance 14%, small-town 14%",,time-loop,52,magical-realism,48,magical-realism,48,The Dead of Winter | Rules of the Road | Shuggie Bain
Reject,new,activate,adapted-to-film,6,tag,cross-genre,"sci-fi 22%, (none) 22%, sci-fi-romance 11%",,hate-to-love,59,fated-mates,53,climate-fiction,53,Allegiant | Cat on a Hot Tin Roof | The Devil All the Time
Accept,new,activate,human,6,tag,cross-genre,"sci-fi 28%, young-adult 14%, romance 14%",,transhumanism,55,transhumanism,55,romance,50,The Bees | Wonder | Sputnik Sweetheart
Reject,new,activate,pop-culture-references,6,tag,cross-genre,"fantasy 33%, romantasy 33%, sci-fi 22%",,remote-research-facility,52,perfect-crime,51,category-office-romance,48,Ready Player One | Ready Player Two | Bookish and the Beast
Accept,review,,memory,6,tag,cross-genre,"sci-fi 22%, romance 11%, small-town 11%",,memoir,83,memoir,66,mystery,61,Dissolution | Moon Over Brendle | Mystic city
Accept,new,activate,feminist,6,tag,cross-genre,"romance 40%, contemporary-romance 30%, sci-fi 10%",,heist,61,heist,61,twist-ending,60,Annie Bot | Everything must go | Lessons in Chemistry
merge:chicago,new,activate,chicago,6,tag,cross-genre,"fantasy 33%, mystery 22%, crime 22%",,coming-out,47,coming-out,47,challenging,44,Lucky Day | Skin Game | Peace Talks
Accept,new,activate,suicide,6,tag,cross-genre,"romance 28%, contemporary 14%, psychology 14%",,sunshine,53,musician,53,sunshine,53,Bad Things Happen Here | Grief Is for People | London Falling: A Mysterious Death in a Gilded City and a Family's Search for Truth
Accept,new,activate,hope-in-darkness,6,tag,cross-genre,"romantasy 41%, fantasy 33%, sci-fi 16%",,monster-in-the-dark,51,dark-romance,50,single-parent-romance,48,Opposition | The Road | Every Last Breath
Accept,new,activate,dead,6,tag,cross-genre,"horror 14%, childrens 14%, paranormal 14%",,sad,57,hea,57,sad,57,Doomed | Radiance | The Replacement
Accept,new,activate,escapes,6,tag,cross-genre,"sci-fi 28%, mystery 14%, crime 14%",,soulmates,50,shapeshifters,50,tense,50,Fugitives | Different Seasons | The Ambler warning
Accept,new,activate,bands-music,6,tag,cross-genre,"sci-fi 14%, childrens 14%, young-adult 14%",,art-and-music,66,art-and-music,63,band-of-misfits,61,The Last Days | This Lullaby | Just Listen
Accept,new,activate,stalker,6,tag,cross-genre,"romance 36%, romantasy 27%, paranormal-romance 9%",,serial-killer,60,insta-love,58,insta-love,58,I Will Break You | Haunting Adeline | Once You're Mine
merge:florida,new,activate,florida,6,tag,cross-genre,"romance 22%, mystery 11%, romantic-suspense 11%",,forbidden-magic,54,forbidden-magic,54,grimdark,53,Ask me | A Map of Days | The Girls Who Grew Big
Accept,new,activate,apartment-houses,6,tag,cross-genre,"general-fiction 33%, psychology 16%, literary-fiction 16%",,haunted-house,62,pet-parent,61,ancient-curse,55,77 Shadow Street | Son of Rosemary | A Fine Balance
Reject,new,activate,atlantis-legendary-place,6,tag,cross-genre,"sci-fi 25%, horror 12%, sci-fi-romance 12%",,war-and-its-aftermath-on-ordinary-lives,50,arranged-marriage,48,space-exploration,48,Prince Lestat and the Realms of Atlantis | Heart of the dragon | Atlantis Found
Accept,new,activate,banshees,6,tag,cross-genre,"young-adult 33%, romance 25%, romantasy 25%",,amnesia,53,slasher,53,amnesia,53,If I Die | My Soul to Keep (Soul Screamers #3) | Before I Wake
Reject,new,activate,boxcar-children-fictitious-characters,6,tag,cross-genre,"general-fiction 28%, childrens 28%, mystery 28%",,interpersonal-character-study,51,narrative-nonfiction,49,narrative-nonfiction,49,The Ghost Town Mystery | The Return of the Graveyard Ghost | The Mystery of the Hidden Painting
merge:weird,new,activate,weird-fiction,6,tag,cross-genre,"fantasy 37%, general-fiction 12%, horror 12%",,speculative-fiction,62,literary-fiction,62,war-fiction,58,Annihilation | Bunny | Earthlings
Accept,new,activate,exiles,6,tag,cross-genre,"fantasy 22%, romance 11%, historical 11%",,heist,54,heist,54,exes-to-lovers,50,The Cold Commands | Burn bright | A Beginner's Guide to Acting English
Accept,review,,dark-mysterious,6,tag,cross-genre,"fantasy 36%, fantasy-romance 36%, sci-fi 9%",,mysterious,80,mysterious,80,mysterious-stranger,58,"Sleeping Beauties | The Sandman, Vol. 1: Preludes & Nocturnes | Cursed Bunny"
merge:african-american,new,activate,african-american-families,6,tag,cross-genre,"romance 28%, childrens 14%, general-fiction 14%",,magical-realism,50,american,48,american,48,Let The Circle be Unbroken | Paradise | The Piano Lesson
Accept,new,activate,arson-investigation,6,tag,cross-genre,"general-fiction 25%, romance 12%, mystery 12%",,alien-invasion,60,first-case-rookie-investigator,58,vacation-romance,57,Blue Smoke | 7th Heaven | Death du jour
Accept,new,activate,social-justice,6,tag,cross-genre,"childrens 16%, politics 16%, religion-&-spirituality 16%",,musician,54,musician,54,serial-detective,53,I have a dream | The Color of Law | White Too Long
Accept,new,activate,bullies,6,tag,cross-genre,"fantasy 28%, general-fiction 14%, humor 14%",,business,66,business,66,soulmates,50,The Boy Who Lost His Face | Burger Wuss | Origins of an Academy Bully
merge:young-adult,new,activate,juvenile,6,tag,cross-genre,"fantasy 33%, fantasy-romance 33%, adventure 16%",,sunshine,50,sunshine,50,love-triangle,47,The tin princess (Sally Lockhart #4) | A Hidden Enemy | Bramblestar's Storm
Accept,new,activate,beauty,6,tag,cross-genre,"sci-fi 25%, fantasy 25%, general-fiction 12%",,new-adult,53,fae-fantasy,47,fae-fantasy,47,"Pretties | Uglies | Confessions of An Ugly Stepsister (Maguire, Gregory)"
Accept,new,activate,play,6,tag,cross-genre,"biography-memoir 14%, self-help 14%, history 14%",,polyamory,61,polyamory,61,workplace,46,Julius Caesar | The Now Habit: A Strategic Program for Overcoming Procrastination and Enjoying Guilt-Free Play | Titus Andronicus
Accept,new,activate,difficult-situations,6,tag,cross-genre,"sci-fi 33%, young-adult 33%, general-fiction 16%",,hostage-situation,59,hostage-situation,54,climate-fiction,51,Children of Blood and Bone | The Book Thief | The 100
merge:young-adult,new,activate,cartoons-and-comics,6,tag,cross-genre,"graphic-novel 28%, fantasy 28%, humor 14%",,art-and-music,53,vacation-romance,51,hot-and-spicy,50,Captain Underpants and the Perilous Plot of Professor Poopypants | Little Lulu | Fungus the Bogeyman
Accept,new,activate,leon,6,tag,cross-genre,"philosophy 28%, romance 14%, historical 14%",,ceo,57,ceo,57,cloning,54,Between Shades of Gray | The Origins of Totalitarianism | The Year of Magical Thinking
merge:african-american,new,activate,african-american-men,6,tag,cross-genre,"general-fiction 42%, mystery 42%, crime 14%",,american,57,american,57,arranged-marriage,54,Invisible Man | The legend of Bagger Vance | Dead water
Reject,new,activate,rachel-deininger,6,tag,cross-genre,"fantasy 37%, fantasy-romance 25%, young-adult 12%",,demon-angel-romance,62,demon-angel-romance,57,deep-space-mission,52,A Tale for the Time Being | A Tale for the Time Being | Sourdough
Accept,new,activate,antisemitism,6,tag,cross-genre,"general-fiction 16%, psychology 16%, history 16%",,ancient-ruins,56,transhumanism,56,ancient-ruins,56,Indignation | Hitler's willing executioners | Black Earth: The Holocaust as History and Warning
Reject,new,activate,crima,6,tag,cross-genre,"general-fiction 25%, mystery 12%, crime 12%",,grimdark,61,grimdark,61,victorian,57,Hannibal Rising | Think of a number | A game for all the family
Accept,new,activate,teenage-girls,6,tag,cross-genre,"romance 25%, young-adult 25%, fantasy 25%",,revenge-plot,56,talking-animals,50,fairy-tale-retelling,48,Caught | All-American Girl | Girltalk
Accept,new,activate,schizophrenia,6,tag,cross-genre,"young-adult 42%, general-fiction 14%, childrens 14%",,space-opera,50,corporate-conspiracy,48,dystopian,45,The Center Cannot Hold | Stop Pretending | Made You Up
merge:american-history,review,,history-american,6,tag,cross-genre,"history 42%, mystery 14%, crime 14%",,alternate-history,72,american,66,alternate-history,66,The Devil in the White City | Profiles in courage | These Truths
Reject,new,activate,cabinet-wide,6,tag,cross-genre,"romance 16%, fantasy 16%, self-help 16%",,ancient-world,56,mail-order-bride,50,class-divide,50,"Washington Square | The hero with a thousand faces | The Boy, the Mole, the Fox and the Horse"
Accept,new,activate,apple,6,tag,cross-genre,"philosophy 14%, history 14%, young-adult 14%",,warp-speed,53,sapphic,50,sapphic,50,Tao te Ching | Steve Jobs | Life of Pi
Accept,new,activate,iran,6,tag,cross-genre,"history 25%, literary-fiction 12%, politics 12%",,victorian,61,victorian,61,dragons,54,Reading Lolita in Tehran | All the Shah's Men | The Stationery Shop
Reject,new,activate,ficci-n,6,tag,cross-genre,"historical-fiction 25%, mystery 12%, crime 12%",,war-fiction,55,war-fiction,55,musician,53,Deception Point | A Column of Fire | World Without End
Accept,new,activate,pop-culture,6,tag,cross-genre,"biography-memoir 28%, graphic-novel 14%, romance 14%",,multiple-pov,52,occult-horror,50,includes-adult-toys,46,The Secret History of Wonder Woman | The Nineties | Press Reset: Ruin and Recovery in the Video Game Industry
merge:literary-fiction,new,activate,canon-literarature,6,tag,cross-genre,"general-fiction 42%, romance 28%, (none) 14%",,literary-fiction,58,non-linear-timeline,54,non-linear-timeline,54,Jude the Obscure | The years | The Waves
Accept,new,activate,cooks,6,tag,cross-genre,"mystery 18%, romantasy 18%, cooking 18%",,why-choose,53,why-choose,53,ceo,50,Odd Thomas | Neil Flambé and the Aztec abduction | Tipping the Waitress with Diamonds
Accept,new,activate,highlands-scotland,6,tag,cross-genre,"romantasy 33%, romance 25%, fantasy 25%",,second-chance,58,isolated-setting,47,epic-high-fantasy,45,Into the Dreaming | An Echo in the Bone | In Bed with a Highlander
Accept,new,activate,goddesses,6,tag,cross-genre,"fantasy 30%, sci-fi 20%, romantasy 20%",,possessed-home,52,forbidden-forest,48,demon-possession,48,"Earthquake (Earthbound Series, Book 2) | The white goddess | Archivist wasp"
Reject,new,activate,as-sub-bi-monthly,6,tag,cross-genre,"romantasy 41%, fantasy 41%, literary-fiction 8%",,monster-in-the-dark,50,urban-fantasy,46,one-last-scare,45,King of Battle and Blood | Queen of Myth and Monsters | Blood & Steel
Reject,new,activate,german-language,6,tag,cross-genre,"fantasy 25%, general-fiction 12%, politics 12%",,generation-spanning-saga,51,generation-spanning-saga,51,workplace-romance,50,Hunted | LTI. Notizbuch eines Philologen | Mr Mercedes
Accept,new,activate,islands,6,tag,cross-genre,"general-fiction 36%, romance 27%, romantasy 18%",,sad,60,sad,60,slasher,57,Dance Upon the Air | Heaven and Earth | Samantha saves the day
Reject,new,activate,accelerated-readers,6,tag,cross-genre,"general-fiction 33%, childrens 16%, humor 16%",,reverse-harem,56,alternate-timeline,54,fated-mates,53,Horton Hatches the Egg | Many Waters (Time Quintet #4) | Tales of a Fourth Grade Nothing
Accept,new,activate,craft,6,tag,cross-genre,"self-help 28%, (none) 28%, art 14%",,royalty,50,royalty,50,first-contact,44,"A Swim in a Pond in the Rain | The Artist's Way: A Spiritual Path to Higher Creativity | Catching the Big Fish: Meditation, Consciousness, and Creativity"
Reject,new,activate,afaceri,6,tag,cross-genre,"(none) 33%, business-&-economics 16%, science-&-nature 16%",,american,53,american,53,fake-marriage,50,Designing brand identity | Information is Beautiful | The 48 Laws of Power
Accept,new,activate,current-events,6,tag,cross-genre,"history 33%, politics 16%, biography-memoir 16%",,pet-parent,58,reverse-harem,51,ancient-ruins,51,Undue risk | The Hot Zone | Too Much and Never Enough: How My Family Created the World's Most Dangerous Man
merge:biography-memoir,new,activate,biography-non-fiction,6,tag,cross-genre,"(none) 25%, biography-memoir 12%, mystery 12%",,biographical-historical-fiction,69,biography,60,biography,60,"Educated | The Wager: A Tale of Shipwreck, Mutiny and Murder | Unbroken: A World War II Story of Survival, Resilience and Redemption"
Reject,new,activate,spanish-language,6,tag,cross-genre,"general-fiction 25%, mystery 25%, sci-fi 12%",,floating-islands-cities,51,transhumanism,48,transhumanism,48,The Power and the Glory | The Foundation Trilogy | The Waves
Reject,new,activate,paris-france,6,tag,cross-genre,"fantasy 28%, general-fiction 14%, romance 14%",,sports-romance,69,ancient-ruins,64,framed-protagonist,60,Paris for One and Other Stories | Paris in Love | Me Talk Pretty One Day
Accept,new,activate,sweet,6,tag,cross-genre,"fantasy 37%, romance 25%, romantasy 12%",,secret-baby,50,secret-baby,50,sleeper-agent,44,"Rose Daughter | Warrior's Refuge | A Sign of Affection, Vol. 1"
Reject,new,activate,favs,6,tag,cross-genre,"young-adult 37%, fantasy 25%, romantasy 25%",,fantasy,54,fae-courts,42,low-fantasy,40,Twisted Games | Heartless | The Predator
Accept,new,activate,diseases,6,tag,cross-genre,"sci-fi 33%, childrens 11%, romance 11%",,slasher,53,slasher,53,medieval,50,Extraordinary means | Partials | Infected
Accept,new,activate,natural-history,6,tag,cross-genre,"mystery 25%, crime 25%, biography-memoir 25%",,supernatural-horror,64,history,63,history,63,Entangled Life | The Feather Thief | A Life on Our Planet: My Witness Statement and a Vision for the Future
Accept,new,activate,philosophy-and-social-aspects,6,tag,cross-genre,"philosophy 33%, science-&-nature 16%, business-&-economics 16%",,philosophy,51,philosophy,51,war-between-good-and-evil,48,The Alignment Problem | Bullshit Jobs | Technofeudalism: What Killed Capitalism
merge:philosophy,review,,psihologie,6,tag,cross-genre,"history 33%, self-help 16%, science-&-nature 16%",,psychology,70,psychology,70,psychological-thriller,56,Our dark side | The 48 Laws of Power | Behave: The Biology of Humans at Our Best and Worst
Accept,new,activate,adoptees,6,tag,cross-genre,"childrens 16%, general-fiction 16%, mystery 16%",,fated-mates,52,fated-mates,52,adventure-novels,50,Iceling | The doll funeral | Strange Sally Diamond
Reject,new,activate,boy-s-love,6,tag,cross-genre,"young-adult 44%, romance 33%, fantasy 11%",,comedy-novels,60,hate-to-love,54,comedy-novels,52,"I Hear the SunSpot | Seven Days: Monday-Thursday | I Hear the Sunspot, Vol. 2: Theory of Happiness"
Reject,new,activate,central,6,tag,cross-genre,"history 37%, romance 25%, adventure 25%",,ancient-world,60,ancient-world,60,secret-royalty,57,Eastern Approaches | Genghis: Lords of the Bow | A People's History of the United States
Reject,review,,contemporain,6,tag,cross-genre,"general-fiction 14%, young-adult 14%, literary-fiction 14%",,contemporary,83,contemporary,83,contemporary-romance,68,Suttree | The Catcher in the Rye | Happening
Reject,new,activate,speed-read,6,tag,cross-genre,"romance 28%, contemporary 28%, general-fiction 14%",,warp-speed,60,space-opera,57,enchanted-sleep,56,Demon Copperhead | Mansfield Park | The Lincoln Highway
Accept,new,activate,camps,6,tag,cross-genre,"fantasy 28%, childrens 14%, romance 14%",,amnesia,50,cop,50,amnesia,50,Cooking camp disaster | The Last Time I Lied | Gulag: A History of the Soviet Concentration Camps
Reject,new,activate,ayla-fictitious-character,6,tag,cross-genre,"romance 30%, historical 20%, fantasy 20%",,climate-fiction,55,narrative-nonfiction,53,first-contact-with-aliens,52,The Shelters of Stone | The Clan of the Cave Bear | The Mammoth Hunters
Accept,new,activate,afghan-war,6,tag,cross-genre,"general-fiction 33%, biography-memoir 33%, history 16%",,kingdoms-at-war,48,low-fantasy,47,fae-fantasy,47,The kill zone | King and Maxwell | Shortest Way Home: One Mayor's Challenge and a Model for America's Future
Accept,new,activate,forensic-scientists,6,tag,cross-genre,"mystery 40%, crime 30%, thriller 10%",,ethics-of-scientific-progress,54,science-fantasy,52,secret-relationship,52,Double Dexter | Dexter in the dark | Dexter in the Dark
Accept,new,activate,hard-boiled,6,tag,cross-genre,"mystery 27%, crime 27%, romance 18%",,body-horror,54,mail-order-bride,51,single-dad-mom,48,Blood Work | King of Ashes | Bullet Train
Accept,new,activate,bakeries,6,tag,cross-genre,"mystery 33%, graphic-novel 11%, general-fiction 11%",,fake-marriage,57,artist,57,fake-marriage,57,"Wish, Vol. 2 | Sweet spot | Chocolate Chip Cookie Murder"
Accept,new,activate,armageddon,6,tag,cross-genre,"graphic-novel 42%, general-fiction 14%, fantasy 14%",,dragons,58,dragons,58,redemption-arc,50,Six sacred stones | Marvel 1602 | Wicked Appetite
Accept,new,activate,archaeologists,6,tag,cross-genre,"mystery 25%, crime 25%, fantasy 25%",,heist,52,heist,52,opposites-attract,51,"With This Fling | Planetary, Vol. 1: All Over the World and Other Stories | The House at Sea's End"
Reject,new,activate,taste-anchor,6,tag,cross-genre,"romantasy 46%, romance 38%, erotica 7%",,the-outcast-hero,57,artist,55,artist,55,A Touch of Malice | A Touch Of Ruin | Broken Bonds
Accept,new,activate,feminist-fiction,6,tag,cross-genre,"romance 14%, contemporary 14%, self-help 14%",,domestic-fiction,68,climate-fiction,64,domestic-fiction,62,"My Year of Rest and Relaxation | Dear Ijeawele: A Feminist Manifesto in Fifteen Suggestions | I, Medusa"
Accept,new,activate,fiction-fantasy-action-and-adventure,6,tag,cross-genre,"fantasy 45%, fantasy-romance 36%, romantasy 18%",,non-european-coded-fantasy-setting,54,narrative-nonfiction,53,class-stratification-in-a-future-society,52,Unsouled | Immortal Longings | Rewitched
merge:science,new,activate,non-fiction-science,6,tag,cross-genre,"sci-fi 33%, (none) 33%, history 16%",,speculative-fiction,63,science-fantasy,58,historical-fiction,54,Stiff: The Curious Lives of Human Cadavers | Cosmos | The Demon-Haunted World: Science as a Candle in the Dark
Accept,new,activate,linguistics,6,tag,cross-genre,"(none) 25%, psychology 12%, religion-&-spirituality 12%",,politics,63,listings,63,politics,63,Cultish: The Language of Fanaticism | Strange Houses | Fluent Forever
Accept,new,activate,development,6,tag,cross-genre,"(none) 33%, history 33%, biography-memoir 16%",,revenge-plot,52,mentor-mentee,50,time-loop,50,"Range: Why Generalists Triumph in a Specialized World | Creativity, Inc.: Overcoming the Unseen Forces That Stand in the Way of True Inspiration | The Paradox of Choice: Why More Is Less"
Accept,review,,latin-america,6,tag,cross-genre,"mystery 25%, history 25%, biography-memoir 12%",,american,76,american,76,war-fiction,58,2666 | Solito | Las venas abiertas de América Latina
Accept,new,activate,humorous-fiction,6,tag,cross-genre,"fantasy 33%, mystery 22%, fantasy-romance 11%",,historical-fiction,52,folk-horror,51,war-fiction,51,Off to Be the Wizard | A Dirty Job | The Shattered Lens
Reject,new,activate,epica,6,tag,cross-genre,"fantasy 41%, fantasy-romance 25%, romantasy 16%",,erotica,66,erotica,66,american,61,House of Chains | Forging Divinity | Stealing Sorcery
merge:paranormal,new,activate,fiction-fantasy-paranormal,6,tag,cross-genre,"fantasy 40%, romantasy 30%, paranormal 20%",,portal-fantasy,65,flintlock-gaslamp-fantasy,58,urban-fantasy,56,Wolfsong | Rewitched | Human Rites
Accept,new,activate,dual-narration,6,tag,cross-genre,"fantasy 41%, romantasy 33%, fantasy-romance 8%",,survival-narrative,62,unreliable-narrator,60,dual-timeline,59,The Coven | A Court This Cruel and Lovely | What Lies Beyond the Veil
Accept,new,activate,norway,6,tag,cross-genre,"history 33%, fantasy 33%, mystery 16%",,contemporary,55,contemporary,55,biography,53,Hunger | The Ice Palace | Markens Grøde
Reject,new,activate,fc-sub-adult,6,tag,cross-genre,"fantasy 44%, sci-fi 22%, romantasy 22%",,includes-adult-toys,58,new-adult,57,young-adult,52,The Poet Empress | Daggermouth | The Entanglement of Rival Wizards
Accept,new,activate,chinese,6,tag,cross-genre,"fantasy 42%, (none) 28%, romantasy 14%",,second-chance,60,enchanted-sleep,54,enchanted-sleep,54,"Heaven Official's Blessing: Tian Guan Ci Fu (Novel), Vol. 1 | The Downstairs Girl | The Analects"
Reject,new,activate,fantasy-gamelit,6,tag,cross-genre,"fantasy 45%, fantasy-romance 45%, sci-fi 9%",,low-fantasy,69,portal-fantasy,68,urban-fantasy,64,The Primal Hunter 2 | The Primal Hunter 3 | The Primal Hunter 5
Accept,new,activate,bipoc,6,tag,cross-genre,"fantasy 27%, romance 27%, fantasy-romance 18%",,biopunk,50,biopunk,50,politics,46,The Tea Dragon Festival | Dear Wendy | A Gentleman Never Keeps Score
merge:european,new,activate,european-literature,6,tag,cross-genre,"adventure 28%, historical-fiction 28%, mystery 14%",,shifter-romance,52,unreliable-narrator,52,literary-fiction,51,The Time In Between | The Postcard | The Exiles
merge:male-male-female-romance,new,activate,mmf,6,tag,cross-genre,"fantasy 27%, fantasy-romance 18%, romance 18%",,femme,50,femme,50,memoir,44,Hollow | Rules of Our Own | A House of Fangs & Deceit
Reject,new,activate,comics-and-graphic-novels-media-tie-in,6,tag,cross-genre,"fantasy 33%, fantasy-romance 33%, (none) 22%",,grief-and-loss-as-central-theme,49,widow-finding-love-again,48,comedy-novels,47,"Haikyu!!, Vol. 2: The View From the Top | Haikyu!!, Vol. 3: Go, Team Karasuno! | Naruto, Vol. 20: Naruto vs. Sasuke"
Accept,new,activate,pilot,5,tag,cross-genre,"sci-fi 30%, sci-fi-romance 30%, romance 20%",,philosophy,53,philosophy,53,revenge-plot,47,Beyond her Manner | Space Unicorn Blues | The Helion Band
Accept,new,activate,legendary,5,tag,cross-genre,"romance 27%, contemporary-romance 27%, mystery 18%",,regency,62,regency,62,warp-speed,52,The Delicate Things We Make | The Headmistress | Requiem For Immortals
Accept,new,activate,firefighter,5,tag,cross-genre,"romance 30%, romantasy 30%, contemporary-romance 23%",,love-at-first-sight,53,lighthearted,52,lighthearted,52,"Silk and Leather: Lesbian Erotica with an Edge, edited | Breaking the Rules | Halcyon Nights"
Accept,new,activate,mermaid,5,tag,cross-genre,"romantasy 20%, romance 20%, fantasy 10%",,memoir,61,romantic-comedy,54,american,53,The Fate of Stars | Twice-Spent Comet | Into the Drowning Deep
Accept,new,activate,high-tech,5,tag,cross-genre,"sci-fi 25%, romance 25%, contemporary 25%",,high-spice-explicit,50,red-herring,50,lighthearted,47,Inversions | Time out of Joint | The Cosmic Puppets
Accept,new,activate,bodyguards,5,tag,cross-genre,"sci-fi 25%, fantasy 12%, sci-fi-romance 12%",,bodyguard-romance,66,bodyguard-romance,66,body-horror,47,Inversions | The Alchemist of Souls | The Sin Eater's daughter
Reject,new,activate,suspans,5,tag,cross-genre,"mystery 33%, crime 33%, general-fiction 22%",,utopian,57,utopian,57,skyships,53,Geralds Game | Gerald's Game | Hannibal Rising
Accept,new,activate,plants,5,tag,cross-genre,"(none) 40%, sci-fi 20%, biography-memoir 20%",,fantasy,61,fantasy,61,portal-fantasy,60,"The Genocides | Braiding Sweetgrass: Indigenous Wisdom, Scientific Knowledge, and the Teachings of Plants | The Light Eaters: How the Unseen World of Plant Intelligence Offers a New Understanding of Life on Earth"
Accept,new,activate,dwellings,5,tag,cross-genre,"fantasy 33%, romance 33%, sci-fi 16%",,relaxing,58,listings,58,relaxing,58,The Houses of Iszm | The World House | A Deal with Benefits
Accept,new,activate,multiple-worlds,5,tag,cross-genre,"sci-fi 28%, mystery 28%, crime 28%",,multiple-pov,66,multiple-warring-kingdoms,60,multiple-pov,59,Lost Worlds | And Another Thing | The Way Up Is Death
Accept,new,activate,mentor,5,tag,cross-genre,"fantasy 28%, mystery 14%, crime 14%",,memoir,66,mentor-mentee,63,mentor-figure,63,"Eragon | Cry, Voidbringer | A Forest, Darkly"
Accept,new,activate,curses,5,tag,cross-genre,"fantasy 44%, romantasy 33%, mystery 11%",,fae-courts,62,business,57,business,57,The Legend of Sigurd and Gudrun | Hunt the Ever Wild | Curse of Shadows and Thorns
Accept,new,activate,gaslamp,5,tag,cross-genre,"fantasy 40%, fantasy-romance 20%, romantasy 20%",,galactic-empire,54,solarpunk,50,solarpunk,50,Jonathan Strange &amp; Mr Norrell | Jonathan Strange and Mr. Norrell | Jonathan Strange & Mr Norrell
Reject,new,activate,other,5,tag,cross-genre,"fantasy 37%, fantasy-romance 37%, sci-fi 25%",,thriller,61,mystery,50,action-thriller,50,The Sirens of Titan | The alchemyst | The Alchemyst
merge:political-intrigue,new,activate,political-conspiracy-and-corruption,5,tag,cross-genre,"sci-fi 40%, sci-fi-romance 40%, romantasy 10%",,corporate-conspiracy,61,competition-trial-arc,53,biographical-historical-fiction,51,Origin | The Blighted Stars | The Bound Worlds
Accept,review,,human-alien-romance,5,tag,cross-genre,"sci-fi 38%, sci-fi-romance 38%, romantasy 23%",,lesbian-romance,70,fae-romance,66,paranormal-romance,64,Origin | Obsidian | Onyx
Accept,new,activate,texas,5,tag,cross-genre,"romance 28%, fantasy 14%, historical-romance 14%",,tense,60,tense,60,fantasy,50,Midnight Crossroad | Lacy | Unspeakable
Reject,new,activate,jack,5,tag,cross-genre,"sci-fi 42%, mystery 14%, crime 14%",,black,66,black,66,dark,50,Firefall | The reapers are the angels | Portrait of a Killer
merge:adventure-novels,new,activate,fiction-action-and-adventure,5,tag,cross-genre,"fantasy 37%, fantasy-romance 37%, sci-fi 25%",,climate-fiction,60,narrative-nonfiction,58,narrative-nonfiction,58,Witchsign | Kings of the Wyld | Ancillary Sword
Accept,new,activate,international-crime-and-mystery,5,tag,cross-genre,"mystery 40%, crime 40%, romance 10%",,historical-mystery,57,interpersonal-character-study,56,criminal-mastermind,56,Five Decembers | The Target | Strange Pictures
Accept,new,activate,ai,5,tag,cross-genre,"science-&-nature 40%, horror 20%, philosophy 20%",,artist,50,artist,50,amnesia,44,William | The Master Algorithm | Life 3.0
merge:los-angeles,new,activate,los-angeles,5,tag,cross-genre,"fantasy 16%, general-fiction 16%, sci-fi 16%",,enemies-to-lovers,57,low-fantasy,54,includes-adult-toys,53,The Killing Spell | The Drowned Siren | The Disco at the End of the World
Accept,new,activate,reluctant-partnership,5,tag,cross-genre,"fantasy 42%, romantasy 28%, romance 14%",,reluctant-hero,68,secret-relationship,55,reluctant-hero,51,Crowntide | Storm and Fury | The Wish Switch
Accept,new,activate,chaotic,5,tag,cross-genre,"romance 33%, fantasy 33%, thriller 16%",,erotica,57,erotica,57,apocalyptic,55,"One Apocalypse | Sabotage | Chainsaw Man, Vol. 11: Go Get 'Em, Chainsaw Man"
Accept,new,activate,black-humor,5,tag,cross-genre,"mystery 28%, crime 28%, horror 14%",,black,62,black,62,blackmail,60,Doomed | The Naked Lunch | Everyone on This Train Is a Suspect
Accept,new,activate,conflict-of-generations,5,tag,cross-genre,"general-fiction 40%, (none) 40%, young-adult 20%",,family-saga-across-generations,64,generation-ship-colonization-sci-fi,60,generation-ship,57,"Cover the butter | Hanging Out with Cici | Horseman, pass by"
merge:horror,review,,fiction-horror,5,tag,cross-genre,"fantasy 28%, fantasy-romance 28%, sci-fi 14%",,folk-horror,72,gothic-horror,66,epistolary-horror,64,Homebody | Feed | Hell House
Reject,new,activate,chinese-language-materials,5,tag,cross-genre,"mystery 14%, crime 14%, young-adult 14%",,magical-creatures-as-companions,49,marriage-of-convenience,48,criminal-mastermind,48,The Dark Half | To All the Boys I've Loved Before | Brief Answers to the Big Questions
Accept,new,activate,adoption,5,tag,cross-genre,"childrens 20%, literary-fiction 20%, sci-fi 20%",,redemption-arc,63,ya-dystopian,60,dystopian,58,The inexplicable logic of my life | Whispers of Love | Messenger
Reject,new,activate,bolitar,5,tag,cross-genre,"mystery 37%, crime 37%, general-fiction 25%",,politics,53,politics,53,lighthearted,52,Seconds Away | Found | Live Wire
Reject,new,activate,myron-fictitious-character,5,tag,cross-genre,"mystery 42%, general-fiction 28%, crime 28%",,climate-fiction,58,narrative-nonfiction,56,interpersonal-character-study,54,Seconds Away | Live Wire | Deal Breaker
Accept,new,activate,korea,5,tag,cross-genre,"general-fiction 16%, politics 16%, romance 16%",,hea,50,relaxing,46,divorcee,46,A single shard | 소년이 온다 | Pachinko
Reject,new,activate,recommendation,5,tag,cross-genre,"romance 36%, contemporary 27%, contemporary-romance 18%",,vacation-romance,60,home-invasion,59,home-invasion,59,Strange the Dreamer | Muse of Nightmares | Carrie Soto Is Back
merge:denmark,new,activate,copenhagen-denmark,5,tag,cross-genre,"mystery 28%, crime 28%, science-&-nature 14%",,competence-kink,56,competence-kink,54,dark-academia,51,"Mr. Brown Can Moo, Can You? (Bright & Early Book) | The Keeper of Lost Causes | The Absent One"
Accept,new,activate,siblings,5,tag,cross-genre,"romance 25%, sci-fi 12%, general-fiction 12%",,listings,62,listings,62,inspiring,58,The rest of us just live here | Pretty Little Liars | We Could Be Rats
merge:african-american,new,activate,african-american-teenagers,5,tag,cross-genre,"general-fiction 25%, sci-fi 12%, sci-fi-romance 12%",,arranged-marriage,51,fantasy-of-manners,50,fantasy-of-manners,50,The boy in the black suit | Not Your Villain | Monday's Not Coming
Reject,new,activate,british-literature,5,tag,cross-genre,"mystery 22%, crime 22%, sci-fi 11%",,literary-fiction,58,british,56,british,56,On Her Majesty's Secret Service | The stone gods | The Call of the Weird
Reject,new,activate,caribbean-area,5,tag,cross-genre,"fantasy 33%, general-fiction 16%, (none) 16%",,american,54,american,54,fake-marriage,51,La isla bajo el mar | Don Quixote | Island Beneath the Sea
Accept,new,activate,alzheimer-s-disease,5,tag,cross-genre,"childrens 16%, psychology 16%, young-adult 16%",,alien-invasion,48,possessed-home,48,alternate-history,44,Unbecoming | Great House | Ghosts
merge:young-adult,review,,youngadultfantasy,5,tag,cross-genre,"sci-fi 33%, sci-fi-romance 33%, romantasy 33%",,young-adult,71,portal-fantasy,64,urban-fantasy,60,Red Queen | King's Cage | Dance of Thieves
merge:war,new,activate,war-stories,5,tag,cross-genre,"romance 28%, historical 28%, general-fiction 28%",,warp-speed,57,one-last-scare,56,sports-writing,56,Salt to the Sea | Jackdaws | Bomber
Accept,new,activate,cultural,5,tag,cross-genre,"biography-memoir 33%, historical 33%, history 16%",,royal-court-intrigue,50,rival-turned-ally,48,simulated-reality,48,Just Mercy | No Rules Rules: Netflix and the Culture of Reinvention | The Story of More: How We Got to Climate Change and Where to Go from Here
Accept,new,activate,domestic,5,tag,cross-genre,"mystery 33%, crime 22%, general-fiction 11%",,domestic-fiction,66,domestic-thriller,64,domestic-thriller,64,The Little House | Nine perfect strangers | Strange Houses
Accept,new,activate,drugs,5,tag,cross-genre,"romance 14%, contemporary-romance 14%, mystery 14%",,dragons,66,dragons,50,adventurous,50,The Perks of Being a Wallflower | The King of Torts | Vernon God Little
Accept,new,activate,fathers,5,tag,cross-genre,"romance 25%, childrens 12%, romantasy 12%",,fae-courts,58,mentor-s-death,57,slasher,57,Hop on Pop | Divine Evil | In Silence
Accept,new,activate,hawaii,5,tag,cross-genre,"fantasy 33%, fantasy-romance 16%, general-fiction 16%",,hard-sci-fi,47,war-fiction,47,hea,44,High Tide in Hawaii | Micro | Micro
Accept,new,activate,emigration-and-immigration,5,tag,cross-genre,"general-fiction 20%, historical-fiction 20%, biography-memoir 20%",,immigrant-experience,56,immigrant-diaspora-experience,54,addiction-narrative,53,Letters from Rifka | Refugee | The Complete Persepolis
Accept,new,activate,courtship,5,tag,cross-genre,"romance 28%, general-fiction 14%, romantasy 14%",,fae-courts,63,fae-courts,63,court-intrigue,52,Stardust | Modern Romance | A Midsummer Night's Dream
Accept,new,activate,nigeria,5,tag,cross-genre,"(none) 33%, science-&-nature 16%, romance 16%",,erotica,57,amnesia,57,erotica,57,We Should All Be Feminists | Things Fall Apart | The Fishermen
Accept,new,activate,history-and-philosophy,5,tag,cross-genre,"history 40%, science-&-nature 20%, self-help 20%",,philosophy,62,philosophy,62,hot-and-spicy,57,"How we got to now | Waking Up: A Guide to Spirituality Without Religion | The Tale of the Dueling Neurosurgeons: The History of the Human Brain as Revealed by True Stories of Trauma, Madness, and Recovery"
Accept,new,activate,south-africa,5,tag,cross-genre,"general-fiction 20%, sci-fi 20%, art 20%",,artist,55,artist,55,amateur-sleuth,53,Disgrace | Waiting for the Barbarians | Born a Crime
Accept,new,activate,instagram,5,tag,cross-genre,"science-&-nature 40%, religion-&-spirituality 20%, travel 20%",,saga,61,saga,61,race-against-time,53,H Is for Hawk | On Trails | The Soul of an Octopus: A Surprising Exploration into the Wonder of Consciousness
Accept,new,activate,eastern,5,tag,cross-genre,"romance 33%, historical 16%, history 16%",,mystery,57,slasher,57,mystery,57,Bloodlands | The Art of War | Hagakure:  The Book of the Samurai
Accept,new,activate,ukraine,5,tag,cross-genre,"romance 28%, historical 28%, history 28%",,romance,57,business,53,relaxing,53,Bloodlands | Chernobyl | The Gates of Europe: A History of Ukraine
Accept,new,activate,decision-making,5,tag,cross-genre,"business-&-economics 40%, psychology 20%, (none) 20%",,mating-bond,61,cloning,54,deep-space-mission,54,Blink | The Dip | Smarter Faster Better
Accept,new,activate,missing-children,5,tag,cross-genre,"fantasy 28%, mystery 14%, crime 14%",,challenging,59,challenging,59,hive-mind,56,Promise Me | When Lightning Strikes | Sanctuary
Reject,new,activate,extranjera,5,tag,cross-genre,"general-fiction 20%, romance 20%, mystery 20%",,love-triangle,52,love-triangle,52,paranormal,50,My Sister's Keeper | Madame Bovary | The Woman in the Window
Accept,new,activate,journalistic,5,tag,cross-genre,"history 40%, health-&-fitness 20%, romance 20%",,futuristic,63,futuristic,63,politics,60,"The Immortal Life of Henrietta Lacks | Dead Mountain | Wayward Lives, Beautiful Experiments: Intimate Histories of Social Upheaval"
merge:civil-rights,new,activate,african-american-civil-rights-workers,5,tag,cross-genre,"history 40%, politics 20%, biography-memoir 20%",,resistance-spy-work-during-wartime,47,star-crossed-lovers-across-class-social-lines,46,magical-artifact-relic-of-great-power,45,When they call you a terrorist | The Autobiography of Malcolm X | March: Book One
Accept,new,activate,sea-stories,5,tag,cross-genre,"sci-fi 22%, sci-fi-romance 22%, romantasy 11%",,mentor-s-death,56,legal-thriller,56,woods-forest-as-threat,54,"Moby Dick | Hook, Line, and Sinker | The Sex Lives of Cannibals: Adrift in the Equatorial Pacific"
Accept,new,activate,mentally-ill,5,tag,cross-genre,"(none) 28%, sci-fi 14%, sci-fi-romance 14%",,serial-killer,56,time-travel,52,time-travel,52,Moby Dick | La Castañeda | I Never Promised You a Rose Garden
Reject,new,activate,storytelling,5,tag,cross-genre,"(none) 40%, fantasy 40%, short-stories 20%",,mythology-retelling,64,mythology-retelling,64,relaxing,60,The Things They Carried | Save the Cat | The Storytelling Animal: How Stories Make Us Human
Accept,new,activate,art-and-literature,5,tag,cross-genre,"romance 28%, general-fiction 14%, historical-romance 14%",,monster-in-the-dark,54,ancient-curse,51,ancient-curse,51,The Glass Castle | Se questo è un uomo | The Second Sex
Accept,review,,americas,5,tag,cross-genre,"biography-memoir 33%, history 16%, romance 16%",,american,87,american,87,erotica,66,Between the World and Me | The indifferent stars above | Bury My Heart at Wounded Knee: An Indian History of the American West
Accept,review,,information-technology,5,tag,cross-genre,"science-&-nature 33%, business-&-economics 16%, mystery 16%",,nanotechnology,72,nanotechnology,72,mind-control-mind-reading-technology,62,Business @ the speed of thought | Hackers | Human Compatible: Artificial Intelligence and the Problem of Control
Accept,new,activate,secret-service,5,tag,cross-genre,"mystery 16%, general-fiction 16%, romance 16%",,moderate-spice,57,surveillance-state,56,secret-identity,55,Simple Genius | The Secret Pilgrim | Child 44
Accept,new,activate,corporations,5,tag,cross-genre,"mystery 16%, crime 16%, business-&-economics 16%",,corporate-conspiracy,68,teleportation,64,teleportation,64,The Constant Gardener | Nobodies | Black water rising
Reject,new,activate,riley-fictitious-character,5,tag,cross-genre,"romantasy 45%, fantasy 36%, romance 9%",,true-crime-adjacent-fiction,56,real-historical-figure-as-secondary-character,56,competition-trial-arc,55,"The Darkest Kiss (Riley Jensen, Guardian, Book 6) | Bound to Shadows (Riley Jensen, Guardian, Book 8) | Kissing Sin"
merge:supernatural,new,activate,occult-and-supernatural,5,tag,cross-genre,"romantasy 37%, fantasy 25%, horror 12%",,supernatural-horror,66,occult-ritual-gone-wrong,59,supernatural-horror,57,Dead in the family | The Very Secret Society of Irregular Witches | Chlorine
Accept,new,activate,automobile-mechanics,5,tag,cross-genre,"fantasy 22%, romantasy 22%, general-fiction 22%",,romantic-comedy,51,forbidden-magic,51,category-office-romance,51,Silver borne | Bone Crossed | Happy Ever After
Accept,new,activate,knights-and-knighthood,5,tag,cross-genre,"fantasy 28%, fantasy-romance 28%, travel 14%",,love-at-first-sight,48,light-and-fluffy,47,technology-in-the-wrong-hands,47,Lady knight | De brief voor de koning | Between Two Fires
Reject,new,activate,engra-ado,5,tag,cross-genre,"art 20%, general-fiction 20%, fantasy 20%",,single-dad-mom,52,addiction-narrative,50,adventurous,50,"Life, the Universe and Everything | The Restaurant at the End of the Universe | So long, and thanks for all the fish"
Accept,new,activate,experimental-fiction,5,tag,cross-genre,"fantasy 20%, general-fiction 20%, horror 20%",,detective-fiction,64,elemental-magic,62,climate-fiction,62,The People of Paper | Pale Fire | House of Leaves
Accept,review,,historians,5,tag,cross-genre,"fantasy 14%, fantasy-romance 14%, drama 14%",,victorian,73,victorian,73,history,70,Blackout | Consolation | Just one damned thing after another
Accept,new,activate,political-ideologies,5,tag,cross-genre,"(none) 33%, history 16%, psychology 16%",,political-intrigue,63,police-procedural,54,psychological-horror,50,Dark Money | The Righteous Mind | A Promised Land
Accept,review,,diary-fiction,5,tag,cross-genre,"romance 37%, general-fiction 25%, historical-romance 12%",,war-fiction,83,literary-fiction,75,war-fiction,75,Bridget Jones | Suzanne's Diary for Nicholas | I Capture the Castle
Accept,new,activate,ambition,5,tag,cross-genre,"romance 42%, politics 14%, self-help 14%",,war-fiction,63,war-fiction,63,emotional,58,The best laid plans | Strange bedpersons | Ego Is the Enemy
Accept,new,activate,racism,5,tag,cross-genre,"mystery 28%, crime 28%, history 14%",,transhumanism,52,transhumanism,52,race-against-time,52,Stamped from the Beginning | The Poisonwood Bible | All the Sinners Bleed
Accept,new,activate,child,5,tag,cross-genre,"psychology 40%, (none) 40%, philosophy 20%",,creepy-child,58,creepy-child,58,thriller,46,Homo Ludens | How children succeed | Good Inside: A Guide to Becoming the Parent You Want to Be
Accept,new,activate,economic-policy,5,tag,cross-genre,"business-&-economics 40%, politics 20%, (none) 20%",,conspiracy,56,conspiracy,56,only-one-bed,51,The Road to Serfdom | Information rules | The Deficit Myth
Accept,new,activate,capital,5,tag,cross-genre,"business-&-economics 40%, (none) 40%, history 20%",,blackmail,50,blackmail,50,portal-fantasy,47,"Das Kapital | Capital in the Twenty-First Century | Capital: A Critique of Political Economy, Volume 1"
Accept,new,activate,god,5,tag,cross-genre,"literary-fiction 16%, religion-&-spirituality 16%, fantasy 16%",,mating-bond,42,dragons,40,dragons,40,God Is Not Great | When bad things happen to good people | To Reign in Hell
Reject,new,activate,the8,5,tag,cross-genre,"religion-&-spirituality 14%, psychology 14%, adventure 14%",,hea,57,thriller,50,heist,44,The Power of Now | The things you can see only when you slow down | Wild: From Lost to Found on the Pacific Crest Trail
Accept,new,activate,college-athletes,5,tag,cross-genre,"romance 37%, sports-romance 25%, young-adult 25%",,mythology-retelling,51,mythology-retelling,51,femme-fatale,50,The Raven King | The Foxhole Court | The King's Men
Accept,new,activate,italian-americans,5,tag,cross-genre,"mystery 37%, romantic-suspense 25%, romantasy 12%",,american,64,american,64,talking-animals,62,The Godfather | The Godfather's Revenge | The Sicilian
Accept,review,,biographers,5,tag,cross-genre,"humor 14%, general-fiction 14%, romance 14%",,biography,80,biography,80,autobiography,66,What a Carve Up! | Summer Island | Flaubert's Parrot
Accept,review,,billionaire,5,tag,cross-genre,"romance 36%, romantasy 27%, contemporary-romance 18%",,billionaire-romance,73,billionaire-romance,73,billionaire-love-interest,61,King of Pride | King of Sloth | My Dark Romeo
Accept,new,activate,amish,5,tag,cross-genre,"mystery 37%, romantic-suspense 12%, general-fiction 12%",,artist,54,artist,54,amnesia,50,The Amish witness | Beside still waters | Plain Truth
Accept,new,activate,couples,5,tag,cross-genre,"romance 42%, general-fiction 14%, thriller 14%",,soulmates,62,soulmates,62,cop,60,Mean Streak | The House Across the Lake | Peaces
Accept,new,activate,shojo,5,tag,cross-genre,"graphic-novel 22%, romance 22%, fantasy 22%",,horror,54,psychology,53,psychology,53,"Hana-Kimi | Yona of the Dawn, Vol. 2 | Skip Beat!, Vol. 1"
Accept,new,activate,divorced-people,5,tag,cross-genre,"romance 33%, general-fiction 16%, biography-memoir 16%",,divorcee,69,divorcee,69,forced-proximity,51,Nights in Rodanthe | Before I Let Go | Strangers: A Memoir of Marriage
merge:ya-romance,new,activate,young-adult-romance,5,tag,cross-genre,"romance 36%, contemporary-romance 18%, romantasy 18%",,single-parent-romance,65,road-trip-romance,61,angsty-romance,60,The wrong side of right | Dungeons and Drama | Majesty
Accept,new,activate,woman-sleuth,5,tag,cross-genre,"romance 25%, romantasy 25%, contemporary-romance 16%",,low-angst-romance,55,angsty-romance,53,small-town-romance,53,Body movers | Magic Bites | A Dead and Stormy Night
Accept,new,activate,amazon-river-region,5,tag,cross-genre,"general-fiction 16%, romance 16%, history 16%",,action-thriller,52,reverse-harem,50,human-ai-relationship,50,Now is the Time to Open Your Heart | The Lost City of Z: A Tale of Deadly Obsession in the Amazon | Amazonia
Accept,new,activate,vietnam,5,tag,cross-genre,"biography-memoir 40%, historical-fiction 40%, history 20%",,emotional,50,victorian,50,emotional,50,The Best We Could Do | Stealing Buddha's Dinner | The Mountains Sing
merge:biography-memoir,review,,biographie,5,tag,cross-genre,"health-&-fitness 20%, literary-fiction 20%, adventure 20%",,biography,84,biography,84,autobiography,69,Le scaphandre et le papillon | Happening | Martin Eden
Reject,new,activate,form,5,tag,cross-genre,"biography-memoir 40%, young-adult 20%, humor 20%",,terraforming,50,terraforming,50,femme,44,"Me Talk Pretty One Day | Wow, No Thank You. | Scrappy Little Nobody"
Accept,new,activate,violence,5,tag,cross-genre,"young-adult 28%, philosophy 14%, sci-fi 14%",,romance,53,romance,53,popular-science,52,On violence | A Clockwork Orange | Killers of the Flower Moon: The Osage Murders and the Birth of the FBI
Reject,new,activate,drenai-imaginary-place,5,tag,cross-genre,"sci-fi 40%, fantasy 40%, adventure 20%",,deep-space-mission,55,workplace-romance,51,simulated-reality,51,The swords of night and day | Waylander | The King Beyond the Gate
Accept,new,activate,cyborgs,5,tag,cross-genre,"sci-fi 45%, sci-fi-romance 27%, romantasy 27%",,cyberpunk,50,cyberpunk,50,fae-courts,47,Stars Above | Scarlet | The Ship Who Sang
Accept,new,activate,agriculture,5,tag,cross-genre,"history 40%, sci-fi 20%, horror 20%",,rival-turned-ally,57,magic-user,57,magic-user,57,Farmer in the Sky | Cows | Against the Grain: A Deep History of the Earliest States
Accept,new,activate,work,5,tag,cross-genre,"business-&-economics 40%, (none) 40%, psychology 20%",,workplace,61,workplace,61,dark,50,"Bullshit Jobs | Now, discover your strengths | Who Moved My Cheese?"
Accept,new,activate,physical-illness-and-disease,5,tag,cross-genre,"(none) 40%, psychology 20%, history 20%",,slow-descent-into-madness,49,grief-and-loss-as-central-theme,47,survival-against-historical-injustice,46,When the Body Says No | Why We Sleep: Unlocking the Power of Sleep and Dreams | The Great Influenza: The Story of the Deadliest Pandemic in History
Reject,new,activate,bisnis-and-karier,5,tag,cross-genre,"business-&-economics 40%, history 20%, (none) 20%",,band-of-misfits,56,sinister-warning-ignored,53,kingdoms-at-war,50,The Psychology of Money | The Art of War | Rich Dad Poor Dad: What the Rich Teach Their Kids About Money That the Poor and Middle Class Do Not!
Reject,new,activate,shounen-ai,5,tag,cross-genre,"young-adult 25%, romance 25%, horror 12%",,found-family,54,magic-school-setting,53,masculine,52,"I Hear the SunSpot | The Summer Hikaru Died, Vol. 1 |  My Summer of You Vol. 1: The Summer of You"
Accept,new,activate,workplace-and-organizational-behavior,5,tag,cross-genre,"business-&-economics 40%, (none) 40%, psychology 20%",,space-colonization,54,workplace-romance,51,portal-to-another-world,50,Leaders Eat Last | Radical Candor: Be a Kick-Ass Boss Without Losing Your Humanity | Tribes
Accept,new,activate,bank-robberies,5,tag,cross-genre,"mystery 42%, crime 28%, sci-fi 14%",,fake-marriage,51,lesbian-romance,48,secret-baby,48,Roses Are Red | Halting State | Nemesis
Reject,new,activate,brennan,5,tag,cross-genre,"mystery 44%, crime 22%, general-fiction 11%",,relaxing,53,relaxing,53,alien-invasion,47,Monday mourning | Break No Bones | Cross Bones
Accept,new,activate,body-language,5,tag,cross-genre,"mystery 28%, crime 28%, psychology 28%",,mating-bond,58,bodyguard-romance,53,bodyguard-romance,53,XO | Roadside crosses | The Definitive Book of Body Language
Accept,new,activate,murderers,5,tag,cross-genre,"crime 33%, mystery 16%, (none) 16%",,reverse-harem,54,moderate-spice,52,moderate-spice,52,The killer department | A Happy Death | Change of Heart
Accept,new,activate,fly-fishing,5,tag,cross-genre,"mystery 28%, crime 28%, adventure 28%",,listings,52,listings,52,epic-high-fantasy,50,"The Feather Thief | My Story as Told by Water | The Feather Thief: Beauty, Obsession, and the Natural History Heist of the Century"
Accept,new,activate,elephants,5,tag,cross-genre,"general-fiction 40%, sci-fi 20%, adventure 20%",,teleportation,54,teleportation,54,sleeper-agent,54,I Love My New Toy! (Elephant and Piggie) | The elephant keeper | Tusks of Extinction
Accept,new,activate,botswana,5,tag,cross-genre,"mystery 25%, romance 25%, contemporary 25%",,low-fantasy,52,saga,50,saga,50,The woman who walked in sunshine | Tears of the Giraffe | Blue Shoes and Happiness
Accept,new,activate,competition,5,tag,cross-genre,"sci-fi 22%, sci-fi-romance 22%, romantasy 22%",,competition-trial-arc,68,competition-trial-arc,68,tournament-competition,66,The Selection Stories | Silver Elite | Give Me Your Hand
Accept,new,activate,revelatory,5,tag,cross-genre,"general-fiction 16%, romance 16%, adventure 16%",,grovel-arc,60,revenge-plot,54,polyamory,52,"Too Good to Leave, Too Bad to Stay | Martin Eden | Cult of the Dead Cow"
merge:self-help,new,activate,self-help-personal-growth-happiness,5,tag,cross-genre,"self-help 40%, psychology 40%, biography-memoir 20%",,interpersonal-character-study,50,rebellion-against-an-oppressive-system,46,morally-gray-love-interest,45,A complaint free world | Make Your Bed | The Life-Changing Magic of Not Giving a F*ck
Accept,new,activate,ancient-and-classical,5,tag,cross-genre,"self-help 40%, philosophy 20%, history 20%",,ancient-evil-awakening,60,ancient-evil-cosmic-entity,59,ancient-ruins,58,How to Be a Stoic | Meditations | Discourses and Selected Writings
Accept,new,activate,reincarnation,5,tag,cross-genre,"graphic-novel 40%, self-help 20%, sci-fi 20%",,vacation-romance,62,war-fiction,58,war-fiction,58,"Seth speaks | All You Need Is Kill (Novel) | [Oshi No Ko], Vol. 1"
Accept,new,activate,bakers,5,tag,cross-genre,"mystery 42%, crime 28%, young-adult 14%",,black,54,black,54,artist,50,Cinnamon roll murder | The Enemy | Savor the Moment
Accept,new,activate,false-personation,5,tag,cross-genre,"fantasy 28%, romance 14%, mystery 14%",,teleportation,60,teleportation,60,alien-invasion,58,The Queen of Hearts | The Winner | A Fate of Wrath and Flame
Reject,new,activate,intriga,5,tag,cross-genre,"mystery 28%, crime 28%, general-fiction 14%",,victorian,62,inspiring,62,victorian,62,Number9Dream | Hotel Iris | Into the Water
Reject,new,activate,brown,5,tag,cross-genre,"sci-fi 40%, mystery 20%, (none) 20%",,slow-burn,57,dubcon,54,dubcon,54,"Encyclopedia Brown Keeps the Peace | Y: The Last Man Vol, 1 Unmanned | Y: The Last Man, Vol. 9 Motherland"
Reject,new,activate,action-treasure-hunt,5,tag,cross-genre,"thriller 40%, general-fiction 20%, fantasy 20%",,action-thriller,62,action-thriller,57,addiction-narrative,56,Excavation | The Seven Ancient Wonders | Amazonia
Reject,new,activate,motion-picture-producers-and-directors,5,tag,cross-genre,"biography-memoir 40%, general-fiction 20%, adventure 20%",,touch-her-and-die-possessive-protective-hero,47,discovery-of-hidden-powers,46,court-intrigue-romance,46,"The Xanadu Adventure (Vesper Holly #6) | Of Walking in Ice: Munich-Paris, 11/23 to 12/14, 1974 | Conversations with Wilder"
merge:native-americans,new,activate,native-american,5,tag,cross-genre,"(none) 28%, general-fiction 14%, romance 14%",,american,69,american,69,addiction-narrative,64,Hondo | There There | Killer on the Road/The Babysitter Lives
Accept,review,,amnesiacs,5,tag,cross-genre,"(none) 40%, general-fiction 20%, thriller 20%",,amnesia,87,amnesia,87,american,58,The man called Noon | The Bourne Identity | Noah
Reject,new,activate,spatiu,5,tag,cross-genre,"sci-fi 42%, romance 14%, contemporary-romance 14%",,splatterpunk,55,splatterpunk,55,mysterious,50,To Sleep in a Sea of Stars | Green Mars | 3001: The Final Odyssey
Reject,new,activate,dark-mysterious-suspenseful,5,tag,cross-genre,"mystery 25%, fantasy 25%, crime 12%",,mysterious-stranger,60,romantic-suspense,59,mysterious-stranger,56,The Girl on the Train | The Girl Who Played With Fire | The Family Remains
Accept,new,activate,spanish-literature,5,tag,cross-genre,"(none) 40%, fantasy 20%, fantasy-romance 20%",,alternate-history,57,moderate-spice,56,magical-creatures-as-companions,53,Don Quixote | Labyrinths | No One Writes to the Colonel
Accept,new,activate,computer-hackers,5,tag,cross-genre,"mystery 14%, romantic-suspense 14%, fantasy 14%",,space-opera,59,fae-courts,53,competence-kink,53,The Girl Who Played With Fire | The Atrocity Archives | The Millennium Trilogy
merge:classic,new,activate,classical-literature,5,tag,cross-genre,"romance 28%, (none) 28%, historical 14%",,class-social-commentary,55,political-intrigue,52,class-social-commentary,51,All Quiet on the Western Front | The Woman in White | The Life and Adventures of Nicholas Nickleby
merge:russian,new,activate,russian-fiction,5,tag,cross-genre,"romance 20%, historical-fiction 20%, adventure 20%",,victorian,66,victorian,66,historical-fiction,60,The Idiot | The Death of Ivan Ilych | Devils
Accept,new,activate,ice-hockey,5,tag,cross-genre,"romance 40%, young-adult 20%, (none) 20%",,witch-romance,52,ticking-clock,52,moderate-spice,50,Beartown | Us Against You | The Winners
Accept,new,activate,heaven,5,tag,cross-genre,"poetry 33%, fantasy 33%, biography-memoir 16%",,hea,66,hive-mind,53,hive-mind,53,"The Divine Comedy | The Divine Comedy, Vol. 1: Inferno | Purgatorio"
Accept,new,activate,gripping,5,tag,cross-genre,"mystery 37%, romantic-suspense 12%, crime 12%",,kidnapping,66,kidnapping,66,inspiring,58,The Last Thing He Told Me | The Golden Spoon | Blood Bound
merge:biography-memoir,new,activate,biography-and-autobiography-presidents-and-heads-of-state,5,tag,cross-genre,"romance 28%, historical 28%, biography-memoir 28%",,grief-and-loss-as-central-theme,45,mental-health-representation-as-central-theme,45,heist-in-a-fantasy-setting,43,A Promised Land | The Splendid and the Vile | Fire and Fury: Inside the Trump White House
Accept,new,activate,boring,5,tag,cross-genre,"sci-fi 22%, mystery 22%, crime 22%",,cloning,61,cloning,61,robot-uprising,60,Severance | Dance of Thieves | Never Flinch
Accept,new,activate,money-and-finance,5,tag,cross-genre,"(none) 33%, mystery 16%, crime 16%",,includes-adult-toys,55,only-one-bed,55,race-against-time,52,"Rich Dad Poor Dad: What the Rich Teach Their Kids About Money That the Poor and Middle Class Do Not! | Revenge of the Tipping Point: Overstories, Superspreaders, and the Rise of Social Engineering | Billion Dollar Whale: The Man Who Fooled Wall Street, Hollywood, and the World"
Accept,new,activate,creative-ability,5,tag,cross-genre,"self-help 20%, fantasy 20%, psychology 20%",,secret-royalty,60,secret-baby,59,secret-identity,58,The War of Art: Break Through the Blocks and Win Your Inner Creative Battles | Lanny | To Sell is Human: The Surprising Truth About Moving Others
Reject,new,activate,z-library,5,tag,cross-genre,"romance 37%, contemporary 37%, sci-fi 12%",,military-sci-fi,50,military-romance,48,literary-fiction,48,The Book of Doors | Wake Up and Open Your Eyes | The Strange Case of Jane O.
Accept,new,activate,wholesome,5,tag,cross-genre,"romance 44%, romantasy 22%, fantasy 11%",,workplace-romance,53,chosen-one,52,why-choose,52,Half a Soul | Good Spirits | Death's Obsession
merge:french,new,activate,french-literature,5,tag,cross-genre,"(none) 40%, fantasy 40%, historical-fiction 20%",,ancient-curse,53,ancient-curse,53,friends-to-lovers,52,The Fall | Exercises in Style | Huis Clos
Accept,new,activate,palestine,5,tag,cross-genre,"(none) 40%, young-adult 20%, history 20%",,lesbian,62,lesbian,62,listings,58,"One Day, Everyone Will Have Always Been Against This | The Hundred Years' War on Palestine : A History of Settler Colonialism and Resistance, 1917–2017 | Behind You Is the Sea"
Accept,new,activate,existential,5,tag,cross-genre,"romance 33%, sci-fi 33%, romantasy 16%",,medieval,52,bisexual,52,medieval,52,Sputnik Sweetheart | A Happy Death | The Punch Escrow
Accept,new,activate,entertainment,5,tag,cross-genre,"(none) 33%, romance 33%, biography-memoir 16%",,mentor-mentee,61,mentor-mentee,61,alternate-timeline,58,"Blood, Sweat, and Pixels: The Triumphant, Turbulent Stories Behind How Video Games Are Made | Masters of Doom: How Two Guys Created an Empire and Transformed Pop Culture | The Club"
Reject,new,activate,batman,5,tag,cross-genre,"sci-fi 40%, fantasy 40%, young-adult 20%",,american,57,american,57,blackmail,53,"Batman: The Dark Knight Returns | Batman, Volume 1: The Court of Owls | Batman: The Night of the Owls"
Accept,new,activate,international,5,tag,cross-genre,"history 33%, (none) 33%, thriller 16%",,emotional,63,emotional,63,literary-fiction,62,Chip War: The Fight for the World's Most Critical Technology | Bel Canto | Empire of AI: Dreams and Nightmares in Sam Altman's OpenAI
Accept,new,activate,absentee-fathers,5,tag,cross-genre,"romance 28%, historical 14%, literary-fiction 14%",,absent-dead-parents,62,fated-mates,59,absent-dead-parents,57,Welcome to Night Vale | The Last Samurai | Until I Find You
Accept,review,,strong-heroine,5,tag,cross-genre,"romantasy 20%, fantasy 20%, mystery 10%",,virgin-heroine,71,small-town-romance,56,red-herring,56,A Curious Beginning | The Death of Jane Lawrence | A Woman of No Importance: The Untold Story of the American Spy Who Helped Win World War II
merge:contemporary-fiction,review,,contemporaneo,5,tag,cross-genre,"romance 40%, contemporary-romance 20%, holiday-romance 10%",,contemporary,80,contemporary,80,contemporary-romance,72,Lovelight Farms | Never Never: Part One | Dream Girl Drama
Accept,new,activate,austria,5,tag,cross-genre,"history 40%, sci-fi 20%, romance 20%",,amnesia,57,utopian,57,amnesia,57,Chess Story | The Wall | The Radetzky March
Accept,auto-merge,merge:new-adult,newadult,5,tag,cross-genre,"romance 36%, contemporary-romance 36%, romantasy 9%",,new-adult,94,young-adult,63,new-adult,58,The Ritual | There Are No Saints | A Love Letter to Whiskey
Accept,new,activate,forgiveness,5,tag,cross-genre,"(none) 33%, mystery 16%, romantic-suspense 16%",,forbidden-forest,59,forbidden-forest,59,forbidden-love,56,"Ask Again, Yes | Resurrection | Tudo é rio"
Accept,new,activate,vengeance,5,tag,cross-genre,"romance 28%, graphic-novel 28%, paranormal-romance 14%",,regency,62,regency,62,demon-angel-romance,57,"Kingdom of the Feared | [Oshi No Ko], Vol. 1 | [Oshi No Ko], Vol. 2"
Accept,review,,history-and-culture,5,tag,cross-genre,"(none) 40%, young-adult 20%, sci-fi 20%",,alternate-history,72,alternate-history,66,includes-adult-toys,57,All Boys Aren't Blue | The Wright Brothers | Creative Selection: Inside Apple's Design Process During the Golden Age of Steve Jobs
Accept,new,activate,weird-girl-lit,5,tag,cross-genre,"fantasy 40%, short-stories 20%, (none) 20%",,virtual-reality-world,51,virtual-reality-world,51,different-worlds,46,Homesick for Another World | A Touch of Jen | Fruit of the Dead
merge:bipoc,new,activate,bipoc-author,5,tag,cross-genre,"contemporary 33%, romance 22%, fantasy 22%",,author-writer,59,autobiography,56,autobiography,56,Hijab Butch Blues | Dear Wendy | The Girls Who Grew Big
merge:lgbtq,new,activate,queer-lit,5,tag,cross-genre,"contemporary 42%, romance 28%, history 14%",,ice-queen,55,magic-user,52,queer-coming-of-age,50,Hijab Butch Blues | We Could Be Rats | Dear Wendy
Accept,new,activate,psychoanalysis,5,tag,cross-genre,"(none) 40%, psychology 40%, history 20%",,psychology,66,psychology,66,psychological-thriller,50,Civilization and Its Discontents | Modern Man in Search of a Soul | The Hidden Spring
Accept,review,,clean-romance,5,tag,cross-genre,"fantasy 44%, romantasy 44%, romance 11%",,lesbian-romance,85,lesbian-romance,78,fae-romance,75,The Watchmaker's Daughter | A Quest of Heroes | Faelorehn
Accept,new,activate,aids-disease,5,tag,cross-genre,"(none) 40%, fantasy 20%, young-adult 20%",,class-divide,50,romantic-suspense,48,romantic-suspense,48,Angels in America | Illness as Metaphor and AIDS and Its Metaphors | Veronica
Accept,new,activate,mothers-and-sons,5,tag,cross-genre,"horror 20%, thriller 20%, fantasy 20%",,sword-and-sorcery,60,band-of-misfits,58,hot-and-spicy,55,Cows | Fierce Kingdom | The Eyes of Darkness
Reject,new,activate,malaysian-author,5,tag,cross-genre,"historical 20%, (none) 20%, fantasy 20%",,morally-gray-antihero,54,haunted-house-mansion,54,haunted-house-mansion,54,The House of Doors | The Weight of Our Sky | The Girl and the Ghost
merge:manga,new,activate,manga-shelf,5,tag,cross-genre,"horror 20%, young-adult 20%, adventure 20%",,magic-user,57,shifter-romance,53,magical-realism,53,"PTSD Radio, Vol. 1 | Yotsuba&!, Vol. 2 | Yotsuba&!, Vol. 5"
Accept,new,activate,body-betrayal,5,tag,cross-genre,"romance 36%, paranormal-romance 18%, romantasy 18%",,bad-boy,60,secret-royalty,51,royalty,50,Dark Space | The Alpha's Warlock | The Step Bet
merge:dubious-consent,new,activate,dub-con,5,tag,cross-genre,"romance 33%, paranormal-romance 25%, romantasy 25%",,coming-out,58,chosen-one,47,coming-out,47,Dark Space | The Alpha's Warlock | How to Train Your Human Omega
Accept,new,activate,mental-trauma,5,tag,cross-genre,"romance 33%, romantasy 22%, sci-fi 11%",,elemental-magic,64,elemental-magic,57,true-crime,52,Dark Space | Rule Breaker | How to Train Your Human Omega
Reject,new,activate,comics-and-graphic-novels-manga-media-tie-in,5,tag,cross-genre,"sci-fi 40%, graphic-novel 40%, fantasy 20%",,magical-creatures-as-companions,45,grief-and-loss-as-central-theme,45,magical-artifact-relic-of-great-power,44,"One-Punch Man, Vol. 10 | One-Punch Man, Vol. 22 | One-Punch Man, Vol. 25"
merge:male-male-romance,new,activate,mlm,4,tag,cross-genre,"romance 40%, romantasy 20%, contemporary-romance 10%",,femme,50,femme,50,memoir,44,"Red, White & Royal Blue | The Picture of Dorian Gray | The Song of Achilles"
Accept,new,activate,sisterhood,4,tag,cross-genre,"fantasy 33%, romantasy 33%, romance 16%",,monster-horror,58,epistolary-horror,51,epistolary-horror,51,Book Lovers | For The Throne | For the Wolf
Reject,new,activate,latinx-author,4,tag,cross-genre,"romance 22%, contemporary-romance 22%, romantasy 22%",,slasher-villain,57,author-writer,57,teleportation,53,"Silk and Leather: Lesbian Erotica with an Edge, edited | Objecting To Her | Lex Files"
Accept,new,activate,golf,4,tag,cross-genre,"romance 40%, sports-romance 20%, general-fiction 20%",,grovel-arc,42,grovel-arc,42,dragons,36,The Long Shot | The haunted major | Transcription
Accept,review,,politician,4,tag,cross-genre,"mystery 12%, romantic-suspense 12%, sci-fi 12%",,politics,77,politics,77,political-intrigue,64,Secrets In A Small Town | Without A Front The Warriors Challenge | Those Who Wait
Accept,new,activate,amateur-detective,4,tag,cross-genre,"mystery 44%, romantic-suspense 44%, romantasy 11%",,serial-detective,66,amateur-sleuth,64,reflective,59,Defending Jessica | Gold for the Dead | Zero Sum Game
merge:horror,new,activate,horror-short-stories,4,tag,cross-genre,"mystery 28%, romantic-suspense 14%, romantasy 14%",,short-story-or-novella,66,monster-horror,64,psychological-horror,60,"Four Past Midnight | Just After Sunset | Full Dark, No Stars"
Accept,new,activate,genocide,4,tag,cross-genre,"fantasy 20%, mystery 20%, crime 20%",,regency,53,regency,53,mentor-figure,47,Lamentation | Bloodstone | Outlaw Planet
Accept,review,,addiction,4,tag,cross-genre,"romance 33%, historical 16%, contemporary 16%",,war-fiction,70,war-fiction,70,addiction-narrative,64,Drood | Choke | Transcendent Kingdom
Accept,new,activate,first-person,4,tag,cross-genre,"romance 20%, historical 20%, sci-fi 20%",,missing-person,69,first-love,63,missing-person,61,Drood | The Dog Stars | Peace Talks
Accept,new,activate,western,4,tag,cross-genre,"fantasy 40%, romance 20%, small-town 20%",,mystery,57,mystery,57,splatterpunk,52,Wolf in Shadow | The Dead of Winter | Longarm And Shotgun Sallie
Accept,new,activate,love-vs-self-preservation,4,tag,cross-genre,"sci-fi 25%, sci-fi-romance 25%, romantasy 25%",,space-exploration,52,generation-ship-colonization-sci-fi,51,strangers-to-lovers,50,Origin | Opposition | It Ends With Us
Accept,new,activate,remote-island,4,tag,cross-genre,"mystery 16%, crime 16%, horror 16%",,creepy-child,56,isolated-setting,55,remote-isolated-location,54,Turner | The Long Midnight | Third Loch from the sun
Accept,new,activate,gore,4,tag,cross-genre,"romance 16%, contemporary 16%, mystery 16%",,divorcee,50,divorcee,50,workplace,46,Coldheart Canyon | Poe | Fabulous Bodies
Accept,review,,poetic,4,tag,cross-genre,"fantasy 40%, young-adult 20%, romance 20%",,politics,71,politics,71,erotica,61,The slow regard of silent things | A Slow Regard of Silent Things | Burned
Accept,new,activate,gaming,4,tag,cross-genre,"sci-fi 33%, (none) 16%, romance 16%",,relaxing,57,american,57,relaxing,57,"Ready Player One | Ready Player Two | Blood, Sweat, and Pixels: The Triumphant, Turbulent Stories Behind How Video Games Are Made"
Accept,new,activate,rural,4,tag,cross-genre,"fantasy 33%, mystery 16%, crime 16%",,paranormal,53,paranormal,53,survival-horror,50,Sherlock Holmes and the Sussex Sea-Devils | Lives of Bitter Rain | Woodstake
Accept,new,activate,nonlinear,4,tag,cross-genre,"sci-fi 33%, mystery 33%, crime 33%",,non-linear-timeline,64,non-linear-timeline,64,cloning,50,Dissolution | Awakened | Blood Rival
Accept,new,activate,visionary-and-metaphysical,4,tag,cross-genre,"sci-fi 25%, general-fiction 25%, history 25%",,identity-and-self-discovery,52,medical-professional,52,medical-professional,47,Annie Bot | Sum | The Elementary Particles
Accept,new,activate,community,4,tag,cross-genre,"sci-fi 40%, romance 20%, contemporary 20%",,whodunit,58,howdunit,58,whodunit,58,"Third Loch from the sun | A Hole in the Sky | A Forest, Darkly"
Accept,new,activate,lyrical,4,tag,cross-genre,"general-fiction 25%, sci-fi 25%, biography-memoir 25%",,erotica,57,erotica,57,american,53,Aphrodite in Pieces | If We Cannot Go at the Speed of Light | How to Say Babylon: A Memoir
Accept,new,activate,difficult-choices,4,tag,cross-genre,"fantasy 33%, romantasy 33%, romance 33%",,climate-fiction,50,hopeful,50,hopeful,50,Grace and Glory | Sentinel | It Ends With Us
Accept,new,activate,social-inequality,4,tag,cross-genre,"fantasy 42%, romantasy 42%, sci-fi 14%",,simulated-reality,58,military-sci-fi,56,virtual-reality-world,52,Ship of Destiny | Ship of Magic | The Mad Ship
Accept,review,,forced-marriage,4,tag,cross-genre,"fantasy 37%, romantasy 37%, romance 12%",,fake-marriage,78,arranged-marriage,75,fake-marriage,71,The North Wind | The East Wind | The South Wind
merge:adventure-novels,new,activate,action-and-adventure-sci-fi,4,tag,cross-genre,"sci-fi 40%, (none) 20%, fantasy 20%",,adventure-novels,55,generation-ship-colonization-sci-fi,53,magical-creatures-as-companions,51,Icefall | Orphans Of The Sea | Nightmares In Glass
Accept,new,activate,southern-gothic,4,tag,cross-genre,"thriller-&-mystery 25%, general-fiction 25%, adventure 25%",,gothic-horror,57,gothic-horror,57,romantic-suspense,56,The Southern Book Club's Guide to Slaying Vampires | The Sound and the Fury | The Heavenly Table
merge:thriller,new,activate,fiction-thrillers-suspense,4,tag,cross-genre,"romance 25%, horror 12%, mystery 12%",,action-thriller,68,action-thriller,63,speculative-fiction,62,Night journey | The Turn of the Key | The Pillars of the Earth
Accept,new,activate,duet-cast-narration,4,tag,cross-genre,"romantasy 44%, fantasy 33%, romance 11%",,mental-health-narrative,61,addiction-narrative,57,environmental-collapse-narrative,54,I Will Break You | Clean Sweep | Flames of Chaos
Reject,new,activate,jfic,4,tag,cross-genre,"general-fiction 40%, mystery 20%, crime 20%",,futuristic,42,futuristic,42,war-fiction,40,The ghost of Crutchfield Hall | The seer of shadows | Pinch hit
Accept,new,activate,devil,4,tag,cross-genre,"general-fiction 40%, fantasy 40%, fantasy-romance 20%",,medieval,61,medieval,61,serial-detective,47,The Exorcist | The Witches of Eastwick | Alchemy of Secrets
Accept,new,activate,cocktail-servers,4,tag,cross-genre,"paranormal 27%, romance 27%, romantasy 27%",,secret-royalty,53,rockstar-romance,50,essay-collection,50,Dead to the World | Club dead | Living dead in Dallas
Reject,new,activate,portuguese-fiction,4,tag,cross-genre,"romance 28%, paranormal 14%, romantasy 14%",,speculative-fiction,59,addiction-narrative,54,literary-fiction,52,Breaking Dawn | Presumed Innocent | Amor de Perdição
Reject,new,activate,bl,4,tag,cross-genre,"romantasy 33%, fantasy 22%, paranormal 11%",,black,57,black,57,bisexual,40,The Bane Chronicles | The Darkness Outside Us | The Bane Chronicles
Reject,new,activate,malec,4,tag,cross-genre,"fantasy 33%, paranormal 16%, romance 16%",,masculine,57,masculine,57,romance,50,The Bane Chronicles | The Red Scrolls of Magic | The Red Scrolls of Magic
Reject,new,activate,motion-picture-plays,4,tag,cross-genre,"(none) 40%, mystery 20%, crime 20%",,literary-fiction,55,witness-protection,52,speculative-fiction,51,"Misery | The Double | Bright Lights, Big City"
Reject,new,activate,fans-persons,4,tag,cross-genre,"mystery 33%, crime 33%, romance 16%",,missing-person,61,fantasy-of-manners,60,urban-fantasy,56,Misery | XO | Idol
Accept,new,activate,dark-ambiance,4,tag,cross-genre,"fantasy 33%, sci-fi 16%, fantasy-romance 16%",,dark-academia,69,vampire-romance,57,workplace-romance,53,The Empty City | The Rithmatist | The Bewitching
Accept,new,activate,abortion,4,tag,cross-genre,"romance 16%, sci-fi 16%, sci-fi-romance 16%",,war-fiction,63,war-fiction,63,emotional,58,Staying Fat for Sarah Byrnes | When She Woke | Happening
Accept,new,activate,fame,4,tag,cross-genre,"sci-fi 40%, music 20%, romance 20%",,femme,66,femme,66,amnesia,54,Extras | An Absolutely Remarkable Thing | Rock War
Accept,new,activate,social-themes,4,tag,cross-genre,"romance 28%, contemporary-romance 28%, sci-fi 14%",,soulmates,54,soulmates,54,historical-romance,51,The rest of us just live here | Turtles All the Way Down | Looking for Alaska
Accept,new,activate,happy,4,tag,cross-genre,"fantasy 42%, fantasy-romance 28%, romance 14%",,sapphic,50,hea,50,sapphic,50,A Hidden Enemy | Shorefall | Death's Obsession
merge:civil-rights,new,activate,civil-rights,4,tag,cross-genre,"sci-fi 25%, science-&-nature 25%, history 25%",,ancient-ruins,48,inspiring,47,celebrity,47,Little Brother | The Coddling of the American Mind | These Truths
Accept,new,activate,secrets,4,tag,cross-genre,"general-fiction 33%, romance 33%, mystery 16%",,secret-baby,66,secret-baby,66,fae-courts,58,Pretty Little Liars | You have to stop this (Secret series #5) | Flawless
Reject,new,activate,braille-books,4,tag,cross-genre,"fantasy 40%, general-fiction 20%, childrens 20%",,serial-killer,53,domestic-thriller,53,blood-magic,50,Don't Let the Pigeon Drive the Bus! | The subway mouse | Hour of the Olympics
Reject,new,activate,artists-books,4,tag,cross-genre,"fantasy 33%, poetry 16%, romance 16%",,artist,63,artist,63,love-at-first-sight,50,The Giving Tree | Steal Like an Artist | The Paper Bag Princess
merge:classic,new,activate,classic,4,tag,cross-genre,"fantasy 20%, sci-fi 20%, biography-memoir 20%",,class-divide,63,class-divide,63,black,50,Where the Wild Things Are | Island | Bird by Bird: Some Instructions on Writing and Life
Reject,new,activate,big-books,4,tag,cross-genre,"general-fiction 25%, young-adult 25%, fantasy 25%",,bad-boy,50,biopunk,50,biopunk,50,Strega Nona | Caps for sale | The Gruffalo's Child
Accept,new,activate,horses,4,tag,cross-genre,"young-adult 40%, romance 20%, historical-fiction 20%",,heist,54,heist,54,why-choose,50,The Black Stallion | Lenobia's Vow | The Belle of Belgrave Square
Reject,new,activate,george-fictitious-character,4,tag,cross-genre,"graphic-novel 20%, general-fiction 20%, mystery 20%",,true-crime-adjacent-fiction,55,interpersonal-character-study,53,real-historical-figure-as-secondary-character,52,"The Adventures of Ook and Gluk, Kung Fu Cavemen from the Future | Smiley's People | Tinker, Tailor, Soldier, Spy"
merge:biography-memoir,new,activate,biography-and-autobiography-political,4,tag,cross-genre,"biography-memoir 40%, politics 20%, mystery 20%",,biographical-historical-fiction,52,autobiography,52,autobiography,52,"Promise me, Dad | A Higher Loyalty: Truth, Lies, and Leadership | Who Thought This Was a Good Idea?: And Other Questions You Should Have Answers to When You Work in the White House"
Accept,new,activate,democracy,4,tag,cross-genre,"business-&-economics 20%, politics 20%, psychology 20%",,necromancy,63,necromancy,63,contemporary,57,The Wealth of Nations | Failed States | Escape from Freedom
Accept,new,activate,medical-examiners-law,4,tag,cross-genre,"mystery 33%, crime 16%, general-fiction 16%",,morally-gray-love-interest,51,morally-gray-fae-love-interest,50,amnesia,50,The Mephisto Club | All That Remains | The Bone Garden
Reject,new,activate,b1,4,tag,cross-genre,"general-fiction 25%, art 25%, (none) 25%",,bdsm,33,black,28,black,28,"Eats, Shoots & Leaves | The Elements of Style | The Elements of Style: With Revisions, an Introduction, and a Chapter on Writing"
Accept,review,,narrative-non-fiction,4,tag,cross-genre,"mystery 33%, crime 33%, biography-memoir 16%",,addiction-narrative,80,addiction-narrative,75,speculative-fiction,65,"In the garden of beasts | The Devil in the White City | The Wager: A Tale of Shipwreck, Mutiny and Murder"
Accept,new,activate,moody,4,tag,cross-genre,"young-adult 20%, mystery 20%, crime 20%",,horror-comedy,44,horror-comedy,44,polyamory,42,A Tale for the Time Being | The Turn of the Screw | A Tale for the Time Being
Reject,new,activate,cedar-cove-wash-imaginary-place,4,tag,cross-genre,"romance 42%, general-fiction 28%, mystery 14%",,magic-system-with-a-cost,50,war-correspondence-romance,49,dark-romance,46,Love Letters | 8 Sandpiper Way | Rose Harbor in Bloom
Accept,new,activate,composers,4,tag,cross-genre,"crime 28%, general-fiction 14%, romance 14%",,possessed-home,60,contemporary,57,cozy-mystery,57,The Ground Beneath Her Feet | Beethoven Lives Upstairs (Classical Kids) | Before the poison
Reject,new,activate,mcnally-robinson,4,tag,cross-genre,"romance 42%, contemporary 42%, art 14%",,medical-professional,55,small-business-owner,55,small-town,53,Girl with a Pearl Earring | On Earth as It Is on Television | Unsheltered
Accept,new,activate,children-of-divorced-parents,4,tag,cross-genre,"general-fiction 40%, childrens 20%, romance 20%",,closed-circle-of-suspects,60,absent-dead-parents,55,closed-circle-of-suspects,52,For One More Day | Gamer girl | Solo variations
Accept,new,activate,belief-and-doubt,4,tag,cross-genre,"general-fiction 20%, mystery 20%, crime 20%",,espionage-double-agent,52,band-of-misfits,51,grief-and-loss-as-central-theme,51,First phone call from heaven | The sign | The Polar Express
Accept,new,activate,mississippi,4,tag,cross-genre,"romance 33%, general-fiction 16%, mystery 16%",,deep-space-mission,48,missing-person,48,missing-person,48,As I Lay Dying | A Time to Kill | Pale horse coming
Reject,new,activate,custom-stores,4,tag,cross-genre,"romance 40%, biography-memoir 20%, contemporary 20%",,soulmates,54,soulmates,54,comedy-novels,53,"Modern Romance | Surely You're Joking, Mr. Feynman!: Adventures of a Curious Character | Extremely Loud & Incredibly Close"
Reject,new,activate,humor-and-entertainment,4,tag,cross-genre,"romance 20%, self-help 20%, (none) 20%",,grief-and-loss-as-central-theme,51,one-ring-to-rule-them-all,50,war-between-good-and-evil,50,Modern Romance | Greenlights | Down with the System: A Memoir
Accept,new,activate,environmental-degradation,4,tag,cross-genre,"general-fiction 25%, sci-fi 25%, history 25%",,environmental-collapse-narrative,52,cybernetic-enhancement,51,secret-relationship,50,From naked ape to superspecies | Migrations | Collapse: How Societies Choose to Fail or Succeed
Accept,new,activate,emotionally-gripping,4,tag,cross-genre,"mystery 20%, crime 20%, sci-fi 20%",,emotional,62,emotional,62,kidnapping,53,Angels & Demons | A Clockwork Orange | Angela's Ashes
Accept,review,,didactic-fiction,4,tag,cross-genre,"romance 33%, literary-fiction 16%, historical-romance 16%",,detective-fiction,72,climate-fiction,70,domestic-fiction,68,The Satanic Verses | North and South | Far from the Madding Crowd
Accept,new,activate,controversy,4,tag,cross-genre,"general-fiction 40%, literary-fiction 20%, romance 20%",,contemporary,60,contemporary,60,comedy-novels,58,The Satanic Verses | Lady Chatterley's Lover | Tropic of Cancer
merge:canadian,new,activate,canadian-literature,4,tag,cross-genre,"sci-fi 14%, sci-fi-romance 14%, romantasy 14%",,literary-fiction,57,dark-academia,50,race-against-time,50,The Handmaid's Tale | Polaroids from the Dead | Water for Elephants
Reject,new,activate,hist-rica,4,tag,cross-genre,"historical-fiction 40%, general-fiction 20%, romance 20%",,history,62,history,62,tragic-past,60,Fall of Giants | A Column of Fire | World Without End
merge:detective,new,activate,fiction-mystery-and-detective-general,4,tag,cross-genre,"mystery 25%, crime 25%, fantasy 12%",,detective-fiction,62,detective-fiction,59,lone-detective-maverick-investigator,56,The dry | The Turn of the Key | What Abigail Did That Summer
Reject,new,activate,joshua,4,tag,cross-genre,"thriller 20%, music 20%, romance 20%",,sad,44,hea,44,sad,44,The Da Vinci Code | Crying in H Mart | The Twilight Saga
Accept,new,activate,extortion,4,tag,cross-genre,"mystery 33%, crime 16%, romance 16%",,emotional,66,emotional,66,teleportation,63,Night school | Simon vs. the Homo Sapiens Agenda | The Big Sleep
Reject,new,activate,fant-stico,4,tag,cross-genre,"general-fiction 40%, sci-fi 20%, fantasy 20%",,science-fantasy,64,hot-and-spicy,60,futuristic,60,The Buried Giant | The Bone Clocks | Number9Dream
merge:french,new,activate,french-language,4,tag,cross-genre,"general-fiction 25%, poetry 25%, young-adult 25%",,relaxing,52,relaxing,52,fake-marriage,50,Snow Falling on Cedars | Regrets | By the Shores of Silver Lake
Accept,new,activate,airplane-crash-survival,4,tag,cross-genre,"adventure 40%, literary-fiction 20%, romance 20%",,survival-narrative,63,survival-horror,57,serial-killer,55,Amazing Grace | The Story of a Shipwrecked Sailor | Brian's Winter
Accept,new,activate,arson,4,tag,cross-genre,"general-fiction 14%, romance 14%, romantasy 14%",,artist,54,artist,54,fae-romance,50,Perfectly Matched | The Library Book | Burnt Offerings
Reject,new,activate,creature-feature,4,tag,cross-genre,"horror 40%, mystery 20%, crime 20%",,fae-courts,53,true-crime,53,fated-mates,51,Near the Bone | The Queen | The Haunted Forest Tour
Reject,new,activate,jenson,4,tag,cross-genre,"romantasy 44%, fantasy 33%, romance 11%",,tense,54,tense,54,home-invasion,52,"The Darkest Kiss (Riley Jensen, Guardian, Book 6) | Bound to Shadows (Riley Jensen, Guardian, Book 8) | Kissing Sin"
Accept,new,activate,twins,4,tag,cross-genre,"fantasy 42%, fantasy-romance 42%, mystery 14%",,listings,61,listings,61,tense,60,The Magician | The sorceress | The switch
Accept,new,activate,criminal-profilers,4,tag,cross-genre,"mystery 28%, romantic-suspense 28%, romantasy 14%",,criminal-mastermind,59,medical-thriller,58,perfect-crime,58,The last time I saw her | The Institution | The Caller
Accept,new,activate,school,4,tag,cross-genre,"general-fiction 16%, romance 16%, romantasy 16%",,psychology,62,psychology,62,why-choose,50,Zenn diagram | A Modest Proposal | Their Vicious Games
merge:paranormal,review,,urban-paranormal,4,tag,cross-genre,"romance 36%, paranormal-romance 27%, romantasy 27%",,paranormal-romance,82,paranormal,76,paranormal,76,"Full Moon Rising (Riley Jensen, Guardian, Book 1) | Savage Lands | A Dead and Stormy Night"
Accept,new,activate,human-beings,4,tag,cross-genre,"young-adult 25%, health-&-fitness 25%, sci-fi 25%",,transhumanism,56,transhumanism,56,angsty-romance,53,Being | Silent Spring | Last and First Men
Accept,new,activate,christian,4,tag,cross-genre,"romance 28%, contemporary-romance 14%, romantasy 14%",,listings,58,listings,58,heist,57,Skipping Christmas | The Five Love Languages: The Secret to Love that Lasts | Black
Accept,new,activate,alphabet,4,tag,cross-genre,"history 25%, general-fiction 25%, sci-fi 25%",,alpha-hero,66,alpha-hero,55,sleeper-agent,47,The Alphabet Versus the Goddess | Chicka chicka boom boom | Ella Minnow Pea
Reject,new,activate,ciencia-ficci-n,4,tag,cross-genre,"sci-fi 40%, fantasy 40%, fantasy-romance 20%",,climate-fiction,60,detective-fiction,56,war-fiction,53,The Bone Clocks | Halo: The Fall of Reach | Emperor's End
Accept,new,activate,ethics-and-moral-philosophy,4,tag,cross-genre,"psychology 25%, general-fiction 25%, (none) 25%",,philosophy,54,philosophy,54,grief-and-loss-as-central-theme,51,The Righteous Mind | The Second Mountain | Beyond Good and Evil
Reject,new,activate,plex,4,tag,cross-genre,"mystery 33%, crime 33%, general-fiction 16%",,workplace,46,workplace,46,revenge-plot,37,The Camel Club | White lies | Zero Day
Accept,new,activate,criminal-behavior,4,tag,cross-genre,"mystery 16%, crime 16%, general-fiction 16%",,survival-horror,50,fairy-tale-retelling,48,terraforming,48,Mindhunter | Killing for Sport | The good father
Accept,new,activate,anthropologists,4,tag,cross-genre,"sci-fi 40%, mystery 20%, crime 20%",,opposites-attract,56,nanotechnology,55,nanotechnology,55,Year Zero | Death du jour | Regeneration
Accept,new,activate,asian-americans,4,tag,cross-genre,"drama 16%, mystery 16%, crime 16%",,american,69,american,69,home-invasion,57,The year of the dog | Yellowface | Rent a Boyfriend
merge:england,new,activate,cambridge-england,4,tag,cross-genre,"mystery 42%, crime 42%, romance 14%",,mail-order-bride,48,american,48,american,48,Mistress of the Art of Death | Angels in the Gloom | In pursuit of the proper sinner
Accept,new,activate,anonymous-persons,4,tag,cross-genre,"romance 20%, historical-romance 20%, graphic-novel 20%",,missing-person,58,cat-and-mouse-pursuit,52,missing-person,51,Romancing Mister Bridgerton | Eliza and her monsters | Death in Her Hands
Accept,new,activate,family-owned-business-enterprises,4,tag,cross-genre,"mystery 16%, romantic-suspense 16%, history 16%",,small-business-owner,56,billionaire-love-interest,51,found-family-adventuring-party,50,Come Sundown | Troubles | Bloodline
Accept,new,activate,capital-punishment,4,tag,cross-genre,"mystery 40%, crime 20%, young-adult 20%",,class-social-commentary,48,magical-realism,48,femme-fatale,46,The Innocent Man | The Holdout | Change of Heart
Accept,new,activate,business-communication,4,tag,cross-genre,"business-&-economics 25%, (none) 25%, self-help 25%",,small-business-owner,57,space-colonization,55,witness-protection,55,Never Split the Difference | On Writing Well: The Classic Guide to Writing Nonfiction | A World Without Email: Reimagining Work in an Age of Communication Overload
Accept,new,activate,circus,4,tag,cross-genre,"romance 33%, childrens 16%, historical 16%",,ancient-ruins,52,ancient-curse,52,ancient-ruins,52,Madeline and the gypsies | Hetty Feather | Water for Elephants
Reject,new,activate,local-author,4,tag,cross-genre,"general-fiction 25%, historical 25%, (none) 25%",,psychological-horror,56,occult-horror,56,morally-gray-antihero,54,If God is good | Sometimes a Great Notion | Fourth of July Creek
Accept,new,activate,business-and-economics-personal-success,4,tag,cross-genre,"psychology 25%, business-&-economics 25%, self-help 25%",,small-business-owner,54,technology-in-the-wrong-hands,47,interpersonal-character-study,47,Essentialism | Digital Minimalism | The Third Door: The Wild Quest to Uncover How the World's Most Successful People Launched Their Careers
Accept,new,activate,art-historians,4,tag,cross-genre,"literary-fiction 25%, art 25%, cooking 25%",,alternate-history,64,victorian,60,victorian,60,Headlong | What I Loved | Savoring the Past
Accept,new,activate,growing-up-and-facts-of-life,4,tag,cross-genre,"fantasy 33%, fantasy-romance 33%, childrens 16%",,grief-and-loss-as-central-theme,50,informant-with-their-own-agenda,47,band-of-misfits,46,The Mysterious Benedict Society and the Prisoner's Dilemma (The mysterious Benedict Society #3) | Harry Potter and the Goblet of Fire | The Mysterious Benedict Society and The Prisoner's Dilemma
Accept,new,activate,american-government,4,tag,cross-genre,"mystery 33%, crime 33%, history 16%",,government-cover-up,68,american,59,american,59,"All the President's Men | Fire and Fury: Inside the Trump White House | A Higher Loyalty: Truth, Lies, and Leadership"
Reject,new,activate,filsafat-and-psikologi,4,tag,cross-genre,"psychology 40%, romance 20%, historical 20%",,band-of-misfits,54,light-and-fluffy,52,love-at-first-sight,48,Outliers | Man's Search for Meaning | Talking to Strangers: What We Should Know About the People We Don’t Know
Reject,new,activate,chris-vernon,4,tag,cross-genre,"health-&-fitness 20%, sci-fi 20%, romance 20%",,chosen-one,63,chosen-one,63,friends-to-lovers,55,Silent Spring | Anthem | American Prometheus: The Triumph and Tragedy of J. Robert Oppenheimer
Accept,new,activate,alcohol,4,tag,cross-genre,"health-&-fitness 25%, humor 25%, (none) 25%",,nanotechnology,47,nanotechnology,47,grovel-arc,47,Dying For Acceptance | The misfortunates | This Naked Mind
merge:african-american,new,activate,african-american-children,4,tag,cross-genre,"childrens 25%, general-fiction 25%, history 25%",,monster-in-the-dark,50,medical-thriller,48,american,48,"Peekaboo morning | Sing, Unburied, Sing | The Evidence of Things Not Seen"
Accept,new,activate,clairvoyants,4,tag,cross-genre,"mystery 40%, fantasy 40%, crime 20%",,cozy-fantasy,58,cozy-fantasy,58,romantasy,57,Grave secret | Grave Sight | Ninth Key
Accept,new,activate,anarchists,4,tag,cross-genre,"general-fiction 40%, fantasy 20%, mystery 20%",,artist,62,artist,62,heist,53,Long Spoon Lane | The Man from St. Petersburg | A Country of Ghosts
Reject,new,activate,jane-fictitious-character,4,tag,cross-genre,"mystery 42%, crime 42%, general-fiction 14%",,climate-fiction,60,narrative-nonfiction,57,war-fiction,55,The Thirteen Problems | The Moving Finger | Nemesis
Reject,new,activate,bond,4,tag,cross-genre,"mystery 33%, crime 33%, adventure 16%",,dubcon,60,dubcon,60,biopunk,54,Never Dream of Dying | Casino Royale | Octopussy and The Living Daylights
Accept,new,activate,israel,4,tag,cross-genre,"history 40%, mystery 20%, romantic-suspense 20%",,time-travel,58,time-travel,58,bisexual,57,Barney's Version | Apeirogon | Start-up Nation
Accept,new,activate,young-women,4,tag,cross-genre,"mystery 20%, romantic-suspense 20%, romance 20%",,chosen-one,57,coming-out,57,home-invasion,50,Where the Crawdads Sing | Mansfield Park | Special Topics in Calamity Physics
Reject,new,activate,i2,4,tag,cross-genre,"(none) 40%, mystery 20%, crime 20%",,heist,28,heist,28,sci-fi,25,The Cuckoo’s Egg | The Mythical Man-Month: Essays on Software Engineering | The Soul of a New Machine
Reject,new,activate,self-service,4,tag,cross-genre,"mystery 33%, crime 33%, historical 16%",,surveillance-state,60,sole-survivor,56,chase-sequence,53,The Broker | A Painted House | The Night in Lisbon
Accept,new,activate,curious,4,tag,cross-genre,"mystery 33%, crime 33%, childrens 16%",,mysterious,58,mysterious,58,adventurous,55,"The Feather Thief | Hello World: Being Human in the Age of Algorithms | The Feather Thief: Beauty, Obsession, and the Natural History Heist of the Century"
Accept,new,activate,western-stories,4,tag,cross-genre,"western 40%, mystery 20%, crime 20%",,historical-mystery,60,mysterious-stranger,58,sports-writing,55,True Grit | Callaghen | Revenge for a hanging
Accept,new,activate,apartment-dwellers,4,tag,cross-genre,"romance 33%, literary-fiction 16%, young-adult 16%",,pet-parent,57,health-and-wellness,54,reverse-harem,51,One Fifth Avenue | The Rabbit Hutch | The Brightest Star in the Sky
Accept,new,activate,models-persons,4,tag,cross-genre,"general-fiction 25%, adventure 25%, biography-memoir 25%",,missing-person,64,missing-person,57,medical-professional,52,Model under Cover | Invisible Monsters Remix | Desert flower
merge:american,new,activate,appalachian-region,4,tag,cross-genre,"general-fiction 25%, adventure 25%, (none) 25%",,ancient-ruins,51,second-chance,51,spirituality-religion,51,Demon Copperhead | A Walk in the Woods: Rediscovering America on the Appalachian Trail | Prodigal Summer
Accept,new,activate,psychotherapy,4,tag,cross-genre,"philosophy 25%, self-help 25%, (none) 25%",,psychology,60,psychology,60,psychological-thriller,57,How to Be a Stoic | The Book You Wish Your Parents Had Read | DMT: The Spirit Molecule
Accept,new,activate,crafts-and-hobbies,4,tag,cross-genre,"self-help 25%, childrens 25%, sci-fi 25%",,band-of-misfits,54,opposites-attract,51,grief-and-loss-as-central-theme,48,"Change your clothes, change your life | Paper fantastic | The Names"
Accept,new,activate,sales-and-selling,4,tag,cross-genre,"business-&-economics 25%, self-help 25%, psychology 25%",,talking-animals,62,isolated-setting,54,light-and-fluffy,54,The Magic of Thinking Big | The Magic of Thinking Big | To Sell is Human: The Surprising Truth About Moving Others
merge:biography-memoir,new,activate,biografie,4,tag,cross-genre,"cooking 25%, biography-memoir 25%, sci-fi 25%",,biography,66,biography,66,autobiography,54,"Kitchen Confidential | Taste My Life Through Food | Endurance: A Year in Space, A Lifetime of Discovery"
Accept,new,activate,holocaust-survivors,4,tag,cross-genre,"childrens 20%, biography-memoir 20%, (none) 20%",,sole-survivor,68,sole-survivor,62,survival-horror,58,"Good night, Maman | The Choice: Embrace the Possible | Austerlitz"
Reject,new,activate,colec-o-suspense,4,tag,cross-genre,"mystery 40%, crime 20%, sci-fi 20%",,romantic-suspense,66,closed-circle-of-suspects,63,romantic-suspense,60,The killing hour | Shadow Prey | Death Match
Reject,new,activate,due-7-31,4,tag,cross-genre,"mystery 14%, crime 14%, sci-fi 14%",,new-adult-18-24-lead,37,new-adult,35,true-crime,33,Partners in Crime | Sunrise on the Reaping | The Lost Bookshop
Accept,new,activate,caves,4,tag,cross-genre,"adventure 40%, mystery 20%, crime 20%",,amnesia,50,adventurous,50,ceo,50,Point Blank | The Copper Promise | Blind Descent: The Quest to Discover the Deepest Place on Earth
Accept,new,activate,chilean,4,tag,cross-genre,"general-fiction 25%, poetry 25%, biography-memoir 25%",,hea,60,lesbian,57,lesbian,57,Sepulcros de vaqueros | Twenty Love Poems and a Song of Despair | My Invented Country: A Memoir
Reject,new,activate,psicol-gico,4,tag,cross-genre,"young-adult 16%, short-stories 16%, romance 16%",,historical-fiction,55,magic-school-setting,51,medical-professional,51,Hotel Iris | Kitchen | Piercing
Accept,new,activate,brigands-and-robbers,4,tag,cross-genre,"general-fiction 20%, western 20%, romance 20%",,friends-to-lovers,54,includes-adult-toys,51,sword-and-sorcery,48,Ghost of a hanged man | Desert Gold | The Magic Misfits
merge:gothic,new,activate,gothic-fiction-literary-genre,4,tag,cross-genre,"horror 16%, paranormal-romance 16%, fantasy 16%",,literary-fiction,62,action-thriller,54,speculative-fiction,54,The Picture of Dorian Gray | Little Eve | The Cement Garden
Accept,new,activate,algeria,4,tag,cross-genre,"mystery 20%, crime 20%, (none) 20%",,american,66,american,66,age-gap,61,The Stranger | The Meursault Investigation | A Dying Colonialism
Accept,new,activate,cultural-heritage,4,tag,cross-genre,"fantasy 33%, literary-fiction 16%, romantasy 16%",,travel-writing,58,legal-thriller,51,court-intrigue,51,Norse Mythology | No Longer Human | Daughter of the Moon Goddess
Reject,new,activate,cabinet-lower,4,tag,cross-genre,"(none) 25%, self-help 25%, poetry 25%",,low-fantasy,58,mail-order-bride,55,slow-burn,54,Don Quixote | The Artist's Way: A Spiritual Path to Higher Creativity | The Flowers of Evil
Accept,new,activate,surrealism,4,tag,cross-genre,"mystery 40%, horror 20%, crime 20%",,magical-realism,56,magical-realism,56,transhumanism,52,Bunny | The third policeman | Lost Souls Meet Under a Full Moon
Accept,new,activate,poland,4,tag,cross-genre,"sci-fi 25%, (none) 25%, poetry 25%",,polyamory,53,solarpunk,53,polyamory,53,Solaris | August 1914 | View with a Grain of Sand: Selected Poems
Accept,new,activate,research,4,tag,cross-genre,"science-&-nature 20%, psychology 20%, (none) 20%",,reverse-harem,57,grovel-arc,55,redemption-arc,54,Invisible Women: Data Bias in a World Designed for Men | Braving the Wilderness: The Quest for True Belonging and the Courage to Stand Alone | Purple Cow: Transform Your Business by Being Remarkable
Accept,new,activate,northern-ireland,4,tag,cross-genre,"romance 28%, mystery 28%, crime 28%",,reluctant-hero,60,red-herring,51,sinister-warning-ignored,50,Say Nothing: A True Story of Murder and Memory in Northern Ireland | Milkman | The Cold Cold Ground
Reject,new,activate,single-location,4,tag,cross-genre,"horror 40%, sci-fi 20%, mystery 20%",,space-exploration,62,single-dad-mom,62,remote-isolated-location,61,Severance | Nestlings | Woom
Accept,new,activate,witchcraft,4,tag,cross-genre,"fantasy-romance 33%, fantasy 16%, romance 16%",,witch-romance,60,literary-fiction,46,lighthearted,45,Heartless Hunter | The Bewitching | WICCA
Reject,new,activate,dave-and-susan,4,tag,cross-genre,"fantasy 25%, sci-fi 25%, horror 25%",,urban-fantasy,51,survival-narrative,50,fated-mates,48,Tigana | Termination Shock | Tales from the Gas Station: Volume One
Accept,new,activate,morally-ambiguous,4,tag,cross-genre,"fantasy 33%, fantasy-romance 16%, (none) 16%",,morally-gray-antihero,57,morally-gray-love-interest,51,small-business-owner,48,The Traitor Baru Cormorant | Acts of Service | Filthy
Accept,new,activate,captivity,4,tag,cross-genre,"fantasy 33%, romantasy 33%, adventure 16%",,artist,53,artist,53,apocalyptic,50,Gild | Order Of Scorpions | Typee: A Peep at Polynesian Life
Reject,new,activate,read-2026,4,tag,cross-genre,"sci-fi 33%, fantasy 33%, romantasy 16%",,40-lead,58,25-39-lead,52,40-lead,50,Platform Decay | Brigands & Breadknives | Cold Iron Task
Reject,new,activate,audio-atlanta,4,tag,cross-genre,"historical-fiction 25%, sci-fi 25%, fantasy 25%",,alien-invasion,51,low-fantasy,50,elemental-magic,50,The Covenant of Water | All This & More | Poor Deer
Reject,new,activate,gross,4,tag,cross-genre,"horror 40%, sci-fi 20%, mystery 20%",,dragons,50,dragons,50,romantasy,42,Things Have Gotten Worse Since We Last Spoke | The Eyes Are the Best Part | You Weren't Meant to Be Human
Reject,new,activate,sxx,4,tag,cross-genre,"romance 25%, short-stories 25%, history 25%",,bisexual,36,bisexual,36,sad,33,The Age of Innocence | A Manual for Cleaning Women: Selected Stories | Nada
Reject,new,activate,gspot,4,tag,cross-genre,"horror 25%, self-help 25%, contemporary 25%",,revenge-plot,47,politics,46,low-angst,46,Boy Parts | The Artist's Way: A Spiritual Path to Higher Creativity | Hot Milk
Accept,new,activate,communication-and-social-skills,4,tag,cross-genre,"self-help 40%, romance 20%, psychology 20%",,historical-fiction,53,generation-ship-society,51,sibling-bond-as-central-relationship,50,Attached: The New Science of Adult Attachment and How It Can Help You Find—and Keep—Love | Supercommunicators: How to Unlock the Secret Language of Connection | There Is No Good Card for This
merge:fairy-tales,new,activate,fairy-tales-folk-tales-legends-and-mythology,4,tag,cross-genre,"romance 28%, fantasy 28%, fantasy-romance 28%",,technology-in-the-wrong-hands,49,fairy-tale-retelling,46,grief-and-loss-as-central-theme,45,Troy: Our Greatest Story Retold | Odyssey | All the Murmuring Bones
Reject,review,,autofiction,4,tag,cross-genre,"poetry 25%, romance 25%, contemporary 25%",,war-fiction,72,war-fiction,72,climate-fiction,69,Post Office | Women | Childhood
Accept,review,,why-choose-tension,4,tag,cross-genre,"romantasy 40%, romance 20%, sci-fi 10%",,why-choose,71,home-invasion,58,chosen-one,57,Blood of Hercules | Bonds of Hercules | The Female
Accept,new,activate,multiple-love-interests,4,tag,cross-genre,"romantasy 44%, fantasy 22%, romance 11%",,morally-gray-love-interest,69,morally-gray-fae-love-interest,64,small-business-owner,55,Blood of Hercules | Bonds of Hercules | Order Of Scorpions
merge:classic,review,,classic-fiction,4,tag,cross-genre,"(none) 16%, mystery 16%, crime 16%",,climate-fiction,73,domestic-fiction,70,war-fiction,69,The Woman in the Dunes | They Do It With Mirrors | A Christmas Carol
Accept,new,activate,e-commerce,4,tag,cross-genre,"biography-memoir 40%, mystery 20%, crime 20%",,divorcee,55,divorcee,55,comedy-novels,52,American Kingpin | Disrupted: My Misadventure in the Start-Up Bubble | The Practice: Shipping Creative Work
Accept,review,,ancient-greece,4,tag,cross-genre,"fantasy 40%, history 40%, romantasy 20%",,ancient-curse,74,ancient-ruins,66,ancient-world,66,Mythology: Timeless Tales of Gods and Heroes | The Histories | Persian Fire: The First World Empire and the Battle for the West
Reject,new,activate,singaporean-author,4,tag,cross-genre,"fantasy 40%, sci-fi 20%, young-adult 20%",,author-writer,54,home-invasion,51,autobiography,51,"The Black Tides of Heaven | The Genesis of Misery | Brighter than Scale, Swifter than Flame"
merge:brazilian,new,activate,brazilian-fiction,4,tag,cross-genre,"(none) 40%, romance 20%, contemporary 20%",,climate-fiction,68,war-fiction,64,climate-fiction,62,Veronika Decides to Die | Near to the Wild Heart | Vidas Secas
merge:classic,new,activate,literature-classics,4,tag,cross-genre,"mystery 42%, crime 42%, short-stories 14%",,class-divide,51,class-divide,51,literary-fiction,51,Aesop's Fables | The Hollow | A Pocket Full of Rye
Accept,new,activate,folklore-and-mythology,4,tag,cross-genre,"short-stories 20%, romance 20%, fantasy 20%",,nanotechnology,55,nanotechnology,55,short-story-or-novella,50,Aesop's Fables | Odyssey | The Warlock
Reject,new,activate,fict,4,tag,cross-genre,"fantasy 40%, sci-fi 20%, mystery 20%",,war-fiction,53,war-fiction,53,first-contact,47,The Poet Empress | Private Rites | Guilt and Ginataan
merge:fairy-tales,review,,fiction-fairy-tales,4,tag,cross-genre,"romance 28%, romantasy 28%, contemporary-romance 14%",,fairy-tale-retelling,71,war-fiction,66,war-fiction,60,Electric Idol | Odyssey | Burning Roses
Accept,new,activate,violent,4,tag,cross-genre,"mystery 42%, crime 42%, sci-fi 14%",,victorian,50,adventurous,44,adventurous,44,King of Ashes | When the Wolf Comes Home | Dark Wire: The Incredible True Story of the Largest Sting Operation Ever
Accept,new,activate,banter,4,tag,cross-genre,"romance 37%, sports-romance 37%, fantasy 12%",,sleeper-agent,52,pet-parent,50,reluctant-hero,50,The Chase | Face Off | Taming Demons for Beginners
merge:polish,new,activate,polish-fiction,4,tag,cross-genre,"sci-fi 40%, fantasy 40%, fantasy-romance 20%",,speculative-fiction,66,historical-fiction,56,war-fiction,56,The Invincible | The Cyberiad | Primeval and Other Times
merge:irish,new,activate,irish-literature,4,tag,cross-genre,"mystery 37%, crime 37%, fantasy 12%",,literary-fiction,56,first-heartbreak,56,first-heartbreak,56,The third policeman | The Trespasser | Broken Harbor
Reject,review,,writing-style,4,tag,cross-genre,"fantasy 28%, romantasy 28%, young-adult 14%",,travel-writing,74,nature-writing,74,sports-writing,74,"Ravensong | Date Me, Bryson Keller | Divinity 36"
Accept,new,activate,adhd,4,tag,cross-genre,"self-help 40%, romance 20%, sports-romance 20%",,sad,57,sad,57,class-divide,37,Cleat Cute | Driven to Distraction | The Year I Met My Brain: A travel companion for adults who have just found out they have ADHD
Reject,new,activate,john-fictitious-character,4,tag,cross-genre,"sci-fi 40%, mystery 20%, crime 20%",,climate-fiction,60,narrative-nonfiction,57,war-fiction,55,Relentless | Blacksad #1: Somewhere Within the Shadows | The Master Mind of Mars
Reject,new,activate,bone-fictitious-character,4,tag,cross-genre,"fantasy 40%, young-adult 20%, fantasy-romance 20%",,narrative-nonfiction,57,climate-fiction,55,narrative-nonfiction,53,"Bone, Vol. 1: Out from Boneville | Bone, Vol. 9: Crown of Horns | Bone, Vol. 8: Treasure Hunters"
Accept,new,activate,abuse-non-mc,4,tag,cross-genre,"fantasy 28%, romantasy 28%, sci-fi 14%",,only-one-bed,50,haunted-house-mansion,48,haunted-house-mansion,48,Swordcrossed | Dark Space | Stepbrother Dearest
Accept,new,activate,sunny-hero,4,tag,cross-genre,"fantasy 33%, romantasy 33%, romance 33%",,unlikely-hero,69,reluctant-hero,58,suburban-horror,56,Swordcrossed | Stepbrother Dearest | Hostile Takeover
Reject,new,activate,read-2018,4,tag,cross-genre,"romance 37%, contemporary 37%, mystery 12%",,40-lead,58,25-39-lead,52,40-lead,50,Girl Made of Stars | All American Boys | Long Way Down
merge:romance,new,activate,fiction-romance-general,4,tag,cross-genre,"romance 33%, fantasy 33%, romantasy 33%",,historical-romance,68,historical-romance,63,monster-romance,63,"The Guy She Was Interested In Wasn't a Guy at All, Vol. 1 | The Throne of Broken Gods | At First Spite"
Accept,new,activate,bonded-attraction,4,tag,cross-genre,"romantasy 40%, fantasy 20%, sci-fi 10%",,opposites-attract,58,mating-bond,57,vacation-romance,54,Lord of the Fading Lands | Bonds of Hercules | The Female
Reject,review,,collection,4,tag,cross-genre,"sci-fi 40%, biography-memoir 20%, fantasy 20%",,essay-collection,76,essay-collection,76,climate-fiction,64,No Time to Spare: Thinking About What Matters | The Birthday of the World and Other Stories | The Language Of The Night: Essays On Fantasy And Science Fiction
Accept,new,activate,orcs,4,tag,cross-genre,"romantasy 44%, fantasy 33%, romance 11%",,politics,50,divorcee,50,politics,50,Tusk Love | Her Orc King | The Librarian and the Orc
Accept,new,activate,climate-change,4,tag,cross-genre,"biography-memoir 25%, young-adult 25%, romance 25%",,fated-mates,56,enchanted-sleep,55,second-chance,51,The Book of Hope: A Survival Guide for Trying Times | No One Is Too Small to Make a Difference | The Precipice
Reject,new,activate,epopeyas,4,tag,cross-genre,"fantasy-romance 42%, fantasy 42%, romantasy 14%",,prophecy,62,space-opera,52,space-opera,52,The Hidden City | Heart of Silk and Shadows | Shattersoul
merge:graphic-novel,new,activate,comics-and-graphic-novels-action-and-adventure,4,tag,cross-genre,"fantasy 42%, fantasy-romance 42%, sci-fi 14%",,adventure-novels,51,adventure-novels,48,magical-creatures-as-companions,44,"Kaiju No. 8, Vol. 1 | Naruto, Vol. 20: Naruto vs. Sasuke | Kaiju No. 8, Vol. 11"
Accept,new,activate,crime-investigations,4,tag,cross-genre,"mystery 40%, romantic-suspense 20%, romantasy 20%",,home-invasion,60,first-case-rookie-investigator,60,alien-invasion,58,Judgment in Death | Origin in Death | Strip Jack
Reject,new,activate,nick-fictitious-character,4,tag,cross-genre,"fantasy 25%, mystery 25%, thriller 25%",,climate-fiction,60,narrative-nonfiction,57,war-fiction,55,Invincible | Brute Force | Deep Black
Accept,new,activate,children-s-books,4,tag,cross-genre,"fantasy 40%, fantasy-romance 20%, (none) 20%",,creepy-child,50,curse-that-must-be-broken,43,forbidden-forest,43,The Skull | Fry Bread | The Pink Fairy Book
Accept,new,activate,vengeful,4,tag,cross-genre,"graphic-novel 40%, romance 20%, historical-romance 20%",,revenge-plot,60,ghost-vengeful-spirit,55,ghost-vengeful-spirit,55,"[Oshi No Ko], Vol. 1 | Honor's Splendour | [Oshi No Ko], Vol. 2"
Reject,new,activate,foreign-language,4,tag,cross-genre,"young-adult 25%, adventure 25%, (none) 25%",,forbidden-love,53,forbidden-magic,51,forbidden-knowledge,51,"Yotsuba&!, Vol. 2 | Yotsuba&!, Vol. 5 | Dorohedoro, Vol. 5"
Accept,new,activate,stem,3,tag,cross-genre,"romance 25%, contemporary-romance 25%, music 25%",,mystery,54,mystery,54,bdsm,50,The Love Hypothesis | This Is Your Brain on Music | The Ex-Girlfriend Murder Club
Accept,new,activate,masc-masc,3,tag,cross-genre,"romance 33%, paranormal-romance 16%, contemporary-romance 16%",,masc-femme,55,magic-user,52,masc-femme,52,Shattered | Executive Liaison | The Gunrunner and Her Hound
merge:fanfiction,review,,fan-fiction,3,tag,cross-genre,"sci-fi 16%, sci-fi-romance 16%, mystery 16%",,war-fiction,81,war-fiction,72,climate-fiction,69,"Just Between | The Spark Trilogy | Tell Me What You Need, Oh, You Look So Free"
Accept,new,activate,non-cannon-fanfic,3,tag,cross-genre,"sci-fi 16%, sci-fi-romance 16%, mystery 16%",,category-office-romance,50,climate-fiction,50,war-fiction,50,"Just Between | The Spark Trilogy | Tell Me What You Need, Oh, You Look So Free"
Accept,review,,romance-fanfic,3,tag,cross-genre,"sci-fi 16%, sci-fi-romance 16%, mystery 16%",,fae-romance,80,fae-romance,72,angsty-romance,71,"Just Between | The Spark Trilogy | Tell Me What You Need, Oh, You Look So Free"
Accept,new,activate,sweet-romance-fanfic,3,tag,cross-genre,"sci-fi 16%, sci-fi-romance 16%, mystery 16%",,fae-romance,64,single-parent-romance,63,witch-romance,60,"Just Between | The Spark Trilogy | Tell Me What You Need, Oh, You Look So Free"
Reject,new,activate,new-zealander,3,tag,cross-genre,"romance 33%, contemporary-romance 33%, mystery 16%",,mail-order-bride,48,second-chance,46,evil-twin-doppelganger,45,Changing The Script | Mistaken Identity | Without a Plan
Reject,new,activate,beach-top-100-vacation-novels-b,3,tag,cross-genre,"romance 42%, contemporary-romance 42%, romantasy 14%",,vacation-romance,51,benevolent-ai-companion,48,class-stratification-in-a-future-society,45,In Fashion | Paper Love | Up On The Roof
Reject,new,activate,spec-fic-top-100-vacation-novels-b,3,tag,cross-genre,"romantasy 42%, fantasy 28%, sci-fi 14%",,space-station-setting,47,witness-protection,46,class-stratification-in-a-future-society,45,A Touch Of Truth | Protector of the Realm | Broken Wings
Accept,new,activate,basketball,3,tag,cross-genre,"sci-fi 25%, sci-fi-romance 25%, psychology 25%",,bisexual,55,bisexual,55,blackmail,52,Neither Here Nor There | The Obstacle is the Way | Slam Dunk Volume 3
Accept,new,activate,terror,3,tag,cross-genre,"mystery 40%, crime 40%, horror 20%",,horror,66,terraforming,66,horror,66,Geralds Game | Gerald's Game | I Was a Teenage Slasher
Accept,new,activate,butterflies,3,tag,cross-genre,"sci-fi 33%, horror 33%, general-fiction 33%",,business,52,business,52,brother-s-best-friend,50,Teranesia | The Collector | The Very Hungry Caterpillar
Accept,new,activate,ableism,3,tag,cross-genre,"fantasy 25%, sci-fi 25%, mystery 25%",,magical-realism,54,bdsm,54,magical-realism,54,Lord Foul's Bane | A Hole in the Sky | First Mage on the Moon
Reject,new,activate,klassikot,3,tag,cross-genre,"sci-fi 33%, romance 33%, (none) 33%",,class-divide,47,class-divide,47,assassination-plot,44,Fahrenheit 451 | Anna Karenina | Inferno
Accept,new,activate,flashbacks,3,tag,cross-genre,"fantasy 25%, sci-fi 25%, romance 25%",,black,53,black,53,slasher,47,The Way of Kings Part 2 | Fresh Start | Bad Things Happen Here
Accept,new,activate,wales,3,tag,cross-genre,"mystery 28%, crime 28%, paranormal 14%",,amnesia,50,lesbian,50,amnesia,50,Turner | Covet | A Morbid Taste for Bones
Reject,new,activate,cinderella-legendary-character,3,tag,cross-genre,"romance 33%, romantasy 33%, fantasy 16%",,interpersonal-character-study,64,real-historical-figure-as-secondary-character,58,unreliable-narrator,53,Charm | Ash | Just Ella
Accept,new,activate,dark-suspenseful,3,tag,cross-genre,"mystery 40%, crime 40%, sci-fi 20%",,romantic-suspense,60,romantic-suspense,54,supernatural-horror,51,Doctor Sleep | Nod | Pet Sematary
Reject,new,activate,f-minisme,3,tag,cross-genre,"sci-fi 33%, literary-fiction 33%, history 33%",,femme,57,femme,57,fae-romance,50,The Left Hand of Darkness | Happening | Les Grandes Oubliées : Pourquoi l'histoire a effacé les femmes
Accept,new,activate,debt,3,tag,cross-genre,"sci-fi 20%, history 20%, romance 20%",,celebrity,46,celebrity,46,heist,44,"84K | Debt: The First 5,000 Years | Rhapsodic"
merge:horror,new,activate,fiction-horror-general,3,tag,cross-genre,"horror 20%, fantasy 20%, fantasy-romance 20%",,folk-horror,60,literary-fiction,57,epistolary-horror,56,Coffin Moon | The Lamb Will Slaughter the Lion | The Colour Out of Space
merge:paris,review,,paris,3,tag,cross-genre,"romance 25%, historical 25%, general-fiction 25%",,artist,72,artist,72,tragic-past,50,Death Wasnt Invited | Of Human Bondage | Of Human Bondage
Accept,review,,sea-adventures,3,tag,cross-genre,"romance 40%, historical 40%, historical-fiction 20%",,adventure-novels,73,adventurous,72,adventurous,72,The Confusion | The Confusion | King Rat: The Fourth Novel of the Asian Saga
Accept,new,activate,haunted-places,3,tag,cross-genre,"history 33%, horror 33%, (none) 33%",,haunted-house,66,fated-mates,64,enchanted-sleep,62,The mark of Cain | The Graceview Patient | The Woods Are Dark
Accept,new,activate,somnophilia,3,tag,cross-genre,"romance 28%, paranormal-romance 14%, romantasy 14%",,workplace-romance,50,dystopian,50,dystopian,50,I Will Break You | Carnage | Little Liar
Accept,new,activate,investigative,3,tag,cross-genre,"mystery 25%, crime 25%, politics 25%",,insta-love,60,insta-love,60,first-case-rookie-investigator,53,Chasing the Boogeyman | Behold a Pale Horse | Behold A Pale Horse
Reject,new,activate,claire-fictitious-character,3,tag,cross-genre,"childrens 16%, general-fiction 16%, romance 16%",,interpersonal-character-study,57,narrative-nonfiction,55,detective-fiction,54,Fade Out | An Echo in the Bone | Bitter Blood
Accept,new,activate,awkward-pints-and-pages,3,tag,cross-genre,"romance 25%, romantasy 25%, sci-fi 25%",,absent-dead-parents,57,absent-dead-parents,52,dark-fantasy,45,A Dowry of Blood | A Guardian and a Thief | The Lager Queen of Minnesota
Accept,new,activate,disfigured-persons,3,tag,cross-genre,"mystery 25%, crime 25%, general-fiction 25%",,missing-person,68,missing-person,62,mentor-figure,58,A taste for monsters | Truth & Beauty | The Hunchback Assignments
Accept,new,activate,ghost,3,tag,cross-genre,"romance 28%, paranormal-romance 14%, romantasy 14%",,heist,60,heist,60,dragons,50,Twenties Girl | Sparrow Hill Road | I Am Homeless If This Is Not My Home
Reject,new,activate,edward-fictitious-character,3,tag,cross-genre,"romantasy 37%, paranormal 25%, romance 25%",,interpersonal-character-study,53,climate-fiction,52,literary-fiction,51,Breaking Dawn | Eclipse | Twilight
Accept,new,activate,adult-child-abuse-victims,3,tag,cross-genre,"general-fiction 33%, fantasy 33%, adventure 33%",,includes-adult-toys,54,speculative-fiction,50,deal-with-a-devil-demon,45,Petals on the Wind | Set This House in Order | The Ninth Step
Accept,review,,supernatural-fiction,3,tag,cross-genre,"fantasy 40%, romantasy 20%, romance 20%",,supernatural-horror,71,speculative-fiction,66,historical-fiction,63,Cemetery Boys | Slewfoot | Camp Damascus
Reject,new,activate,cannotfind,3,tag,cross-genre,"general-fiction 33%, romance 33%, science-&-nature 33%",,ancient-ruins,52,second-chance,52,ancient-ruins,52,Behind the Attic Wall | The Bookish Life of Nina Hill | The Soul of an Octopus: A Surprising Exploration into the Wonder of Consciousness
Accept,new,activate,death-and-dying,3,tag,cross-genre,"sci-fi 25%, romance 25%, contemporary 25%",,mating-bond,61,abandoned-building,54,fake-dating,53,Unsouled | If I Stay | The Facts Behind the Helsinki Roccamatios
Accept,new,activate,poets,3,tag,cross-genre,"general-fiction 25%, fantasy 25%, fantasy-romance 25%",,politics,61,politics,61,prophecy,46,Tricks | The Giant O'Brien | The Book of Disquiet
merge:new-york,new,activate,new-york-state,3,tag,cross-genre,"romantasy 33%, history 16%, mystery 16%",,portal-to-another-world,48,strangers-to-lovers,48,shifter-romance,48,The spy | Lover Revealed | Lover Avenged
Accept,new,activate,child-soldiers,3,tag,cross-genre,"sci-fi 25%, biography-memoir 25%, fantasy 25%",,childhood-sweethearts,57,childhood-sweethearts,57,thriller,54,Ender's war | A Long Way Gone | Shadow of the Hegemon
Accept,new,activate,immigration,3,tag,cross-genre,"childrens 33%, contemporary 33%, fantasy 33%",,immigrant-experience,64,immigrant-diaspora-experience,55,mating-bond,54,The Arrival | Hijab Butch Blues | The Last Dragoners of Bowbazar
Accept,new,activate,schools,3,tag,cross-genre,"childrens 20%, sci-fi 20%, sci-fi-romance 20%",,why-choose,58,psychology,58,why-choose,58,Blubber | Plier | Third Year at Malory Towers
Accept,new,activate,individuality,3,tag,cross-genre,"general-fiction 33%, adventure 33%, sci-fi 33%",,includes-adult-toys,50,medieval,47,medieval,47,Ninjago Mastery of Spinjitzu | Atlas Shrugged | Anthem
Reject,new,activate,animated-films,3,tag,cross-genre,"childrens 33%, (none) 33%, fantasy 33%",,fated-mates,56,climate-fiction,55,ancient-ruins,51,Stellaluna | Now Go: On Grief and Studio Ghibli | The Lord of the Rings: The Making of the Movie Trilogy
Accept,review,,control-psychology,3,tag,cross-genre,"sci-fi 33%, self-help 33%, (none) 33%",,psychology,71,psychology,71,psychological-horror,68,"The Giver | The 48 Laws of Power | Becoming Dangerous: Witchy Femmes, Queer Conjurers, and Magical Rebels"
Accept,new,activate,curiosities-and-wonders,3,tag,cross-genre,"fantasy 25%, fantasy-romance 25%, history 25%",,band-of-misfits,57,small-business-owner,51,sword-and-sorcery,50,The Lost Hero | But What If We're Wrong?: Thinking About the Present As If It Were the Past | Cunk on Everything: The Encyclopedia Philomena
merge:american,new,activate,literature-american,3,tag,cross-genre,"romance 40%, poetry 20%, general-fiction 20%",,american,59,american,59,literary-fiction,57,Leaves of Grass | The House of Mirth | The Scarlet Letter
Accept,new,activate,ethnic-and-regional,3,tag,cross-genre,"romance 40%, historical 40%, biography-memoir 20%",,medical-professional,56,war-between-good-and-evil,54,serial-detective,51,Just Mercy | A Promised Land | The Man Who Knew Infinity: A Life of the Genius Ramanujan
Accept,new,activate,literary-history-and-criticism,3,tag,cross-genre,"childrens 33%, biography-memoir 33%, history 33%",,identity-and-self-discovery,52,literary-fiction,52,identity-crisis-self-discovery,51,The Tao of Pooh | I Know Why the Caged Bird Sings | The Tao of Pooh
Reject,new,activate,caldecott-medal,3,tag,cross-genre,"fantasy 33%, general-fiction 33%, adventure 33%",,serial-detective,51,essay-collection,51,dark-academia,50,Where the Wild Things Are | The Little House | Madeline's Rescue: StoryTape
merge:african-american,new,activate,african-americans-in-literature,3,tag,cross-genre,"general-fiction 25%, romance 25%, history 25%",,monster-in-the-dark,52,amateur-sleuth-stumbling-into-a-case,50,heist-in-a-fantasy-setting,49,Uncle Tom's Cabin | Playing in the dark | Speculative Blackness
Accept,new,activate,destiny,3,tag,cross-genre,"fantasy 33%, romance 16%, historical 16%",,dystopian,62,dystopian,62,lesbian,57,Homegoing | A Quest of Heroes | Draykon
Accept,new,activate,ghana,3,tag,cross-genre,"romance 25%, historical 25%, (none) 25%",,fantasy,50,amnesia,50,fantasy,50,Homegoing | The Beautyful Ones Are Not Yet Born | Wife of the Gods
Accept,new,activate,creative-thinking,3,tag,cross-genre,"general-fiction 33%, business-&-economics 33%, self-help 33%",,travel-writing,58,narrative-nonfiction,54,ticking-clock,53,A Whole New Mind | Linchpin | Do the Work
Accept,new,activate,creativity-and-genius,3,tag,cross-genre,"general-fiction 33%, psychology 33%, self-help 33%",,identity-and-self-discovery,54,ancient-evil-cosmic-entity,51,humanity-vs-its-own-creation,48,A Whole New Mind | Think Like a Freak | Do the Work
Reject,review,,history-german,3,tag,cross-genre,"romance 40%, historical 40%, biography-memoir 20%",,alternate-history,70,history,66,history,66,In the garden of beasts | The Rise and Fall of the Third Reich: A History of Nazi Germany | The Coming of the Third Reich
Reject,review,,aventuras,3,tag,cross-genre,"general-fiction 40%, romance 20%, romantasy 20%",,adventurous,80,adventurous,80,adventure-novels,64,El capitán Alatriste | Fall of Giants | The Armour of Light
Reject,new,activate,erica-housemate,3,tag,cross-genre,"art 33%, young-adult 33%, fantasy 33%",,historical-romance,54,space-opera,53,lesbian-romance,53,Fun Home | Middlesex | The Water Outlaws
Accept,new,activate,beat-generation,3,tag,cross-genre,"general-fiction 33%, adventure 33%, poetry 33%",,generation-ship,66,generation-ship,66,teleportation,64,On The Road | The Dharma Bums  | The Subterraneans
Reject,new,activate,on-shelf,3,tag,cross-genre,"general-fiction 25%, romance 25%, biography-memoir 25%",,shifter-romance,52,sunshine,50,sunshine,50,As I Lay Dying | Leaves of Grass: The First (1855) Edition | The Nick Adams Stories
Accept,new,activate,humor-and-satire,3,tag,cross-genre,"romance 25%, mystery 25%, crime 25%",,hot-and-spicy,62,haunted-house,55,sword-and-sorcery,54,Modern Romance | Famous | Bring Me the Head of Prince Charming
Accept,new,activate,scottish,3,tag,cross-genre,"general-fiction 16%, romance 16%, romantasy 16%",,first-contact,57,british,53,british,53,Outlander | The Real World of Sherlock Holmes | Let It Bleed
Accept,new,activate,based-on-true-events,3,tag,cross-genre,"mystery 25%, crime 25%, fantasy 25%",,true-crime-adjacent-fiction,55,one-last-scare,52,adventurous,51,The Devil in the White City | The Glutton | The Phone Booth at the Edge of the World
Accept,new,activate,art-thefts,3,tag,cross-genre,"art 33%, adventure 33%, psychology 33%",,pet-parent,60,fated-mates,57,dark-fantasy,54,The Rape of Europa | Nothing Ventured | The World to Come
Accept,new,activate,aged-men,3,tag,cross-genre,"art 33%, poetry 33%, (none) 33%",,fated-mates,63,mentor-figure,57,arranged-marriage,56,An Artist of the Floating World | The Ancient Mariner | On The Black Hill
Accept,new,activate,emotional-and-challenging,3,tag,cross-genre,"romance 33%, paranormal-romance 16%, romantasy 16%",,challenging,61,challenging,61,ancient-evil-awakening,55,Fifty Shades of Grey | Such a Fun Age | Judge Stone
Accept,new,activate,east-indians,3,tag,cross-genre,"literary-fiction 25%, biography-memoir 25%, romance 25%",,best-friend-s-sibling,54,lesbian,52,lesbian,52,The Satanic Verses | Two lives | The Year of the Runaways
Accept,new,activate,married-people,3,tag,cross-genre,"romance 25%, contemporary-romance 25%, mystery 25%",,asteroid-field-peril,52,perfect-crime,51,workplace-romance,51,The Rosie effect | 1st to Die | This Sweet Sickness
Accept,review,,human-animal-relationships,3,tag,cross-genre,"sci-fi 20%, general-fiction 20%, romance 20%",,human-ai-relationship,76,human-ai-relationship,72,blackmail-into-relationship,71,The World Without Us | Linger | And the Ocean Was Our Sky
Accept,new,activate,marriage-and-divorce,3,tag,cross-genre,"romance 40%, contemporary-romance 20%, romantasy 20%",,fake-marriage,66,arranged-marriage,64,fake-marriage,60,The Rosie Project | The Midnight Train | Seating Arrangements
merge:african-american,new,activate,african-american-girls,3,tag,cross-genre,"mystery 33%, historical-fiction 33%, science-&-nature 33%",,american,53,american,53,arranged-marriage,51,A Time to Kill | A Mercy | Pushout: The Criminalization of Black Girls in Schools
Reject,new,activate,bookclub-books,3,tag,cross-genre,"romance 33%, general-fiction 16%, romantasy 16%",,food-writing-cookbooks,44,food-writing-cookbooks,44,body-horror,40,The Blind Assassin | Timequake | Intermezzo
Accept,new,activate,atomic-bomb,3,tag,cross-genre,"romance 33%, historical 33%, mystery 16%",,romantic-subplot,51,historical-romance,48,coming-out,47,Thunderball | Hiroshima | Hiroshima
Accept,new,activate,business-enterprises,3,tag,cross-genre,"business-&-economics 25%, fantasy 25%, romantasy 25%",,small-business-owner,65,business,57,business,57,Business @ the speed of thought | Girl Meets Boy | Business @ the Speed of Thought: Succeeding in the Digital Economy
Reject,new,activate,delhi-india,3,tag,cross-genre,"general-fiction 40%, romance 40%, travel 20%",,hive-mind,60,dark-academia,50,hive-mind,50,The Ministry of Utmost Happiness | Sideways on a scooter | In Custody
Accept,new,activate,criminal-psychology,3,tag,cross-genre,"mystery 40%, crime 40%, psychology 20%",,psychology,68,psychology,68,psychological-horror,56,The angel of darkness | Alias Grace | The Cases That Haunt Us
Accept,new,activate,asian-american-and-pacific-islander,3,tag,cross-genre,"romance 25%, contemporary 25%, poetry 25%",,war-and-its-aftermath-on-ordinary-lives,48,killer-hiding-in-plain-sight,47,sinister-warning-ignored,47,Little Fires Everywhere | Time Is a Mother | The Midnight Taxi
Accept,new,activate,atheism,3,tag,cross-genre,"religion-&-spirituality 33%, fantasy 33%, (none) 33%",,heist,66,heist,66,artist,61,The God Delusion | The Master and Margarita | A Manual for Creating Atheists
Accept,new,activate,wars-and-conflicts,3,tag,cross-genre,"romance 25%, historical-romance 25%, biography-memoir 25%",,band-of-misfits,54,kingdoms-at-war,54,resource-scarcity-conflict,54,Se questo è un uomo | Extreme Ownership: How U.S. Navy SEALs Lead and Win | Black Hawk Down
Reject,new,activate,black-dagger-brotherhood-fictitious-characters,3,tag,cross-genre,"romantasy 37%, romance 25%, mystery 12%",,sacrifice-for-the-greater-good,47,blackmail-into-relationship,43,low-spice-fade-to-black,43,Lover Revealed | Lover at last | Lover Unbound
Accept,new,activate,children-of-the-rich,3,tag,cross-genre,"paranormal 25%, romance 25%, small-town-romance 25%",,the-last-of-their-kind,52,monster-in-the-dark,51,true-crime-adjacent-fiction,51,The Van Alen Legacy | Ain't she sweet | Captains Courageous
Accept,new,activate,cheerleading,3,tag,cross-genre,"general-fiction 20%, history 20%, romance 20%",,challenging,60,challenging,60,relaxing,60,The Cheerleader | The witch hunter | Dare Me
Accept,review,,interpersonal-attraction,3,tag,cross-genre,"romance 40%, general-fiction 20%, romantasy 20%",,interpersonal-character-study,71,opposites-attract,58,action-thriller,56,The Jackal | Punk 57 | Eve of Man
Accept,new,activate,anglo-saxons,3,tag,cross-genre,"historical-fiction 25%, general-fiction 25%, romance 25%",,low-angst-romance,55,dragon-fantasy,53,dragons,52,River of destiny | Season Of The Sun | The Wake
Reject,new,activate,american-science-fiction-and-fantasy,3,tag,cross-genre,"romantasy 42%, fantasy 28%, mystery 14%",,science-fantasy,58,heist-in-a-fantasy-setting,58,true-crime-adjacent-fiction,53,"Dead and Gone | Dead as a doornail | All Together Dead (Southern Vampire Mysteries, Book 7)"
merge:young-adult,review,,fantasy-ya,3,tag,cross-genre,"fantasy 40%, fantasy-romance 40%, sci-fi 20%",,fantasy,82,urban-fantasy,78,low-fantasy,76,In the Hand of the Goddess | Calamity | Lioness Rampant
Accept,new,activate,archetype-psychology,3,tag,cross-genre,"psychology 33%, fantasy 33%, (none) 33%",,psychology,66,psychology,66,nanotechnology,58,"Women Who Run with the Wolves | Women Who Run with the Wolves: Myths and Stories of the Wild Woman Archetype | King, Warrior, Magician, Lover: Rediscovering the Archetypes of the Mature Masculine"
Accept,new,activate,birthday-parties,3,tag,cross-genre,"general-fiction 33%, childrens 33%, adventure 33%",,absent-dead-parents,57,fated-mates,51,absent-dead-parents,51,"Party Time, Poppy! | Moira's birthday | The Hundred-Year-Old Man Who Climbed Out of the Window and Disappeared"
Accept,new,activate,bayesian-analysis,3,tag,cross-genre,"science-&-nature 33%, (none) 33%, philosophy 33%",,talking-animals,56,urban-fantasy,53,alien-invasion,51,The Master Algorithm | Everything Is Predictable | Bernoulli's Fallacy: Statistical Illogic and the Crisis of Modern Science
Accept,new,activate,genealogy,3,tag,cross-genre,"general-fiction 33%, fantasy 33%, biography-memoir 33%",,nanotechnology,52,nanotechnology,52,generation-ship,50,Genealogy online | Cain | Ancestor Trouble
Accept,new,activate,women-authors,3,tag,cross-genre,"art 33%, fantasy 33%, graphic-novel 33%",,author-writer,64,author-writer,61,haunted-house,53,"Elizabeth Costello | Our Tragic Universe | Persepolis, Volume 3"
Accept,new,activate,cat-owners,3,tag,cross-genre,"mystery 33%, general-fiction 33%, graphic-novel 33%",,one-last-scare,58,small-town-secrets,57,new-adult,52,"The Cat Who Ate Danish Modern (A Jim Qwilleran Feline Whodunnit) | The Cat Who Went Bananas (Cat Who... (Audio)) | Chi's Sweet Home, Volume 1"
Accept,new,activate,biodiversity,3,tag,cross-genre,"history 33%, science-&-nature 33%, (none) 33%",,forbidden-forest,50,forbidden-forest,50,billionaire-love-interest,48,The Diversity of Life | The Blind Watchmaker: Why the Evidence of Evolution Reveals a Universe Without Design | The Diversity of Life
merge:biography-memoir,new,activate,biography-and-autobiography-entertainment-and-performing-arts,3,tag,cross-genre,"art 33%, graphic-novel 33%, biography-memoir 33%",,time-traveler-stranded-in-the-wrong-era,43,technology-in-the-wrong-hands,42,mental-health-representation-as-central-theme,41,Born a Crime | La profezia dell'armadillo | Straight Outta Crawley: Memoirs of a Distinctly Average Human Being
Accept,new,activate,single-women,3,tag,cross-genre,"general-fiction 33%, fantasy 33%, sci-fi 33%",,single-dad-mom,61,mentor-figure,56,single-parent-romance,54,Bridget Jones | Lolly Willowes | Chasing the Moon
Reject,new,activate,jones,3,tag,cross-genre,"general-fiction 25%, mystery 25%, crime 25%",,romance,50,amnesia,50,dragons,50,Bridget Jones | The shadow of the soul | Junie B. Jones and Her Big Fat Mouth
Reject,new,activate,arta,3,tag,cross-genre,"business-&-economics 33%, science-&-nature 33%, (none) 33%",,artist,60,artist,60,fantasy,54,Designing brand identity | Information is Beautiful | The Shape of Design
Accept,new,activate,iraq-war,3,tag,cross-genre,"politics 33%, history 33%, (none) 33%",,intergalactic-war,56,intergalactic-war,48,dark-academia,47,"Plan of attack | Generation Kill: Devil Dogs, Iceman, Captain America, and the New Face of American War | The Yellow Birds"
Accept,new,activate,beijing-china,3,tag,cross-genre,"mystery 33%, general-fiction 33%, (none) 33%",,twist-ending,48,space-station-setting,47,epic-high-fantasy,46,The Flower Net | The Interior | Kinder Than Solitude
Accept,new,activate,ballerinas,3,tag,cross-genre,"politics 25%, (none) 25%, fantasy 25%",,alien-invasion,58,alien-invasion,58,challenging,57,Flight of the swan | Astonish Me | The Splendour Falls
Accept,new,activate,capitalists-and-financiers,3,tag,cross-genre,"general-fiction 33%, biography-memoir 33%, self-help 33%",,identity-and-self-discovery,52,fantasy-of-manners,50,fantasy-of-manners,50,"The way we live now | Titan: The Life of John D. Rockefeller, Sr. | Secrets of the Millionaire Mind: Mastering the Inner Game of Wealth"
Reject,new,activate,martha,3,tag,cross-genre,"biography-memoir 33%, (none) 33%, historical-fiction 33%",,romantasy,53,romantasy,53,amateur-sleuth,50,Educated | Bad Feminist | North Woods
merge:american,review,,american-drama,3,tag,cross-genre,"drama 25%, romance 25%, paranormal 25%",,american,72,american,72,paranormal,58,Cat on a Hot Tin Roof | The Crucible | Trifles
Reject,new,activate,round-top,3,tag,cross-genre,"drama 33%, fantasy 33%, biography-memoir 33%",,road-trip,66,road-trip,55,mating-bond,50,Who's Afraid of Virginia Woolf? | The Hike | It
Accept,new,activate,automobiles,3,tag,cross-genre,"childrens 25%, romance 25%, young-adult 25%",,opposites-attract,50,autobiography,50,autobiography,50,"Crash Into You (Pushing the Limits Series, Book 3) | Chitty Chitty Bang Bang | And on that Bombshell: Inside the Madness and Genius of Top Gear"
Accept,new,activate,belgians,3,tag,cross-genre,"mystery 33%, romantic-suspense 16%, general-fiction 16%",,lesbian,53,lesbian,53,business,50,Sad Cypress | Dead Man's Folly | After the Funeral
Accept,new,activate,shojosei,3,tag,cross-genre,"romance 33%, graphic-novel 16%, fantasy 16%",,why-choose,55,why-choose,55,magic-school-setting,50,"Hana-Kimi | Skip Beat!, Vol. 1 | Hana-Kimi: For You in Full Blossom, Vol. 1"
Accept,new,activate,arabs,3,tag,cross-genre,"romance 25%, romantasy 25%, fantasy 25%",,artist,54,artist,54,fantasy,50,"Duty, Desire and the Desert King | The Arabian Nights | The Arabian Nights"
Accept,new,activate,judicial-error,3,tag,cross-genre,"mystery 40%, romantic-suspense 40%, general-fiction 20%",,survival-horror,62,erotica,57,erotica,57,"Tall, Dark And Dangerous | Along came trouble | The Confession"
Accept,new,activate,spies,3,tag,cross-genre,"romance 40%, general-fiction 20%, adventure 20%",,business,61,business,61,shapeshifters,55,The Job | Casino Royale | The Hollywood Spy
Accept,new,activate,medieval-history,3,tag,cross-genre,"general-fiction 20%, romance 20%, history 20%",,medieval,66,medieval,66,history,60,Falling for the highlander | The Year 1000 | An Inconvenient Vow
Accept,new,activate,holidays,3,tag,cross-genre,"romance 40%, general-fiction 20%, (none) 20%",,holiday-romance,60,holiday-romance,60,holiday-seasonal-setup,53,A Christmas blizzard | Breakfast at Tiffany’s and Three Stories | Good Spirits
Accept,new,activate,presidents-and-heads-of-state,3,tag,cross-genre,"romance 40%, historical 40%, travel 20%",,absent-dead-parents,54,the-last-of-their-kind,50,rebellion-against-an-oppressive-system,50,The River of Doubt | A Promised Land | Theodore Rex
Accept,new,activate,generals,3,tag,cross-genre,"biography-memoir 33%, young-adult 33%, history 33%",,generation-ship,60,generation-ship,60,medieval,50,Monty | The Tragedie of Anthonie and Cleopatra: Applause First Folio Editions | American Caesar: Douglas MacArthur 1880-1964
merge:contemporary-fiction,new,activate,modern-fiction,3,tag,cross-genre,"young-adult 25%, horror 25%, fantasy 25%",,literary-fiction,60,historical-fiction,56,war-fiction,56,Me Talk Pretty One Day | Rage | The High Crusade
Accept,new,activate,depressed-persons,3,tag,cross-genre,"health-&-fitness 33%, (none) 33%, young-adult 33%",,missing-person,58,demon-possession,54,demon-possession,54,Darkness Visible | Sorrow and Bliss | Prozac Nation: Young & Depressed In America: A Memoir
Accept,new,activate,lawyers,3,tag,cross-genre,"mystery 40%, crime 40%, biography-memoir 20%",,slasher,57,slasher,57,soulmates,50,"Forgiveness | The brass verdict | Theodore Boone, Kid Lawyer"
Accept,review,,serious,3,tag,cross-genre,"business-&-economics 33%, romance 33%, history 33%",,mysterious,82,mysterious,82,adventurous,55,Never Split the Difference | No Season but the Summer | The Tragedy of Great Power Politics
Accept,new,activate,gender-identity,3,tag,cross-genre,"biography-memoir 25%, romance 25%, sci-fi 25%",,secret-identity,66,twist-ending,59,first-generation-off-earth-identity,56,The Argonauts | Stag Dance | Who's Afraid of Gender?
Accept,new,activate,topic,3,tag,cross-genre,"humor 33%, fantasy 33%, (none) 33%",,utopian,66,utopian,66,dystopian,57,"Wow, No Thank You. | Once Upon a Tome: The Misadventures of a Rare Bookseller | Cunk on Everything: The Encyclopedia Philomena"
Reject,new,activate,alphabet-books,3,tag,cross-genre,"general-fiction 33%, young-adult 33%, fantasy 33%",,alpha-hero,58,alpha-hero,50,hate-to-love,46,Chicka chicka boom boom | Chicka Chicka Boom Boom | Animalia
Accept,new,activate,humanities,3,tag,cross-genre,"music 33%, history 33%, self-help 33%",,soulmates,63,soulmates,63,transhumanism,60,This Is Your Brain on Music | Humankind: A Hopeful History | The Universe Doesn't Give a Flying Fuck About You
Accept,new,activate,history-and-theory,3,tag,cross-genre,"general-fiction 33%, history 33%, (none) 33%",,sword-and-sorcery,62,historical-mystery,61,historical-mystery,61,Utopia for Realists | The Society of the Spectacle | Technofeudalism: What Killed Capitalism
Accept,review,,sexuality,3,tag,cross-genre,"philosophy 33%, (none) 33%, self-help 33%",,bisexual,70,bisexual,70,celebrity,55,Sexing the Body | Come as You Are: The Surprising New Science that Will Transform Your Sex Life | Come Together: The Science (and Art!) of Creating Lasting Sexual Connections
Accept,new,activate,harsh-reality,3,tag,cross-genre,"general-fiction 33%, sci-fi 33%, politics 33%",,simulated-reality,53,grovel-arc,52,reluctant-hero,51,The Pull of the Stars | Terms of Enlistment | Disorientation
Accept,review,,heavy,3,tag,cross-genre,"general-fiction 25%, fantasy 25%, fantasy-romance 25%",,hea,75,prophecy,46,prophecy,46,The Pull of the Stars | House of Hollow | Wake: The Hidden History of Women-Led Slave Revolts
Reject,new,activate,xenofiction,3,tag,cross-genre,"general-fiction 33%, adventure 33%, fantasy 33%",,narrative-nonfiction,64,narrative-nonfiction,64,war-fiction,63,Martin the Warrior | Mattimeo | The Complete Tales
Accept,new,activate,cybersecurity,3,tag,cross-genre,"mystery 40%, crime 40%, sci-fi 20%",,celebrity,63,celebrity,63,cyberpunk,54,Countdown to Zero Day: Stuxnet and the Launch of the World's First Digital Weapon | The Cuckoo’s Egg | This Is How They Tell Me the World Ends: The Cyberweapons Arms Race
Accept,new,activate,airships,3,tag,cross-genre,"general-fiction 25%, sci-fi 25%, fantasy 25%",,skyships,62,skyships,62,artist,57,Prudence | Leviathan | Retribution Falls
Accept,new,activate,insightful,3,tag,cross-genre,"psychology 33%, history 33%, (none) 33%",,inspiring,52,inspiring,52,insta-love,50,The Man Who Mistook His Wife for a Hat | Upstream: Selected Essays | Mutual Aid: Building Solidarity in This Crisis
Accept,new,activate,human-behavior,3,tag,cross-genre,"science-&-nature 33%, short-stories 33%, sci-fi 33%",,victorian,52,historical-romance,50,billionaire-romance,48,Dataclysm | The Doll | The Immortality Code
Accept,new,activate,illuminati,3,tag,cross-genre,"politics 33%, history 33%, sci-fi 33%",,billionaire-romance,48,criminal-mastermind,48,billionaire-romance,48,Behold a Pale Horse | Behold A Pale Horse | Cosmic Trigger Volume I: Final Secret of the Illuminati
Accept,new,activate,secret-societies,3,tag,cross-genre,"politics 33%, history 33%, fantasy 33%",,secret-identity,64,post-scarcity-society,59,secret-relationship,57,Behold a Pale Horse | Behold A Pale Horse | The Secret History of the World
Accept,review,,investing,3,tag,cross-genre,"business-&-economics 33%, history 33%, psychology 33%",,listings,70,listings,70,inspiring,66,The Psychology of Money | The Intelligent Investor | Thinking in Bets: Making Smarter Decisions When You Don't Have All the Facts
Accept,new,activate,guilt,3,tag,cross-genre,"psychology 25%, mystery 25%, crime 25%",,young-adult,50,whodunit,46,howdunit,46,So You've Been Publicly Shamed | A simple plan | Someone Knows
Accept,new,activate,daughters,3,tag,cross-genre,"thriller 33%, general-fiction 33%, biography-memoir 33%",,boss-s-son-daughter,57,boss-s-son-daughter,57,shapeshifters,54,Run Away | The Golden Mean | Fierce Attachments: A Memoir
Reject,new,activate,fic031000,3,tag,cross-genre,"mystery 40%, crime 40%, thriller 20%",,futuristic,31,futuristic,31,war-fiction,30,A darkness more than night | The Poet | Black Friday
Accept,new,activate,adventure-thriller,3,tag,cross-genre,"mystery 40%, crime 40%, sci-fi 20%",,domestic-thriller,68,action-thriller,66,adventure-novels,64,One Good Turn | Gun Machine | Death Match
Accept,new,activate,baghdad-iraq,3,tag,cross-genre,"mystery 25%, crime 25%, (none) 25%",,bodyguard-romance,48,holiday-romance,44,magical-realism,44,"They Came to Baghdad | The Sandman, Vol. 6: Fables & Reflections | Fundamentally"
Reject,new,activate,amerikaanse-fiksie,3,tag,cross-genre,"general-fiction 33%, fantasy 33%, sci-fi 33%",,moderate-spice,56,american,53,american,53,The Thin Man | Deadeye Dick | Make Room! Make Room!
Reject,new,activate,jack-the-ripper-murders,3,tag,cross-genre,"mystery 20%, crime 20%, biography-memoir 20%",,monster-in-the-dark,52,the-dark-lord-ultimate-evil,48,one-ring-to-rule-them-all,45,Portrait of a Killer | The True Face of Jack the Ripper | The Five: The Untold Lives of the Women Killed by Jack the Ripper
Accept,new,activate,biological-warfare,3,tag,cross-genre,"mystery 25%, crime 25%, general-fiction 25%",,historical-romance,55,psychological-thriller,55,psychological-horror,52,Plum Island | Black Wind | Cold Storage
Reject,new,activate,thriller-and-suspense-thriller-and-suspense-suspense,3,tag,cross-genre,"mystery 40%, crime 40%, sci-fi 20%",,touch-her-and-die-possessive-protective-hero,44,dual-timeline-past-and-present-structure,44,grief-and-loss-as-central-theme,43,The Day of the Jackal | Aurora | Nomad
Reject,new,activate,shortlist,3,tag,cross-genre,"mystery 25%, crime 25%, biography-memoir 25%",,artist,66,artist,66,heist,57,The Cuckoo’s Egg | Voices from Chernobyl: The Oral History of a Nuclear Disaster | Doughnut Economics: Seven Ways to Think Like a 21st-Century Economist
Accept,new,activate,antisocial-personality-disorders,3,tag,cross-genre,"mystery 40%, crime 40%, psychology 20%",,interpersonal-character-study,52,medical-professional,50,survival-against-historical-injustice,49,Fear nothing | The Sociopath Next Door | Killing Mr. Griffin
Accept,new,activate,arab-israeli-conflict,3,tag,cross-genre,"general-fiction 33%, thriller 33%, history 33%",,resource-scarcity-conflict,55,narrative-nonfiction,53,faster-than-light-travel,53,Triple | By the Rivers of Babylon | Hopes and Prospects
Accept,new,activate,blues-music,3,tag,cross-genre,"history 33%, literary-fiction 33%, music 33%",,blood-magic,54,art-and-music,54,business,52,It Still Moves | Looking to Get Lost | The Guinness Who's Who of Blues
Accept,new,activate,alligators,3,tag,cross-genre,"humor 33%, childrens 33%, fantasy 33%",,rival-turned-ally,51,small-town,50,small-town-secrets,50,Aaron is cool | Alligators all around | Swamplandia!
Reject,new,activate,urban-and-street-lit,3,tag,cross-genre,"romance 25%, contemporary 25%, sci-fi 25%",,urban-fantasy,60,secret-underground-city,51,remote-research-facility,50,Telegraph Avenue | Zone One | Moonglow
Reject,new,activate,incomplete,3,tag,cross-genre,"humor 33%, horror 33%, mystery 33%",,competence-kink,58,competence-kink,56,mentor-mentee,52,The Mysterious Stranger | The 120 Days of Sodom | The Mystery of Edwin Drood
Accept,new,activate,investing-and-trading,3,tag,cross-genre,"business-&-economics 33%, (none) 33%, psychology 33%",,technology-in-the-wrong-hands,56,talking-animals,55,heist-in-a-fantasy-setting,55,"Fooled by randomness | Rich Dad Poor Dad: What the Rich Teach Their Kids About Money That the Poor and Middle Class Do Not! | Trading in the Zone: Master the Market with Confidence, Discipline and a Winning Attitude"
Accept,new,activate,business-writing,3,tag,cross-genre,"business-&-economics 33%, self-help 33%, biography-memoir 33%",,business,66,nature-writing,66,sports-writing,66,Business Writing for Results | The 7 Habits of Highly Effective People | The Art and Business of Online Writing: How to Beat the Game of Capturing and Keeping Attention
Reject,new,activate,honesdale-library,3,tag,cross-genre,"sci-fi 25%, sci-fi-romance 25%, romantasy 25%",,conspiracy,51,conspiracy,51,literary-fiction,48,American Royals | American Royals | The Sirens
merge:young-adult,review,,teens,3,tag,cross-genre,"romance 40%, childrens 20%, contemporary-romance 20%",,tense,80,tense,80,fated-mates,50,Boy Toy | Hot British Boyfriend | The best laid plans
merge:young-adult,new,activate,thrillers-young-adult,3,tag,cross-genre,"romance 20%, contemporary-romance 20%, thriller 20%",,legal-thriller,62,action-thriller,61,includes-adult-toys,60,"A Good Girl's Guide to Murder | Good Girl, Bad Blood | As Good As Dead"
Reject,new,activate,c4,3,tag,cross-genre,"cooking 25%, general-fiction 25%, mystery 25%",,ceo,40,cop,40,ceo,40,The Foxfire book | The Ten Thousand | Red Storm Rising
Accept,new,activate,antiques,3,tag,cross-genre,"mystery 16%, crime 16%, fantasy 16%",,artist,57,artist,57,romantic-suspense,56,Blood rubies | The Firebird | Hidden Riches
Accept,new,activate,husband-and-wife,3,tag,cross-genre,"romance 25%, biography-memoir 25%, mystery 25%",,haunted-house,55,haunted-house-mansion,54,haunted-house-mansion,48,Bride of a Wicked Scotsman | When Breath Becomes Air | My Lovely Wife
Reject,new,activate,bombay-india,3,tag,cross-genre,"literary-fiction 33%, general-fiction 33%, (none) 33%",,mating-bond,52,home-invasion,48,romantasy,47,Such a long journey | Tales from Firozsha Baag | Narcopolis
Accept,new,activate,prisons,3,tag,cross-genre,"romance 20%, historical 20%, mystery 20%",,dragons,57,dragons,57,listings,53,Pale horse coming | The House of the Dead | The Last Day of a Condemned Man
Reject,new,activate,gloomy,3,tag,cross-genre,"general-fiction 20%, romance 20%, sci-fi 20%",,time-loop,53,philosophy,50,philosophy,50,Swimming in the Dark | Pushing Ice | Penitence
Accept,new,activate,ambassadors,3,tag,cross-genre,"general-fiction 33%, biography-memoir 33%, fantasy 33%",,sports-romance,48,absent-dead-parents,46,star-crossed-lovers,46,Creation | A Distant Mirror:  The Calamitous 14th Century | Ambassador For Mars
Accept,new,activate,portugal,3,tag,cross-genre,"general-fiction 33%, thriller 33%, romance 33%",,paranormal,55,paranormal,55,portal-fantasy,54,Sharpe's Escape | Pereira Maintains | Os Maias
Reject,new,activate,literature-and-fiction-action-and-adventure-mystery,3,tag,cross-genre,"mystery 40%, crime 40%, sci-fi 20%",,true-crime-adjacent-fiction,51,dystopian-society-faction-system,49,found-family-adventuring-party,49,Shatter | Cold Storage | The Sunbird
Reject,review,,fiction-thrillers-general,3,tag,cross-genre,"mystery 33%, romantic-suspense 16%, crime 16%",,action-thriller,70,political-thriller,65,action-thriller,65,Red sparrow | The Turn of the Key | The Curious Case of the Copper Corpse
merge:war,new,activate,air-warfare,3,tag,cross-genre,"general-fiction 25%, fantasy 25%, fantasy-romance 25%",,fake-dating,54,dark-romance,52,first-heartbreak,51,Shadow Command | The Aeronaut's Windlass | Flight of the Old Dog
Accept,review,,political-corruption,3,tag,cross-genre,"mystery 40%, crime 40%, (none) 20%",,corrupt-cop-official,70,historical-fiction,63,psychological-horror,60,Absolute Power | The Girl Who Kicked the Hornet's Nest | All the King's Men
Accept,new,activate,cuba,3,tag,cross-genre,"history 25%, romance 25%, mystery 25%",,black,44,black,44,fae-courts,42,Castro | Next Year in Havana | Havana Nocturne: How the Mob Owned Cuba & Then Lost it to the Revolution
Accept,new,activate,history-and-criticism,3,tag,cross-genre,"music 33%, (none) 33%, history 33%",,alternate-history,57,identity-and-self-discovery,54,sword-and-sorcery,52,"Please kill me | It's Not TV: The Spectacular Rise, Revolution, and Future of HBO | We Don't Need Roads"
Reject,new,activate,southern-states,3,tag,cross-genre,"music 25%, mystery 25%, crime 25%",,soulmates,58,soulmates,58,trapped-together,58,Dirt road | All the Sinners Bleed | Everything That Rises Must Converge
Accept,review,,american-dream,3,tag,cross-genre,"literary-fiction 33%, horror 33%, history 33%",,american,72,american,72,magical-realism,62,"The View from Castle Rock | They Shoot Horses, Don't They? | The Image: A Guide to Pseudo-events in America"
Accept,new,activate,hong-kong-china,3,tag,cross-genre,"romance 33%, thriller 33%, mystery 33%",,chosen-one,56,the-chosen-one,55,challenging,53,Flirting With Intent | The Honourable Schoolboy | Second Sister
Accept,new,activate,boxers-sports,3,tag,cross-genre,"romance 40%, sports-romance 40%, (none) 20%",,sports-romance,66,sports-star-romance,56,short-story-or-novella,51,Real | Distance | The King of Warsaw
Accept,new,activate,bankers,3,tag,cross-genre,"western 33%, history 33%, biography-memoir 33%",,amnesia,57,amnesia,57,business,53,"Riders of the trojan horse | The House of Morgan: An American Banking Dynasty and the Rise of Modern Finance | The House of Rothschild, Volume 1: Money's Prophets: 1798-1848"
merge:humor,new,activate,comical,3,tag,cross-genre,"biography-memoir 33%, graphic-novel 33%, young-adult 33%",,erotica,57,erotica,57,medieval,53,"I'm Glad My Mom Died | The Way of the Househusband, Vol. 1 | Kaguya‐sama: Love Is War, Vol. 1"
Accept,new,activate,cultural-ethnic-and-regional,3,tag,cross-genre,"romance 40%, historical 40%, fantasy 20%",,sibling-bond-as-central-relationship,53,occult-ritual-gone-wrong,50,medical-professional,50,Man's Search for Meaning | Once Upon a Tome: The Misadventures of a Rare Bookseller | The Three Mothers
Accept,new,activate,communities,3,tag,cross-genre,"literary-fiction 25%, romance 25%, (none) 25%",,court-intrigue,56,court-intrigue,56,romantic-comedy,53,"A Man Called Ove | Whose Story Is This? Old Conflicts, New Chapters | Life inc."
Accept,new,activate,princes,3,tag,cross-genre,"fantasy 40%, fantasy-romance 40%, young-adult 20%",,romance,57,popular-science,54,popular-science,54,Hamlet | Thorn | Princess: A True Story of Life Behind the Veil in Saudi Arabia
Accept,new,activate,biological-sciences,3,tag,cross-genre,"(none) 33%, biography-memoir 33%, history 33%",,popular-science,64,popular-science,58,historical-romance,54,"What If? Serious Scientific Answers to Absurd Hypothetical Questions | Lab Girl | The Tale of the Dueling Neurosurgeons: The History of the Human Brain as Revealed by True Stories of Trauma, Madness, and Recovery"
Accept,new,activate,south-korea,3,tag,cross-genre,"romance 25%, contemporary 25%, (none) 25%",,simulated-reality,50,occult-horror,50,sports-romance,48,The Vegetarian | Untold Night and Day | The Disaster Tourist
Reject,new,activate,cynthia-paul,3,tag,cross-genre,"fantasy 33%, romantasy 16%, fantasy-romance 16%",,portal-fantasy,53,space-colonization,46,speculative-fiction,45,Uprooted | She Who Became the Sun | Carol
Reject,new,activate,paige-helms,3,tag,cross-genre,"historical-fiction 25%, romance 25%, history 25%",,relaxing,52,relaxing,52,fake-marriage,50,The Scarlet Letter | In the Heart of the Sea: The Tragedy of the Whaleship Essex | There Will Come Soft Rains
Reject,new,activate,chandra,3,tag,cross-genre,"mystery 40%, crime 40%, sci-fi 20%",,second-chance,50,conspiracy,47,paranormal,47,Killers of the Flower Moon: The Osage Murders and the Birth of the FBI | The Water Knife | Agent Running in the Field
Reject,new,activate,eri-saikawa,3,tag,cross-genre,"self-help 33%, biography-memoir 33%, (none) 33%",,serial-killer,50,generation-ship,46,generation-spanning-saga,45,Four Thousand Weeks: Time and How to Use It | How to Be an Antiracist | Spillover: Animal Infections and the Next Human Pandemic
Accept,new,activate,child-sexual-abuse,3,tag,cross-genre,"romance 20%, contemporary-romance 20%, young-adult 20%",,bisexual,61,bisexual,61,bisexual-or-pansexual,56,My Dark Vanessa | Perfect Match | The Killing Kind
Reject,new,activate,side-cabinet-top,3,tag,cross-genre,"romance 25%, contemporary-romance 25%, (none) 25%",,second-chance,55,enchanted-sleep,51,includes-adult-toys,51,Intermezzo | Immune: A Journey into the Mysterious System That Keeps You Alive | The Death of Ivan Ilych and Other Stories
Reject,new,activate,dezvoltare-personala,3,tag,cross-genre,"self-help 33%, history 33%, (none) 33%",,serial-detective,50,medical-professional,50,interpersonal-character-study,48,The 48 Laws of Power | The Art of Seduction | The Polyvagal Theory in Therapy: Engaging the Rhythm of Regulation
Accept,new,activate,bookshop,3,tag,cross-genre,"fantasy 40%, romance 20%, contemporary 20%",,skyships,50,skyships,50,why-choose,44,Days At The Morisaki Bookshop | The Great When | The Bookshop Below
Accept,new,activate,chile,3,tag,cross-genre,"fantasy 25%, romantasy 25%, history 25%",,thriller,61,thriller,61,creepy-child,58,The House of the Spirits | Distant Star | In the Midst of Winter
Accept,new,activate,long-distance-runners,3,tag,cross-genre,"romance 33%, adventure 33%, biography-memoir 33%",,ancient-ruins,58,ancient-curse,52,ancient-ruins,52,"What I Talk About When I Talk About Running | Unbroken: A World War II Story of Survival, Resilience and Redemption | Born to Run: A Hidden Tribe, Superathletes, and the Greatest Race the World Has Never Seen"
Accept,new,activate,business-development,3,tag,cross-genre,"(none) 33%, self-help 33%, history 33%",,business,57,business,57,small-business-owner,55,Range: Why Generalists Triumph in a Specialized World | Trillion Dollar Coach: The Leadership Playbook of Silicon Valley's Bill Campbell | That Will Never Work: The Birth of Netflix and the Amazing Life of an Idea
Accept,new,activate,automation,3,tag,cross-genre,"(none) 33%, science-&-nature 33%, sci-fi 33%",,teleportation,60,teleportation,60,utopian,58,Algorithms to Live By: The Computer Science of Human Decisions | Co-Intelligence: Living and Working with AI | Seven Surrenders
Accept,review,,chemistry,3,tag,cross-genre,"sci-fi 33%, history 33%, biography-memoir 33%",,history,75,history,75,heist,71,The Rise of Endymion | Stuff Matters | The Elements of Marie Curie: How the Glow of Radium Lit a Path for Women in Science
Accept,new,activate,anti-racism,3,tag,cross-genre,"biography-memoir 33%, young-adult 33%, (none) 33%",,race-against-time,64,magical-realism,61,ancient-ruins,58,How to Be an Antiracist | Antiracist Baby | How to Raise an Antiracist
merge:male-male-romance,new,activate,mm,3,tag,cross-genre,"paranormal-romance 33%, romantasy 33%, romance 22%",,femme,57,femme,57,memoir,50,Don't Let the Forest In | The Mercenary and the Mortician | Dragon Ever After
Reject,new,activate,creepy,3,tag,cross-genre,"romance 25%, historical-romance 25%, horror 25%",,creepy-child,66,creepy-child,66,regency,61,The Woman in White | 100% Match | How to Survive a Horror Story
Accept,new,activate,problem-solving,3,tag,cross-genre,"graphic-novel 33%, biography-memoir 33%, young-adult 33%",,robot-uprising,55,relaxing,52,relaxing,52,How To | The Book of Hope: A Survival Guide for Trying Times | Problem Solving 101: A Simple Book for Smart People
Reject,new,activate,writing-and-publishing,3,tag,cross-genre,"sci-fi 25%, sci-fi-romance 25%, (none) 25%",,travel-writing,55,nature-writing,55,sports-writing,55,Packing for Mars: The Curious Science of Life in the Void | Save the Cat! Writes a Novel: The Last Book On Novel Writing You'll Ever Need | Nobody Wants to Read Your Sh*t: Why That Is And What You Can Do About It
Accept,new,activate,new-zealand,3,tag,cross-genre,"fantasy 25%, fantasy-romance 25%, short-stories 25%",,second-chance,50,new-adult,50,reluctant-hero,48,Daughter of the Forest | The Garden Party and Other Stories | The Penguin History of New Zealand
Reject,new,activate,philly,3,tag,cross-genre,"sci-fi 33%, romance 33%, historical-fiction 33%",,philosophy,62,philosophy,62,thriller,57,"Beautyland | Wayward Lives, Beautiful Experiments: Intimate Histories of Social Upheaval | Murder by Degrees"
Accept,new,activate,animal-experimentation,3,tag,cross-genre,"history 33%, sci-fi 33%, fantasy 33%",,talking-animals,59,teleportation,57,teleportation,57,A Dog's Heart | Virals | The Plague Dogs
Reject,review,,hope,3,tag,cross-genre,"romance 25%, contemporary 25%, historical-fiction 25%",,hopeful,72,hopeful,72,cop,57,Veronika Decides to Die | The Island of Sea Women | Hope In The Dark
Accept,new,activate,advice-columnists,3,tag,cross-genre,"biography-memoir 33%, romance 33%, history 33%",,fae-courts,51,space-colonization,51,band-of-misfits,50,Tiny Beautiful Things: Advice on Love and Life from Someone Who's Been There | Honey & Spice | Dear Mrs. Bird
merge:young-adult,new,activate,teen,3,tag,cross-genre,"sci-fi 33%, sci-fi-romance 16%, romantasy 16%",,tense,66,tense,66,regency,54,Son | Reign | It Started With Goodbye
Reject,new,activate,meditative,3,tag,cross-genre,"romance 20%, historical 20%, self-help 20%",,medical-thriller,61,medical-thriller,61,time-travel,57,Train Dreams | When Things Fall Apart | Into the Riverlands
merge:fantasy,new,activate,fantasy-military-space-opera-adventure,3,tag,cross-genre,"fantasy 40%, fantasy-romance 40%, sci-fi 20%",,found-family-adventuring-party,58,adventure-novels,51,heist-in-a-fantasy-setting,50,SpecOps | Paradise | Black Ops
Accept,new,activate,louisiana,3,tag,cross-genre,"mystery 25%, crime 25%, thriller 25%",,lesbian,62,lesbian,62,listings,58,Definitely Dead | The Butcher Game | Blacksad #4: A Silent Hell
Reject,new,activate,published-2017,3,tag,cross-genre,"romance 33%, contemporary-romance 33%, mystery 16%",,40-lead,45,25-39-lead,41,multiple-pov,38,History is All You Left Me | Long Way Down | Foolish Hearts
Reject,new,activate,amazon,3,tag,cross-genre,"mystery 40%, crime 40%, biography-memoir 20%",,american,57,american,57,small-town,50,No Rules Rules: Netflix and the Culture of Reinvention | The Killer Collective | The Rescue
Accept,review,,science-and-math,3,tag,cross-genre,"self-help 33%, sci-fi 33%, history 33%",,science-fantasy,70,hot-and-spicy,62,mating-bond,59,Waking Up: A Guide to Spirituality Without Religion | The Grand Design | The Age of Wonder: How the Romantic Generation Discovered the Beauty and Terror of Science
Reject,new,activate,surprising,3,tag,cross-genre,"biography-memoir 25%, mystery 25%, crime 25%",,robot-uprising,66,robot-uprising,66,inspiring,63,In Order to Live: A North Korean Girl's Journey to Freedom | La verdad sobre el caso Harry Quebert | The Egg and Other Stories
Reject,review,,argentine-fiction,3,tag,cross-genre,"thriller 25%, romantic-suspense 25%, mystery 25%",,war-fiction,71,detective-fiction,70,narrative-nonfiction,70,Hopscotch | El túnel | Fictions
Reject,new,activate,original,3,tag,cross-genre,"sci-fi 33%, literary-fiction 33%, crime 33%",,emotional,58,emotional,58,love-triangle,47,Whalefall | Pick a Color | Selling the Dream: The Billion-Dollar Industry Bankrupting Americans
merge:american,auto-merge,merge:american,americana,3,tag,cross-genre,"mystery 25%, crime 25%, small-town 25%",,american,94,american,94,erotica,62,The Devil All the Time | Knockemstiff | Southern Bastards
Accept,new,activate,finland,3,tag,cross-genre,"(none) 25%, historical 25%, mystery 25%",,found-family,52,funny,50,funny,50,The Summer Book | The Unknown Soldier | Snow Angels
Accept,new,activate,environmental-conservation-and-protection,3,tag,cross-genre,"history 33%, (none) 33%, science-&-nature 33%",,environmental-collapse-narrative,60,mental-health-representation-as-central-theme,51,one-ring-to-rule-them-all,48,A Life on Our Planet: My Witness Statement and a Vision for the Future | This Is Vegan Propaganda | The Control of Nature
Reject,new,activate,literatura-y-ficci-n,3,tag,cross-genre,"romance 25%, contemporary-romance 25%, sci-fi 25%",,literary-fiction,61,remote-research-facility,45,occult-ritual-gone-wrong,45,King of Sloth | The Land: Founding | The Scarlet Alchemist
merge:fantasy,new,activate,fiction-fantasy-dragons-and-mythical-creatures,3,tag,cross-genre,"fantasy 40%, fantasy-romance 40%, romance 20%",,magical-creatures-as-companions,49,true-crime-adjacent-fiction,49,class-stratification-in-a-future-society,48,"Odyssey | Blood of the Old Kings | The Saga of the Witcher: Blood of Elves, Time of Contempt, Baptism of Fire, The Tower of the Swallow and The Lady of the Lake"
Reject,review,,emotional-payoff,3,tag,cross-genre,"fantasy 33%, romantasy 33%, romance 16%",,emotional,72,emotional,72,space-exploration,54,Children of Fallen Gods | Mother of Death and Dawn | The Hook Up
merge:korean,new,activate,korean-fiction,3,tag,cross-genre,"poetry 33%, young-adult 33%, (none) 33%",,historical-fiction,62,victorian,60,victorian,60,The White Book | I'll Be Right There | The Girl Who Wrote Loneliness
Accept,new,activate,computer-security,3,tag,cross-genre,"mystery 40%, crime 40%, (none) 20%",,amateur-sleuth,58,resource-scarcity-conflict,55,celebrity,53,The Sentinel | Zero Days | Security Engineering
merge:male-male-romance,review,,mmromance,3,tag,cross-genre,"fantasy 40%, romantasy 40%, romance 20%",,romance,87,summer-romance,78,romance,75,God of Fury | A Strange and Stubborn Endurance | All the Hidden Paths
Reject,new,activate,competition-psychology,3,tag,cross-genre,"fantasy 25%, fantasy-romance 25%, sci-fi 25%",,psychology,62,psychology,62,psychological-horror,57,The Cyberiad | Nyxia | Gold
Accept,new,activate,middle-aged-women,3,tag,cross-genre,"romance 20%, contemporary 20%, fantasy 20%",,widow-finding-love-again,48,hate-to-love,48,only-one-bed,48,Pizza Girl | Magical Midlife Madness | Hags: The Demonisation of Middle-Aged Women
Accept,new,activate,bipolar-disorder,3,tag,cross-genre,"biography-memoir 33%, young-adult 33%, (none) 33%",,mail-order-bride,56,epistolary-horror,54,popular-science,51,An Unquiet Mind | The Illustrated Mum | More or Less Maddy
Reject,review,,creative-writing,3,tag,cross-genre,"romance 33%, fantasy 33%, (none) 33%",,travel-writing,80,nature-writing,73,travel-writing,73,"Erotic Stories for Punjabi Widows | The Writer's Journey: Mythic Structure for Writers | 2,000 to 10,000: How to Write Faster, Write Better, and Write More of What You Love"
Accept,new,activate,seas,3,tag,cross-genre,"biography-memoir 33%, adventure 33%, young-adult 33%",,sad,57,hea,57,sad,57,How Far the Light Reaches: A Life in Ten Sea Creatures | The Chase | The Sea Around Us
Accept,review,,artisans,3,tag,cross-genre,"psychology 25%, sci-fi 25%, fantasy 25%",,artist,71,artist,71,american,62,Every Tool's A Hammer: Life Is What You Make It | Emphyrio | Black Unicorn
Reject,new,activate,series-the-primal-hunter,3,tag,cross-genre,"fantasy 40%, fantasy-romance 40%, sci-fi 20%",,parallel-universe-multiverse,51,monster-in-the-dark,51,grief-and-loss-as-central-theme,50,The Primal Hunter 5 | The Primal Hunter 6 | The Primal Hunter 10
Accept,new,activate,project-management,3,tag,cross-genre,"(none) 33%, self-help 33%, psychology 33%",,pet-parent,57,perfect-crime,51,sleeper-agent,51,"The art of doing twice the work in half the time | The PARA Method: Simplify, Organize, and Master Your Digital Life | Empowered: Ordinary People, Extraordinary Products"
Accept,review,,masculinity,3,tag,cross-genre,"biography-memoir 33%, fantasy 33%, (none) 33%",,masculine,80,masculine,80,mac-guffin,57,Sun and Steel | Iron John: A Book About Men | The Way of Men
Accept,new,activate,banks-and-banking,3,tag,cross-genre,"mystery 25%, crime 25%, fantasy 25%",,fake-dating,57,mating-bond,50,kingdoms-at-war,50,"Billion Dollar Whale: The Man Who Fooled Wall Street, Hollywood, and the World | The King's Blood | The House of Morgan: An American Banking Dynasty and the Rise of Modern Finance"
merge:contemporary-fiction,review,,contemporary-novels,3,tag,cross-genre,"fantasy 33%, fantasy-romance 33%, mystery 16%",,contemporary,77,contemporary,77,contemporary-romance,71,Rise of a Merchant Prince | Rides a Dread Legion | Jimmy the Hand
Accept,new,activate,corporate-culture,3,tag,cross-genre,"business-&-economics 33%, sci-fi 33%, (none) 33%",,corporate-dystopia,62,occult-horror,60,corporate-conspiracy,59,"Work Rules!: Insights from Inside Google That Will Transform How You Live and Lead | The Joy of Work: Dilbert's Guide to Finding Happiness at the Expense of Your Co-Workers | Organizational Culture and Leadership, 5th Edition"
merge:gothic,new,activate,fiction-gothic,3,tag,cross-genre,"fantasy 33%, fantasy-romance 16%, romance 16%",,historical-fiction,62,action-thriller,62,speculative-fiction,60,What Stalks the Deep | The Colour Out of Space | Weavingshaw
merge:protective-male-protagonist,new,activate,protective-mmc,3,tag,cross-genre,"fantasy 33%, romantasy 33%, romance 16%",,reflective,58,reflective,58,witness-protection,56,Lord of the Fading Lands | Taming Demons for Beginners | The Hook Up
Accept,new,activate,professor-x-student,3,tag,cross-genre,"fantasy 40%, romantasy 40%, romance 20%",,teacher-professor,63,teacher-student,52,teacher-student,52,Blood Orange | Black Rose | Her Saint
Accept,new,activate,country-homes,3,tag,cross-genre,"fantasy 33%, romance 33%, sci-fi 33%",,court-intrigue-romance,57,monster-romance,57,contemporary-romance,54,Wylding Hall | The House at Riverton | Crome Yellow
Reject,new,activate,gory,3,tag,cross-genre,"fantasy 33%, horror 33%, adventure 33%",,history,54,history,54,polyamory,46,The Library at Hellebore | The Haunted Forest Tour | Puzzle House
Reject,new,activate,castaways,3,tag,cross-genre,"fantasy 33%, (none) 33%, adventure 33%",,fantasy,50,fantasy,50,cozy-fantasy,47,The Winter's Tale | Island | Robinson Crusoe
Reject,new,activate,media-studies,3,tag,cross-genre,"business-&-economics 33%, (none) 33%, science-&-nature 33%",,medical-thriller,62,twist-ending,56,medical-thriller,55,The Practice: Shipping Creative Work | The Last Days of August | Program or Be Programmed: Ten Commands for a Digital Age
Reject,new,activate,insects,3,tag,cross-genre,"mystery 25%, crime 25%, horror 25%",,secret-identity,54,business,53,listings,53,The Queen | Rest Stop | Extraordinary Insects
Reject,new,activate,diplomats,3,tag,cross-genre,"fantasy 25%, fantasy-romance 25%, biography-memoir 25%",,romantasy,55,soulmates,55,romantasy,55,The Traitor Queen | Desert flower | Loving Sabotage
Reject,new,activate,narrator,3,tag,cross-genre,"young-adult 20%, romance 20%, sci-fi 20%",,unreliable-narrator,59,unreliable-narrator,59,horror,57,"Date Me, Bryson Keller | Divinity 36 | The Sword-Witch's Heart"
Reject,new,activate,fables,3,tag,cross-genre,"graphic-novel 33%, fantasy 33%, sci-fi 33%",,fae-courts,50,fae-fantasy,47,fae-fantasy,47,"Fables, Vol. 7: Arabian Nights | Fables, Vol. 10: The Good Prince | The Mysteries"
Reject,new,activate,bonus-chapter,3,tag,cross-genre,"fantasy 33%, (none) 33%, sci-fi 33%",,shapeshifters,53,shapeshifters,53,fae-courts,52,Kings of Quarantine | Kings of Lockdown | Queen of Quarantine
Reject,new,activate,beer,3,tag,cross-genre,"historical-fiction 33%, adventure 33%, history 33%",,cyberpunk,46,celebrity,46,cyberpunk,46,The Lager Queen of Minnesota | McCarthy's Bar | Tasting Beer: An Insider's Guide to the World's Greatest Drink
merge:manga,new,activate,queer-manga,3,tag,cross-genre,"young-adult 33%, romance 33%, history 33%",,queer-coming-of-age,66,magic-user,66,magic-user,57,"Our Dreams at Dusk: Shimanami Tasogare, Vol. 1 | Go for it, Nakamura! | Sick and Dirty: Hollywood’s Gay Golden Age and the Making of Modern Queerness"
Reject,new,activate,criminal-defense-lawyers,3,tag,cross-genre,"mystery 40%, crime 40%, thriller 20%",,criminal-mastermind,55,criminal-mastermind,51,friends-to-lovers,48,The Plea | Blood Defense | In Good Faith
Reject,new,activate,metamorphosis,3,tag,cross-genre,"fantasy 20%, sci-fi 20%, sci-fi-romance 20%",,the-wise-mentor,57,opposites-attract,53,memoir,52,The Golden Ass | The Attack | The Ultimate
Reject,new,activate,omnibus,3,tag,cross-genre,"romance 33%, historical 33%, mystery 16%",,romantasy,50,romantic-suspense,50,romantasy,50,"The Book of Jhereg | Vinland Saga (2‐in‐1 Omnibus), Vol. 4 | Vinland Saga (2‐in‐1 Omnibus), Vol. 3"
Reject,new,activate,erudite,3,tag,cross-genre,"romance 33%, contemporary 33%, fantasy 16%",,medieval,53,medieval,53,meet-cute,50,Juxtaposition | Robot Adept | Phaze Doubt
Reject,new,activate,torture-mcs,3,tag,cross-genre,"romance 25%, paranormal-romance 25%, romantasy 25%",,mentor-figure,58,true-crime,57,epistolary-structure,51,Dark Space | The Alpha's Warlock | How to Train Your Human Omega
Accept,new,activate,male-friendship,3,tag,cross-genre,"young-adult 25%, mystery 25%, crime 25%",,friends-to-lovers,62,friends-to-lovers,56,forbidden-love,55,The Rotters' Club | The Voice of the Night | Birdy
Reject,new,activate,cotswold-hills-england,3,tag,cross-genre,"biography-memoir 25%, adventure 25%, mystery 25%",,legal-thriller,50,action-thriller,48,talking-animals,48,Cider With Rosie | Agatha Raisin and the love from hell | Agatha Raisin and the Witches' Tree
Reject,new,activate,bt-pre-order,3,tag,cross-genre,"romantasy 33%, sci-fi 33%, fantasy 16%",,brother-s-best-friend,54,moderate-spice,53,one-last-scare,53,Moon Blooded Breeding Clinic | Treasure of the Abyss | Taken by the Alien Next Door
Accept,new,activate,ballet,3,tag,cross-genre,"young-adult 33%, romance 33%, (none) 33%",,small-town,50,small-town,50,secret-baby,47,"Ballet Shoes | Anything But Fine | The Swans of Harlem: Five Black Ballerinas, Fifty Years of Sisterhood, and Their Reclamation of a Groundbreaking History"
Reject,review,,parapsychology,3,tag,cross-genre,"fantasy 25%, mystery 25%, crime 25%",,psychology,83,psychology,83,psychological-horror,58,How to Seize a Dragon's Jewel | The Haunting of Alma Fielding | Paranormality: Why we see what isn't there
Reject,new,activate,letters,3,tag,cross-genre,"mystery 25%, romantic-suspense 25%, (none) 25%",,splatterpunk,52,splatterpunk,52,meet-cute,50,Sam's Letters to Jennifer | Love Letters: Vita and Virginia | Last Christmas in Paris: A Novel of World War I
Reject,new,activate,apparitions,3,tag,cross-genre,"young-adult 33%, sci-fi 33%, fantasy 33%",,war-fiction,63,war-fiction,63,artist,58,"The Apparition Phase | Snow | The Ghosts Of Sleath (David Ash, #2)"
Accept,new,activate,vikings,3,tag,cross-genre,"romance 33%, historical 33%, mystery 16%",,listings,66,listings,66,ticking-clock,50,"Vinland Saga (2‐in‐1 Omnibus), Vol. 4 | At First Light | Vinland Saga (2‐in‐1 Omnibus), Vol. 3"
Accept,new,activate,mermaids,3,tag,cross-genre,"romance 40%, paranormal-romance 20%, fantasy 20%",,memoir,57,mysterious,55,mysterious,55,The Seafarer's Kiss | From Tormented Tides | Year of the Mer
Accept,new,activate,cult,3,tag,cross-genre,"romance 40%, paranormal-romance 20%, mystery 20%",,occult-horror,47,occult-horror,47,new-adult,46,Slash Or Pass | That Time I Took Down A Cult | Houses of the Unholy
Accept,new,activate,bloggers,3,tag,cross-genre,"thriller 33%, sci-fi 33%, romance 33%",,low-angst,50,biography,47,biography,47,"One for Sorrow | Wrong Text, Right Love | Hold Me"
merge:literary-fiction,new,activate,literature-and-fiction-genre-fiction-family-life,3,tag,cross-genre,"history 33%, young-adult 33%, thriller 33%",,grief-and-loss-as-central-theme,48,true-crime-adjacent-fiction,48,biographical-historical-fiction,45,The Lives of Others | The Accident | Do Not Disturb
Reject,new,activate,fantastique,3,tag,cross-genre,"romance 25%, contemporary 25%, fantasy 25%",,fantasy,66,science-fantasy,61,urban-fantasy,58,Le Jour des fourmis | Les fourmis | La Révolution des fourmis
Reject,new,activate,manhwa,3,tag,cross-genre,"fantasy 25%, romantasy 25%, sci-fi 25%",,romantasy,53,romantasy,53,romance,46,"Under the Oak Tree: Volume 1 (The Comic) | The Horizon, Vol. 1 | Cherry Blossoms After Winter: Volume 1"
Reject,new,activate,bars-drinking-establishments,3,tag,cross-genre,"fantasy 33%, (none) 33%, sci-fi 33%",,fairy-tale-retelling,50,best-friend-s-sibling,48,best-friend-s-older-sibling,47,Cowboy Feng's Space Bar and Grille | The Fall Back Plan | Callahan's Secret
