decision,book_id,title
approve,openlibrary_OL11385782W,Nightingale Park
approve,openlibrary_OL14873505W,One Day at a Time
approve,openlibrary_OL20040810W,Fear of dying
approve,openlibrary_OL2466931W,The instructor
approve,openlibrary_OL15169819W,Other People's Husbands
approve,hardcover_504044,Part of Your World
approve,hardcover_689599,"Right Man, Right Time"
approve,hardcover_817491,Pucking Wild
approve,hardcover_37638,Anyone But You
approve,hardcover_8238,The Talisman Ring
approve,hardcover_1280948,Outfox
approve,hardcover_689656,The Brood
approve,hardcover_707012,Mrs. Robinson's Disgrace: The Private Diary of a Victorian Lady
approve,armada,Armada
approve,openlibrary_OL14906952W,The True Meaning of Smekday
approve,openlibrary_OL20162066W,The Last 8
approve,openlibrary_OL20078193W,Dead Dead Demon's Dededede Destruction
approve,openlibrary_OL8256900W,Star Trek The Next Generation - Starfleet Academy - Haunted Starship
approve,hardcover_305132,Soon I will be invincible
approve,hardcover_441706,Invasion of the Body Snatchers
approve,hardcover_664241,The Last Exodus
approve,openlibrary_OL19754409W,Between Frost and Fury
approve,hardcover_437796,Gilded
approve,hardcover_6188,Impossible
approve,hardcover_444426,A ​Sky Beyond the Storm
approve,openlibrary_OL21211227W,My Favorite Things
approve,openlibrary_OL16318158W,Grave Mercy
approve,openlibrary_OL17819037W,The sisters Weiss
approve,openlibrary_OL21163109W,Code of Silence
approve,openlibrary_OL20054256W,Starfall
approve,openlibrary_OL473298W,The shadow of Albion
approve,openlibrary_OL1979133W,Beguiled
approve,openlibrary_OL13520142W,Something Like Love
approve,openlibrary_OL14906075W,Always A Scoundrel
approve,openlibrary_OL20056552W,Once a Rebel
approve,openlibrary_OL1865583W,Merrie (Sunfire #25)
approve,openlibrary_OL547106W,The centurion's wife
approve,openlibrary_OL135049W,The Castle Made for Love
approve,openlibrary_OL17501376W,Lost to the Desert Warrior
approve,openlibrary_OL4076191W,Sweet Silken Bondage
approve,openlibrary_OL9224690W,The Spanish Duke's Virgin Bride
approve,openlibrary_OL17012262W,Taken by surprise
approve,openlibrary_OL17805735W,A Scandal in the Headlines
approve,openlibrary_OL18025873W,Claimed by the Sheikh
approve,openlibrary_OL15179710W,Undressed
approve,openlibrary_OL5695901W,Chase the Wind (Apache Runaway #2)
approve,hardcover_460901,Awakened Kingdom
approve,hardcover_179236,Never Seduce a Scot
approve,hardcover_1196904,Pretty Rings and Broken Things
approve,hardcover_261935,Ravishing the Heiress
approve,hardcover_452220,That Can Be Arranged: A Muslim Love Story
approve,openlibrary_OL17559578W,Everbound
approve,openlibrary_OL17827849W,Wild cards
approve,openlibrary_OL15748935W,Smokin' Seventeen
approve,openlibrary_OL17295077W,Everything I never told you
approve,openlibrary_OL14909785W,How to seduce a Texan
approve,openlibrary_OL17575515W,The Last Kiss Goodbye A Novel
approve,openlibrary_OL9003569W,Carinian's Seeker (Vampire Council of Ethics)
approve,openlibrary_OL19633701W,Shadow Keeper (A Shadow Riders Novel Book 3)
approve,openlibrary_OL23535656W,Culpa mía
approve,openlibrary_OL14906473W,Chasing perfect
approve,openlibrary_OL13693747W,Never cry werewolf
approve,openlibrary_OL14934358W,Montana Creeds
approve,openlibrary_OL22309511W,You're the one
approve,openlibrary_OL14651W,Warrior's Song
approve,openlibrary_OL5687100W,Menage
approve,openlibrary_OL24314189W,CLAIMED
approve,openlibrary_OL15399492W,Every Girl's Secret Fantasy
approve,openlibrary_OL5697703W,The Seducer  (Big Apple Bachelors)
approve,openlibrary_OL15191740W,Only With A Cowboy
approve,openlibrary_OL15179053W,Good Girl or Gold-Digger?
approve,openlibrary_OL17887376W,Princess's Secret Baby
approve,openlibrary_OL8110389W,Riding wild
approve,openlibrary_OL15538602W,Pleasure bound
approve,openlibrary_OL8777063W,Zack
approve,openlibrary_OL24434595W,Rock Me
approve,openlibrary_OL15170849W,"Public Affair, Secretly Expecting"
approve,openlibrary_OL17820839W,Scandalous liaisons
approve,openlibrary_OL15184051W,Twelve Nights
approve,openlibrary_OL5756334W,Hard and fast
approve,openlibrary_OL8110381W,Riding on instinct
approve,openlibrary_OL15185720W,Marriage: For Business or Pleasure?
approve,openlibrary_OL20057669W,Bombshell
approve,openlibrary_OL18145254W,Esperanzas ocultas
approve,openlibrary_OL41511957W,Heartthrob
approve,openlibrary_OL8032255W,Risqué business
approve,openlibrary_OL15169875W,Deeper
approve,openlibrary_OL19976860W,If you stay
approve,openlibrary_OL17557302W,All or Nothing
approve,openlibrary_OL24500023W,Scarred
approve,openlibrary_OL41348709W,One Night of Scandal
approve,openlibrary_OL15187100W,"Hot Boss, Boardroom Mistress"
approve,openlibrary_OL26625181W,"It's Christmas, Cowboy"
approve,hardcover_505221,Check & Mate
approve,hardcover_801808,Done and Dusted
approve,hardcover_386389,"Heaven, Texas"
approve,hardcover_480015,Split Second
approve,hardcover_136023,Vendetta
approve,hardcover_339292,Foreplay
approve,openlibrary_OL491798W,All That Glitters
approve,openlibrary_OL16732132W,The Marriage Bargain
approve,openlibrary_OL4028755W,Mind Games
approve,openlibrary_OL13683808W,The tenth case
approve,openlibrary_OL5685273W,Accidentally yours
approve,openlibrary_OL15187926W,The Wealthy Greek's Contract Wife
approve,openlibrary_OL24210325W,Forgotten in Death
approve,openlibrary_OL19090266W,Dark in Death
approve,openlibrary_OL19575W,Dulce Y Amargo
approve,openlibrary_OL15714845W,One Christmas Night
approve,openlibrary_OL17832506W,Uncommon Type
approve,openlibrary_OL25835038W,Unscrupulous
approve,openlibrary_OL15715444W,Virgin For Sale
approve,openlibrary_OL26316241W,On His Terms
approve,openlibrary_OL15172675W,The Italian Count's Defiant Bride
approve,openlibrary_OL17519223W,The Girl Nobody Wanted
approve,openlibrary_OL16059438W,The pregnancy secret
approve,openlibrary_OL15421732W,The Billionaire's Unexpected Heir
approve,openlibrary_OL15170287W,"Powerful Greek, Unworldly Wife"
approve,openlibrary_OL25843212W,Billionaire Bad Boys Club
approve,openlibrary_OL19980504W,The forbidden touch of Sanguardo
approve,openlibrary_OL17666613W,Smooth Sailing
approve,openlibrary_OL20102883W,Christmas in the Billionaire's Bed (Kavanaghs of Silver Glen #3)
approve,openlibrary_OL17393416W,The Greek's pregnant lover
approve,openlibrary_OL15172986W,"Playboy Boss, Live-In Mistress"
approve,openlibrary_OL15185534W,The Oilman's Baby Bargain
approve,openlibrary_OL15173131W,The Italian's Ruthless Marriage Bargain
approve,openlibrary_OL21766261W,Billionaire's Bridal Bid
approve,openlibrary_OL17454545W,Up Close And Personal
approve,openlibrary_OL15188516W,Blackmailed into the Greek Tycoon's Bed
approve,openlibrary_OL15527712W,"Playboy Noss, Live-In Mistress"
approve,openlibrary_OL18011547W,The Uncompromising Italian
approve,openlibrary_OL21395612W,The Devil's Kiss
approve,openlibrary_OL15182879W,The Millionaire's Misbehaving Mistress
approve,openlibrary_OL9482510W,Taken by the maverick millionaire
approve,openlibrary_OL15182164W,"Billionaire, M.D."
approve,openlibrary_OL21471162W,Caught in the Billionaire's Embrace
approve,openlibrary_OL15180468W,"His Ring, Her Baby"
approve,openlibrary_OL17555072W,The Sarantos Secret Baby
approve,openlibrary_OL17739342W,The Billionaire's Fake Engagement
approve,openlibrary_OL3476022W,"Ruthless Billionaire, Inexperienced Mistress"
approve,openlibrary_OL15189731W,BONDED
approve,openlibrary_OL15335813W,Kept for Her Baby
approve,openlibrary_OL17416568W,Caught In The Billionaires Embrace
approve,openlibrary_OL15177335W,"Ruthless Boss, Royal Mistress"
approve,openlibrary_OL15183117W,"Virgin Mistress, Scandalous Love-Child"
approve,openlibrary_OL15171430W,High-Society Secret Baby
approve,openlibrary_OL16707492W,"Have baby, need billionaire"
approve,openlibrary_OL17415693W,The Paternity Promise
approve,openlibrary_OL20983380W,The bride Fonseca needs
approve,openlibrary_OL17714555W,Wanting What She Can't Have
approve,openlibrary_OL9224677W,Di Cesare's Pregnant Mistress
approve,openlibrary_OL20303033W,The Man to Be Reckoned With
approve,openlibrary_OL17479565W,Ready For Her Closeup
approve,openlibrary_OL20887837W,A marriage fit for a sinner
approve,openlibrary_OL18141648W,Christmas in Da Conti's Bed
approve,openlibrary_OL19967448W,The secret Casella baby
approve,openlibrary_OL21559003W,Fonseca's Fury
approve,openlibrary_OL15191748W,Kyriakis's Innocent Mistress
approve,openlibrary_OL15180411W,Wedding at King's Convenience
approve,openlibrary_OL5804892W,Bought
approve,openlibrary_OL15177620W,Bought
approve,openlibrary_OL21766555W,Glimmer
approve,openlibrary_OL17543154W,A Perfect Husband
approve,openlibrary_OL17566896W,Not a Marrying Man                            Harlequin Presents
approve,openlibrary_OL17745355W,The Unclaimed Baby
approve,openlibrary_OL15121896W,The Timber Baron's Virgin Bride
approve,openlibrary_OL15175357W,Ruthless Awakening
approve,openlibrary_OL20053606W,A fare to remember
approve,openlibrary_OL21543154W,When Da Silva Breaks the Rules
approve,openlibrary_OL16620528W,The billionaire's handler.wrong title It started with a house
approve,openlibrary_OL17443847W,Unlocking Her Innocence
approve,openlibrary_OL15173253W,"Proud Greek, Ruthless Revenge"
approve,openlibrary_OL8031323W,The Millionaire's Proposition
approve,openlibrary_OL5808509W,Bought By Her Husband
approve,openlibrary_OL15190430W,Three Times A Bridesmaid...
approve,openlibrary_OL15180005W,The Billionaire's Blackmail Bargain
approve,openlibrary_OL17789460W,Marriage made of secrets
approve,openlibrary_OL15351554W,"Brooding Billionaire, Impoverished Princess"
approve,openlibrary_OL17422308W,In the Australian Billionaire's Arms
approve,openlibrary_OL19980512W,Since I saw you
approve,openlibrary_OL18448109W,La tentacion vive al lado
approve,openlibrary_OL17735565W,Hired for the Boss's Bedroom
approve,openlibrary_OL15179603W,The British Billionaire's Innocent Bride
approve,openlibrary_OL17387284W,The Greeks Pregnant Lover
approve,openlibrary_OL15149640W,Pregnant with the Billionaire's Baby
approve,openlibrary_OL15715744W,The Latin lover
approve,openlibrary_OL17451695W,The Incorrigible Playboy
approve,openlibrary_OL17411339W,Sophie And The Scorching Sicilian
approve,openlibrary_OL26183825W,Una negociación millonaria
approve,openlibrary_OL17796310W,Challenging Dante
approve,openlibrary_OL17798905W,Breakaway
approve,openlibrary_OL17409123W,Imprisoned by a vow
approve,openlibrary_OL15171703W,"Ruthless Magnate, Convenient Wife"
approve,openlibrary_OL17711260W,Second Chance With The Billionaire
approve,openlibrary_OL20032936W,Hottest mess
approve,openlibrary_OL1902463W,The Marriage Agenda
approve,hardcover_506443,The Fine Print
approve,hardcover_572347,The Brothers Hawthorne
approve,hardcover_1539721,Cruel Winter with You
approve,hardcover_506083,Unhinged
approve,hardcover_1430187,Summer in the City
approve,hardcover_629010,Chasing Love
approve,hardcover_961067,Between Commitment and Betrayal
approve,hardcover_689174,Liars Like Us
approve,hardcover_70975,Blue-Eyed Devil
approve,hardcover_619337,The Club
approve,hardcover_238859,Claim Me
approve,hardcover_1000106,Cruel Paradise
approve,hardcover_507822,The Pearl Sister
approve,the_queen_of_the_tearling,The Queen of the Tearling
approve,openlibrary_OL16518061W,The blood keeper
approve,hardcover_308248,Sea Glass
approve,openlibrary_OL16142513W,The Cold Commands
approve,openlibrary_OL8122275W,Seeing Redd
approve,openlibrary_OL8488892W,Vampire Academy
approve,openlibrary_OL24204911W,Star
approve,openlibrary_OL19090233W,Fire Bound (Sea Haven)
approve,openlibrary_OL5683690W,All I want for Christmas is a vampire
approve,openlibrary_OL8110367W,Real Vampires Don't Diet
approve,openlibrary_OL15938681W,Kill the dead
approve,openlibrary_OL24212004W,Twice Bitten
approve,openlibrary_OL16726702W,The Eldritch conspiracy
approve,openlibrary_OL16499999W,Black Night
approve,openlibrary_OL8369457W,Veil of midnight
approve,openlibrary_OL16240282W,Copper Beach
approve,openlibrary_OL18166574W,An Unforgettable Lady
approve,openlibrary_OL17440604W,One Lucky Vampire
approve,openlibrary_OL5683858W,Turbulent Sea
approve,openlibrary_OL19994381W,The Sin Eater's daughter
approve,openlibrary_OL17696538W,Just One Kiss
approve,openlibrary_OL26926W,Fire and Ice
approve,openlibrary_OL25515697W,Twisted Games
approve,openlibrary_OL7962667W,Spencer's Shadow  (The Spencer Brothers)
approve,openlibrary_OL2645198W,Heart of Courage
approve,openlibrary_OL15171162W,Delicious
approve,openlibrary_OL8110358W,Decadent
approve,openlibrary_OL19723967W,Bodyguard
approve,openlibrary_OL15180127W,Going Down Hard
approve,openlibrary_OL17797754W,Unexpected temptation
approve,openlibrary_OL27013576W,Texas captive
approve,openlibrary_OL15715658W,Hawk's Way Rogues
approve,hardcover_502368,The Bodyguard
approve,hardcover_482733,The Stardust Thief
approve,hardcover_69036,Night Shift
approve,hardcover_584776,The Ashfire King
approve,openlibrary_OL15517484W,Black Wings
approve,openlibrary_OL15174986W,Marchese's Forgotten Bride
approve,openlibrary_OL4071193W,"Wrong Place, Wrong Time"
approve,openlibrary_OL20054232W,Pyromantic
approve,openlibrary_OL16474346W,Riding the waves
approve,openlibrary_OL20305984W,Shackled to the Sheikh
approve,openlibrary_OL15170068W,"Hot Boss, Wicked Nights"
approve,openlibrary_OL15187901W,At the Boss's Beck and Call
approve,openlibrary_OL24250384W,Being me
approve,openlibrary_OL15096543W,The Millionaire Boss's Reluctant Mistress
approve,openlibrary_OL19988653W,Anything he wants & Castaway
approve,openlibrary_OL15175016W,Overtime in the Boss's Bed
approve,openlibrary_OL20889278W,No molestar
approve,openlibrary_OL16620529W,Expecting the boss's baby
approve,openlibrary_OL16533145W,Beauty and the Brooding Boss
approve,openlibrary_OL15184105W,In Bed with the Boss
approve,openlibrary_OL15105636W,"Bound, branded, & brazen"
approve,hardcover_817419,Swift and Saddled
approve,openlibrary_OL16700215W,A fool's gold Christmas
approve,openlibrary_OL17881164W,Leaving Amarillo
approve,openlibrary_OL16587243W,The playboy's gift
approve,openlibrary_OL8747011W,Lenore
approve,openlibrary_OL17407472W,Zombie Holocaust
approve,openlibrary_OL27701159W,"Benny Rose, the Cannibal King"
approve,openlibrary_OL453697W,Small Gods
approve,openlibrary_OL20002278W,Archivist wasp
approve,hardcover_428656,The Ruin of Kings
approve,hardcover_1107240,Third Eye
approve,mirror_dance,Mirror Dance
approve,where_late_the_sweet_birds_sang,Where Late the Sweet Birds Sang
approve,openlibrary_OL18008624W,Cain's blood
approve,openlibrary_OL16591837W,Beta (Annex #1)
approve,openlibrary_OL26412328W,A Shocking Thing
approve,openlibrary_OL15453061W,"Star wars, the clone wars"
approve,openlibrary_OL19996150W,Invaded
approve,openlibrary_OL17904422W,The Originals
approve,openlibrary_OL20131256W,Wang's Carpets
approve,openlibrary_OL19999595W,Ultimate Star Wars
approve,openlibrary_OL20093965W,The Tiger Flu
approve,hardcover_427990,All These Worlds
approve,hardcover_428002,Heaven's River
approve,hardcover_456778,Victories Greater Than Death
approve,hardcover_439993,Noumenon
approve,hardcover_728973,A Borrowed Man
approve,hardcover_356920,Spares
approve,hardcover_768633,The Lord of Opium
approve,the_rebel_worlds,The Rebel Worlds
approve,hardcover_29618,The Queen's Rising
approve,openlibrary_OL9394972W,Black Ships
approve,hardcover_146704,The Curse of Chalion
approve,hardcover_440172,Matrix
approve,hardcover_475428,Prince of the Blood
approve,hardcover_445478,The Baker's Boy
approve,hardcover_448608,The Immortal Prince
approve,hardcover_358204,Casket of Souls
approve,hardcover_485149,Imager's Battalion
approve,hardcover_318551,Mistwood
approve,ubik,Ubik
approve,the_bastard_legion412,The Bastard Legion
approve,openlibrary_OL20118357W,Frankissstein
approve,openlibrary_OL19963113W,When we wake
approve,openlibrary_OL59733W,The Door into Summer
approve,openlibrary_OL15640060W,Frozen in time
approve,hardcover_437937,The Songs of Distant Earth
approve,hardcover_383701,Remnant Population
approve,hardcover_468390,Who Goes There?
approve,hardcover_94931,The Death of Sleep
approve,openlibrary_OL14955224W,The Shriker
approve,hardcover_39973,The Assassin's Curse
approve,hardcover_109482,The Pirate's Wish
approve,hardcover_452077,Curse of the Night Witch
approve,hardcover_1927259,The Book of Blood and Roses
approve,hardcover_466020,The Fallen Kingdom
approve,hardcover_517240,The Halloween Moon
approve,in_the_garden_of_iden,In the Garden of Iden
approve,veteran,Veteran
approve,reality_36,Reality 36
approve,the_science_of_avatar,The Science of Avatar
approve,the_northern_star,The Northern Star: The Beginning
approve,openlibrary_OL16282945W,Cinder
approve,openlibrary_OL17933051W,Dark days
approve,openlibrary_OL20288803W,Winter
approve,openlibrary_OL16646361W,Only superhuman
approve,openlibrary_OL547165W,The Risen Empire
approve,openlibrary_OL17867106W,Defy the Worlds
approve,openlibrary_OL3975948W,Hong on the range
approve,hardcover_35970,The Difference Engine 
approve,hardcover_461009,Glitches
approve,hardcover_429030,LIFEL1K3
approve,hardcover_470487,Ghost in the Shell
approve,hardcover_455031,The Body Scout
approve,hardcover_161428,"He, She and It"
approve,hardcover_148618,How Firm a Foundation
approve,hardcover_606595,Hell's Foundations Quiver
approve,hardcover_675161,The World of Cyberpunk 2077
approve,hardcover_2191230,The Obake Code
approve,openlibrary_OL16341298W,Possess
approve,openlibrary_OL3500211W,"Maps of heaven, maps of hell"
approve,openlibrary_OL17902944W,Shutter
approve,the_dragon_and_the_george,The Dragon and the George
approve,tome_of_the_undergates,Tome of the Undergates
approve,the_hobbit_illustrated_edition,The Hobbit: Illustrated Edition
approve,the_forgotten_beasts_of_eld,The Forgotten Beasts of Eld
approve,the_order_of_the_scales,The Order of the Scales
approve,dragon_queen,Dragon Queen
approve,navola,Navola
approve,openlibrary_OL16475179W,Mercy burns
approve,openlibrary_OL5954753W,The Two Pearls of Wisdom
approve,openlibrary_OL2895538W,In a glass darkly
approve,openlibrary_OL17274040W,Nimona
approve,openlibrary_OL16664287W,The Mark of Athena
approve,openlibrary_OL20001136W,The dragon conspiracy
approve,openlibrary_OL19669290W,Seriously wicked
approve,openlibrary_OL16817807W,Dragon Juctice
approve,openlibrary_OL111623W,Dance of the Gods
approve,openlibrary_OL27389473W,A Destiny of Dragons
approve,openlibrary_OL8120385W,Der Mondscheindrache
approve,openlibrary_OL17373844W,A Taste of Honey
approve,openlibrary_OL15385937W,A Prince Among Frogs
approve,openlibrary_OL20438840W,Master of the Phantom Isle
approve,openlibrary_OL19985600W,Frostborn
approve,openlibrary_OL19979253W,A creature of moonlight
approve,openlibrary_OL100075W,Wolfcry
approve,openlibrary_OL4092150W,Hatching Magic
approve,openlibrary_OL16654028W,Rain & fire
approve,openlibrary_OL59798W,A Wizard of Earthsea
approve,openlibrary_OL17627670W,Dragon Warrior IV
approve,openlibrary_OL3347888W,The real Middle-earth
approve,openlibrary_OL3474638W,Fantasy Stories
approve,openlibrary_OL455476W,Tanglewood Tales
approve,openlibrary_OL21975400W,Le chasseur de monstres
approve,openlibrary_OL20028208W,Sticks & stones
approve,openlibrary_OL18016709W,Fire & Blood
approve,openlibrary_OL15034194W,Merlin's Dragon
approve,openlibrary_OL16167048W,The crippled god
approve,openlibrary_OL19731296W,Dragon bones
approve,openlibrary_OL16043133W,Dragonheart
approve,openlibrary_OL17367208W,Prairie fire
approve,openlibrary_OL15069174W,Secrets of the Dragon Sanctuary
approve,openlibrary_OL17833335W,Dragonwatch
approve,openlibrary_OL2666390W,Keeper of the Dream
approve,openlibrary_OL14912632W,Dragonseye
approve,openlibrary_OL73330W,Dragon's Kin
approve,openlibrary_OL24262013W,Dark Sun
approve,openlibrary_OL2234926W,Lord Peter Views the Body
approve,openlibrary_OL20011984W,My diary from the edge of the world
approve,openlibrary_OL15936024W,Fox and Phoenix
approve,openlibrary_OL15942372W,The Book of Dragons
approve,openlibrary_OL16641252W,Imaginary Lands
approve,openlibrary_OL17079158W,Dangerous Women
approve,openlibrary_OL25069352W,Heretic
approve,openlibrary_OL14934215W,The Dragon's Lair (The Lost Journals of Ven Polypheme #3)
approve,openlibrary_OL19744501W,Onyx & ivory
approve,openlibrary_OL27517W,Farmer Giles of Ham
approve,hardcover_48701,The Dragon Reborn
approve,hardcover_81913,A Memory of Light
approve,hardcover_469338,Six Crimson Cranes
approve,hardcover_384242,The Dragon Keeper
approve,hardcover_123427,Shadow of the Hegemon
approve,hardcover_260573,The Ship of the Dead
approve,hardcover_428969,Fireborne
approve,hardcover_445968,A Darkness at Sethanon
approve,hardcover_427996,One Word Kill
approve,hardcover_445966,The Other Wind
approve,hardcover_463833,"The Fork, the Witch, and the Worm"
approve,hardcover_445522,The Red Knight
approve,hardcover_119295,A Spell for Chameleon
approve,hardcover_384710,Shadow and Betrayal
approve,hardcover_446049,Dragon Wing
approve,hardcover_53978,Dragon's Egg
approve,hardcover_39566,King of the Murgos
approve,hardcover_365850,The Masked City
approve,hardcover_1018793,Impossible Creatures
approve,hardcover_809696,A Pirate's Life for Tea
approve,hardcover_218523,Tess of the Road
approve,hardcover_228799,The Burning Page
approve,hardcover_446011,Polgara the Sorceress
approve,hardcover_342280,The Last Dragonslayer
approve,hardcover_474132,Voyage of the Basilisk
approve,hardcover_450922,Highfire
approve,hardcover_362001,Dragonsbane
approve,hardcover_106613,The King's Blood
approve,hardcover_456403,The Lost Plot
approve,hardcover_611123,Promised in Fire
approve,hardcover_1801831,Violet Thistlewaite Is Not a Villain Anymore
approve,hardcover_154104,Moreta: Dragonlady of Pern
approve,hardcover_1058810,Dragonfruit
approve,hardcover_299191,Here Be Dragons
approve,hardcover_458019,The Knight
approve,hardcover_468483,The Widow's House
approve,hardcover_458803,Within the Sanctuary of Wings
approve,hardcover_456550,The Mortal Word
approve,hardcover_465290,The Name of All Things
approve,hardcover_439339,In the Vanishers’ Palace
approve,hardcover_468484,The Spider's War
approve,hardcover_386472,Naamah's Kiss
approve,hardcover_547364,Dragons of a Fallen Sun
approve,hardcover_445662,Damsel
approve,hardcover_466009,Mistress of All Evil
approve,hardcover_27892,Incarnate
approve,hardcover_1409284,Tea You at the Altar
approve,hardcover_882745,"Dark Star Burning, Ash Falls White"
approve,hardcover_567819,Sinister Magic
approve,hardcover_1109607,Of Dice and Men: The Story of Dungeons & Dragons and The People Who Play It
approve,hardcover_228415,A Tale Dark & Grimm
approve,hardcover_81342,Dragon Bones
approve,hardcover_295413,Before She Ignites
approve,hardcover_177354,Dragons of a Vanished Moon
approve,hardcover_338722,Dragon Slippers
approve,hardcover_1291,Eragon & Eldest
approve,hardcover_359154,The Harsh Cry of the Heron
approve,hardcover_37880,Dragon's Blood
approve,hardcover_235333,Slathbog's Gold
approve,hardcover_457755,The Wizard
approve,hardcover_7785,The Walled City
approve,hardcover_71650,How to Steal a Dragon's Sword
approve,hardcover_365815,How to Seize a Dragon's Jewel
approve,hardcover_132455,Darkspell
approve,hardcover_450876,Ember and the Ice Dragons
approve,hardcover_458486,Soldier
approve,hardcover_219522,Joust
approve,hardcover_779,A Princess of Landover
approve,hardcover_330056,DragonSpell
approve,hardcover_355085,Roadmarks
approve,hardcover_461325,Legion
approve,hardcover_429364,Blood Oath
approve,hardcover_458936,Inferno
approve,hardcover_452351,Shatter the Sky
approve,hardcover_12191,The Queen of Ieflaria
approve,hardcover_474118,Scales and Sensibility
approve,hardcover_83681,"Jeremy Thatcher, Dragon Hatcher"
approve,hardcover_458150,Fool on the Hill
approve,hardcover_187548,Alta
approve,hardcover_245479,Days of Blood and Fire
approve,hardcover_71923,A Turn of Light
approve,hardcover_453935,Fire and Heist
approve,hardcover_445959,Goblin War
approve,hardcover_603507,Empire of Imagination: Gary Gygax and the Birth of Dungeons & Dragons
approve,hardcover_459741,"Of Dragons, Feasts and Murders"
approve,hardcover_186285,Dragon Flight
approve,hardcover_2126466,A Shadow of All Night Falling
approve,hardcover_289727,Steles of the Sky
approve,hardcover_35044,Dragon Spear
approve,hardcover_201758,Nightseer
approve,hardcover_376172,Pet Peeve
approve,hardcover_269383,The Everafter War
approve,hardcover_173030,A Sending of Dragons
approve,hardcover_315334,The Shadow Isle
approve,hardcover_614397,The Sorcerer of Pyongyang
approve,hardcover_15977,In the Hall of the Dragon King
approve,hardcover_229932,The Fire Ascending
approve,hardcover_142953,Heart's Blood
approve,hardcover_568591,The Way of the Sword
approve,hardcover_460388,Battle Born
approve,hardcover_65275,Holy Smokes
approve,hardcover_594647,Realm of the Reaper
approve,hardcover_223911,The Bride and the Beast
approve,hardcover_224724,Understand the Unknown
approve,hardcover_83166,DragonQuest
approve,hardcover_548343,Blood Politics
approve,hardcover_448462,The Big Book of Modern Fantasy
approve,hardcover_362082,Dragon Outcast
approve,wolfhound_century,Wolfhound Century
approve,openlibrary_OL17557211W,Maggot Moon
approve,openlibrary_OL19726029W,The forever ship
approve,hardcover_435685,V for Vendetta
approve,hardcover_137358,Amatka
approve,hardcover_441119,Bannerless
approve,hardcover_225451,The Pillowman
approve,hardcover_603599,Batman: Year 100
approve,hardcover_178007,The Wild Dead
approve,grunts,Grunts!
approve,orcs,Orcs
approve,openlibrary_OL25451809W,Not Good for Maidens
approve,openlibrary_OL20006078W,Mara the Meerkat Fairy
approve,openlibrary_OL17380017W,Alice the Tennis Fairy
approve,openlibrary_OL20007439W,Nightborn
approve,openlibrary_OL15937127W,Zoe the Skating Fairy
approve,openlibrary_OL17375668W,Naomi the Netball Fairy
approve,openlibrary_OL15189535W,Child of a Dead God
approve,openlibrary_OL15678434W,Pia the Penguin Fairy
approve,openlibrary_OL2960934W,Women's Encyclopedia of Myths and Secrets
approve,openlibrary_OL15450W,Phantastes
approve,openlibrary_OL5886992W,Willow the Wednesday Fairy
approve,openlibrary_OL14990241W,The heart of glass
approve,openlibrary_OL15678415W,Courtney the Clownfish Fairy
approve,openlibrary_OL17449054W,Jessie the Lyrics Fairy
approve,openlibrary_OL16821091W,Samantha the Swimming Fairy
approve,openlibrary_OL15678436W,Ally the Dolphin Fairy
approve,openlibrary_OL16576179W,Gemma the Gymnastics Fairy
approve,openlibrary_OL453787W,Lords and Ladies
approve,openlibrary_OL261589W,Starless Night
approve,openlibrary_OL4884258W,Labyrinth
approve,openlibrary_OL27466W,Unfinished Tales of Númenor and Middle-earth
approve,openlibrary_OL17868812W,The burning crown
approve,openlibrary_OL16630746W,Song of the Serpent
approve,openlibrary_OL17829700W,Goblins
approve,openlibrary_OL16126139W,The empire of gut and bone
approve,hardcover_1088816,The Devils
approve,hardcover_474056,The Blacktongue Thief
approve,hardcover_445851,Age of Swords
approve,hardcover_769714,Kaiju: Battlefield Surgeon
approve,hardcover_454251,Nine Goblins
approve,hardcover_446051,Elven Star
approve,hardcover_382420,Rides a Dread Legion
approve,hardcover_446278,At the Gates of Darkness
approve,hardcover_436624,The Weird: A Compendium of Strange and Dark Stories
approve,hardcover_445972,Murder in LaMut
approve,hardcover_34756,The Demon Awakens
approve,hardcover_158070,Morgoth's Ring
approve,hardcover_337948,Stitching Snow
approve,hardcover_446169,In Sylvan Shadows
approve,hardcover_56893,The Serpent's Shadow
approve,hardcover_271668,Dissolution
approve,hardcover_1826886,Recipes for an Unexpected Afterlife
approve,hardcover_262760,Tinker
approve,hardcover_446257,The Dragon Revenant
approve,hardcover_38996,The Goblin Reservation
approve,hardcover_51547,Kindred Spirits
approve,hardcover_174770,"Tanis, the Shadow Years"
approve,hardcover_446178,The Demon Spirit
approve,hardcover_1436703,Galaphile
approve,hardcover_51558,Arthur Spiderwick's Field Guide to the Fantastical World Around You
approve,hardcover_303431,Faery Lands Forlorn
approve,hardcover_23415,The Silver Mage
approve,openlibrary_OL8961686W,Full House
approve,hardcover_506428,Twisted Hate
approve,hardcover_1619128,Go Luck Yourself
approve,hardcover_804096,Not All Himbos Wear Capes
approve,hardcover_508779,Must Love Silence
approve,the_lost_cause,The Lost Cause
approve,openlibrary_OL44084313W,What We Can Know
approve,hardcover_328930,Marked
approve,openlibrary_OL5691327W,My nerdy valentine
approve,openlibrary_OL167362W,Slightly Sinful
approve,openlibrary_OL20140570W,Frankly in love
approve,openlibrary_OL553689W,Jewel
approve,openlibrary_OL25419727W,Montana Wild
approve,openlibrary_OL17459007W,With This Fling
approve,openlibrary_OL15172389W,"A Long, Hard Ride"
approve,openlibrary_OL15142359W,"Hot-shot tycoon, indecent proposal"
approve,openlibrary_OL17860011W,A SEAL's kiss
approve,openlibrary_OL16454944W,Fortune Found (Fortunes of Texas
approve,hardcover_368596,The Wedding Date
approve,hardcover_658781,The Love Wager
approve,hardcover_471514,The Risk
approve,hardcover_728059,Fly with Me
approve,hardcover_1124599,The Kiss Countdown
approve,hardcover_1744164,Winging It With You
approve,hardcover_1399860,Lessons In Faking
approve,hardcover_178587,Wife for Hire
approve,hardcover_1099754,Purple Hearts
approve,pandoras_star,Pandora's Star
approve,openlibrary_OL17712010W,Starhawk
approve,openlibrary_OL46373W,Nemesis
approve,openlibrary_OL28715221W,Pack of Her Own
approve,openlibrary_OL5688736W,Eternally
approve,openlibrary_OL18166085W,Vanished
approve,hardcover_525971,Rejected
approve,hardcover_496712,Broken Mate
approve,my_heart_is_a_chainsaw,My Heart is a Chainsaw
approve,hardcover_436462,The Final Girl Support Group
approve,hardcover_1195044,Slashed
approve,openlibrary_OL79594W,Star Trek - Strangers From the Sky
approve,openlibrary_OL20935746W,Star Trek Voyager - A Pocket Full of Lies
approve,openlibrary_OL116029W,Preserver
approve,openlibrary_OL14982060W,Eifelheim
approve,hardcover_1974594,Children of Strife
approve,hardcover_362672,Earth Awakens
approve,hardcover_1310,Orphanage
approve,hardcover_84489,Infinity Beach
approve,hardcover_264318,Deliverer
approve,openlibrary_OL27432616W,Delirium
approve,openlibrary_OL17814556W,All the Crooked Saints
approve,openlibrary_OL21028063W,Better Off Red
approve,openlibrary_OL17565881W,Sirens Desire                            Dark Tides Novel
approve,openlibrary_OL19972362W,Through the smoke
approve,openlibrary_OL15386762W,Taken by Midnight
approve,openlibrary_OL8755338W,Redeemed in Darkness
approve,openlibrary_OL19987722W,The Jewel
approve,openlibrary_OL5947759W,Sweetwater Saga
approve,openlibrary_OL17347831W,"Dorothy, the Terrified"
approve,openlibrary_OL2906099W,The Price of Desire
approve,openlibrary_OL15334283W,The Welcoming
approve,openlibrary_OL16030182W,To spite the devil
approve,openlibrary_OL17198072W,Friction
approve,openlibrary_OL17358762W,The Marriage of Opposites
approve,openlibrary_OL20035195W,Monsoon summer
approve,openlibrary_OL16798385W,El tango de la Guardia Vieja
approve,openlibrary_OL455546W,The Scarlet Letter
approve,openlibrary_OL19960932W,Calling me home
approve,openlibrary_OL19983591W,The secret sky
approve,openlibrary_OL999468W,Upon A Moon-Dark Moor
approve,openlibrary_OL23732W,The Forest House
approve,openlibrary_OL2452306W,Mariana
approve,openlibrary_OL5695219W,The Borrowed Bride
approve,openlibrary_OL5725323W,Autumn bridge
approve,openlibrary_OL9495842W,The Dowry Bride
approve,openlibrary_OL15175301W,All Night Long
approve,openlibrary_OL8488870W,Animal Lust
approve,openlibrary_OL17380163W,His Forbidden Passion
approve,openlibrary_OL8366652W,Pagan voyager
approve,openlibrary_OL15689096W,Cheyenne captive
approve,hardcover_445982,Robot Adept
approve,hardcover_689075,Great and Precious Things
approve,hardcover_234971,Someone to Watch Over Me
approve,hardcover_1124627,The Tearsmith: A Novel
approve,hardcover_616361,Blackhearts
approve,hardcover_455266,Dirty Little Secret
approve,hardcover_5118,The Marriage Mistake
approve,openlibrary_OL11903852W,Call of the highland moon
approve,hardcover_1217845,The Christmas Tree Farm
approve,hardcover_471171,Beard Necessities
approve,hellbent,Hellbent
approve,the_grim_company,The Grim Company
approve,openlibrary_OL29317320W,Keeping My Pack
approve,hardcover_428815,A Tempest of Tea
approve,hardcover_1250834,Not for the Faint of Heart
approve,hardcover_1807804,Cello's Gate
approve,hardcover_441211,Cold Welcome
approve,hardcover_485015,Revisionary
approve,hardcover_1925736,City of Others
approve,openlibrary_OL20049343W,We are still tornadoes
approve,openlibrary_OL16654667W,The Last Girlfriend on Earth
approve,openlibrary_OL17803811W,To Tame A Cowboy
approve,hardcover_5759,Bed of Roses
approve,the_abyss_beyond_dreams,The Abyss Beyond Dreams
approve,openlibrary_OL17929309W,Star Trek Corps of Engineers - Grand Designs
approve,hardcover_436937,Terms of Enlistment
approve,hardcover_468137,Fleet of Knives
approve,hardcover_480537,The Worst of All Possible Worlds
approve,startide_rising,Startide Rising
approve,misspent_youth,Misspent Youth
approve,prey,Prey
approve,city,City
approve,the_world_jones_made,The World Jones Made
approve,openlibrary_OL19993432W,Code Zero
approve,openlibrary_OL381550W,The Island of Dr. Moreau
approve,openlibrary_OL46881W,Jurassic Park
approve,openlibrary_OL16597018W,Above World (Above World #1)
approve,openlibrary_OL20004471W,Deadly design
approve,openlibrary_OL19721397W,Spliced
approve,openlibrary_OL5337410W,The Final Warning
approve,openlibrary_OL19997994W,Charisma
approve,openlibrary_OL20048705W,Lilac attack!
approve,openlibrary_OL5730139W,Broken Angels
approve,openlibrary_OL16263195W,The games
approve,openlibrary_OL19841805W,The Early Stuff
approve,openlibrary_OL28885074W,Soul Forged
approve,hardcover_214074,Blood Music
approve,hardcover_377503,The Demon in the Freezer
approve,hardcover_429704,In Search of Schrödinger's Cat
approve,hardcover_125451,Altered
approve,hardcover_438745,Alone
approve,hardcover_343292,Threshold
approve,hardcover_181930,Tankborn
approve,openlibrary_OL24267881W,Grave danger
approve,openlibrary_OL20937249W,Ghost detectors
approve,openlibrary_OL13480W,Jade Green
approve,openlibrary_OL16486458W,The ghost of Graylock
approve,openlibrary_OL3338190W,The Curse of the Blue Figurine
approve,openlibrary_OL20019742W,Mary
approve,openlibrary_OL2247556W,Eustace
approve,openlibrary_OL17889896W,The Curse of PCA (Zoey 101 #10)
approve,openlibrary_OL15998555W,The revenant
approve,openlibrary_OL16068550W,Victorian Ghost Stories
approve,openlibrary_OL15401683W,The ghost's grave
approve,openlibrary_OL24744269W,The Taking of Jake Livingston
approve,openlibrary_OL20054023W,The ghost of Grotteskew
approve,openlibrary_OL20056023W,Grief cottage
approve,openlibrary_OL1983039W,The Ghost of Thomas Kempe
approve,openlibrary_OL37619187W,Compound Fracture
approve,openlibrary_OL496537W,Ghostly companions
approve,openlibrary_OL8476718W,The Great Book of Thrillers
approve,openlibrary_OL17708417W,Paper Valentine
approve,openlibrary_OL23304737W,Rock & roll!
approve,openlibrary_OL2006659W,Stonewords
approve,openlibrary_OL85809W,Poltergoose
approve,openlibrary_OL2986015W,The ghost sitter
approve,openlibrary_OL3470243W,"The rise of supernatural fiction, 1762-1800"
approve,openlibrary_OL19991893W,Spirit's key
approve,openlibrary_OL8317321W,"Buffy, the vampire slayer"
approve,openlibrary_OL8786221W,The Sword of Cortés
approve,openlibrary_OL8166225W,Poltergeist
approve,openlibrary_OL30144919W,Soul Sign
approve,hardcover_56069,A Choir of Ill Children
approve,moodreads_6923,The Pumpkin Spice Café
approve,hardcover_544098,All Rhodes Lead Here
approve,hardcover_585405,A Dead and Stormy Night
approve,openlibrary_OL14850009W,Dunc and the Flaming Ghost
approve,openlibrary_OL773506W,The funniest haunted house book ever!
approve,openlibrary_OL29257016W,La mujer que veia fantasmas
approve,openlibrary_OL19713935W,Midnight at Madame Leota's
approve,openlibrary_OL18147720W,Monster mansion
approve,openlibrary_OL19968056W,Ghost in the house
approve,openlibrary_OL15077060W,Haunted Houses
approve,openlibrary_OL29238614W,Tadeo Tomate y su amigo fantasma
approve,openlibrary_OL15168171W,Ghost Stories
approve,openlibrary_OL17077412W,The Whispering Skull
approve,openlibrary_OL17912730W,The gloomy ghost
approve,openlibrary_OL14863213W,Ghost and horror stories of Ambrose Bierce [24 stories]
approve,openlibrary_OL19974668W,Secrets at the chocolate mansion
approve,openlibrary_OL17077942W,Horrorstör
approve,hardcover_506391,Twin Crowns
approve,openlibrary_OL5737667W,The skinner
approve,hardcover_463344,The Last Question
approve,hardcover_323520,"Diamond Dogs, Turquoise Days"
approve,hardcover_492559,Anybody Home?
approve,the_other_end_of_time,The Other End Of Time
approve,old_mans_war,Old Man's War
approve,openlibrary_OL17749903W,Defy the Stars
approve,openlibrary_OL2816419W,The IDIC Epidemic
approve,openlibrary_OL100125W,Berserker
approve,openlibrary_OL46385W,The Currents of Space
approve,openlibrary_OL15546835W,Star Trek Deep Space Nine - The Search
approve,openlibrary_OL56834W,Babel-17
approve,hardcover_430689,Star Wars: From a Certain Point of View
approve,hardcover_160046,War of Honor
approve,hardcover_486382,The Apocalypse Troll
approve,hardcover_943285,Queen of Roses
approve,openlibrary_OL17525251W,Nice Girls don't live forever
approve,openlibrary_OL20060102W,Letters to the lost
approve,openlibrary_OL112313W,Scandal
approve,openlibrary_OL19984663W,The counterfeit heiress
approve,openlibrary_OL5686648W,A few good men
approve,hardcover_1249835,The Book Swap
approve,openlibrary_OL106199W,Summer Light
approve,openlibrary_OL17875090W,The sweet spot
approve,openlibrary_OL15158716W,Almost Innocent
approve,openlibrary_OL12000146W,Paradise rules
approve,hardcover_437686,One Day in December
approve,hardcover_58063,Everything and the Moon
approve,openlibrary_OL16563997W,The madman's daughter
approve,openlibrary_OL15742973W,The Host
approve,openlibrary_OL20077992W,Machines Like Me
approve,openlibrary_OL20812373W,Within Ash and Stardust
approve,openlibrary_OL13683849W,The yellow house
approve,openlibrary_OL731732W,We the living
approve,openlibrary_OL1882619W,Antony and Cleopatra
approve,openlibrary_OL6031030W,Enchanted again
approve,openlibrary_OL17449333W,The Prince's Pregnant Bride
approve,openlibrary_OL19737134W,Just one lie
approve,openlibrary_OL9214855W,Swing
approve,openlibrary_OL6031028W,Enchanted
approve,hardcover_2041939,How to Kill a Guy in Ten Dates
approve,hardcover_22245,SuperMutant Magic Academy
approve,hardcover_699488,James Potter and the Vault of Destinies
approve,openlibrary_OL15171899W,Trick of the Light
approve,hardcover_461271,Wrath of Empire
approve,hardcover_1295276,Bull Moon Rising
approve,openlibrary_OL15165995W,Bride of the Wolf
approve,openlibrary_OL1984375W,The piano
approve,openlibrary_OL28007W,McKettrick's choice
approve,openlibrary_OL28023W,High Country Bride (The McKettrick Series #1)
approve,openlibrary_OL15171471W,The Hand-Me-Down Family
approve,openlibrary_OL50808W,Ransom of love
approve,openlibrary_OL553675W,A chance at love
approve,openlibrary_OL22060148W,A Wanton Woman
approve,openlibrary_OL17531371W,Weddings under a Western Sky
approve,openlibrary_OL50821W,Until the daybreak
approve,openlibrary_OL5685289W,Wild West Wife (Montana Mavericks)
approve,openlibrary_OL20925456W,The outlaw takes a bride
approve,openlibrary_OL5887583W,The Bride Wore Spurs
approve,openlibrary_OL15093604W,Walker's wedding
approve,hardcover_434842,The Buddha in the Attic
approve,openlibrary_OL22310105W,Gossamer wing
approve,openlibrary_OL17493386W,Deception Cove
approve,openlibrary_OL98586W,Summer
approve,openlibrary_OL21800658W,A Suitable March / A Gentle Awakening
approve,openlibrary_OL553683W,Through the Storm
approve,openlibrary_OL2719887W,The husband list
approve,openlibrary_OL4058258W,An Independent Woman
approve,openlibrary_OL17795215W,Haunted by the earl's touch
approve,openlibrary_OL1902362W,Noelle
approve,openlibrary_OL5810109W,Must have been the moonlight
approve,openlibrary_OL21208318W,White River Brides
approve,openlibrary_OL1902352W,Midnight Rider
approve,openlibrary_OL15182687W,Bride in a Gilded Cage
approve,openlibrary_OL15171552W,The Billionaire's Bride of Convenience
approve,openlibrary_OL15186704W,The Billionaire's Bride of Innocence
approve,openlibrary_OL18166147W,Expecting the Rancher's Heir
approve,openlibrary_OL24823965W,Dulce rendición
approve,openlibrary_OL5810787W,The virgin's price
approve,openlibrary_OL4033707W,Brighter than gold
approve,openlibrary_OL20653370W,Cowboy Creek Christmas
approve,openlibrary_OL8149686W,Ride to Raton
approve,hardcover_437862,Devil in Spring
approve,hardcover_698580,Grayson's Vow
approve,hardcover_532003,A Wicked Kind of Husband
approve,hardcover_377254,Friday's child
approve,slant,Slant
approve,forever_peace,Forever Peace
approve,openlibrary_OL16167358W,BZRK
approve,openlibrary_OL14861736W,Physics of the Impossible
approve,openlibrary_OL8423519W,"Tim, Defender of the Earth!"
approve,hardcover_310097,"The Future of Humanity: Terraforming Mars, Interstellar Travel, Immortality and Our Destiny Beyond Earth"
approve,hardcover_578041,Moonwar
approve,abhorsen,Abhorsen
approve,johannes_cabal_the_necromancer,Johannes Cabal the Necromancer
approve,necroscope,Necroscope
approve,dead_beat,Dead Beat
approve,openlibrary_OL17924646W,13 days of midnight
approve,openlibrary_OL17795115W,Blood noir
approve,openlibrary_OL5810961W,No Humans Involved
approve,openlibrary_OL17924619W,Red delicious
approve,openlibrary_OL16646364W,Three parts dead
approve,openlibrary_OL19707535W,The Midnight Witch
approve,openlibrary_OL14937050W,"Bullet (Anita Blake, Vampire Hunter)"
approve,openlibrary_OL16509807W,Infamous
approve,openlibrary_OL17079377W,Necromancer's Apprentice
approve,openlibrary_OL19201932W,Severed Souls
approve,hardcover_624232,Bookshops & Bonedust
approve,hardcover_36790,Emperor of Thorns
approve,hardcover_286709,The Bone Witch
approve,hardcover_430989,A Stranger in Olondria
approve,hardcover_512874,The Damnation Game
approve,hardcover_1198141,Days of Shattered Faith
approve,hardcover_511355,The Necromancer's House
approve,hardcover_458497,The Death of the Necromancer
approve,hardcover_316830,Harpist in the Wind
approve,hardcover_459222,Into the Fire
approve,hardcover_616254,Malum Discordiae
approve,hardcover_520497,The Enterprise of Death
approve,hardcover_448668,Finn Fancy Necromancy
approve,hardcover_990695,The Barrow Will Send What it May
approve,hardcover_648196,From the Teeth of Angels
approve,openlibrary_OL25034900W,Reborn
approve,moodreads_6927,Beautiful Disaster
approve,openlibrary_OL13938W,Wilderness
approve,openlibrary_OL28588005W,Who Wants to Marry a Doctor?
approve,openlibrary_OL15842901W,Friday night chicas
approve,openlibrary_OL503075W,Welcome to Temptation
approve,openlibrary_OL4409110W,She Ain't The One
approve,openlibrary_OL468597W,Dead Sexy
approve,openlibrary_OL35391647W,Enflamed
approve,openlibrary_OL17418369W,Have Me
approve,openlibrary_OL15180027W,Pregnant with the De Rossi Heir
approve,openlibrary_OL15177514W,Spontaneous
approve,openlibrary_OL15179191W,Body Check
approve,openlibrary_OL24139401W,Fall on Your Knees
approve,openlibrary_OL8032249W,Unleashed
approve,openlibrary_OL17388853W,A Ring to Secure His Heir
approve,openlibrary_OL5806086W,Her sexiest surprise
approve,openlibrary_OL8052044W,Seduced by the storm
approve,openlibrary_OL25589812W,Indigo Ridge
approve,hardcover_429089,The Score
approve,hardcover_572594,Iris Kelly Doesn't Date
approve,hardcover_461308,Hello Stranger
approve,hardcover_655651,Tattered
approve,hardcover_538,Empire of Sin
approve,hardcover_1292063,Curvy Girl Summer
approve,hardcover_501622,Twisted Perfection
approve,hardcover_379180,Seducing an Angel
approve,openlibrary_OL3522029W,Seize the night
approve,openlibrary_OL15184488W,Twin Blessings and Toward Home
approve,openlibrary_OL17445846W,Seductive and Scandalous
approve,hardcover_503839,Under One Roof
approve,hardcover_433725,This Time Next Year
approve,hardcover_383676,Seize the Night
approve,eon,Eon
approve,the_nomad_of_time,The Nomad of Time
approve,the_blood_red_city,The Blood Red City
approve,kirkus_chris_kluwe_shades_of_forever,Shades Of Forever
approve,openlibrary_OL19976336W,"Now write! Science fiction, fantasy, and horror"
approve,openlibrary_OL17332803W,A Darker Shade of Magic
approve,openlibrary_OL19740011W,How Long 'Til Black Future Month
approve,openlibrary_OL15397385W,Farthing
approve,openlibrary_OL17785472W,Our Mathematical Universe
approve,openlibrary_OL17426112W,The Journal Of Curious Letters
approve,openlibrary_OL16215118W,Planesrunner
approve,hardcover_436455,The Grand Design
approve,hardcover_93,"Parallel Worlds: A Journey through Creation, Higher Dimensions, and the Future of the Cosmos"
approve,hardcover_437034,How Rory Thorne Destroyed the Multiverse
approve,hardcover_48721,Invictus
approve,hardcover_37799,Voyage
approve,hardcover_459283,Caine's law
approve,hardcover_483276,Fair coin
approve,hardcover_225461,Hell's Gate
approve,hardcover_474292,Implied Spaces
approve,hardcover_305608,Dissonance
approve,openlibrary_OL5757964W,The minotaur : a novelization
approve,openlibrary_OL17873326W,The wrong side of magic
approve,hardcover_469768,Fairy Tale
approve,hardcover_677677,Hunt on Dark Waters
approve,sea_of_rust,Sea of Rust
approve,openlibrary_OL14958765W,Alien Sex
approve,openlibrary_OL34960984W,The Shivering Ground & Other Stories
approve,openlibrary_OL19704926W,The wicked within
approve,openlibrary_OL17868372W,The fire sermon
approve,openlibrary_OL21179028W,Arena two
approve,openlibrary_OL26329199W,Withered + Sere
approve,openlibrary_OL16126431W,The hunger games companion
approve,openlibrary_OL16572034W,Shot down
approve,openlibrary_OL16361038W,For darkness shows the stars
approve,openlibrary_OL17316793W,Love In The Time Of Global Warming
approve,openlibrary_OL17714836W,The last wild
approve,openlibrary_OL74293W,Riddley Walker
approve,openlibrary_OL20725318W,Tech-Noir Film
approve,openlibrary_OL19659660W,A Whisper of Horses [Paperback] Zillah Bethell
approve,openlibrary_OL445765W,The other side of the island
approve,hardcover_429157,I Have No Mouth and I Must Scream
approve,hardcover_197936,Who Fears Death
approve,hardcover_125810,Sand
approve,hardcover_242772,Enclave
approve,hardcover_438188,Sweet Tooth: The Return
approve,hardcover_336198,Shovel Ready
approve,hardcover_448563,The Electric Kingdom
approve,hardcover_82214,In the After
approve,hardcover_196943,Tentacle
approve,hardcover_459539,The Inexplicables
approve,hardcover_461441,DEV1AT3
approve,hardcover_178087,Dead of Winter
approve,hardcover_102220,The New Hunger
approve,hardcover_66117,The High King of Montival
approve,hardcover_314697,Hollowland
approve,hardcover_479675,The Survivors
approve,hardcover_1705103,Bits & Pieces
approve,deadhouse_gates,Deadhouse Gates
approve,openlibrary_OL5715360W,May Bird
approve,openlibrary_OL8833987W,The Everborn
approve,openlibrary_OL5714297W,Midnight
approve,openlibrary_OL15980243W,The Son of Neptune
approve,openlibrary_OL5735350W,Gregor and the Prophecy of Bane
approve,openlibrary_OL16807730W,House of Hades
approve,openlibrary_OL265501W,Into the Wild
approve,openlibrary_OL17059943W,The Blood of Olympus
approve,openlibrary_OL492642W,The Last Olympian
approve,openlibrary_OL19975470W,Promise of shadows
approve,openlibrary_OL8777002W,Scions
approve,openlibrary_OL20026866W,Bloodtraitor
approve,openlibrary_OL5757591W,The Explosionist
approve,openlibrary_OL5714310W,The Darkest Hour
approve,openlibrary_OL27036364W,Yellowfang's Secret
approve,openlibrary_OL14906959W,Eclipse
approve,openlibrary_OL24333134W,Moonrise
approve,openlibrary_OL31961267W,Bluestar's Prophecy
approve,openlibrary_OL5735344W,Gregor and the Code of Claw
approve,openlibrary_OL5714309W,Outcast
approve,openlibrary_OL16102508W,Gerald and the Wee People
approve,openlibrary_OL19668202W,The son of Neptune
approve,openlibrary_OL20911305W,The herald
approve,openlibrary_OL17553159W,Chasing the Prophecy
approve,openlibrary_OL2913409W,Tragedy's end
approve,openlibrary_OL73425W,Triumph of the Darksword
approve,openlibrary_OL73407W,Doom of the Darksword
approve,openlibrary_OL3261123W,The Fiery Cross
approve,openlibrary_OL2755514W,Daughter of Troy
approve,openlibrary_OL5730141W,The Steel Remains
approve,openlibrary_OL18179070W,Snowbone
approve,openlibrary_OL5714304W,The Sight
approve,openlibrary_OL20915958W,"Bone, fog, ash & star"
approve,openlibrary_OL17455355W,Sign of the Moon
approve,hardcover_384434,New Spring
approve,hardcover_82110,Pawn of Prophecy
approve,hardcover_289044,Midnight Tides
approve,hardcover_440987,Magician's Gambit
approve,hardcover_437918,The Daylight War
approve,hardcover_3403,Queen of Sorcery
approve,hardcover_74743,Castle of Wizardry
approve,hardcover_428757,The Black Witch
approve,hardcover_593604,The Sun and the Star: A Nico di Angelo Adventure
approve,hardcover_225783,The Core
approve,hardcover_1513595,Guardians of the West
approve,hardcover_467480,Where the Drowned Girls Go
approve,hardcover_446135,Night of Knives
approve,hardcover_122314,Un Lun Dun
approve,hardcover_157341,The Secret of the Nagas
approve,hardcover_447392,The Desert Prince
approve,hardcover_349327,Trickster's Queen
approve,hardcover_453942,The Burning Sky
approve,hardcover_450904,The Other Side of the Sky
approve,hardcover_448671,Starless
approve,hardcover_459101,The Edge of Worlds
approve,hardcover_99045,Soul Harvest
approve,hardcover_249640,Green
approve,hardcover_511647,A Ruinous Fate
approve,hardcover_324229,Apollyon
approve,hardcover_22421,Lord Arthur Savile's Crime
approve,hardcover_453786,The Evil Queen
approve,hardcover_481943,The Stormcaller
approve,hardcover_80399,Tiger's Destiny
approve,hardcover_448566,A Traveler at the Gates of Wisdom
approve,hardcover_367304,Warriors: The Rise of Scourge
approve,hardcover_157607,Shattered Sky
approve,hardcover_2118788,Verity Guild
approve,hardcover_223623,Echoes of the Great Song
approve,hardcover_285589,A hero at the end of the world
approve,hardcover_508322,The Storyteller
approve,hardcover_161068,Deathstalker Coda
approve,hardcover_41811,The Taste of Night
approve,hardcover_698038,The Shadow Prince
approve,down_station,Down Station
approve,openlibrary_OL2887147W,"Deltora Quest, Special Edition Books 1-4"
approve,openlibrary_OL17883771W,Woven
approve,openlibrary_OL8044381W,The second siege
approve,openlibrary_OL17357734W,The Raven King
approve,openlibrary_OL492640W,The Battle of the Labyrinth
approve,openlibrary_OL17923565W,Night and Silence
approve,openlibrary_OL2918682W,The curse of the Raven Mocker
approve,openlibrary_OL5683445W,The Sword of Shannara
approve,openlibrary_OL17820693W,The strange maid
approve,openlibrary_OL15845270W,Spirit Walker (Chronicles of Ancient Darkness #2)
approve,openlibrary_OL19755246W,The battle of the Labyrinth
approve,openlibrary_OL16126177W,The scorpions of Zahir
approve,openlibrary_OL5714074W,The Shadow Speaker
approve,hardcover_746655,The Unmaking of June Farrow
approve,hardcover_440979,Son of the Storm
approve,hardcover_446924,A Plague of Giants
approve,hardcover_1060268,Celestial Monsters
approve,hardcover_236591,Dawn
approve,hardcover_102592,"Mirror, Mirror"
approve,hardcover_457071,Son of the Shadows
approve,hardcover_156874,Firestar's Quest
approve,hardcover_597547,La Regenta
approve,hardcover_1196080,約束のネバーランド 13
approve,hardcover_1124681,The Baker and the Bard: A Cozy Fantasy Adventure
approve,hardcover_469611,Artemis Awakening
approve,hardcover_586771,Beauty Sleep
approve,hardcover_484444,Across The Face Of The World
approve,hardcover_1805576,The King Must Die
approve,hardcover_113796,Witchlanders
approve,openlibrary_OL17216130W,Hereafter
approve,hardcover_468176,The Cabin at the End of the World
approve,hardcover_444508,Robot Uprisings
approve,openlibrary_OL19347801W,Staked: The Iron Druid Chronicles
approve,openlibrary_OL10614077W,The ranch
approve,openlibrary_OL17931654W,Romance is my day job
approve,openlibrary_OL48935W,"Third Angel, The"
approve,openlibrary_OL2239502W,Count the Ways
approve,openlibrary_OL17517830W,Seduction Never Lies
approve,openlibrary_OL19922194W,Daisy Jones & The Six
approve,openlibrary_OL6608971W,Sing About Us (Wildfire)
approve,hardcover_501631,Fallen Too Far
approve,hardcover_585143,Kiss the Girl
approve,hardcover_1760837,If Not for My Baby
approve,hardcover_817586,Good Girl
approve,hardcover_322499,The Cat Who Walks Through Walls
approve,hardcover_448901,Catfishing on CatNet
approve,hardcover_448912,Medusa Uploaded
approve,hardcover_237975,Old Twentieth
approve,openlibrary_OL14871656W,Keeper of the bride
approve,openlibrary_OL17356259W,Three Sisters
approve,openlibrary_OL15175359W,Secret Fantasy
approve,openlibrary_OL14871635W,Presumed Guilty & Keeper Of The Bride
approve,openlibrary_OL17926584W,In Bed with a Rogue
approve,openlibrary_OL15179141W,The Millionaire's Christmas Wife
approve,openlibrary_OL8488802W,Pure sex
approve,openlibrary_OL4059948W,Ranch Stud (Wild West Weddings)
approve,openlibrary_OL17652177W,Big sky wedding
approve,openlibrary_OL17828084W,Love Letters
approve,openlibrary_OL17459780W,Dark Skye
approve,openlibrary_OL26426831W,Snowed
approve,openlibrary_OL8032446W,His Little Cowgirl
approve,openlibrary_OL15383433W,Chesapeake Shores Christmas
approve,openlibrary_OL761278W,The Cajun Cowboy
approve,openlibrary_OL59380W,Come Love A Stranger
approve,openlibrary_OL14906539W,Upon A Midnight Clear
approve,openlibrary_OL14920315W,A Regency Christmas Feast
approve,hardcover_437354,The Stationery Shop
approve,hardcover_458367,The Revenge of Seven
approve,hardcover_278395,You Had Me At Hello
approve,hardcover_703795,"Run Away With Me, Girl 1"
approve,openlibrary_OL17464369W,Princess From The Shadows
approve,hardcover_505239,Life's Too Short
approve,openlibrary_OL15947217W,Heir of Novron
approve,hardcover_428932,A Vow So Bold and Deadly
approve,hardcover_287220,Return to Del
approve,hardcover_177386,Child of the Dark Prophecy
approve,hardcover_484053,"A Long, Long Sleep"
approve,openlibrary_OL19997978W,Bloodkin
approve,openlibrary_OL19650670W,Lake Silence
approve,openlibrary_OL5682767W,Blood bound
approve,openlibrary_OL15672855W,River Marked
approve,openlibrary_OL17445824W,Gunmetal Magic
approve,openlibrary_OL20020535W,Fire touched
approve,openlibrary_OL1819839W,Dingo
approve,openlibrary_OL5810949W,Frostbitten
approve,openlibrary_OL14909688W,"Moon Sworn (Riley Jenson, Guardian, Book 9)"
approve,openlibrary_OL5692976W,Feverborn
approve,openlibrary_OL5682778W,Iron kissed
approve,openlibrary_OL82351W,"All Together Dead (Southern Vampire Mysteries, Book 7)"
approve,openlibrary_OL14906097W,Silver borne
approve,openlibrary_OL5682786W,Bone Crossed
approve,openlibrary_OL13522801W,The beasts of Barakhai
approve,openlibrary_OL3929002W,The grey horse
approve,hardcover_169276,Paul Takes the Form of a Mortal Girl
approve,hardcover_386191,Magic Breaks
approve,hardcover_473425,Demonglass
approve,hardcover_454394,The Forbidden Wish
approve,hardcover_458533,Shifting Shadows: Stories From the World of Mercy Thompson
approve,hardcover_198774,Dark Side of the Moon
approve,hardcover_246885,Succubus on Top
approve,hardcover_465613,Hot and Badgered
approve,hardcover_548331,Bloodfire
approve,hardcover_280097,Changeling
approve,hardcover_296476,Snakecharm
approve,hardcover_548334,Bloodmagic
approve,openlibrary_OL11903853W,Dark Highland Fire
approve,openlibrary_OL14906812W,My Big Fat Supernatural Wedding
approve,openlibrary_OL19947271W,Witch wolf
approve,openlibrary_OL15168768W,"Dark Angel, The Chosen, Soulmate"
approve,openlibrary_OL461898W,The Lunatic Cafe (Anita Blake)
approve,openlibrary_OL15078851W,My Big Fat Supernatural Honeymoon
approve,openlibrary_OL9302695W,Sharp Teeth
approve,openlibrary_OL34984182W,Dar wilka
approve,openlibrary_OL82357W,Dead to the World
approve,openlibrary_OL16652651W,A perfect blood
approve,openlibrary_OL15383345W,Eat Prey Love
approve,openlibrary_OL26366778W,All That Remains
approve,openlibrary_OL17502224W,Nice Girls Don't Date Dead Men
approve,openlibrary_OL17711038W,Kitty raises hell
approve,openlibrary_OL17511619W,Kodiak Chained
approve,openlibrary_OL13842616W,Road trip of the living dead
approve,openlibrary_OL17399406W,Primal Law
approve,openlibrary_OL17376486W,Shifters Captive
approve,openlibrary_OL24707460W,Hunter's Descent
approve,openlibrary_OL19995230W,Dead heat
approve,openlibrary_OL8029241W,Unforgiven
approve,openlibrary_OL14960916W,"Beyond the Darkness (Guardians of Eternity, Book 6)"
approve,openlibrary_OL17458803W,Heart Of The Highland Wolf
approve,openlibrary_OL17567569W,Darkness Hunts                            Dark Angels
approve,openlibrary_OL16517784W,Kitty's house of horrors
approve,openlibrary_OL5754448W,Undead and unwelcome
approve,openlibrary_OL17839468W,Werewolf in Alaska
approve,openlibrary_OL19975618W,Silence of the wolf
approve,openlibrary_OL14954385W,Edge of danger
approve,openlibrary_OL14954387W,Touch of Seduction (Hqn)
approve,openlibrary_OL16071619W,Unleashed
approve,openlibrary_OL5848524W,"Dangerous Games (Riley Jensen, Guardian, Book 4)"
approve,openlibrary_OL19995227W,Vision in Silver
approve,openlibrary_OL25294092W,Dead Ever After
approve,openlibrary_OL15941874W,Spell Bound
approve,openlibrary_OL8958919W,The accidental human
approve,openlibrary_OL20893014W,"Her Perfect Mate (X-Ops, #1)"
approve,openlibrary_OL17941331W,Unclaimed
approve,openlibrary_OL16240610W,Big bad beast
approve,openlibrary_OL13750032W,Mortal Sins (World of the Lupi # 5)
approve,openlibrary_OL20147880W,Hunter's Rise
approve,openlibrary_OL25827023W,Spencer's Secret
approve,openlibrary_OL8842704W,Hotter After Midnight
approve,openlibrary_OL17495889W,Frost Burned
approve,openlibrary_OL17855259W,Kiss Me Deadly
approve,openlibrary_OL15173291W,The Mane Squeeze
approve,openlibrary_OL16105686W,Within the Shadows of Mortals (Book 2 in the Ashen Twilight Series)
approve,openlibrary_OL15172916W,Belong to the Night
approve,openlibrary_OL15180943W,Intertwined
approve,openlibrary_OL90562W,Operation Chaos
approve,openlibrary_OL19982570W,The witch with no name
approve,openlibrary_OL14925038W,The Frenzy
approve,openlibrary_OL15070436W,Linger
approve,openlibrary_OL17528445W,Black Howl
approve,openlibrary_OL15671392W,Savage Nature
approve,openlibrary_OL111621W,Valley of Silence
approve,openlibrary_OL14906135W,Undead in the Garden of Good and Evil / The Claire Switch Project / Chaotic / Dead Man Dating
approve,openlibrary_OL5682781W,Moon called
approve,openlibrary_OL19086598W,Hot Blooded (Jessica McClain Book 2)
approve,openlibrary_OL548903W,The Horse Goddess
approve,openlibrary_OL18652051W,Jane Slayre
approve,openlibrary_OL16105682W,A Kiss of Ashen Twilight (Book 1 in the Ashen Twilight Series)
approve,openlibrary_OL20187044W,Dead After Dark
approve,openlibrary_OL19729029W,The squirrel on the train
approve,openlibrary_OL3020911W,Castle Skull
approve,openlibrary_OL8052045W,Taming the fire
approve,openlibrary_OL8777027W,Wild instinct
approve,openlibrary_OL15187007W,BOOTY CALL
approve,openlibrary_OL5808048W,My sister is a werewolf
approve,openlibrary_OL8777021W,Caleb
approve,hardcover_232184,Witches Abroad
approve,hardcover_135686,Hammered
approve,hardcover_467013,Cry Wolf
approve,hardcover_468626,Monster Hunter Nemesis
approve,hardcover_1043164,Bored Gay Werewolf
approve,hardcover_548716,Awake at Dawn
approve,hardcover_27716,Kitty Goes to Washington
approve,hardcover_19193,Beauty and the Werewolf
approve,hardcover_146699,Moonlight
approve,hardcover_215587,Harvest Hunting
approve,hardcover_339597,Hexbound
approve,openlibrary_OL21229708W,Later
approve,openlibrary_OL18199565W,The Sun is Also a Star
approve,openlibrary_OL8029650W,Something Beautiful
approve,openlibrary_OL14909856W,Love Me Forever
approve,openlibrary_OL26772648W,After the Bite
approve,openlibrary_OL5826850W,Wait till your vampire gets home
approve,openlibrary_OL17356257W,A Seaside Christmas
approve,openlibrary_OL14961077W,Secrets she left behind
approve,openlibrary_OL175371W,Simply Love
approve,openlibrary_OL1961453W,Seaview Inn
approve,openlibrary_OL21597746W,Rescuing the Cowboy
approve,openlibrary_OL4778051W,Snowfall at Willow Lake
approve,openlibrary_OL17869091W,Rocky Mountain cowboy
approve,openlibrary_OL19970865W,Someone else's love story
approve,openlibrary_OL1911535W,Yours and Mine
approve,openlibrary_OL17883418W,Candlelight Christmas
approve,openlibrary_OL14922006W,That Holiday Feeling
approve,openlibrary_OL1961437W,Ask Anyone
approve,openlibrary_OL16548729W,Sunrise point
approve,openlibrary_OL17873442W,A Star for Mrs. Blake
approve,openlibrary_OL27072917W,The Cowboy Cookie Challenge
approve,openlibrary_OL1810255W,"Nora, Nora"
approve,openlibrary_OL20051023W,One perfect lie
approve,openlibrary_OL19062380W,Their Christmas angel
approve,openlibrary_OL5692343W,Drive Me Wild
approve,openlibrary_OL19985735W,Crashed
approve,openlibrary_OL15179888W,Tender to His Touch
approve,openlibrary_OL7530605W,The Street Sweeper
approve,openlibrary_OL17400516W,The Daddy Catch
approve,openlibrary_OL17449977W,Princess In The Making
approve,openlibrary_OL2630219W,Made for Sex
approve,openlibrary_OL17533363W,Bachelor Dad
approve,openlibrary_OL17739363W,Sheriff needs a nanny
approve,openlibrary_OL16587240W,Snowbound with her hero
approve,openlibrary_OL16454946W,What the Single Dad Wants...
approve,openlibrary_OL40837726W,She Asked for It
approve,openlibrary_OL5756333W,Flat-out sexy
approve,openlibrary_OL16001650W,The Baby Twins
approve,openlibrary_OL17682560W,His For The Taking
approve,openlibrary_OL4409122W,Something On the Side
approve,openlibrary_OL17739382W,Finding her way home
approve,openlibrary_OL17516198W,No Stranger To Scandal
approve,openlibrary_OL17483610W,Tall Dark Texas Ranger
approve,openlibrary_OL5807781W,The Cowboy's Ideal Wife
approve,openlibrary_OL8029558W,Wyoming Wildcat
approve,openlibrary_OL21796389W,Rebel Cowboy's Quadruplets
approve,openlibrary_OL555409W,To tame a renegade
approve,hardcover_222122,"Love, Rosie"
approve,hardcover_1201014,The Au Pair Affair
approve,hardcover_884118,Five Brothers
approve,hardcover_475540,Silverview
approve,hardcover_1242678,Nine Month Contract
approve,hardcover_689661,Coach
approve,hardcover_689399,Whispers of You
approve,hardcover_804083,Until It Fades
approve,hardcover_435733,Restless
approve,openlibrary_OL17470003W,Saint Odd
approve,openlibrary_OL17930363W,Sleeping Beauties
approve,openlibrary_OL80178W,Charlotte Gray
approve,openlibrary_OL1095403W,"Villette, a novel"
approve,openlibrary_OL14990578W,Desire Untamed
approve,openlibrary_OL16726643W,Dream Eyes
approve,openlibrary_OL1846827W,Animal Dreams Cloth Signed
approve,openlibrary_OL2754905W,All over creation
approve,openlibrary_OL15221636W,South of resurrection
approve,openlibrary_OL488450W,"Comfort and Joy (Hannah, Kristin)"
approve,openlibrary_OL111547W,Carnal Innocence
approve,openlibrary_OL111543W,Birthright
approve,openlibrary_OL111472W,Remember When
approve,openlibrary_OL20038349W,Margherita's notebook
approve,openlibrary_OL27051232W,If You Dare
approve,openlibrary_OL14860041W,Blue Sage
approve,openlibrary_OL5686681W,The Woman For Dusty Conrad
approve,hardcover_735358,Witch of Wild Things
approve,hardcover_1641355,The Shots You Take
approve,hardcover_466107,The City Baker's Guide to Country Living
approve,hardcover_339846,Shelter Mountain
approve,hardcover_1268106,Seeing Red
approve,openlibrary_OL111419W,Novels (Dance to the Piper / Last Honest Woman)
approve,openlibrary_OL17850436W,The Daddy Diaries
approve,openlibrary_OL17406119W,Two In The Saddle Boones Bounty
approve,openlibrary_OL77856W,Taltos
approve,openlibrary_OL14909228W,An Enchanted Season
approve,openlibrary_OL19863664W,The Immortal Hunter
approve,openlibrary_OL17827534W,Endless
approve,openlibrary_OL17827436W,Empower
approve,openlibrary_OL491803W,Strangers In The Night
approve,openlibrary_OL8777172W,Dream Specter
approve,lord_of_light,Lord of Light
approve,openlibrary_OL21092800W,Edge of Dark
approve,openlibrary_OL17828392W,Tin star
approve,openlibrary_OL20086663W,Speculative Blackness
approve,openlibrary_OL4653554W,Tom Swift and his Outpost in Space
approve,hardcover_775856,Orbital
approve,hardcover_977047,"Y: The Last Man Vol, 1 Unmanned"
approve,hardcover_1231119,Hammajang Luck
approve,hardcover_138326,Engaging the Enemy
approve,hardcover_132834,The Sands of Mars
approve,hardcover_263280,Legacy
approve,hardcover_465228,Aetherbound
approve,hardcover_454481,Sanctuary
approve,hardcover_560822,The City Who Fought
approve,hardcover_469523,Tracer
approve,hardcover_792965,You Are Here: Around the World in 92 Minutes
approve,openlibrary_OL16342428W,The one that I want
approve,openlibrary_OL890026W,And this too shall pass
approve,openlibrary_OL17927471W,Boomerang
approve,openlibrary_OL3551897W,Lovestruck
approve,openlibrary_OL34314731W,If We Ever Meet Again
approve,openlibrary_OL14673W,The Aristocrat
approve,openlibrary_OL27774726W,Royal Lines
approve,openlibrary_OL19752380W,"Check, Please! Book 1"
approve,openlibrary_OL20824171W,"Check, Please! Book 2"
approve,openlibrary_OL16296541W,Planet Middle School
approve,openlibrary_OL20022086W,Starflight
approve,openlibrary_OL16499019W,Telegraph Avenue
approve,openlibrary_OL5817688W,Maneater
approve,openlibrary_OL5685285W,Sweet spot
approve,hardcover_524963,Game Changer
approve,hardcover_817549,Behind the Net
approve,hardcover_575380,Consider Me
approve,hardcover_1084878,Collide
approve,hardcover_135564,The Blind Side
approve,hardcover_454779,Icebreaker
approve,hardcover_996503,The Rule Book
approve,hardcover_471337,The Play
approve,hardcover_471394,Us
approve,hardcover_974342,Unsteady
approve,hardcover_817578,Until I Get You
approve,hardcover_1183789,A Thousand Broken Pieces
approve,hardcover_471283,Brooklynaire
approve,hardcover_6385,Rookie Move
approve,hardcover_227906,Simply Irresistible
approve,hardcover_1218506,Rally
approve,openlibrary_OL57592W,I Was a 98-Pound Duckling
approve,openlibrary_OL5683949W,Caribbean Cruising
approve,openlibrary_OL9482748W,The eyes of a king
approve,openlibrary_OL17851883W,Swept away
approve,openlibrary_OL17903731W,Fool me twice
approve,openlibrary_OL5261603W,The Little Ship
approve,openlibrary_OL15128404W,One Small Secret
approve,openlibrary_OL17570530W,Cowboy Take Me Away
approve,openlibrary_OL5693142W,A case for romance
approve,hardcover_106133,Forever in Blue
approve,hardcover_332060,Come Back to Me
approve,openlibrary_OL16557740W,The Program
approve,openlibrary_OL19668212W,Gnomon
approve,hardcover_428439,The Warehouse
approve,hardcover_440893,Future Feeling
approve,hardcover_110363,Oath of fealty
approve,hardcover_17964,The Golden City
approve,hardcover_443557,The Ministry of Truth
approve,openlibrary_OL71058W,The Horse and His Boy
approve,openlibrary_OL1966598W,The Iron Ring
approve,hardcover_445402,Sailor Moon 1
approve,hyperion,Hyperion
approve,openlibrary_OL17465695W,Wizards Aliens And Starships Physics And Math In Fantasy And Science Fiction
approve,openlibrary_OL19989437W,Crashland
approve,hardcover_355958,Glasshouse
approve,hardcover_446991,Reflex
approve,hardcover_63249,The Jaunt
approve,hardcover_468945,Impulse
approve,hardcover_772065,Jumper: Griffin's Story
approve,hardcover_651348,All the Myriad Ways
approve,hardcover_1221629,The Flight of the Horse
approve,openlibrary_OL19989433W,This shattered world
approve,openlibrary_OL5731690W,Natural history
approve,openlibrary_OL17822425W,Andymon
approve,openlibrary_OL81649W,Blue Mars
approve,openlibrary_OL21307151W,Space Raptor Butt Trilogy
approve,openlibrary_OL20125527W,Terraforming: Ecopolitical Transformations and Environmentalism in Science Fiction (Liverpool Science Fiction Texts and Studies LUP)
approve,openlibrary_OL59713W,Farmer in the Sky
approve,hardcover_383752,Spin
approve,hardcover_584777,The Terraformers
approve,hardcover_446072,The Engines of God
approve,hardcover_248315,The Golden Age
approve,hardcover_458350,Song of Scarabaeus
approve,openlibrary_OL27448W,The Lord of the Rings
approve,openlibrary_OL27508W,The Return of the Shadow
approve,hardcover_433227,Towers of Midnight
approve,hardcover_1086192,How to Become the Dark Lord and Die Trying
approve,hardcover_1778205,Everybody Wants to Rule the World Except Me
approve,hardcover_359141,Chosen
approve,time_and_time_again,Time and Time Again
approve,red_planet_blues,Red Planet Blues
approve,carpe_jugulum,Carpe Jugulum
approve,blood_rites,Blood Rites
approve,proven_guilty,Proven Guilty
approve,openlibrary_OL5756345W,High Stakes
approve,openlibrary_OL2716182W,Love in Vein
approve,openlibrary_OL15093169W,"Abraham Lincoln, Vampire Hunter"
approve,openlibrary_OL17540902W,"The Dark Elite (The Dark Elite, #1-2)"
approve,openlibrary_OL461931W,The killing dance
approve,openlibrary_OL461937W,Guilty Pleasures (Anita Blake Vampire Hunter)
approve,openlibrary_OL24777843W,The Wisdom of Blood
approve,openlibrary_OL15586811W,Afterlife
approve,openlibrary_OL15166934W,The Short Second Life of Bree Tanner
approve,openlibrary_OL12467545W,Vampire Kisses
approve,openlibrary_OL5815475W,Vampire Kisses 5
approve,openlibrary_OL16451103W,The asylum
approve,openlibrary_OL82382W,"Definitely Dead (Southern Vampire Mysteries, Book 6)"
approve,openlibrary_OL14982396W,Shadow souls
approve,openlibrary_OL9302610W,Hourglass
approve,openlibrary_OL77813W,The Vampire Lestat
approve,openlibrary_OL4444210W,Dark reunion
approve,openlibrary_OL461914W,Skin Trade
approve,openlibrary_OL16576648W,Balthazar
approve,openlibrary_OL277730W,The Awakening
approve,openlibrary_OL17597102W,In the Absence of Sun
approve,openlibrary_OL20006618W,Killing pretty
approve,openlibrary_OL4444212W,The Fury and Dark Reunion
approve,openlibrary_OL77815W,Vittorio the Vampire
approve,openlibrary_OL12257358W,Smoke and ashes
approve,openlibrary_OL81632W,'Salem’s Lot
approve,openlibrary_OL4444217W,Nightfall
approve,openlibrary_OL262426W,The Case-Book of Sherlock Holmes
approve,openlibrary_OL14950984W,Spirit Bound
approve,openlibrary_OL15192562W,Unchained (The Dark Forgotten)
approve,openlibrary_OL5697326W,His forgotten forever
approve,openlibrary_OL5685305W,Bloodline
approve,openlibrary_OL21529886W,Possessed by a Warrior
approve,openlibrary_OL14909206W,Bite
approve,openlibrary_OL19856725W,Silver Shadows
approve,openlibrary_OL16601888W,Sexiest vampire alive
approve,openlibrary_OL5683835W,Dark Hunger
approve,openlibrary_OL14933257W,Eternal Kiss of Darkness
approve,openlibrary_OL19707517W,The King
approve,openlibrary_OL16342270W,Darkest at Dawn
approve,openlibrary_OL5683695W,"Be Still My Vampire Heart (Love at Stake, Book 3)"
approve,openlibrary_OL19740820W,Hunger for You
approve,openlibrary_OL17425005W,Angels Flight
approve,openlibrary_OL19483505W,The Complete Sookie Stackhouse Stories
approve,openlibrary_OL5683939W,The Burning
approve,openlibrary_OL5683830W,Dark Demon
approve,openlibrary_OL17783671W,Darkest desire of the vampire
approve,openlibrary_OL14933259W,One Foot in the Grave
approve,openlibrary_OL5091276W,Lover Revealed
approve,openlibrary_OL16667096W,Forever vampire
approve,openlibrary_OL5255325W,50 Ways to Hex Your Lover
approve,openlibrary_OL5684124W,"Chasing Midnight (The Roaring Twenties Supernaturals Series, Book 1)"
approve,openlibrary_OL16152967W,Bride of the night
approve,openlibrary_OL14849930W,Companions of the Night
approve,openlibrary_OL5698091W,"Lord of the Night (Night Slayer, Book 4)"
approve,openlibrary_OL19978928W,Millennium snow
approve,openlibrary_OL15921749W,The bite before Christmas
approve,openlibrary_OL16026242W,La vida vampire
approve,openlibrary_OL17794927W,Don't kill the messenger
approve,openlibrary_OL20030307W,The nightmare stacks
approve,openlibrary_OL19810868W,Lover at last
approve,openlibrary_OL15347216W,Demon from the Dark (Immortals After Dark Book 10)
approve,openlibrary_OL17735522W,Highland beast
approve,openlibrary_OL5091282W,Lover Enshrined
approve,openlibrary_OL15542560W,Tempest rising
approve,openlibrary_OL24403983W,Carmilla and Laura
approve,openlibrary_OL24259191W,The Dangers of Dating a Rebound Vampire
approve,openlibrary_OL24648323W,Hex on the Beach
approve,openlibrary_OL14937108W,Wild Thing
approve,openlibrary_OL17554715W,Shadows Claim The Dacians
approve,openlibrary_OL16475173W,Vampire mine
approve,openlibrary_OL8166229W,Vanished
approve,openlibrary_OL17551465W,The Ruby Circle
approve,openlibrary_OL16014584W,"Drink Deep (Chicagoland Vampires, #5)"
approve,openlibrary_OL22638917W,The dark heroine
approve,openlibrary_OL14933256W,Destined for an Early Grave
approve,openlibrary_OL17492439W,Kiss Of Revenge
approve,openlibrary_OL17744595W,Lover Unleashed
approve,openlibrary_OL16509083W,Crave
approve,openlibrary_OL34629678W,Colin
approve,openlibrary_OL24832780W,The Illuminati's promise
approve,openlibrary_OL20894082W,Biting Nixie
approve,openlibrary_OL8110283W,Hunting the Hunter
approve,openlibrary_OL4028742W,Holiday with a vampire II
approve,openlibrary_OL18178459W,Seduced by blood
approve,openlibrary_OL5683853W,Dark Symphony
approve,openlibrary_OL14906127W,Eternal Lover
approve,openlibrary_OL14937155W,Never Bite a Boy on the First Date
approve,openlibrary_OL274945W,You Suck
approve,openlibrary_OL15946993W,Plain fear
approve,openlibrary_OL9245551W,Damien
approve,openlibrary_OL5826845W,Don't Talk Back to Your Vampire
approve,openlibrary_OL17928533W,Eventide
approve,openlibrary_OL5682675W,Dead Sexy
approve,openlibrary_OL20142351W,Wayward Son
approve,openlibrary_OL7910734W,The vampire's quest
approve,openlibrary_OL22308635W,Wild about you
approve,openlibrary_OL24857346W,Undead and unreturnable
approve,openlibrary_OL14937827W,Ashes of Midnight
approve,openlibrary_OL5754445W,"Undead and Unpopular (Queen Betsy, Book 5)"
approve,openlibrary_OL14933260W,At Grave's End
approve,openlibrary_OL5682978W,Bite me if you can
approve,openlibrary_OL25484090W,Coldest Touch
approve,openlibrary_OL16167621W,Darker After Midnight
approve,openlibrary_OL18200743W,Edge of Darkness
approve,openlibrary_OL15676391W,This Side of the Grave
approve,openlibrary_OL15980741W,Angels of Darkness
approve,openlibrary_OL15361981W,Born to Bite
approve,openlibrary_OL16306788W,Deep kiss of winter
approve,openlibrary_OL15169235W,Cody
approve,openlibrary_OL16190778W,Retribution
approve,openlibrary_OL19544952W,About A Vampire
approve,openlibrary_OL19749328W,Dark Sentinel
approve,openlibrary_OL5685366W,Angel's pain
approve,openlibrary_OL19131813W,Undead and Unworthy
approve,openlibrary_OL5683893W,Dark Celebration
approve,openlibrary_OL15976909W,"Hard Bitten (Chicagoland Vampires, #4)"
approve,openlibrary_OL16610309W,"Deeper Than Midnight (Midnight Breed, Bk 9)"
approve,openlibrary_OL5683006W,"Tall, Dark & Hungry"
approve,openlibrary_OL16589189W,Highland Hunger
approve,openlibrary_OL1979135W,Beneath a blood red moon
approve,openlibrary_OL21186800W,House of the rising sun
approve,openlibrary_OL17412168W,Up From The Grave
approve,openlibrary_OL19631174W,Dark Legacy
approve,openlibrary_OL19670908W,The Coldest Girl in Coldtown
approve,openlibrary_OL14909433W,Master of Fire
approve,openlibrary_OL16134676W,Commedia della morte
approve,openlibrary_OL16118342W,Vampire Kisses 8
approve,openlibrary_OL19915991W,On The Hunt
approve,openlibrary_OL15506901W,Fat vampire
approve,openlibrary_OL5682670W,Wicked Nights
approve,openlibrary_OL17792372W,Pale demon
approve,openlibrary_OL5682980W,A bite to remember
approve,openlibrary_OL5754453W,Undead and uneasy
approve,openlibrary_OL461256W,Darkling
approve,openlibrary_OL19749366W,Time's convert
approve,openlibrary_OL20020529W,Dark Promises
approve,openlibrary_OL8369456W,"Midnight Rising (The Midnight Breed, Book 4)"
approve,openlibrary_OL17203416W,Boundary Lines
approve,openlibrary_OL16557755W,Blood Moon
approve,openlibrary_OL5682975W,The Accidental Vampire
approve,openlibrary_OL5683837W,Dark Possession
approve,openlibrary_OL15383377W,Bespelling Jane Austen
approve,openlibrary_OL19631369W,Dark Carousel
approve,openlibrary_OL16667105W,Blood rights
approve,openlibrary_OL14924993W,Must love hellhounds
approve,openlibrary_OL17900287W,A vampire for Christmas
approve,openlibrary_OL16529183W,Vampire Kisses 9
approve,openlibrary_OL19956723W,Daughter of Light
approve,openlibrary_OL19860808W,Immortal Ever After
approve,openlibrary_OL24601242W,Mile High with a Vampire
approve,openlibrary_OL9210439W,"Another One Bites the Dust (Jaz Parks, Book 2)"
approve,openlibrary_OL15505925W,Hungry for You
approve,openlibrary_OL5754444W,Undead and unemployed
approve,openlibrary_OL19661425W,The Thief: A Novel of the Black Dagger Brotherhood
approve,openlibrary_OL17459314W,Never Been Bit
approve,openlibrary_OL22308665W,The vampire with the dragon tattoo
approve,openlibrary_OL16531989W,Kiss the dead
approve,openlibrary_OL8369453W,"Kiss of Crimson (The Midnight Breed, Book 2)"
approve,openlibrary_OL82366W,Club dead
approve,openlibrary_OL19753351W,Vampires Like It Hot
approve,openlibrary_OL20026383W,Midnight marked
approve,openlibrary_OL5888093W,Every which way but dead
approve,openlibrary_OL14906399W,Dark Peril
approve,openlibrary_OL18020222W,Blood Fury
approve,openlibrary_OL19964527W,Twice Tempted
approve,openlibrary_OL5682683W,Just One Bite
approve,openlibrary_OL25207432W,Where the Wild Things Bite
approve,openlibrary_OL14911197W,Blood Red
approve,openlibrary_OL82360W,Living dead in Dallas
approve,openlibrary_OL111457W,Morrigan's Cross
approve,openlibrary_OL24670510W,The Witch Doctor Is In
approve,openlibrary_OL17488826W,"House Rules (Chicagoland Vampires, #7)"
approve,openlibrary_OL14937828W,Shades of Midnight
approve,openlibrary_OL5756329W,Bled Dry
approve,openlibrary_OL5682992W,Single White Vampire
approve,openlibrary_OL19984643W,Undead and unwary
approve,openlibrary_OL16025856W,Fray
approve,openlibrary_OL14906134W,The Renegade Hunter
approve,openlibrary_OL17928720W,Prophecy girl
approve,openlibrary_OL16002533W,The Gift / Home for the Holidays
approve,openlibrary_OL15104158W,Into the Dark
approve,openlibrary_OL5683867W,Dark Destiny
approve,openlibrary_OL17484393W,Twisted
approve,openlibrary_OL5813533W,Beyond the Dark
approve,openlibrary_OL14954388W,Touch of Surrender (Hqn)
approve,openlibrary_OL17525787W,Black City
approve,openlibrary_OL14933222W,Playing with fire
approve,openlibrary_OL453907W,Making Money
approve,openlibrary_OL18167444W,Call the shots
approve,openlibrary_OL15186916W,The Dead Travel Fast
approve,openlibrary_OL17349817W,Stone mattress
approve,openlibrary_OL16811560W,Scion's Avalon
approve,openlibrary_OL9467229W,Carnal Possession
approve,openlibrary_OL8777332W,Tapestry Dreams
approve,openlibrary_OL276693W,Return to Me
approve,openlibrary_OL8939686W,Forbidden
approve,openlibrary_OL15187431W,Seduced By Darkness
approve,openlibrary_OL20649495W,Darkness unleashed
approve,openlibrary_OL5836959W,Bond of Blood
approve,openlibrary_OL8488806W,Blood Rose
approve,openlibrary_OL15021547W,Beloved vampire
approve,openlibrary_OL14981450W,Addicted
approve,openlibrary_OL8368828W,In the garden of sin
approve,openlibrary_OL5687089W,Courting Midnight
approve,openlibrary_OL8488808W,Sin
approve,openlibrary_OL16444062W,Blood cursed
approve,openlibrary_OL8488891W,Succubus Dreams
approve,openlibrary_OL15021546W,Vampire mistress
approve,openlibrary_OL15167116W,Insatiable
approve,openlibrary_OL8488900W,Sins of the Night
approve,openlibrary_OL8935463W,Blood Lust Chronicles
approve,openlibrary_OL8110454W,A vampire's claim
approve,openlibrary_OL8032291W,Wicked Game
approve,hardcover_54931,Hex Hall
approve,hardcover_2049027,Hot for Slayer
approve,hardcover_981144,Buffy the Vampire Slayer: The Long Way Home
approve,hardcover_1612906,Zomromcom
approve,hardcover_465912,Out of Time
approve,hardcover_459233,Shades of Wicked
approve,hardcover_2060304,Out Law
approve,hardcover_297639,Dhampir
approve,hardcover_461185,Dark Queen
approve,hardcover_633268,The Other Half of the Grave
approve,openlibrary_OL15182349W,"Ruthlessly Bedded, Forcibly Wedded"
approve,openlibrary_OL17927850W,Seduced by the Sultan
approve,openlibrary_OL5804896W,The Sheikh's Virgin Princess
approve,openlibrary_OL15183601W,The Maverick's Virgin Mistress
approve,openlibrary_OL3498578W,Mistress by contract
approve,openlibrary_OL5948223W,Gabriel's Woman
approve,openlibrary_OL17800675W,Captive in the spotlight
approve,openlibrary_OL17387862W,His Penniless Beauty
approve,openlibrary_OL20487792W,The Jezebel
approve,openlibrary_OL3957217W,The Blonde Geisha
approve,openlibrary_OL17733454W,Rendicion Inocente
approve,openlibrary_OL21485908W,Bought for her innocence
approve,openlibrary_OL15175230W,The Brazilian Millionaire's Love-Child
approve,openlibrary_OL17908783W,The sheikh's impatient virgin
approve,openlibrary_OL16587248W,The price of scandal
approve,realtime_interrupt,Realtime Interrupt
approve,permutation_city,Permutation City
approve,openlibrary_OL4086577W,The Reality Bug (Pendragon #4)
approve,openlibrary_OL20007183W,The leveller
approve,openlibrary_OL16167349W,Deadly pink
approve,openlibrary_OL19763048W,Otherearth
approve,openlibrary_OL3739512W,The artificial paradise
approve,openlibrary_OL19344074W,Otherworld (Last Reality)
approve,openlibrary_OL20004457W,The Six
approve,openlibrary_OL14908230W,For the Win
approve,hardcover_435209,Firebreak
approve,hardcover_440169,A Song for a New Day
approve,hardcover_445748,Awaken Online: Evolution
approve,hardcover_465159,Battle of the Linguist Mages
approve,hardcover_432854,The God Game
approve,hardcover_266085,Codex
approve,hardcover_770173,Ones and Zeroes
approve,openlibrary_OL16593855W,Improperly Wed
approve,openlibrary_OL20028805W,The player
approve,openlibrary_OL17798642W,Playing the Dutiful Wife / Expecting His Love Child
approve,hardcover_546487,The Wounded Sky
approve,the_new_york_trilogy,The New York Trilogy
approve,openlibrary_OL19745593W,The book of M
approve,openlibrary_OL72826W,Exultant
approve,hardcover_443475,The Animals in That Country
approve,openlibrary_OL23617008W,Near the Bone
approve,openlibrary_OL19840254W,Sunset Beach
approve,openlibrary_OL16318425W,A rising Thunder
approve,hardcover_459621,These Broken Stars
approve,hardcover_453468,Remina
approve,hardcover_441112,The Cold Between
approve,the_human_front,The Human Front
approve,openlibrary_OL17303307W,Battlesaurus
approve,openlibrary_OL15456325W,The Greyfriar
approve,openlibrary_OL19754726W,An easy death
approve,openlibrary_OL1852667W,Morlock Night
approve,openlibrary_OL1987647W,Resurrection Day
approve,hardcover_459558,The Fated Sky
approve,hardcover_571735,Unsong
approve,hardcover_441171,Famous Men Who Never Lived
approve,hardcover_446235,Weapons of Choice
approve,hardcover_459046,Dark State
approve,hardcover_615874,Front Lines
approve,openlibrary_OL16624458W,The inquistor's apprentice
approve,openlibrary_OL17387120W,Rose And The Lost Princess
approve,openlibrary_OL5821661W,Die Fließende Königin
approve,openlibrary_OL2696041W,The Sea of Trolls
approve,openlibrary_OL2250813W,The Dragonbone Chair
approve,openlibrary_OL17893149W,Camelot burning
approve,openlibrary_OL554678W,Magician
approve,hardcover_587240,The Spook's Sacrifice
approve,hardcover_251981,A Crucible of Souls
approve,hardcover_373430,God Stalk
approve,hardcover_133740,Raven: Blood Eye
approve,hardcover_379834,Phantom
approve,hardcover_112646,The Apprentice's Quest
approve,hardcover_66566,Juniper
approve,openlibrary_OL14906537W,In Pursuit of a Scandalous Lady
approve,openlibrary_OL244647W,Porgy
approve,openlibrary_OL4778046W,The Mistress (Mira)
approve,hardcover_129619,The Double Comfort Safari Club
approve,hardcover_1675886,Worth Fighting For
approve,openlibrary_OL22058123W,Better when he's bad
approve,openlibrary_OL2849155W,Risky Business
approve,openlibrary_OL15181890W,L.A. Cinderella
approve,openlibrary_OL21181968W,Bare Essentials
approve,hardcover_689188,If Love Had a Price
approve,openlibrary_OL8754745W,Quiet Strength
approve,openlibrary_OL17830297W,All is bright
approve,openlibrary_OL17719W,It had to be you
approve,openlibrary_OL19857386W,A Little Night Magic
approve,openlibrary_OL451819W,Snow Spider
approve,hardcover_437916,The Rose and the Thorn
approve,hardcover_448997,The Awakening
approve,openlibrary_OL1838876W,Whispers in the Sand
approve,openlibrary_OL17432859W,Sometime Yesterday
approve,openlibrary_OL15334610W,Star Quality
approve,openlibrary_OL17826219W,The hidden
approve,openlibrary_OL16664750W,Big sky mountain
approve,openlibrary_OL15958981W,44 Charles Street
approve,openlibrary_OL19669802W,Under the wide and starry sky
approve,openlibrary_OL17789020W,Secrets of a Powerful Man
approve,hardcover_1756708,The Fall Risk
approve,openlibrary_OL17919894W,Forever an ex
approve,openlibrary_OL16533139W,"Her little secret, his hidden heir"
approve,openlibrary_OL17271733W,Naked
approve,wicked_lovely,Wicked Lovely
approve,summer_knight,Summer Knight
approve,the_falconer,The Falconer
approve,the_vanishing_throne,The Vanishing Throne
approve,twelve_months,Twelve Months
approve,openlibrary_OL16361078W,City of Lost Souls
approve,openlibrary_OL19906911W,Thief eyes
approve,openlibrary_OL16811193W,Unlucky Charms
approve,openlibrary_OL19732586W,Burn bright
approve,openlibrary_OL24535596W,Anhaga
approve,openlibrary_OL16517760W,Death's mistress
approve,openlibrary_OL19730219W,High voltage
approve,openlibrary_OL15157260W,Rosemary and Rue
approve,openlibrary_OL19742706W,Brief cases
approve,openlibrary_OL19988984W,Burned
approve,openlibrary_OL20150359W,Storm Cursed
approve,openlibrary_OL14924965W,Dead in the family
approve,openlibrary_OL14990406W,The Enchantment Emporium
approve,openlibrary_OL5692961W,"Bloodfever (Fever Series, Book 2)"
approve,openlibrary_OL14937053W,Divine Misdemeanors
approve,openlibrary_OL16167380W,"The Wood Queen (The Iron Witch Trilogy, Book 2)"
approve,openlibrary_OL15267410W,The Iron Daughter (Iron Fey #2)
approve,openlibrary_OL17711407W,Copperhead
approve,openlibrary_OL18183673W,Wondrous Strange (Wondrous Strange #1)
approve,openlibrary_OL15529906W,Wayfarer
approve,openlibrary_OL17860744W,Una corte de niebla y furia
approve,openlibrary_OL16800281W,The Ways of Winter
approve,openlibrary_OL5703425W,The Ladies of Grace Adieu and Other Stories
approve,openlibrary_OL1819841W,Dreams Underfoot
approve,hardcover_664175,Thornhedge
approve,hardcover_1562200,The River Has Roots
approve,hardcover_446087,Black Sun Rising
approve,hardcover_972648,Lore of the Wilds
approve,hardcover_465056,Blood of Desiderium
approve,hardcover_458727,An Artificial Night
approve,hardcover_458728,Late Eclipses
approve,hardcover_449352,Borderline
approve,hardcover_463790,The Big A.S.S. Party
approve,hardcover_463787,Vicious Fae
approve,hardcover_231364,Iced
approve,hardcover_463776,Warrior Fae
approve,hardcover_88513,A Caress of Twilight
approve,hardcover_346426,Chimes at Midnight
approve,hardcover_19180,The Lost Prince
approve,hardcover_186068,Radiant Shadows
approve,hardcover_145708,Winter's Passage
approve,hardcover_439310,The True Queen
approve,hardcover_458605,Tower of Thorns
approve,hardcover_459306,The Iron Warrior
approve,hardcover_821385,The Ruined
approve,hardcover_1832668,Wings So Wicked
approve,hardcover_462633,Seven Black Diamonds
approve,hardcover_386660,Midnight Never Come
approve,hardcover_1124375,Wed to the Ice Giant
approve,hardcover_228516,Demon Mistress
approve,hardcover_270490,Blood and Iron
approve,hardcover_293708,The Faerie Ring
approve,hardcover_468531,All Is Fair
approve,hardcover_201974,Lamplighter
approve,hardcover_960318,The Haar
approve,openlibrary_OL18008835W,Of Fire and Stars
approve,hardcover_446881,The Price of Valor
approve,ancillary_justice,Ancillary Justice
approve,openlibrary_OL16361059W,A confusion of princes
approve,openlibrary_OL19979050W,The empire strikes back
approve,openlibrary_OL17868450W,Beware the Inquisitor!
approve,openlibrary_OL79596W,Probe
approve,openlibrary_OL579067W,Space Viking
approve,openlibrary_OL20006074W,Free the galaxy
approve,openlibrary_OL46390W,The Foundation Trilogy
approve,openlibrary_OL46402W,Pebble in the Sky
approve,hardcover_837569,The Princess and the Scoundrel
approve,hardcover_121957,Star Rangers
approve,openlibrary_OL14933176W,"Silent Night, Haunted Night (Nicki Styx, Book 4)"
approve,openlibrary_OL8593547W,The American Short Story [59 stories]
approve,openlibrary_OL20869660W,Ghost Stories [35 stories]
approve,openlibrary_OL32466W,A Christmas Carol
approve,openlibrary_OL17887415W,The Black Butterfly
approve,openlibrary_OL15102222W,Minnie and Moo
approve,openlibrary_OL16071235W,Let it snow
approve,openlibrary_OL19972982W,Penguin in Love
approve,openlibrary_OL16190495W,Rules of Civility
approve,openlibrary_OL5682737W,It's a Wonderfully Sexy Life
approve,openlibrary_OL8454618W,Very Gothic Christmas
approve,openlibrary_OL16516395W,The magical Christmas cat
approve,openlibrary_OL14911297W,Home in Time for Christmas
approve,openlibrary_OL5683859W,The twilight before Christmas
approve,openlibrary_OL86161W,The Tricksters
approve,openlibrary_OL121734W,Deadly gift
approve,openlibrary_OL16705381W,Angels at the table
approve,openlibrary_OL14868783W,The Cricket on the Hearth
approve,openlibrary_OL76976W,Skipping Christmas
approve,openlibrary_OL465324W,The Christmas rat
approve,openlibrary_OL17833980W,The snow bear
approve,openlibrary_OL17826667W,Mr. Miracle
approve,openlibrary_OL19991131W,My True Love Gave to Me
approve,openlibrary_OL1911472W,The perfect Christmas
approve,openlibrary_OL17927579W,The Christmas angel
approve,openlibrary_OL106210W,Silver bells
approve,openlibrary_OL17888448W,By Winter's Light
approve,openlibrary_OL19341608W,Christmas in Icicle Falls
approve,openlibrary_OL19754702W,Alaskan holiday
approve,openlibrary_OL4331814W,A Wallflower Christmas
approve,openlibrary_OL19611W,Miracle
approve,openlibrary_OL19761912W,The Noel Stranger (The Noel Collection #2)
approve,openlibrary_OL1911653W,Twenty Wishes
approve,openlibrary_OL19568W,Der Ring Aus Stein
approve,openlibrary_OL41378W,Mr. Louie Is Screwy!
approve,openlibrary_OL27956678W,Snowfall
approve,openlibrary_OL19716697W,The Noel Diary (The Noel Collection #1)
approve,openlibrary_OL1911600W,A Cedar Cove Christmas
approve,openlibrary_OL17050W,An Affair Before Christmas
approve,openlibrary_OL19973630W,A Nantucket Christmas
approve,openlibrary_OL4279480W,A Virgin River Christmas
approve,openlibrary_OL26559646W,Valentine's Day Disaster
approve,openlibrary_OL20005804W,Marry me at Christmas
approve,openlibrary_OL17766223W,Christmas on 4th Street
approve,openlibrary_OL16342394W,1225 Christmas Tree lane
approve,openlibrary_OL19585W,Esperanza
approve,openlibrary_OL15025391W,A Christmas blizzard
approve,openlibrary_OL2704955W,Gullah night before Christmas
approve,openlibrary_OL1938277W,Stick Man
approve,openlibrary_OL15703650W,Sweet revenge
approve,openlibrary_OL16555119W,Strega Nona's gift
approve,openlibrary_OL20793817W,Anxious People
approve,openlibrary_OL3534104W,The Best Christmas Pageant Ever
approve,openlibrary_OL4109906W,Sofie's role
approve,openlibrary_OL16476963W,Christmas in Ukraine
approve,openlibrary_OL1842576W,"What's cooking, Jamela?"
approve,openlibrary_OL15081125W,Scarpetta's winter table
approve,openlibrary_OL14934246W,A Creed Country Christmas (Hqn)
approve,openlibrary_OL18820664W,All I Want
approve,openlibrary_OL27986W,A McKettrick Christmas
approve,openlibrary_OL17698913W,What happens at Christmas
approve,openlibrary_OL14951641W,The Brides Of Christmas
approve,openlibrary_OL15192095W,A Western Winter Wonderland
approve,openlibrary_OL4627745W,The Mistress
approve,openlibrary_OL4627748W,Her Shining Splendor (The Lovers #2)
approve,openlibrary_OL48814W,A Christmas journey
approve,openlibrary_OL25282075W,Lady Jenny's Christmas Portrait
approve,openlibrary_OL3453411W,The Loves of Charles II
approve,openlibrary_OL19718473W,Mr. Dickens and his carol
approve,openlibrary_OL15091545W,Richard Scarry's best Christmas book ever!
approve,openlibrary_OL16056553W,The Gift (All I Want for Christmas / Gabriel's Angel / Home for Christmas)
approve,openlibrary_OL15564478W,My Darling Valentine
approve,openlibrary_OL20631492W,Christmas Eve Kittens
approve,openlibrary_OL19623943W,Christmas Days: 12 Stories and 12 Feasts for 12 Days
approve,openlibrary_OL2645222W,'Tis the Season
approve,openlibrary_OL1937570W,Light the Candles and Others
approve,openlibrary_OL17296916W,The Lady Most Willing
approve,openlibrary_OL5736981W,"How They Met, and Other Stories"
approve,openlibrary_OL12947442W,Snowy Valentine's day
approve,openlibrary_OL17538550W,The Twelve Days of Christmas
approve,openlibrary_OL21180279W,To claim his heir by Christmas
approve,openlibrary_OL17464134W,Christmas Gifts
approve,openlibrary_OL15171257W,Unwrap Me
approve,openlibrary_OL5686669W,Restless
approve,openlibrary_OL15192378W,The Italian Billionaire's Secretary Mistress
approve,openlibrary_OL16648416W,Red-hot Santa
approve,openlibrary_OL17885476W,One Breathless Night
approve,openlibrary_OL8028527W,The Boss's Christmas Baby
approve,openlibrary_OL15191318W,Midnight Resolutions
approve,openlibrary_OL15189067W,PROMISE OF FOREVER
approve,openlibrary_OL18171410W,Heating up the holidays
approve,openlibrary_OL5806139W,Yule be mine
approve,openlibrary_OL15172112W,Christmas Fantasy
approve,openlibrary_OL17564858W,A Night in the Palace                            Harlequin Presents Extra
approve,openlibrary_OL5805893W,No holding back
approve,openlibrary_OL18166150W,Yuletide baby surprise
approve,openlibrary_OL17482383W,Holiday In A Stetson
approve,openlibrary_OL11327922W,A Reason for Marriage
approve,openlibrary_OL5691333W,The Nights Before Christmas
approve,openlibrary_OL17745375W,Sweet Memories / Her Sister's Baby
approve,openlibrary_OL5810814W,The Spanish Billionaire's Christmas Bride
approve,openlibrary_OL20433566W,The Christmas Throwaway
approve,openlibrary_OL35226989W,The Boy Who Belonged
approve,openlibrary_OL8395506W,True Love Ranch
approve,openlibrary_OL17798582W,A wilderness Christmas
approve,openlibrary_OL8029188W,Cowboy Christmas (Man Of The Month)
approve,openlibrary_OL27700239W,Snow in Montana
approve,openlibrary_OL4457464W,The Christmas Cowboy
approve,moodreads_3112,Marly's Ghost
approve,hardcover_590679,Lovelight Farms
approve,hardcover_1767632,Good Spirits
approve,hardcover_1153181,Worst Wingman Ever
approve,hardcover_377879,The Stupidest Angel: A Heartwarming Tale of Christmas Terror
approve,hardcover_437875,The Wish
approve,hardcover_544105,Love in the Afternoon
approve,hardcover_506319,Fallen in Love
approve,hardcover_453734,Almost Midnight
approve,hardcover_472569,The Highwayman
approve,hardcover_503975,Just Like Magic
approve,hardcover_529368,Gifting Me To His Best Friend
approve,hardcover_169798,The Christmas Train
approve,hardcover_151903,A Christmas Memory
approve,hardcover_17042,The Princess Present
approve,hardcover_471731,The Hunter
approve,hardcover_76385,Winter Stroll
approve,hardcover_471721,The Highlander
approve,hardcover_568930,Happy!
approve,hardcover_11594,Matchless: A Christmas Story
approve,hardcover_482455,The Duke
approve,hardcover_1964,A Charlie Brown Christmas
approve,openlibrary_OL5685304W,"Bewitched, Bthered, And Bewildered"
approve,openlibrary_OL28774164W,Perfectly Matched
approve,openlibrary_OL5691376W,Over Hexed
approve,openlibrary_OL810215W,Someone to Love
approve,openlibrary_OL6004464W,Prairie Fire
approve,openlibrary_OL5691365W,Wild & Hexy
approve,openlibrary_OL810226W,A Knight in Shining Armor
approve,openlibrary_OL810232W,Forever..
approve,openlibrary_OL15278358W,"Truly, Madly"
approve,openlibrary_OL17893383W,I'm with Cupid
approve,openlibrary_OL15381131W,"Deeply, Desperately"
approve,openlibrary_OL4018314W,Penelope
approve,openlibrary_OL810224W,Twin of fire
approve,openlibrary_OL86505W,The Bride Hunt
approve,openlibrary_OL175824W,Seeing a large cat
approve,openlibrary_OL17981400W,Jane Austen's First love
approve,openlibrary_OL17433502W,The Boyfriend App
approve,openlibrary_OL16817473W,The Arrangement
approve,openlibrary_OL4065794W,The heartbreaker
approve,openlibrary_OL548371W,Someone to love
approve,openlibrary_OL4058222W,The Bridal Quest
approve,openlibrary_OL37571682W,Don't Want You Like a Best Friend
approve,openlibrary_OL810242W,The Temptress
approve,openlibrary_OL20810936W,A mother's wish
approve,openlibrary_OL17379330W,Her Rodeo Cowboy
approve,openlibrary_OL25421292W,Montana Fire
approve,openlibrary_OL15183955W,The Personal Touch
approve,openlibrary_OL17392301W,At His Majestys Request
approve,openlibrary_OL5806092W,Simply sex
approve,openlibrary_OL17443690W,Last Virgin In California Marine Under The Mistletoe
approve,openlibrary_OL14950991W,Dane
approve,openlibrary_OL5808302W,Cheyenne's Lady (Bachelors Of Shotgun Ridge)
approve,openlibrary_OL27305609W,The cowboy takes a bride
approve,openlibrary_OL28715395W,Rhett's Make-Believe Marriage
approve,hardcover_437545,The Bookshop on the Corner
approve,hardcover_385393,Devil's Cub
approve,hardcover_432656,The Little Lady Agency
approve,hardcover_106674,A Summer to Remember
approve,hardcover_441099,Marry Him
approve,hardcover_1283949,Rejection
approve,trinity_rising,Trinity Rising
approve,openlibrary_OL15367527W,The Familiars
approve,openlibrary_OL535192W,Linnets and Valerians
approve,hardcover_221148,Halt's Peril
approve,hardcover_439567,The Master Magician
approve,the_demolished_man,The Demolished Man
approve,openlibrary_OL84770W,Nightrise (The Power of Five / The Gatekeepers #3)
approve,openlibrary_OL1417907W,At the Earth's Core
approve,openlibrary_OL2372019W,The Holographic Universe
approve,openlibrary_OL4088386W,Time is the Simplest Thing
approve,openlibrary_OL522193W,Scattered Suns
approve,openlibrary_OL3292446W,First Lensman
approve,openlibrary_OL16688245W,Rebel heart
approve,openlibrary_OL5337421W,The Dangerous Days of Daniel X
approve,openlibrary_OL55594W,Others See Us
approve,openlibrary_OL473400W,Flight in Yiktor
approve,hardcover_438731,Crosstalk
approve,hardcover_229658,To Ride Pegasus
approve,hardcover_283117,The World of Ptavvs
approve,hardcover_518152,Hiero's Journey
approve,hardcover_461575,Up the Walls of the World
approve,hardcover_31962,Acorna's People
approve,openlibrary_OL19719391W,Time Jumpers
approve,openlibrary_OL17105100W,Sky Raiders
approve,hardcover_434366,The Hedge Knight
approve,hardcover_448020,Heart of Thorns
approve,openlibrary_OL19744709W,Too Wilde to wed
approve,openlibrary_OL16459304W,Strictly Confidential Attraction
approve,openlibrary_OL49657W,Homebody
approve,openlibrary_OL20060104W,The love interest
approve,openlibrary_OL20027987W,The Fifth Avenue Artists Society
approve,openlibrary_OL24539394W,This Is Our Rainbow
approve,openlibrary_OL11997637W,Able-bodied
approve,openlibrary_OL8488894W,Sin club
approve,openlibrary_OL8488819W,Exposing Casey
approve,openlibrary_OL5695443W,Cowboy Be Mine (New Arrivals)
approve,hardcover_590761,The Neighbor Favor
approve,hardcover_78949,My Life Next Door
approve,hardcover_365869,The Wallflower Wager
approve,hardcover_103516,What Happens in London
approve,openlibrary_OL17390160W,The Heavens Rise
approve,openlibrary_OL13645189W,What would Jane Austen do?
approve,openlibrary_OL17820190W,Great Conversations 2
approve,openlibrary_OL2645211W,Season Of Strangers
approve,openlibrary_OL111469W,The Playboy Prince
approve,openlibrary_OL16576745W,An O'Brien Family Christmas
approve,openlibrary_OL48019W,Full speed
approve,openlibrary_OL4331837W,Smooth Talking Stranger
approve,openlibrary_OL4627760W,Lovesong (Song Trilogy #1)
approve,openlibrary_OL15414845W,Invincible
approve,openlibrary_OL167363W,Slightly Tempted
approve,openlibrary_OL15171854W,"Duty, Desire and the Desert King"
approve,openlibrary_OL9307149W,Why hasn't he called?
approve,openlibrary_OL19747W,Rogue
approve,openlibrary_OL5950539W,Falling Stars:(Rakes#2)
approve,openlibrary_OL895248W,A Season For Scandal
approve,openlibrary_OL14920272W,Dark Angel
approve,openlibrary_OL5695153W,The Rake's Unconventional Mistress:(Ladies of Paradise Road#3)
approve,openlibrary_OL4331779W,Because You're Mine
approve,openlibrary_OL4092578W,The Nonesuch
approve,openlibrary_OL846512W,A Relíquia
approve,openlibrary_OL15089817W,Escapade
approve,openlibrary_OL15185919W,The Greek Tycoon's Achilles Heel
approve,openlibrary_OL15187471W,Bound by the Marcolini Diamonds
approve,openlibrary_OL3770687W,The Billionaire's Virgin Mistress
approve,openlibrary_OL15185562W,The Charmer
approve,openlibrary_OL16772680W,Innocent Secretary...Accidentally Pregnant
approve,openlibrary_OL17897532W,The Sicilian's unexpected duty
approve,openlibrary_OL26436194W,Hero by night
approve,openlibrary_OL19985207W,Zarif's Convenient Queen
approve,openlibrary_OL15134754W,The Boss's Inexperienced secretary
approve,openlibrary_OL17736445W,"Her secret, his love-child"
approve,openlibrary_OL17909102W,Ordinary girl in a tiara
approve,openlibrary_OL17392964W,Ruling Sheikh Unruly Mistress
approve,openlibrary_OL8488658W,One Wicked Night
approve,openlibrary_OL15096544W,Surrender to the Playboy Sheikh
approve,openlibrary_OL9481334W,The British Billionaire Affair
approve,openlibrary_OL17394621W,Scandal His Majestys Lovechild
approve,openlibrary_OL20536267W,Las huellas del pasado
approve,openlibrary_OL2037102W,When Somebody Loves You Back
approve,openlibrary_OL5687111W,Cooking Up a Storm
approve,openlibrary_OL15144178W,Kept by Her Greek Boss
approve,openlibrary_OL14950976W,The Club
approve,openlibrary_OL21561407W,Playing by the Greek's Rules
approve,openlibrary_OL19947269W,An indecent proposition
approve,openlibrary_OL17452089W,The Price Of Retribution
approve,openlibrary_OL17554248W,"And Baby Makes Three
            
                Harlequin Romance"
approve,openlibrary_OL16620549W,Emily and the notorious prince
approve,openlibrary_OL17383062W,Marriage With Benefits
approve,openlibrary_OL20715763W,Master of her innocence
approve,openlibrary_OL15185898W,Lost in a Stallion's Arms
approve,openlibrary_OL20893123W,Di Sione's Innocent Conquest
approve,openlibrary_OL5692502W,Never Too Much
approve,openlibrary_OL16522309W,One Night with Prince Charming
approve,openlibrary_OL17769536W,I brake for bad boys
approve,openlibrary_OL21112427W,The Heart Of Texas
approve,hardcover_82032,Beautiful Stranger
approve,hardcover_501042,Beautiful Player
approve,hardcover_459227,Say Yes to the Marquess
approve,hardcover_471478,Melt for You
approve,hardcover_332964,Lady Isabella's Scandalous Marriage
approve,hardcover_308189,Splendid
approve,hardcover_531881,Duke of Sin
approve,hardcover_228368,Desperate Duchesses
approve,hardcover_29366,Notorious Pleasures
approve,hardcover_366333,Manhunt
approve,hardcover_321599,Tempting the Bride
approve,openlibrary_OL36410330W,Fatta Eld
approve,hardcover_290331,Burning For Revenge
approve,hardcover_436584,Gold Fame Citrus
approve,openlibrary_OL17356061W,Lovecraft Country
approve,openlibrary_OL2130549W,An Abundance of Katherines
approve,openlibrary_OL21223475W,Red queen
approve,openlibrary_OL15917224W,A turn in the road
approve,openlibrary_OL19840773W,Lost and Found
approve,openlibrary_OL15178859W,Her Secret Fling
approve,openlibrary_OL5685158W,Completely Smitten (Hometown Heartbreakers)
approve,openlibrary_OL20942416W,Quarter Miles
approve,a_little_hatred,A Little Hatred
approve,moodreads_6207,Descendant of the Crane
approve,openlibrary_OL41044W,The Unabridged Edgar Allan Poe
approve,openlibrary_OL5705413W,The Princess and the Bear
approve,openlibrary_OL492860W,Princess in Love
approve,openlibrary_OL17674973W,The Ring & the Crown
approve,openlibrary_OL3934813W,"I, Coriander"
approve,openlibrary_OL24336424W,Broken Prince
approve,openlibrary_OL481674W,Princess Katie and the Silver Pony (Tiara Club)
approve,openlibrary_OL17104741W,The Heir (The Selection #4)
approve,openlibrary_OL969689W,The Nutcracker
approve,openlibrary_OL863808W,Ivanhoe
approve,openlibrary_OL16361029W,The Selection (The Selection #1)
approve,openlibrary_OL2564006W,Genji monogatari
approve,openlibrary_OL19692W,H.R.H.
approve,openlibrary_OL1244914W,Princesse de Clèves
approve,openlibrary_OL77834W,The Claiming of Sleeping Beauty
approve,openlibrary_OL16099082W,The Legend of Sasquatch
approve,openlibrary_OL14988318W,When Seducing a Duke
approve,openlibrary_OL23319013W,Autumn rose
approve,openlibrary_OL5685347W,Prince of Twilight
approve,openlibrary_OL19526968W,Judged
approve,openlibrary_OL24290114W,Ophelia
approve,openlibrary_OL16648417W,Lord of the Abyss (Royal House of Shadows)
approve,openlibrary_OL20086670W,Sleeping Late on Judgement Day: Bobby Dollar 3
approve,openlibrary_OL56239W,Lammas Night
approve,openlibrary_OL5683845W,Dark Prince
approve,openlibrary_OL66214W,Son of a Witch
approve,openlibrary_OL8110495W,Destiny's Warrior
approve,openlibrary_OL15176828W,Casual Hex
approve,openlibrary_OL24210938W,The Midnight Girls
approve,openlibrary_OL8957201W,A Lost Touch of Bliss
approve,openlibrary_OL8924466W,Irish Magic II
approve,openlibrary_OL17464049W,In The Heat Of The Bite
approve,openlibrary_OL461896W,A lick of frost
approve,openlibrary_OL461952W,Mistral's Kiss
approve,openlibrary_OL461927W,A Stroke of Midnight
approve,openlibrary_OL21096734W,Avery
approve,openlibrary_OL29253W,Magic Steps (Circle Opens)
approve,openlibrary_OL5820523W,King Arthur
approve,openlibrary_OL213263W,The Hollow Hills
approve,openlibrary_OL1804640W,The Prince and the Pilgrim
approve,openlibrary_OL15520555W,A true princess
approve,openlibrary_OL14906941W,Cloaked
approve,openlibrary_OL262380W,The Magic of Oz
approve,openlibrary_OL17872198W,Moth and spark
approve,openlibrary_OL17856599W,Frogkisser
approve,openlibrary_OL19731287W,The prince and the dressmaker
approve,openlibrary_OL109872W,The Duke's Children
approve,openlibrary_OL29459W,Franklin's school play
approve,openlibrary_OL4279450W,By right of arms
approve,openlibrary_OL3453483W,The Captive Queen of Scots
approve,openlibrary_OL4092663W,The Black Moth
approve,openlibrary_OL895251W,Beyond Seduction
approve,openlibrary_OL1692358W,Just beyond tomorrow
approve,openlibrary_OL4996122W,In Your Arms
approve,openlibrary_OL17896316W,Royally lost
approve,openlibrary_OL3566803W,Scandalous Again-(Switching Places#1)
approve,openlibrary_OL17059W,When the Duke Returns
approve,openlibrary_OL15166159W,Ten Things I Love About You
approve,openlibrary_OL16805587W,Sally
approve,openlibrary_OL4092661W,The Spanish Bride
approve,openlibrary_OL17407814W,Her Desert Prince
approve,openlibrary_OL810248W,The Black Lyon
approve,openlibrary_OL17478516W,One Night Heir
approve,openlibrary_OL555335W,Cutting loose
approve,openlibrary_OL6560645W,"Edward, Edward"
approve,openlibrary_OL810184W,The Velvet Promise
approve,openlibrary_OL15999265W,The American Heiress
approve,openlibrary_OL17468391W,A Night Like This
approve,openlibrary_OL4510255W,Arthur and the lost kingdoms
approve,openlibrary_OL16662774W,The Traitor in the Tunnel
approve,openlibrary_OL2000505W,The Conquest
approve,openlibrary_OL20872991W,The Voting Booth
approve,openlibrary_OL17882822W,Banished (Forbidden #2)
approve,openlibrary_OL24567968W,Someone Perfect
approve,openlibrary_OL16809982W,Still Star-Crossed
approve,openlibrary_OL2645246W,"The Bride's Necklace-(Necklace Trilogy, #1)"
approve,openlibrary_OL17828093W,The King's Curse
approve,openlibrary_OL16442546W,The Duke is Mine
approve,openlibrary_OL1692329W,Intrigued
approve,openlibrary_OL1692350W,Vixens
approve,openlibrary_OL112332W,The Paid Companion
approve,openlibrary_OL14961666W,"Royal's Bride-(Bride's Trilogy, #1)"
approve,openlibrary_OL112320W,Mischief
approve,openlibrary_OL82493W,Wolf Tower
approve,openlibrary_OL17072923W,Shinobi life
approve,openlibrary_OL20908295W,Stars Above
approve,openlibrary_OL492872W,The Princess Diaries
approve,openlibrary_OL492730W,The Highs and Lows of Being Mia
approve,openlibrary_OL17822206W,The Selection Stories
approve,openlibrary_OL5881886W,Relationships That Rock!
approve,openlibrary_OL3472762W,Flying solo
approve,openlibrary_OL134921W,The Castle of Fear
approve,openlibrary_OL5689747W,The Duke's Indiscretion
approve,openlibrary_OL3566792W,"The Barefoot Princess (Lost Princesses, Book 2)"
approve,openlibrary_OL8394435W,The Parfit Knight
approve,openlibrary_OL2645232W,The Handmaiden's Necklace-(Necklace Trilogy #3)
approve,openlibrary_OL137085W,Love for Sale
approve,openlibrary_OL1804680W,Lady Macbeth
approve,openlibrary_OL16032821W,The Constant Princess
approve,openlibrary_OL137127W,The Secret of the Glen
approve,openlibrary_OL19985186W,Why Lords Lose Their Hearts
approve,openlibrary_OL4310630W,Regency Royal
approve,openlibrary_OL14981918W,Bride of a Wicked Scotsman
approve,openlibrary_OL5813410W,A Dangerous Beauty
approve,openlibrary_OL4058269W,So Wild A Heart
approve,openlibrary_OL554413W,Married in Haste
approve,openlibrary_OL275153W,Seduction of a proper gentleman
approve,openlibrary_OL895254W,The Taste of Innocence
approve,openlibrary_OL3566819W,Rules of Engagement:(Governess Brides #2)
approve,openlibrary_OL137171W,The Glittering Lights
approve,openlibrary_OL58949W,The prize
approve,openlibrary_OL14921752W,Between the Devil and Desire
approve,openlibrary_OL17733344W,Scarlet Angel
approve,openlibrary_OL17662688W,The Trouble with Honor
approve,openlibrary_OL554594W,The Lost Duke of Wyndham
approve,openlibrary_OL1961507W,Some Like It Wild
approve,openlibrary_OL3566767W,"In My Wildest Dreams (Governess Brides, Book 4)"
approve,openlibrary_OL14951088W,An Impossible Attraction
approve,openlibrary_OL15189321W,Once Upon a Rose
approve,openlibrary_OL278201W,Ask For It
approve,openlibrary_OL4092645W,The Conqueror
approve,openlibrary_OL15167472W,How to Beguile a Beauty
approve,openlibrary_OL135000W,The Prisoner of Love
approve,openlibrary_OL3566828W,Rules of attraction:(Governess Brides#4)
approve,openlibrary_OL278356W,Claiming the Courtesan (Avon Romantic Treasures)
approve,openlibrary_OL14688W,The Wyndham Legacy
approve,openlibrary_OL3566818W,My favorite bride:(Governess Brides #7)
approve,openlibrary_OL137190W,Lucifer and the angel
approve,openlibrary_OL15191339W,Tempting a Proper Lady
approve,openlibrary_OL4331836W,Stranger in My Arms
approve,openlibrary_OL548334W,A Reckless Beauty
approve,openlibrary_OL18821124W,The Texan Duke
approve,openlibrary_OL5957644W,Secrets of a Lady
approve,openlibrary_OL15181185W,The Princess & the Pea
approve,openlibrary_OL15177959W,Never Less Than A Lady
approve,openlibrary_OL137236W,The sign of love
approve,openlibrary_OL4092649W,My Lord John
approve,openlibrary_OL137150W,Alone in Paris
approve,openlibrary_OL4092651W,Simon the Coldheart (Beauvallet Dynasty #1)
approve,openlibrary_OL895253W,Four in Hand
approve,openlibrary_OL3277300W,Betrayed
approve,openlibrary_OL28019292W,Gwen and Art Are Not in Love
approve,openlibrary_OL121771W,The Viking's Woman
approve,openlibrary_OL5689135W,The Duke in Disguise
approve,openlibrary_OL135003W,The Queen of Hearts
approve,openlibrary_OL14979087W,In Bed with the Duke:(Governess Brides #9)
approve,openlibrary_OL137167W,Fire on the Snow
approve,openlibrary_OL1000063W,Love Letters From a Duke
approve,openlibrary_OL1895828W,A Duke Of Her Own
approve,openlibrary_OL553723W,Black Silk
approve,openlibrary_OL2645238W,"Nothing But Velvet-(Litchfield, #1)"
approve,openlibrary_OL4778023W,At the king's command
approve,openlibrary_OL14703W,Rosehaven
approve,openlibrary_OL3566825W,One Kiss From You:(Switching Places #2)
approve,openlibrary_OL5692932W,The Courtesan's Daughter
approve,openlibrary_OL137233W,The Mysterious Maid-Servant
approve,openlibrary_OL15171513W,Desires of a Perfect Lady
approve,openlibrary_OL22600772W,The Bribe
approve,openlibrary_OL16667087W,Just Like Heaven
approve,openlibrary_OL19085658W,Flowers for the Bride
approve,openlibrary_OL77767W,Mistress Pat
approve,openlibrary_OL19974846W,Defy
approve,openlibrary_OL1064268W,The Eight Strokes of the Clock
approve,openlibrary_OL25691864W,Undressed
approve,openlibrary_OL8488796W,Made for Sin
approve,openlibrary_OL5808572W,Surrender To The Sheikh (London'S Most Eligible Playboys)
approve,openlibrary_OL17405235W,Shamed in the Sands
approve,openlibrary_OL275163W,The Templar's Seduction (Templar Knights)
approve,openlibrary_OL8028908W,Cinderella Search
approve,openlibrary_OL24305239W,Uncovering her nine month secret
approve,openlibrary_OL15542605W,"Pure Princess, Bartered Bride"
approve,openlibrary_OL15718642W,The prodigal prince's seduction
approve,openlibrary_OL20521339W,Forbidden to the Duke
approve,openlibrary_OL15449069W,Taken by the pirate tycoon
approve,openlibrary_OL15170324W,Trio of Seduction
approve,openlibrary_OL15169932W,The Greek Billionaire's Innocent Princess
approve,openlibrary_OL15180385W,The Sheikh's Forbidden Virgin
approve,openlibrary_OL8030165W,Pleasure and purpose
approve,openlibrary_OL15185430W,"Royal Baby, Forbidden Marriage"
approve,openlibrary_OL17734355W,The future king's love-child
approve,openlibrary_OL18084300W,The Christmas Love-Child
approve,openlibrary_OL15951632W,Virtue and vice
approve,openlibrary_OL15916113W,Patience
approve,openlibrary_OL9767580W,Every Night I'm Yours
approve,openlibrary_OL17431106W,Heart of the Desert
approve,openlibrary_OL15174541W,CAPTURED
approve,openlibrary_OL15191506W,Eros Island
approve,openlibrary_OL17390364W,Woman in a Sheikh's World
approve,openlibrary_OL19774441W,Blackthorn
approve,openlibrary_OL20009131W,Deeper in sin
approve,openlibrary_OL8488933W,Ceremony of Seduction
approve,openlibrary_OL21572278W,Sheikh's Sinful Seduction
approve,openlibrary_OL8165794W,Bound by honor
approve,openlibrary_OL16454922W,How to seduce a billionaire
approve,openlibrary_OL16454931W,Prince of scandal
approve,openlibrary_OL15184187W,Make Me Yours
approve,openlibrary_OL17746296W,The wolf prince
approve,openlibrary_OL14932956W,Something Reckless
approve,openlibrary_OL23165954W,Undone by the Duke
approve,openlibrary_OL15187118W,HER DARK MASTER
approve,openlibrary_OL17739029W,Tamed
approve,openlibrary_OL5697664W,Ravish
approve,openlibrary_OL15180453W,"Rich, Ruthless and Secretly Royal"
approve,openlibrary_OL25653531W,Anchor and Storm
approve,openlibrary_OL18026178W,A royal amnesia scandal
approve,openlibrary_OL17388216W,The Italian Duke's Virgin Mistress
approve,openlibrary_OL17812850W,Sinful
approve,openlibrary_OL25148583W,Of Iron and Gold
approve,openlibrary_OL21432568W,Dark Fairy Tales
approve,openlibrary_OL17558726W,The Inherited Bride
approve,openlibrary_OL17443457W,His Majesty's Mistake
approve,openlibrary_OL9482465W,Virgin Princess Tycoon’s Temptation
approve,openlibrary_OL15186038W,Texas Cinderella
approve,openlibrary_OL15176077W,Claimed by the Desert Prince
approve,openlibrary_OL15176969W,"Desert Prince, Bride of Innocence"
approve,openlibrary_OL15543711W,"Ruthless Russian, Lost Innocence"
approve,openlibrary_OL17906354W,More Precious than a Crown
approve,openlibrary_OL4233109W,The Arabian Love-Child
approve,openlibrary_OL16029351W,"Prince of Montez, pregnant mistress"
approve,openlibrary_OL9481337W,Caretti's forced bride
approve,openlibrary_OL18081903W,Lord Savage
approve,openlibrary_OL17388303W,The Reluctant Duke
approve,openlibrary_OL15171542W,Possessing Morgan
approve,openlibrary_OL17580205W,Wicked Nights With A Proper Lady:(Dangerous Rogues #1)
approve,openlibrary_OL15186971W,The Royal Doctor's Bride
approve,openlibrary_OL27422544W,Call Me Daddy
approve,openlibrary_OL14911415W,Gorgeous As Sin
approve,openlibrary_OL17377182W,Passion and the Prince
approve,openlibrary_OL15188456W,The Desert Prince
approve,openlibrary_OL5682640W,"One day, my prince"
approve,openlibrary_OL555403W,Sheik
approve,openlibrary_OL1895857W,A Rogue in Texas
approve,hardcover_637867,The Butcher's Masquerade
approve,hardcover_441070,The Traitor Baru Cormorant
approve,hardcover_461560,The Heroes
approve,hardcover_428780,The Bone Shard Daughter
approve,hardcover_67638,The One
approve,hardcover_428913,The Kiss of Deception
approve,hardcover_445980,Silverthorn
approve,hardcover_475181,Portrait of a Thief
approve,hardcover_54695,Tower Lord
approve,hardcover_1960841,Dire Bound
approve,hardcover_446986,The Liar’s Key
approve,hardcover_435332,No One Belongs Here More Than You
approve,hardcover_469267,The Red Palace
approve,hardcover_475859,Knight's Shadow
approve,hardcover_502726,Queen Song
approve,hardcover_36464,The Courts of Chaos
approve,hardcover_64696,The Winner's Crime
approve,hardcover_242366,The King's Buccaneer
approve,hardcover_506431,Cruel King
approve,hardcover_445967,The Thousandfold Thought
approve,hardcover_210147,The Shadow Queen
approve,hardcover_186171,Tiger's Curse
approve,hardcover_990313,Fire and Song
approve,hardcover_474627,Lord of the Silver Bow
approve,hardcover_358228,The Beast Within
approve,hardcover_441154,Range of Ghosts
approve,hardcover_329870,With a Tangled Skein
approve,hardcover_520618,Ruined
approve,hardcover_1424631,The Mistletoe Mystery
approve,hardcover_750355,Queen Charlotte
approve,hardcover_254517,A Crown Imperilled
approve,hardcover_1613271,Royals
approve,hardcover_440704,Royally Screwed
approve,hardcover_23464,A Night to Surrender
approve,hardcover_202396,A Kiss at Midnight
approve,hardcover_456752,Bring Me Their Hearts
approve,hardcover_33236,Jimmy the Hand
approve,hardcover_472242,Idol
approve,hardcover_474346,Riddle-Master
approve,hardcover_458341,Jimmy and the Crawler
approve,hardcover_105225,Any Duchess Will Do
approve,hardcover_66521,Flowers from the Storm
approve,hardcover_468576,Divided Allegiance
approve,hardcover_252835,Oathbreakers
approve,hardcover_469163,The Spirit Rebellion
approve,hardcover_315477,Pleasure of a Dark Prince
approve,hardcover_331376,Devil's Bride
approve,hardcover_452530,The Library of Fates
approve,hardcover_472597,What I Did for a Duke
approve,hardcover_526114,Sweet Peril
approve,hardcover_162121,No Good Duke Goes Unpunished
approve,hardcover_119949,A Duke by Default
approve,hardcover_384244,"Whitney, My Love"
approve,hardcover_335066,Someone to Love
approve,hardcover_1133813,A Darkness Returns
approve,hardcover_381011,Slightly Dangerous
approve,hardcover_283959,Spelled
approve,hardcover_610863,Riven Knight
approve,hardcover_14504,Princess of Glass
approve,hardcover_338531,"Mr. Cavendish, I Presume"
approve,hardcover_11651,The Sleeping Beauty
approve,hardcover_336993,Regency Buck
approve,hardcover_199504,Poison
approve,hardcover_108418,Daring and the Duke
approve,hardcover_2063079,Pegasus
approve,hardcover_103876,Duke of Midnight
approve,hardcover_731859,"His Grace, The Duke"
approve,hardcover_689674,Tinsel
approve,hardcover_131035,The Cabinet of Wonders
approve,hardcover_233931,Brighter Than the Sun
approve,hardcover_274701,A Duke of Her Own
approve,hardcover_174667,Until You
approve,hardcover_22864,Victoria and the Rogue
approve,hardcover_355050,Gates of Paradise
approve,hardcover_370400,The Dreamthief's Daughter: A Tale of the Albino
approve,hardcover_252,Bath Tangle
approve,hardcover_474213,Cold iron
approve,hardcover_710106,Marilla of Green Gables
approve,hardcover_1200184,The Last Shield
approve,hardcover_87642,Waking Up With the Duke
approve,hardcover_556,A Secret Affair
approve,hardcover_2168402,The Duke
approve,hardcover_296022,An Infamous Army
approve,hardcover_462642,It Started With Goodbye
approve,hardcover_76358,Once Upon a Prince
approve,hardcover_383554,The Quiet Gentleman
approve,hardcover_519187,The Game
approve,hardcover_191635,Passion
approve,hardcover_469297,Dark Breaks the Dawn
approve,hardcover_1050869,Echo
approve,hardcover_84116,Rats and Gargoyles
approve,hardcover_483565,The Sleeping Prince
approve,hardcover_530277,The Princess Affair
approve,openlibrary_OL21122417W,Until the Dawn
approve,openlibrary_OL5689317W,Mob Mistress
approve,openlibrary_OL20001764W,Owning violet
approve,a_million_open_doors,A Million Open Doors
approve,openlibrary_OL480285W,Spock's World
approve,hardcover_439656,Packing for Mars: The Curious Science of Life in the Void
approve,hardcover_435136,The Great Dune Trilogy
approve,hardcover_100782,Aftermath
approve,openlibrary_OL3566826W,Outrageous
approve,hardcover_428796,The Gilded Cage
approve,hardcover_590769,Thieves' Gambit
approve,hardcover_446540,Diamantine
approve,hardcover_1356748,The Scorpion and the Night Blossom
approve,openlibrary_OL19981758W,Ghosts of time
approve,hardcover_428354,Down and Out in the Magic Kingdom
approve,openlibrary_OL31210W,"De nuevo, el amor"
approve,openlibrary_OL8035567W,A Widow for One Year
approve,openlibrary_OL5733816W,A short history of tractors in Ukrainian
approve,hardcover_1633716,Homeseeking
