book_id,title,author,lang_guess,genres
a_fire_endless,A Fire Endless,Rebecca Ross Novel,da,"[""Fantasy"", ""Romantasy""]"
a_million_open_doors,A Million Open Doors,John Barnes,nl,"[""Sci-Fi""]"
a_quantum_murder,A Quantum Murder,Peter F Hamilton,pt,"[""Sci-Fi""]"
a_scanner_darkly,A Scanner Darkly,Philip K Dick,de,"[""Sci-Fi""]"
academs_fury929,Academ's Fury,Jim Butcher,pt,"[""Fantasy""]"
adam_robots,Adam Robots,Adam Roberts,lv,"[""Sci-Fi""]"
alien_covenant,Alien: Covenant,Aliens Series,nl,"[""Sci-Fi""]"
alien_covenant_origins,Alien Covenant - Origins,Aliens Series,nl,"[""Sci-Fi""]"
aliens_infiltrator,Aliens: Infiltrator,Aliens Series,it,"[""Sci-Fi""]"
anansi_boys,Anansi Boys,Neil Gaiman,tl,"[""Fantasy"", ""Romantasy""]"
and_i_darken261,And I Darken,Random House,da,"[""Fantasy""]"
anji_kills_a_king,Anji Kills a King,Titan Books,sw,"[""Fantasy""]"
annie_bot,Annie Bot,Sierra Greer,af,"[""Sci-Fi""]"
anno_frankenstein,Anno Frankenstein,Jonathan Green,de,"[""Fantasy""]"
antartica_station,Antartica Station,Pandemic,it,"[""Sci-Fi""]"
archer_securities,Archer Securities,Jove Belle,de,"[""Mystery"", ""romantic suspense""]"
artificial_condition,Artificial Condition,The Murderbot Diaries,it,"[""Sci-Fi""]"
aurora_s_angel,Aurora’s Angel,Emily Noon,tl,"[""Fantasy"", ""Romantasy""]"
autumn_dawn,Autumn - Dawn,David Moody,id,"[""Horror""]"
autumn_purification,Autumn - Purification,David Moody,ro,"[""Fantasy""]"
bachelorette_number_twelve,Bachelorette Number Twelve,Jae,de,"[""Sci-Fi"", ""Romance"", ""contemporary romance""]"
bad_monkey,Bad Monkey,Carl Hiaasen,so,"[""General Fiction"", ""Mystery"", ""crime""]"
bang_bang_bodhisattva,Bang Bang Bodhisattva,Solaris,tl,"[""Sci-Fi""]"
beautiful_bastard,Beautiful Bastard,Lauren - Beautiful,ro,"[""Romance""]"
beautiful_beloved,Beautiful Beloved,Lauren - Beautiful Series,ro,"[""Romance""]"
beautiful_bitch,Beautiful Bitch,Lauren - Beautiful Series,ro,"[""Romance""]"
beautiful_dead_arizona,Beautiful Dead: Arizona,Eden Maguire,ro,"[""Fantasy""]"
beautiful_secret,Beautiful Secret,Lauren - Beautiful Series,ro,"[""Romance""]"
begin_again,Begin Again,Sara Radley,id,"[""Romance"", ""small-town romance""]"
being_hers,Being Hers,Anna Stone,de,"[""Romance"", ""contemporary romance""]"
beyond_her_manner,Beyond her Manner,Emily Banting,de,"[""Romance"", ""contemporary romance""]"
bid_number_nine,Bid Number Nine,Julia Briz,de,"[""Mystery"", ""romantic suspense""]"
bishop,Aliens: Bishop,Aliens Series,de,"[""Sci-Fi""]"
blood_rival,Blood Rival,Jake Arnott,et,"[""General Fiction"", ""Crime"", ""Thriller"", ""Mystery"", ""crime""]"
blue_skies,Blue Skies,Ali Vali,af,"[""Mystery"", ""romantic suspense""]"
bone_silence,Bone Silence,Alastair Reynolds,it,"[""Sci-Fi""]"
book_lovers,Book Lovers,Emily Henry,nl,"[""Romance""]"
braking_day,Braking Day,Jo Fletcher Books,tl,"[""Sci-Fi""]"
broken_branches,Broken Branches,Ben Ellis,de,"[""Sci-Fi""]"
broken_wings,Broken Wings,L,af,"[""Fantasy"", ""Romantasy""]"
bystander_27,Bystander 27,Angry Robot Books,da,"[""Fantasy""]"
calendar_girl,Calendar Girl,Georgia Beers,tr,"[""Romance"", ""contemporary romance""]"
carpe_jugulum,Carpe Jugulum,Terry Pratchett,ro,"[""Fantasy"", ""fantasy romance""]"
certain_requirements,Certain Requirements,Elinor Zimmerman,fr,"[""Romance"", ""contemporary romance""]"
channel_blue,Channel Blue,Jay Martel,fr,"[""Sci-Fi""]"
chaos_vector,Chaos Vector,Megan O'Keefe,es,"[""Sci-Fi""]"
code_name_atlas,Code Name Atlas,Tony Evans,pt,"[""Sci-Fi""]"
codename_lotus,Codename Lotus,Yiliana Ferran,pt,"[""Romance"", ""contemporary romance""]"
composite_creatures,Composite Creatures,Caroline Hardaker,ro,"[""Sci-Fi""]"
coup_de_grace,Coup de Grace,Titan Books,fr,"[""Sci-Fi""]"
cry_voidbringer,"Cry, Voidbringer",Solaris,da,"[""Fantasy""]"
dangerous_allies,Dangerous Allies,Julie Verne,af,"[""Mystery"", ""romantic suspense""]"
dangerous_illusion,Dangerous Illusion,E.R. Hawthorne,fr,"[""Mystery"", ""romantic suspense""]"
dark_eden,Dark Eden,Chris Beckett,da,"[""Sci-Fi""]"
dark_garden,Dark Garden,Jennifer Fulton,de,"[""Romance"", ""contemporary romance""]"
dark_intelligence,Dark Intelligence,Neal Asher,da,"[""Sci-Fi""]"
dark_lullaby,Dark Lullaby,Titan Books,tr,"[""Sci-Fi""]"
dark_seeker,Dark Seeker,K W Jeter,af,"[""Sci-Fi""]"
dark_skies,Dark Skies,Danielle L. Jensen Novel,af,"[""Fantasy"", ""Romantasy""]"
dark_stars,Dark Stars,Titan Books,sv,"[""Horror""]"
dark_sun_bright_moon,"Dark Sun, Bright Moon",Oliver Sparrow,af,"[""Fantasy""]"
dark_visions,Dark Visions,Douglas E Winter,af,"[""Sci-Fi""]"
darwins_radio,Darwins Radio,Greg Bear,af,"[""Sci-Fi""]"
day_shift,Day Shift,Charlaine Harris,so,"[""Fantasy""]"
dead_by_dawn,Dead by Dawn,Guido Henkel,cy,"[""Fantasy""]"
dead_lines,Dead Lines,Greg Bear,de,"[""Sci-Fi"", ""Fantasy"", ""Thriller"", ""Mystery"", ""crime""]"
dead_mans_steel,Dead Man's Steel,Luke Scull,nl,"[""Fantasy"", ""fantasy romance""]"
dead_ringers,Dead Ringers,Christopher Golden,nl,"[""Fantasy""]"
deal_breaker,Deal Breaker,Siri Caldwell,no,"[""Romance"", ""contemporary romance""]"
demon_seed,Demon Seed,Dean Koontz,nl,"[""Horror""]"
divine_fanaticism,Divine Fanaticism,Robin G Howard,it,"[""Sci-Fi""]"
divine_fusionist,Divine Fusionist,Jonathan Brooks,de,"[""Fantasy""]"
divine_heretic,Divine Heretic,Jo Fletcher Books,de,"[""Fantasy""]"
divine_murder,Divine Murder,Ward Kelley,de,"[""Sci-Fi""]"
doors_of_sleep,Doors of Sleep,Angry Robot Books,af,"[""Sci-Fi""]"
double_bluff,Double Bluff,Claire McNab,fr,"[""Mystery"", ""romantic suspense""]"
dragon_hunters,Dragon Hunters,Marc Turner,de,"[""Fantasy""]"
dragon_rider,Dragon Rider,David Burrows,de,"[""Fantasy""]"
dream_alchemy,Dream Alchemy,Nicholas Boyd Crutchley,de,"[""Sci-Fi""]"
druids_bane,Druid's Bane,Phillip Henderson,af,"[""Fantasy""]"
dune_series,Dune Series,Frank Herbert,de,"[""Sci-Fi""]"
dust_and_desire,Dust and Desire,Titan Books,de,"[""General Fiction""]"
dying_inside,Dying Inside,Robert Silverberg,id,"[""Sci-Fi""]"
echo_cycle,Echo Cycle,Titan Books,cy,"[""Sci-Fi""]"
ecko_rising,Ecko Rising,Danie Ware,tl,"[""Fantasy""]"
element_keepers,Element Keepers,EP Marcellin,nl,"[""Fantasy""]"
elite_lave_revolution,Elite: Lave Revolution,Allen Stroud,fr,"[""Sci-Fi""]"
elite_reclamation,Elite - Reclamation,Drew Wagar,it,"[""Sci-Fi""]"
elven_star,Elven Star,Weis and Hickman,sv,"[""Fantasy""]"
enders_game,Enders Game,Ender Saga,de,"[""Sci-Fi""]"
ensign_flandry,Ensign Flandry,Poul Anderson,da,"[""Sci-Fi""]"
escape_pod,Escape Pod,Titan Books,pt,"[""Sci-Fi""]"
europe_in_autumn,Europe in Autumn,Dave Hutchinson,ro,"[""Sci-Fi""]"
executive_liaison,Executive Liaison,Anna Stone and Hildred Billings,fr,"[""Romance"", ""contemporary romance""]"
exit_eleonora,Exit Eleonora,Richard R Allan,ca,"[""Sci-Fi""]"
fahrenheit_451,Fahrenheit 451,Ray Bradbury,de,"[""Sci-Fi""]"
fall_to_pieces,Fall to Pieces,Chloe Walsh,it,"[""Romance""]"
fallen_dragon,Fallen Dragon,Peter F Hamilton,de,"[""Sci-Fi""]"
falling_blindly,Falling Blindly,Abigail Taylor,da,"[""Romance"", ""contemporary romance""]"
feersum_endjinn,Feersum Endjinn,Iain M Banks,af,"[""Sci-Fi""]"
femme_tales,Femme Tales,Anne Shade,fr,"[""Fantasy"", ""Romance"", ""contemporary romance"", ""Romantasy""]"
fevered_star,Fevered Star,Rebecca Roanhorse Novel,da,"[""Fantasy""]"
flaming_dove,Flaming Dove,Daniel Arenson,da,"[""Fantasy""]"
fleet_landing,Fleet Landing,Fleet Landing,nl,"[""General Fiction""]"
folk_horror,Folk Horror,Paul Kane,no,"[""Horror""]"
foreign_devils,Foreign Devils,John Hornor Jacobs,da,"[""Fantasy""]"
foxglove_summer,Foxglove Summer,Ben Aaronovitch,da,"[""Fantasy"", ""fantasy romance""]"
fractal_noise,Fractal Noise,Christopher Paolini,fr,"[""Sci-Fi""]"
frankenstein_unbound,Frankenstein Unbound,Brian Aldiss,de,"[""Sci-Fi""]"
future_hope,Future Hope,David Gelber,ro,"[""Sci-Fi""]"
game_changer,Game Changer,Reid - Game Changers Book 1,de,"[""Romance""]"
gentle_reminders,Gentle Reminders,Martin Perry,de,"[""Sci-Fi""]"
geralds_game,Geralds Game,Stephen King,de,"[""Horror"", ""Mystery"", ""crime""]"
girlfriend_goals,Girlfriend Goals,Clare Lydon,de,"[""Romance"", ""sports romance""]"
gods_monsters,Gods & Monsters,Shelby Mahurin Novel,nl,"[""Fantasy"", ""Romantasy""]"
golden_prey,Golden Prey,Simon and Schuster,da,"[""General Fiction""]"
golden_son,Golden Son,Pierce Brown,da,"[""Sci-Fi""]"
gone_girl,Gone Girl,Gillian Flynn,it,"[""Thriller & Mystery""]"
grave_peril,Grave Peril,Jim Butcher,hr,"[""Fantasy"", ""fantasy romance""]"
gun_machine,Gun Machine,Mulholland Books,de,"[""General Fiction""]"
hard_spell,Hard Spell,Justin Gustainis,sv,"[""Fantasy""]"
hart_stocker,Hart & Stocker,Max Ellendale,sv,"[""Romance"", ""small-town romance""]"
hellstroms_hive,Hellstrom's Hive,Frank Herbert,sv,"[""Sci-Fi""]"
hellwegs_keep,Hellwegs Keep,Justin Holley,af,"[""Horror"", ""Sci-Fi""]"
her_best_friend_s_sister,Her Best Friend’s Sister,Meghan O’Brien,de,"[""Romance""]"
her_refuge,Her Refuge,Kadyan,de,"[""Romance"", ""contemporary romance""]"
hotel_queens,Hotel Queens,Lee Winter,nl,"[""Romance"", ""contemporary romance""]"
i_am_legend,I am Legend,Richard Matheson,de,"[""Sci-Fi""]"
ignite_me,Ignite Me,Tahereh Mafi,it,"[""Fantasy"", ""Romantasy""]"
in_a_holidaze,In A Holidaze,Christina Lauren,hu,"[""Romance""]"
in_development,In Development,Rachel Spangler,nl,"[""Romance"", ""contemporary romance""]"
interstellar_megachef,Interstellar MegaChef,Solaris,de,"[""Sci-Fi""]"
invisible_planets,Invisible Planets,Head of Zeus,fr,"[""Sci-Fi""]"
jack_glass,Jack Glass,Adam Roberts,de,"[""Sci-Fi""]"
jekyll_and_hyde_winter_retreat,Jekyll & Hyde: Winter Retreat,Titan Books,da,"[""Fantasy""]"
just_my_luck,Just My Luck,Andrea Bramhall,de,"[""Romance"", ""contemporary romance""]"
kells_legend,Kells Legend,Andy Remic,de,"[""Fantasy""]"
killing_it,Killing It,Mike Bockoven,tl,"[""Horror""]"
last_argument_of_kings,Last Argument Of Kings,Joe Abercrombie,de,"[""Fantasy""]"
last_salute,Last Salute,Tracey Richardson,et,"[""Romance"", ""contemporary romance""]"
latin_lessons,Latin Lessons,Maggie McIntyre,fr,"[""Contemporary"", ""contemporary romance""]"
legends_and_lattes,Legends and Lattes,Tor Books,de,"[""Fantasy""]"
legion_skin_deep,Legion: Skin Deep,Brandon Sanderson,nl,"[""Sci-Fi""]"
leinster_gardens_and_other_subtleties,Leinster Gardens and Other Subtleties,Jan Edwards,de,"[""Fantasy""]"
lessons_learned,Lessons Learned,Martin Perry,fr,"[""Sci-Fi""]"
lex_files,Lex Files,Celeste Castro,fr,"[""Mystery"", ""romantic suspense""]"
lies_sleeping,Lies Sleeping,Ben Aaronovitch,af,"[""Fantasy""]"
life_expectancy,Life Expectancy,Dean Koontz,ca,"[""Horror""]"
lost_fleet_dauntless,Lost Fleet: Dauntless,Jack Campbell,de,"[""Sci-Fi""]"
love_s_melody_lost,Love’s Melody Lost,Radclyffe,cs,"[""Romance"", ""contemporary romance""]"
lucky_jinn,Lucky Jinn,Eule Grey,cs,"[""Fantasy"", ""Romantasy""]"
mafia_girl_maybe,"Mafia Girl, Maybe?",Kimberly A. Todd,tr,"[""Mystery"", ""romantic suspense""]"
magdalene_nox,Magdalene Nox,Milena McKay,no,"[""Fantasy"", ""Romance"", ""contemporary romance"", ""Romantasy""]"
make_room_for_love,Make Room for Love,Darcy Liao,no,"[""Romance""]"
marchs_end,Marchs End,Daniel Polansky,de,"[""Fantasy""]"
mars_plus,Mars Plus,Frederik Pohl,fr,"[""Sci-Fi""]"
masquerade_for_murder,Masquerade for Murder,Titan Books,pt,"[""General Fiction""]"
miles_apart,Miles Apart,A.L. Brooks,fr,"[""Romance"", ""contemporary romance""]"
mirrored_heavens,Mirrored Heavens,Rebecca Roanhorse Novel,da,"[""Fantasy""]"
mistaken_identity,Mistaken Identity,Donna Jay,fi,"[""Mystery"", ""Romance"", ""contemporary romance""]"
mister_magic,Mister Magic,Del Rey,de,"[""Horror""]"
molten_heart,Molten Heart,Doctor Who,nl,"[""Sci-Fi""]"
moon_rising,Moon Rising,Tui T. Sutherland,tl,"[""Fantasy""]"
mountain_man,Mountain man,Keith Blackmore,fi,"[""Fantasy"", ""Sci-Fi""]"
mr_vertigo,Mr Vertigo,Paul Auster,de,"[""Sci-Fi""]"
mr_wrong_number,Mr. Wrong Number,Painter - Rom-Com,id,"[""Romance""]"
no_safe_haven,No Safe Haven,Carmen Webster Buxton,no,"[""Sci-Fi""]"
not_in_love,Not in Love,Ali Hazelwood,nl,"[""Romance""]"
of_men_and_monsters,Of Men and Monsters,William Tenn,de,"[""Sci-Fi""]"
one_dark_window,One Dark Window,Rachel Gillig,de,"[""Fantasy"", ""Romantasy""]"
original_sin,Original Sin,Gavin Smith,tl,"[""Sci-Fi""]"
orsinian_tales,Orsinian Tales,Ursula K Le Guin,id,"[""Sci-Fi""]"
paper_love,Paper Love,Jae,no,"[""Romance"", ""contemporary romance""]"
passengers_to_zeta_nine,Passengers to Zeta Nine,Peter Salisbury,nl,"[""Sci-Fi""]"
pelquins_comet,Pelquin's Comet,Ian Whates,fr,"[""Sci-Fi""]"
pig_island,Pig Island,Mo Hayder,tl,"[""Horror"", ""Mystery"", ""crime""]"
pink_noise,Pink Noise,Leonid Korogodski,fi,"[""Sci-Fi""]"
pirate_cinema,Pirate Cinema,Cory Doctorow,it,"[""Sci-Fi""]"
prospero_burns,Prospero Burns,Dan Abnett,es,"[""Sci-Fi""]"
quantum_radio,Quantum Radio,Pandemic,id,"[""Sci-Fi""]"
quiet_village,Quiet Village,Eden Darry,fr,"[""Romance"", ""paranormal romance""]"
radio_life,Radio Life,Jo Fletcher Books,it,"[""Sci-Fi""]"
rapunzels_daughters,Rapunzels Daughters,Josie Brown,de,"[""Fantasy""]"
red_glove,Red Glove,Holly Black,sl,"[""Fantasy""]"
reluctant_immortals,Reluctant Immortals,Titan Books,ca,"[""Horror""]"
rescue_me,Rescue Me,Michelle L Teichman,es,"[""Mystery"", ""romantic suspense""]"
restore_me,Restore Me,Tahereh Mafi,ro,"[""Fantasy"", ""Romantasy""]"
salems_lot,Salems Lot,Stephen King,fr,"[""Fantasy"", ""fantasy romance""]"
sandman_slim,Sandman Slim,Voyager,id,"[""Fantasy""]"
santa_s_favorite,Santa’s Favorite,Madeleine Taylor,it,"[""Romance"", ""holiday romance""]"
schilds_ladder,Schild's Ladder,Greg Egan,de,"[""Sci-Fi""]"
scissor_link,Scissor Link,Georgette Kaplan,de,"[""Romance"", ""contemporary romance""]"
serpent_dove,Serpent & Dove,Shelby Mahurin Novel,nl,"[""Fantasy"", ""Romantasy""]"
seven_wonders,Seven Wonders,Adam Christopher,nl,"[""Sci-Fi""]"
shadow_and_bone_siege_and_storm,Siege and Storm,Leigh Bardugo,de,"[""Fantasy"", ""Romantasy""]"
shadow_fall,Shadow Fall,Star Wars,so,"[""Sci-Fi""]"
shield_maiden,Shield Maiden,Sharon Emmerichs,de,"[""Fantasy""]"
side_hustle,Side Hustle,Fleet Landing,de,"[""General Fiction"", ""Crime"", ""Thriller"", ""Mystery"", ""crime""]"
signal_to_noise,Signal to Noise,Solaris,it,"[""Sci-Fi""]"
silent_key,Silent Key,Laurel Hightower,de,"[""Horror""]"
silicon_man,Silicon Man,William Massa,it,"[""Sci-Fi""]"
silver_collar,Silver Collar,Gill McKnight,sv,"[""Fantasy"", ""Romantasy""]"
silver_nitrate,Silver Nitrate,Jo Fletcher Books,no,"[""Horror""]"
skin_game,Skin Game,Jim Butcher,af,"[""Fantasy""]"
smoke_kings,Smoke Kings,Jahmal Mayfield,no,"[""General Fiction""]"
space_marine,Space Marine,Ian Watson,ro,"[""Sci-Fi""]"
spells_for_forgetting,Spells for Forgetting,Quercus Publishing Plc,no,"[""Fantasy""]"
star_king,Star King,Jack Vance,de,"[""Sci-Fi""]"
star_splinter,Star Splinter,John Cressey,de,"[""Sci-Fi""]"
stars_like_us,Stars Like Us,Jubilee,sv,"[""Sci-Fi""]"
stolen_lives,Stolen Lives,GK Masterson,no,"[""Sci-Fi""]"
strange_tales_v,Strange Tales V,Rosalie Parker,de,"[""Fantasy""]"
sunrise_alley,Sunrise Alley,Catherine Asaro,fr,"[""Sci-Fi""]"
swan_song,Swan Song,Robert R McCammon,tl,"[""Fantasy"", ""Sci-Fi""]"
take_your_time,Take Your Time,VK Powell,id,"[""Fantasy"", ""Romance"", ""small-town romance"", ""Romantasy""]"
tell_no_lies,Tell No Lies,John Grant,it,"[""Sci-Fi""]"
ten_little_aliens,Ten Little Aliens,Stephen Cole,de,"[""Sci-Fi""]"
the_escher_man,The Escher Man,Titan Books,de,"[""Sci-Fi""]"
the_neutronium_alchemist,The Neutronium Alchemist,Peter F Hamilton,de,"[""Sci-Fi""]"
the_pet_boutique,The Pet Boutique,Suzie Carr,fr,"[""Romance"", ""contemporary romance""]"
time_and_time_again,Time and Time Again,Ben Elton,id,"[""Sci-Fi"", ""sci-fi romance"", ""Romantasy""]"
together_we_die,Together We Burn,Titan Books,de,"[""Fantasy""]"
total_recall,Total Recall,Philip K Dick,it,"[""Sci-Fi""]"
tricky_wisdom,Tricky Wisdom,Camryn Eyde,sk,"[""Romance"", ""contemporary romance""]"
under_a_falling_star,Under A Falling Star,Jae,de,"[""Romance"", ""holiday romance""]"
under_fortunate_stars,Under Fortunate Stars,Rebellion,de,"[""Sci-Fi""]"
under_pressure,Under Pressure,Barbara Winkes,de,"[""Mystery"", ""romantic suspense""]"
under_your_skin,Under Your Skin,Lee Winter,da,"[""Mystery"", ""romantic suspense""]"
unmarked_graves,Unmarked Graves,Shaun Hutson,da,"[""Horror""]"
vegas_knights,Vegas Knights,Matt Forbeck,et,"[""Fantasy""]"
wastelands_2,Wastelands 2,John Joseph Adams,nl,"[""Sci-Fi""]"
we_are_satellites,We Are Satellites,Head of Zeus,de,"[""Sci-Fi""]"
we_deserve_monuments,We Deserve Monuments,Jas Hammonds,nl,"[""Mystery"", ""Romance"", ""small-town romance""]"
white_gold_wielder,White Gold Wielder,Stephen Donaldson,de,"[""Fantasy""]"
whitewater_rendezvous,Whitewater Rendezvous,Kim Baldwin,de,"[""Romance"", ""contemporary romance""]"
winter_song,Winter Song,Colin Harvey,de,"[""Sci-Fi""]"
zero_kill,Zero Kill,M K Hill,de,"[""General Fiction""]"
zeus_is_a_dick,Zeus Is A Dick,Susie Donkin,de,"[""General Fiction""]"
zoes_tale,Zoe's Tale,John Scalzi,et,"[""Sci-Fi""]"
zombies_a_compendium,Zombies: A Compendium,Otto Penzler,pt,"[""Fantasy""]"
beautiful_ugly,Beautiful Ugly,Alice Feeney,ro,"[""Thriller & Mystery""]"
behind_her_eyes,Behind Her Eyes,Sarah Pinborough,de,"[""Thriller & Mystery""]"
believe_me,Believe Me,J.P. Delaney,nl,"[""Thriller & Mystery""]"
big_little_lies,Big Little Lies,Liane Moriarty,de,"[""Thriller & Mystery""]"
daisy_darker,Daisy Darker,Alice Feeney,af,"[""Thriller & Mystery""]"
escaping_peril,Escaping Peril,Tui T. Sutherland,tl,"[""Fantasy""]"
good_bad_girl,Good Bad Girl,Alice Feeney,so,"[""Thriller & Mystery""]"
kirkus_david_guenette_over_brooklyn_hills,Over Brooklyn Hills,David Guenette,af,"[""Fiction"", ""Sci-Fi""]"
kirkus_rachel_tremblay_lavender_spike,Lavender Spike,Rachel Tremblay,da,"[""Sci-Fi""]"
moodreads_1010,Wild Hunger,Suzanne Wright,de,"[""Romance""]"
moodreads_11501,Dirty Daddies,Jade West,af,"[""Romance""]"
moodreads_1750,Eternal Ruin,Tigest Girma,ro,"[""Romance""]"
moodreads_1760,Hemlock & Silver,T. Kingfisher,sv,"[""Romance""]"
moodreads_2509,Starlight Bender,Sofia Nedic,de,"[""Romance""]"
moodreads_2510,Her Viking Wolf,Theodora Taylor,da,"[""Romance""]"
moodreads_510,Reign & Ruin,J.D. Evans,de,"[""Romance""]"
moodreads_514,In Between Darkness,MJ Castleton,nl,"[""Romance""]"
moodreads_6217,A Magical Girl Retires,Park Seolyeon,it,"[""Romance""]"
moodreads_6927,Beautiful Disaster,Jamie McGuire,ro,"[""Romance""]"
moodreads_6931,Dirty Like Me,Jaine Diamond,af,"[""Romance""]"
moodreads_9989,Star Daughter,Shveta Thakrar,de,"[""Romance"", ""Romantasy""]"
openlibrary_OL1000741W,Remember Me,Christopher Pike,de,"[""General Fiction""]"
openlibrary_OL1000795W,Remember Me 2,Christopher Pike,de,"[""General Fiction""]"
openlibrary_OL1003017W,Memórias póstumas de Brás Cubas,Machado de Assis,pt,"[""Romance""]"
openlibrary_OL121172W,Skeleton man,Joseph Bruchac,fi,"[""General Fiction""]"
openlibrary_OL121764W,Ghost walk,Heather Graham,so,"[""General Fiction"", ""romance"", ""Romantasy""]"
openlibrary_OL134869W,Falling stars,V.C. Andrews,sv,"[""Art""]"
openlibrary_OL134872W,Hidden Jewel,V.C. Andrews,nl,"[""General Fiction""]"
openlibrary_OL134879W,Darkest Hour,V.C. Andrews,no,"[""General Fiction""]"
openlibrary_OL134893W,My Sweet Audrina,V.C. Andrews,af,"[""General Fiction""]"
openlibrary_OL13650578W,Bad Girls Don't Die,Katie Alender,de,"[""General Fiction""]"
openlibrary_OL13668583W,Doragon heddo,Minetarō Mochizuki,cy,"[""Graphic Novel""]"
openlibrary_OL138030W,Ghosts don't get goose bumps,Elvira Woodruff,nl,"[""General Fiction""]"
openlibrary_OL149093W,Apt Pupil,Stephen King,tl,"[""Mystery""]"
openlibrary_OL14938089W,Edgar Allan Poe,Edgar Allan Poe,sv,"[""Poetry"", ""romance"", ""Romantasy""]"
openlibrary_OL14958765W,Alien Sex,"Ellen Datlow, Leigh Kennedy, Rick Wilber, Harlan Ellison, Scott Baker, Larry Niven, K. W. Jeter, Philip José Farmer, Lisa Tuttle, Bruce McAllister, Edward Bryant, Pat Cadigan, Geoff Ryman, Connie Willis, Richard Christian Matheson, Lewis Shiner, Roberta Lannes, James Tiptree, Jr., Michaela Roessner, Pat Murphy",de,"[""Sci-Fi""]"
openlibrary_OL14982396W,Shadow souls,Lisa Jane Smith,so,"[""General Fiction"", ""romance""]"
openlibrary_OL15044586W,El Príncipe de la Niebla,Carlos Ruiz Zafón,es,"[""General Fiction""]"
openlibrary_OL15058678W,Dr. Jekyll and Mr. Hyde,Fiona MacDonald,cy,"[""Graphic Novel""]"
openlibrary_OL15075731W,Hell's heroes,Darren Shan,nl,"[""General Fiction""]"
openlibrary_OL15093845W,Goosebumps Series 2000 - Be Afraid -- Be Very Afraid!,Robert Lawrence Stine,af,"[""General Fiction""]"
openlibrary_OL15093856W,The Best Friend,Robert Lawrence Stine,de,"[""General Fiction""]"
openlibrary_OL15130133W,Dare to scare,"Judy Katschke, Mary-Kate Olsen, Ashley Olsen         ",it,"[""Children's""]"
openlibrary_OL15134116W,Best Sellers,"John T. Beaudouin, Peter Benchley, Frederick Forsyth",de,"[""General Fiction""]"
openlibrary_OL15168750W,Carpe Corpus,Rachel Caine,ro,"[""General Fiction""]"
openlibrary_OL15190841W,Zombie Raccoons & Killer Bunnies,Martin H. Greenberg,de,"[""Fantasy""]"
openlibrary_OL15284392W,Mrs Ombrella et les Musées du désert,Marie Darrieussecq,fr,"[""General Fiction""]"
openlibrary_OL15374110W,"Full Dark, No Stars",Stephen King,sv,"[""Mystery"", ""crime""]"
openlibrary_OL15424712W,Help! We Have Strange Powers!,Robert Lawrence Stine,nl,"[""Horror""]"
openlibrary_OL15431059W,Boy dumplings,Ying Chang Compestine,tl,"[""Children's""]"
openlibrary_OL15645938W,El gato negro y otros relatos de terror (Black Cat / Pit and the Pendulum / Premature Burial),Edgar Allan Poe,es,"[""Horror""]"
openlibrary_OL15921627W,Text 4 revenge,Jason Strange,sv,"[""Children's""]"
openlibrary_OL16035423W,Little Monsters,Peter Lerangis,de,"[""General Fiction""]"
openlibrary_OL16052365W,True believer,Nicholas Sparks,da,"[""Science & Nature"", ""romance""]"
openlibrary_OL16092355W,Poe After Dark,Edgar Allan Poe,af,"[""Short Stories"", ""romance""]"
openlibrary_OL16162912W,Sinister scenes,P. J. Bracegirdle,de,"[""Children's""]"
openlibrary_OL16175579W,Horror noire,Robin R. Means Coleman,pt,"[""History""]"
openlibrary_OL16307175W,Absolute midnight,Clive Barker,et,"[""Young Adult""]"
openlibrary_OL16342304W,Dark tower rising,Michael Dahl,af,"[""Horror""]"
openlibrary_OL16361051W,Dead reckoning,Mercedes Lackey,sv,"[""Horror""]"
openlibrary_OL16415274W,Luces de Septiembre,Carlos Ruiz Zafón,es,"[""Horror"", ""paranormal romance"", ""Romantasy""]"
openlibrary_OL16415283W,Such wicked intent,Kenneth Oppel,de,"[""Children's""]"
openlibrary_OL16415368W,Vampire's kiss,Veronica Wolff,fi,"[""Horror""]"
openlibrary_OL16524670W,Archangel's Blade (Guild Hunter #4),Nalini Singh,de,"[""Paranormal"", ""romance"", ""Romantasy""]"
openlibrary_OL16529185W,Until I die,Amy Plum,it,"[""Horror"", ""paranormal romance"", ""Romantasy""]"
openlibrary_OL16529211W,Dark star,Bethany Frenette,sv,"[""Horror""]"
openlibrary_OL16531918W,Syndrome E,Franck Thilliez,da,"[""Mystery""]"
openlibrary_OL16557647W,Mistle child,Ari Berk,de,"[""Fantasy""]"
openlibrary_OL16604841W,Long Lankin,Lindsey Barraclough,tl,"[""Horror""]"
openlibrary_OL166725W,Campfire tales,William W. Forgey,ca,"[""Horror""]"
openlibrary_OL1686633W,Hospitals Make Me Sick Spinechillers Mysteries #11,"Katz, Fred E.",de,"[""General Fiction""]"
openlibrary_OL17216126W,Shadowlands (Shadowlands #1),Kate Brian,so,"[""Horror"", ""paranormal romance""]"
openlibrary_OL17310713W,Fuzzy Mud,Louis Sachar,pl,"[""Children's""]"
openlibrary_OL17317216W,Distancia de rescate,Samanta Schweblin,ca,"[""Romance"", ""Romantasy""]"
openlibrary_OL17393107W,Florence Giles,"John Harding, Laurence Bouvard",fr,"[""Horror""]"
openlibrary_OL17407472W,Zombie Holocaust,David Flint,ro,"[""Horror""]"
openlibrary_OL17437932W,Escape From Horrorland,Robert Lawrence Stine,pt,"[""General Fiction""]"
openlibrary_OL17492794W,Delias Shadow,Jaime Lee Moyer,so,"[""Horror"", ""paranormal romance"", ""Romantasy""]"
openlibrary_OL17596800W,Dead Batteries,Rey Otis,de,"[""Thriller""]"
openlibrary_OL17628535W,Owl Diaries Eva Sees A Ghost,Rebecca Elliott,af,"[""Children's""]"
openlibrary_OL17695506W,Blue moon,Laurell K. Hamilton,fr,"[""Paranormal""]"
openlibrary_OL17699379W,Cirque du freak,Darren Shan,fr,"[""Children's""]"
openlibrary_OL17730044W,Campfire Legends,"Long, John, John Lutz, Jorge Luis Borges, William Shakespeare, Edgar Allan Poe, Ambrose Bierce, William Faulkner",da,"[""Literary Fiction""]"
openlibrary_OL17827702W,Zom-B bride,Darren Shan,pt,"[""General Fiction""]"
openlibrary_OL17864836W,Cadáver exquisito,Agustina Bazterrica,pt,"[""Romance""]"
openlibrary_OL17864987W,The zero degree zombie zone,Patrik Henry Bass,nl,"[""Children's""]"
openlibrary_OL17870592W,Eternal Darkness,"Jessica Joffe Stein, Jason Leung",da,"[""Horror""]"
openlibrary_OL17883607W,Button Hill,Michael Bradford,fi,"[""Paranormal""]"
openlibrary_OL17886110W,Black metal,Rick Spears,sv,"[""Graphic Novel""]"
openlibrary_OL17917440W,Ever after,Jude Deveraux,da,"[""General Fiction"", ""romance""]"
openlibrary_OL17919499W,Scare scape,Sam Fisher,ro,"[""Horror""]"
openlibrary_OL17928788W,Rebel spirits,Lois Ruby,de,"[""Horror""]"
openlibrary_OL17930125W,Spirit Hunters (Spirit Hunters #1),Ellen Oh,de,"[""Horror""]"
openlibrary_OL17992722W,Omega days,"Campbell, John L. (Investigator)",so,"[""Horror""]"
openlibrary_OL18011524W,Deep down,Deborah Coates,nl,"[""General Fiction""]"
openlibrary_OL18012017W,Girl meets ghost,Lauren Barnholdt,nl,"[""Horror""]"
openlibrary_OL1805007W,H.P. Lovecraft in popular culture,Don G. Smith,ro,"[""Horror""]"
openlibrary_OL18181489W,Un ete avec les fantomes,Sonia Sarfati,fr,"[""Horror""]"
openlibrary_OL19494041W,Essential X-men,"Chris Claremont, Dave Cockrum, John Byrne",ca,"[""Sci-Fi""]"
openlibrary_OL1954400W,Full Tilt,Neal Shusterman,it,"[""General Fiction""]"
openlibrary_OL19631217W,Mississippi Roll,"George R. R. Martin, Stephen Leigh, David D. Levine, John J. Miller, Kevin Murphy, Cherie Priest, Carrie Vaughn, Wild Cards Trust",fi,"[""Paranormal""]"
openlibrary_OL1963312W,A Winter Haunting,Dan Simmons,de,"[""General Fiction""]"
openlibrary_OL19706426W,Blue Moon,James Ponti,fr,"[""Paranormal""]"
openlibrary_OL19707159W,Entresombras y la cabalgata macabra,Roberto Aliaga,es,"[""Horror""]"
openlibrary_OL19718464W,Hammers on Bone,Cassandra Khaw,nl,"[""Paranormal""]"
openlibrary_OL19719417W,Plants vs. zombies,Paul Tobin,lv,"[""Children's""]"
openlibrary_OL19729872W,Jigsaw Jones,James Preller,tl,"[""Mystery""]"
openlibrary_OL19739906W,Undead girl gang,Lily Anderson,cy,"[""Horror"", ""Mystery"", ""crime""]"
openlibrary_OL19762997W,Serafina y el secreto de su destino,Robert Beatty,es,"[""Horror""]"
openlibrary_OL19858065W,Penny Dreadfuls,"Stefan Dziemianowicz, Mary Shelley, Washington Irving, Richard Thomson, Edgar Allan Poe, Charles Whitehead, E.T.A. Hoffmann, Johann Ludwig Tieck, Wilkie Collins, Anonymous, Arthur Conan Doyle, Guy de Maupassant, James Hogg, Robert Louis Stevenson, Louisa May Alcott, Ralph Adams Cram, John Galt, Bram Stoker, William Godwin, James Malcom",cy,"[""Horror""]"
openlibrary_OL19946012W,Historias para no dormir,Pedro Rodríguez,pt,"[""Graphic Novel""]"
openlibrary_OL19960166W,Ever after,Kim Harrison,da,"[""General Fiction""]"
openlibrary_OL19963119W,Dead silence,Kimberly Derting,es,"[""Mystery"", ""romantic suspense""]"
openlibrary_OL19971888W,Skeleton for dinner,Margery Cuyler,no,"[""Humor""]"
openlibrary_OL19987731W,Satan's Prep,Gabe Guarente,id,"[""Children's""]"
openlibrary_OL19993432W,Code Zero,Jonathan Maberry,nl,"[""Science & Nature"", ""Sci-Fi""]"
openlibrary_OL20000760W,Bones & All,Camille DeAngelis,fr,"[""General Fiction"", ""romance"", ""Romantasy""]"
openlibrary_OL20006618W,Killing pretty,Richard Kadrey,no,"[""Fantasy"", ""fantasy romance""]"
openlibrary_OL20011619W,Friends for life,Andrew Norriss,da,"[""Horror""]"
openlibrary_OL20012652W,Seven dead pirates,Linda Bailey,es,"[""Horror""]"
openlibrary_OL20021997W,Dark days,James Ponti,so,"[""Paranormal"", ""Sci-Fi""]"
openlibrary_OL20032988W,Attack on Titan,諫山創,fi,"[""Horror"", ""Sci-Fi""]"
openlibrary_OL20037210W,As I descended,Robin Talley,pt,"[""Religion & Spirituality""]"
openlibrary_OL20046537W,Universal harvester,John Darnielle,da,"[""General Fiction""]"
openlibrary_OL20054877W,Abigale Hall,Lauren A. Forry,so,"[""General Fiction""]"
openlibrary_OL20057627W,Penny dreadful,Krysty Wilson-Cairns,cy,"[""Literary Fiction""]"
openlibrary_OL20103263W,Little Sister Death,William Gay,de,"[""General Fiction"", ""romance"", ""Romantasy""]"
openlibrary_OL2019294W,Castlevania 64,Elizabeth Hollinger,et,"[""Horror""]"
openlibrary_OL20193422W,Resident Evil 2,"Eric Lionel Pratte, George Ngo, Anthony Chau",ca,"[""Horror""]"
openlibrary_OL2024847W,Salem possessed,Paul S. Boyer,pt,"[""History""]"
openlibrary_OL20460608W,Mr. Monster,Dan Wells,de,"[""General Fiction""]"
openlibrary_OL20565113W,Spooksville - Pan's Realm,Christopher Pike,et,"[""Children's""]"
openlibrary_OL20702421W,"Stories & Poems [12 stories, 11 poems]","Edgar Allan Poe, David Plunkert",af,"[""Horror"", ""paranormal romance""]"
openlibrary_OL2072155W,Blue velvet,Michael Atkinson,no,"[""History""]"
openlibrary_OL20801463W,Awful Auntie,David Walliams,ro,"[""Horror""]"
openlibrary_OL20864713W,Exquisite Corpse,Poppy Z. Brite,fr,"[""Horror""]"
openlibrary_OL20866894W,Home Before Dark,Todd Ritter,da,"[""General Fiction""]"
openlibrary_OL20913931W,Taken over,Zana Fraillon,no,"[""Children's""]"
openlibrary_OL21180141W,A Subtler Magick,S. T. Joshi,de,"[""Philosophy""]"
openlibrary_OL21454683W,Drawing Blood,Poppy Z. Brite,tl,"[""Horror"", ""paranormal romance"", ""Romantasy""]"
openlibrary_OL2152476W,Dust 'n' Bones,Chris Mould,af,"[""Horror""]"
openlibrary_OL21715451W,Cuentos imprescindibles,Edgar Allan Poe,es,"[""Short Stories"", ""romance""]"
openlibrary_OL21747086W,Semilla del Diablo,Ira Levin,es,"[""Horror""]"
openlibrary_OL21767604W,Rebel Angels,Libba Bray,de,"[""Young Adult""]"
openlibrary_OL21812665W,Goosebumps Movie Novel,Robert Lawrence Stine,af,"[""General Fiction""]"
openlibrary_OL22302686W,Boo to you!,Sheila Sweeny,so,"[""Horror""]"
openlibrary_OL2268330W,Santa Steps Out,Robert Devereaux,ca,"[""General Fiction""]"
openlibrary_OL23304737W,Rock & roll!,Dotti Enderle,sv,"[""Horror""]"
openlibrary_OL23990528W,Dark delicacies,"Del Howison, Jeff Gelb",es,"[""Horror""]"
openlibrary_OL24200318W,Histoires à donner le frisson,Pat Hancock,fr,"[""Horror""]"
openlibrary_OL24208237W,Alle Verhalen,Roald Dahl,de,"[""Short Stories""]"
openlibrary_OL24274973W,Julie et la messe du revenant,Martine Latulippe,fr,"[""Children's""]"
openlibrary_OL24300699W,Strange and spooky stories,Pat Hancock,af,"[""Children's""]"
openlibrary_OL24670165W,Cazadores de sombras,Cassandra Clare,es,"[""Paranormal""]"
openlibrary_OL24687806W,Historias reales de espantos y aparecidos,Pilar Obón,es,"[""Children's""]"
openlibrary_OL24823356W,Doctor Illuminatus,Martin Booth,ro,"[""Fantasy"", ""fantasy romance""]"
openlibrary_OL26193524W,Racconti [55 stories],Edgar Allan Poe,it,"[""General Fiction"", ""romance""]"
openlibrary_OL26236136W,Seytanla Dans,Anne Rice,tl,"[""Religion & Spirituality""]"
openlibrary_OL26285412W,Project Darcy,Jane Odiwe,pl,"[""General Fiction"", ""romance""]"
openlibrary_OL26414002W,Her Soul for Revenge,Harley Laroux,da,"[""Fantasy"", ""Romantasy""]"
openlibrary_OL26441816W,Un Telar de cuentos,Rodolfo A. Anaya,es,"[""Children's""]"
openlibrary_OL27174472W,Funeral Girl,Emma K. Ohland,it,"[""General Fiction""]"
openlibrary_OL272292W,King Kong,Cathy Hapka,tl,"[""General Fiction""]"
openlibrary_OL273474W,Cuentos de Horror y Misterio,Edgar Allan Poe,es,"[""Horror"", ""paranormal romance""]"
openlibrary_OL27846744W,Silver Under Nightfall,Rin Chupeco,de,"[""Fantasy"", ""Romantasy""]"
openlibrary_OL28167495W,Jennifer's body,Rick Spears,cy,"[""Young Adult""]"
openlibrary_OL28177238W,Serpientes y espantapájaros,Alfie Small,es,"[""Adventure""]"
openlibrary_OL2897795W,From hell,"Alan Moore, Eddie Campbell",no,"[""Graphic Novel"", ""Mystery"", ""crime""]"
openlibrary_OL29228889W,Signé le Fantôme,Jacques Asklund,fr,"[""Horror""]"
openlibrary_OL2923324W,Modern Short Stories,"Saki, Rasipuram Krishnaswamy Narayan, Katherine Mansfield, Frank O'Connor, Bernard Malamud, Oscar Wilde, Roald Dahl, John Updike",de,"[""Short Stories""]"
openlibrary_OL29234207W,"Peur, voleur et film d'horreur",Sylviane Thibault,fr,"[""General Fiction""]"
openlibrary_OL29238614W,Tadeo Tomate y su amigo fantasma,Marcos Morocote,es,"[""Horror""]"
openlibrary_OL29242033W,Sepultura 13,Manuel L. Alonso,ro,"[""Children's""]"
openlibrary_OL2924223W,Camp Zombie,"Megan Stine, H. William Stine",es,"[""General Fiction""]"
openlibrary_OL29255728W,La corona vikinga,Christian Jolibois,it,"[""Children's""]"
openlibrary_OL2967830W,Boogie Bones,Elizabeth Loredo,af,"[""Children's""]"
openlibrary_OL31210962W,Informe preliminar sobre la existencia de los fantasmas,Toño Malpica,es,"[""Horror""]"
openlibrary_OL3150684W,Manuscrit trouvé à Saragosse,Jan Potocki,fr,"[""Adventure""]"
openlibrary_OL3240804W,Anne Rice,"Smith, Jennifer",fr,"[""Fantasy""]"
openlibrary_OL3261539W,Can't scare me!,Melissa Milich,ro,"[""General Fiction""]"
openlibrary_OL3350700W,Alien nation,Cannon Schmitt,fr,"[""Biography & Memoir""]"
openlibrary_OL3428973W,Az ellenállás melankóliája,László Krasznahorkai,hu,"[""General Fiction""]"
openlibrary_OL34330474W,Suicide Med,Freida McFadden,es,"[""Literary Fiction""]"
openlibrary_OL34721779W,Slavic Supernatural,"Antonija Meznaric, Vesna Kurilic, Ivan Botica, Joshua Reynolds, Petra Rapaić, Ivana Geček, Laura J. Veligor, Robert Norok, Srebrenka Peregrin, Miha Trochael, Petra Valković, Lidiana Bunda, Greg Gajek",ro,"[""General Fiction""]"
openlibrary_OL34984182W,Dar wilka,Anne Rice,so,"[""General Fiction"", ""romance"", ""Romantasy""]"
openlibrary_OL3744923W,Algernon Blackwood,Michael Ashley,nl,"[""Biography & Memoir""]"
openlibrary_OL3931584W,Future perfect,"H. Bruce Franklin, Nathaniel Hawthorne, Edgar Allan Poe, Herman Melville, Ambrose Bierce",ro,"[""Short Stories""]"
openlibrary_OL42744W,My Friend Walter,Michael Morpurgo,de,"[""General Fiction""]"
openlibrary_OL4444225W,Secret vampire,Lisa Jane Smith,ca,"[""General Fiction"", ""romance""]"
openlibrary_OL4481621W,Omega Factor,Jack Gerson,es,"[""General Fiction""]"
openlibrary_OL45868W,Someone Like You [18 stories],Roald Dahl,af,"[""Short Stories""]"
openlibrary_OL461914W,Skin Trade,Laurell K. Hamilton,sv,"[""Paranormal"", ""romance"", ""Romantasy""]"
openlibrary_OL461922W,Danse Macabre,Laurell K. Hamilton,es,"[""Paranormal""]"
openlibrary_OL469098W,Kit's Wilderness,David Almond,de,"[""Horror""]"
openlibrary_OL496539W,THE NEW TESTAMENT HISTORY,William Smith,vi,"[""Children's""]"
openlibrary_OL524749W,Resident Evil 2,Kip Ward,ca,"[""Drama""]"
openlibrary_OL53311W,"A dark, dark tale",Ruth Brown,id,"[""General Fiction""]"
openlibrary_OL555821W,Pretty little devils,Nancy Holder,no,"[""Children's""]"
openlibrary_OL5709556W,Double life,Justin Richards,fr,"[""General Fiction""]"
openlibrary_OL5714492W,Skeleton Creek,Patrick Carman,af,"[""General Fiction""]"
openlibrary_OL5720022W,Breaking Dawn,Stephenie Meyer,tl,"[""Paranormal"", ""romance"", ""Romantasy""]"
openlibrary_OL5720865W,Bloodline Book Two,Kate Cary,af,"[""General Fiction""]"
openlibrary_OL5730760W,Twenties Girl,Sophie Kinsella,de,"[""Romance"", ""paranormal romance"", ""Romantasy""]"
openlibrary_OL5747685W,Criminal Macabre,"Steve Niles, Steve Niles, Ben Templesmith",es,"[""Mystery""]"
openlibrary_OL5829711W,Gilda Joyce,Jennifer Allison,tr,"[""Mystery"", ""crime""]"
openlibrary_OL5967392W,Patient Zero,Jonathan Maberry,nl,"[""Mystery"", ""romantic suspense"", ""Romantasy""]"
openlibrary_OL5973390W,Mike Mignola's B.P.R.D,Mike Mignola,sl,"[""Paranormal""]"
openlibrary_OL59790W,Changing planes,Ursula K. Le Guin,tl,"[""Fantasy""]"
openlibrary_OL610931W,Wenn du dich gruseln willst,"Angela Sommer-Bodenburg, Angela Sommer-Bodernburg, Angela Sommer-Bodenbur",de,"[""General Fiction""]"
openlibrary_OL6211309W,Sterling Stories,"Yvonne Collioud Sisko, Yvonne C. Sisko, Mark Twain, Edgar Allan Poe, Kate Chopin",de,"[""Horror""]"
openlibrary_OL71375W,Pouvoirs de l'horreur,Julia Kristeva em português,fr,"[""Literary Fiction""]"
openlibrary_OL72227W,Bad Hare Day,Robert Lawrence Stine,so,"[""General Fiction""]"
openlibrary_OL72240W,Chicken Chicken,Robert Lawrence Stine,de,"[""Horror""]"
openlibrary_OL72356W,Werewolf Skin,Robert Lawrence Stine,af,"[""Mystery""]"
openlibrary_OL72395W,Say Cheese and Die-Again!,Robert Lawrence Stine,af,"[""Horror""]"
openlibrary_OL744670W,Scare Care,"Graham Masterton, Kit Reed, Roald Dahl",ro,"[""General Fiction""]"
openlibrary_OL759572W,Covered bridge,Brian Doyle,da,"[""General Fiction""]"
openlibrary_OL7796931W,Accidental migrations,"Jacobs, Edward H.",it,"[""Horror""]"
openlibrary_OL8053429W,Hell Week,Rosemary Clement-Moore,nl,"[""General Fiction""]"
openlibrary_OL8120369W,Gespensterjäger in der Gruselburg,Cornelia Funke,de,"[""Children's""]"
openlibrary_OL8122359W,Darkside (Book 1),Tom Becker,af,"[""Paranormal""]"
openlibrary_OL81588W,Just After Sunset,Stephen King,de,"[""Horror""]"
openlibrary_OL81625W,A Torre Negra,Stephen King,pt,"[""Thriller"", ""romantic suspense"", ""Romantasy""]"
openlibrary_OL81631W,Pet Sematary,Stephen King,id,"[""General Fiction"", ""Mystery"", ""crime""]"
openlibrary_OL8453166W,"Hanukkah, Shmanukkah!",Esme Raji Codell,id,"[""General Fiction""]"
openlibrary_OL84786W,Groosham Grange,"Anthony Horowitz, Nickolas Grace",af,"[""General Fiction""]"
openlibrary_OL8488886W,Shadow Kiss,Richelle Mead,so,"[""Young Adult"", ""romance"", ""Romantasy""]"
openlibrary_OL8913444W,Strange and Stranger,Blake Bell,de,"[""Graphic Novel""]"
openlibrary_OL9200964W,Preludes & Nocturnes,"Neil Gaiman, Sam Kieth",fr,"[""Graphic Novel""]"
openlibrary_OL9862323W,Fox Bunny Funny,Andy Hartzell,cy,"[""Graphic Novel""]"
role_model,Role Model,Rachel Reid,it,"[""Romance""]"
sounds_like_love,Sounds Like Love,Ashley Poston,no,"[""Romance""]"
trust_fall,Trust Fall,Painter - YA Romance,de,"[""Romance""]"
unbelievable_healer,Unbelievable Healer,Jonathan Brooks,da,"[""Fantasy""]"
wild_side,Wild Side,Elsie Silver,de,"[""Romance""]"
you_love_me,You Love Me,Caroline Kepnes You Book 3,fr,"[""Thriller & Mystery"", ""romance""]"
openlibrary_OL104357W,"Judy Moody, M.D",Megan McDonald,cy,"[""Humor""]"
openlibrary_OL10550284W,Chicken Little,"Steven Kellogg, Javier Franco Aixela",de,"[""General Fiction""]"
openlibrary_OL1095427W,Jane Eyre,Charlotte Brontë,de,"[""General Fiction"", ""romance""]"
openlibrary_OL1099280W,Vingt mille lieues sous les mers,Jules Verne,fr,"[""General Fiction"", ""romance"", ""Romantasy""]"
openlibrary_OL1099513W,Voyage au Centre de la Terre,Jules Verne,fr,"[""General Fiction""]"
openlibrary_OL111545W,Blue Smoke,Nora Roberts,fi,"[""General Fiction"", ""romance""]"
openlibrary_OL112094W,Her stories,Virginia Hamilton,af,"[""Fantasy""]"
openlibrary_OL114136W,Owl Babies,Martin Waddell,af,"[""General Fiction"", ""romance""]"
openlibrary_OL114206W,Farmer Duck,"Martin Waddell, Vivian French, Helen Oxenbury, Susana Tornero Brugués",de,"[""Children's""]"
openlibrary_OL11544813W,Nintendo Game Secrets,"Rusel DeMaria, Zach Meston",pt,"[""Children's""]"
openlibrary_OL115602W,"Bud, Not Buddy","Christopher Paul Curtis, Reginald André Jackson, Alberto Jimenez Rioja, aa",cy,"[""History""]"
openlibrary_OL11993816W,Best friends forever,Beverly Patt,da,"[""General Fiction""]"
openlibrary_OL121184W,Code talker,"Joseph Bruchac, Derrick Henry",no,"[""Children's""]"
openlibrary_OL12609W,Rosa Parks,"Mary Hull, Gloria Blakely, Heather Lehr Wagner",fi,"[""Children's""]"
openlibrary_OL133756W,Barbie Lets Go Riding Barbie,Nancy Parent,de,"[""General Fiction""]"
openlibrary_OL13655592W,Dork Diaries,Rachel Renée Russell,af,"[""Children's""]"
openlibrary_OL13730336W,Agente Secreto Zero Zero Kappa,Elisabetta Dami,it,"[""Humor""]"
openlibrary_OL14860554W,Paul Robeson,Patricia McKissack,ro,"[""Children's""]"
openlibrary_OL14872944W,Pippi Långstrump går ombord,Astrid Lindgren,sv,"[""General Fiction""]"
openlibrary_OL14873008W,Emil i Lönneberga,Astrid Lindgren,no,"[""Humor""]"
openlibrary_OL14912169W,Alligator bayou,Donna Jo Napoli,tl,"[""General Fiction""]"
openlibrary_OL14937918W,18 Best Stories,"Edgar Allan Poe, Vincent Price, Chandler Brossard",de,"[""Horror"", ""paranormal romance""]"
openlibrary_OL14937971W,"Edgar Allan Poe Reader [13 stories, 18 poems]",Edgar Allan Poe,af,"[""Poetry"", ""romance"", ""Romantasy""]"
openlibrary_OL14948575W,Cuentos de terror,"Edgar Allan Poe, Théophile Gautier, Ambrose Bierce, W. W. Jacobs, H. G. Wells, Arthur Machen, Horacio Quiroga, H.P. Lovecraft",es,"[""General Fiction""]"
openlibrary_OL14949907W,Madeleine L'Engle's Time Quartet-Boxed Set 4 Vols,Madeleine L'Engle,de,"[""Sci-Fi""]"
openlibrary_OL14950685W,Inside out,Terry Trueman,pt,"[""General Fiction""]"
openlibrary_OL14950984W,Spirit Bound,Richelle Mead,de,"[""Young Adult"", ""romance"", ""Romantasy""]"
openlibrary_OL15037138W,Valley Forge,Michael Burgan,no,"[""History""]"
openlibrary_OL15054269W,Ninja slice,Erik Craddock,hr,"[""General Fiction""]"
openlibrary_OL151067W,On a marché sur la Lune,Hergé,fr,"[""General Fiction""]"
openlibrary_OL15142W,Surprise Island,Gertrude Chandler Warner,af,"[""Mystery""]"
openlibrary_OL15171760W,Hold Still,Nina LaCour,da,"[""General Fiction""]"
openlibrary_OL151956W,Runaway Ralph,Beverly Cleary,tl,"[""Children's""]"
openlibrary_OL15227626W,Hänsel und Gretel,Gebrüder Grimm [Brothers Grimm],de,"[""Fantasy""]"
openlibrary_OL15250361W,"Bedtime Monster/¡A dormir, pequeño monstruo!",Heather Ayris Burnell,es,"[""Children's""]"
openlibrary_OL15406011W,Schweizerische Robinson,Johann David Wyss,de,"[""General Fiction""]"
openlibrary_OL15520733W,Always War,Margaret Peterson Haddix,so,"[""Sci-Fi""]"
openlibrary_OL15684340W,90 miles to Havana,Enrique Flores-Galbis,et,"[""Children's""]"
openlibrary_OL15746656W,Anya's ghost,Vera Brosgol,tl,"[""Graphic Novel""]"
openlibrary_OL157554W,Sure Fire,"Henry Patterson, Justin Richards, Justin Richards",fr,"[""General Fiction""]"
openlibrary_OL15854248W,Folk songs,Peter Sieling,no,"[""Children's""]"
openlibrary_OL15865352W,Sleeping freshmen never Lie,David Lubar,no,"[""General Fiction""]"
openlibrary_OL158665W,Hunden som sprang mot en stjärna,Henning Mankell,sv,"[""General Fiction""]"
openlibrary_OL15884275W,Bakugan battle brawlers,Tracey West,id,"[""Fantasy""]"
openlibrary_OL15891846W,Flat Stanley,"Jeff Brown, Jon Mitchell, Tomi Ungerer, Tony Ross",tr,"[""Humor""]"
openlibrary_OL15897260W,Dead end in Norvelt,Jack Gantos,nl,"[""History""]"
openlibrary_OL15987908W,Inside Out & Back Again,Thanhha Lai,id,"[""Children's""]"
openlibrary_OL16057038W,Fireside Reader,"Reader's Digest Association, Robert Louis Stevenson, Roald Dahl, Charles Dickens, Jack London, William Faulkner, Arthur Conan Doyle, Edgar Allan Poe",pt,"[""Short Stories""]"
openlibrary_OL16063636W,"Arrorró, mi niño",Lulu Delacre,es,"[""Children's""]"
openlibrary_OL16116872W,Never Have I Ever,Sara Shepard,no,"[""Mystery"", ""crime""]"
openlibrary_OL16126144W,Code Name Verity,Elizabeth Wein,de,"[""History"", ""General Fiction"", ""Thriller"", ""Children's"", ""Historical Fiction"", ""Young Adult"", ""Adventure"", ""Romance"", ""historical""]"
openlibrary_OL16132507W,Percy juega con cuidado,Stuart J. Murphy,es,"[""General Fiction""]"
openlibrary_OL161700W,Cinder Edna,Ellen Jackson,de,"[""Fantasy""]"
openlibrary_OL16296513W,Hank Hammer,Adria F. Klein,da,"[""General Fiction""]"
openlibrary_OL16450916W,In darkness,Nick Lake,id,"[""History""]"
openlibrary_OL16471224W,New Beginnings,Laurie Halse Anderson,de,"[""Children's""]"
openlibrary_OL16484309W,Extra yarn,Mac Barnett,id,"[""Humor""]"
openlibrary_OL16564064W,Dead Girl Moon,Charlie Price,nl,"[""Politics"", ""Mystery"", ""crime""]"
openlibrary_OL16652625W,Splendors and glooms,Laura Amy Schlitz,af,"[""Fantasy"", ""fantasy romance""]"
openlibrary_OL16654117W,Summer and Bird,Katherine Catmull,de,"[""Fantasy""]"
openlibrary_OL166629W,Greek myths,Geraldine McCaughrean,af,"[""Fantasy""]"
openlibrary_OL16793388W,Tredici fantasmi per Tenebrosa,Elisabetta Dami,it,"[""Children's""]"
openlibrary_OL16809756W,Mr. Tiger Goes Wild,Peter Brown,de,"[""Children's""]"
openlibrary_OL16813138W,Via le zampe dalla pietra di fuoco!,Elisabetta Dami,it,"[""General Fiction""]"
openlibrary_OL16820059W,Mr. Mercedes,"Stephen King, Stephen king, Ingah Mikhaʼeli",es,"[""Horror""]"
openlibrary_OL17071448W,We Were Liars,E. Lockhart,de,"[""Children's"", ""romance""]"
openlibrary_OL17074363W,Rose Under Fire,Elizabeth Wein,de,"[""General Fiction""]"
openlibrary_OL17076678W,The Long Haul,Jeff Kinney,vi,"[""Travel""]"
openlibrary_OL17079370W,CITY MADNESS,Kia Soong Kua,cy,"[""Music""]"
openlibrary_OL17090898W,Sulle tracce del tulipano nero,Elisabetta Dami,it,"[""General Fiction""]"
openlibrary_OL17104245W,I Accept You As You Are!,David Parker,ro,"[""Art""]"
openlibrary_OL17114708W,"Cadono notizie da urlo, Stiltont!",Elisabetta Dami,it,"[""Children's""]"
openlibrary_OL17115631W,Un monstruo viene a verme,Patrick Ness,it,"[""General Fiction""]"
openlibrary_OL17184556W,Elon Musk,Ashlee Vance,fi,"[""Business & Economics""]"
openlibrary_OL17203232W,Dork Diaries 7,Rachel Renée Russell,af,"[""Music"", ""romance""]"
openlibrary_OL17204116W,Dinosauro che dorme non piglia topi!,Elisabetta Dami,it,"[""General Fiction""]"
openlibrary_OL17204118W,Mi si è bucato il trottosauro!,Elisabetta Dami,it,"[""Children's""]"
openlibrary_OL17204120W,"Per mille ossicini, vai col brontosauro!",Elisabetta Dami,it,"[""Humor""]"
openlibrary_OL17306262W,Hernando Corte s,Patricia Calvert,pt,"[""History""]"
openlibrary_OL17334320W,Just My Rotten Luck,"James Patterson, Christopher Tebbetts",de,"[""Art""]"
openlibrary_OL17336025W,Finding Winnie,Lindsay Mattick,de,"[""Children's""]"
openlibrary_OL17342469W,Roller Girl,Victoria Jamieson,tr,"[""Children's""]"
openlibrary_OL17589479W,The Penderwicks in Spring,Jeanne Birdsall,de,"[""Children's""]"
openlibrary_OL17590231W,Lego Friends,Marilyn Easton,nl,"[""General Fiction""]"
openlibrary_OL17591401W,Grande ritorno nel Regno della Fantasia 2,Elisabetta Dami,it,"[""Children's""]"
openlibrary_OL17623228W,Razzle Dazzle Unicorn,Dana Simpson,it,"[""Humor""]"
openlibrary_OL17628534W,Owl Diaries Eva's Treetop Festival,Rebecca Elliott,af,"[""Children's""]"
openlibrary_OL17707837W,Bomb squad technician,John Perritano,ca,"[""Children's""]"
openlibrary_OL17761452W,Little men,Louisa May Alcott,no,"[""History""]"
openlibrary_OL17767401W,Blonde ops,Charlotte Bennardo,nl,"[""Romance""]"
openlibrary_OL17793649W,Wonder Woman--Warbringer,Leigh Bardugo,de,"[""Fantasy""]"
openlibrary_OL17825235W,Independent study,Joelle Charbonneau,nl,"[""Sci-Fi"", ""sci-fi romance"", ""Romantasy""]"
openlibrary_OL17874067W,When Mr. Dog bites,Brian Conaghan,de,"[""Romance""]"
openlibrary_OL17903039W,Operation blue dragon,Stephen Dando-Collins,fr,"[""Mystery""]"
openlibrary_OL17916977W,Pericolo spazzatura spaziale,Elisabetta Dami,it,"[""Humor""]"
openlibrary_OL17933286W,Never Say Die,Anthony Horowitz,af,"[""Young Adult""]"
openlibrary_OL1794488W,Bonnie Prince Charles,G. A. Henty,fr,"[""History""]"
openlibrary_OL18010266W,Bad hair day,Carrie Harris,so,"[""Science & Nature""]"
openlibrary_OL18156740W,Dead ends,Erin Jade Lange,nl,"[""Children's""]"
openlibrary_OL1846138W,Messenger (The Giver #3),"Lois Lowry, David Morse, Fikret Topalli",de,"[""Children's""]"
openlibrary_OL1859174W,Tar Beach,"Faith Ringgold, Faith Ringgold",de,"[""General Fiction""]"
openlibrary_OL1897247W,Mes Premières Découvertes,Pascale de Bourgoing,fr,"[""Children's""]"
openlibrary_OL1898308W,Green Eggs and Ham,Dr. Seuss,af,"[""General Fiction""]"
openlibrary_OL19094100W,"Erzählungen [40 stories, 4 poems]",Edgar Allan Poe,de,"[""Poetry"", ""romance"", ""Romantasy""]"
openlibrary_OL19098524W,Rosie Gigglepip's Lucky Escape,Daisy Meadows,ca,"[""Children's""]"
openlibrary_OL1916943W,Remembering Generations,Ashraf H. A. Rushdy,de,"[""Literary Fiction""]"
openlibrary_OL1925114W,Jamaica's Find,"Juanita Havill, Anne Sibley O'Brien, Teresa Mlawer",pt,"[""General Fiction""]"
openlibrary_OL19661074W,Grandpa’s Great Escape,David Walliams,ca,"[""General Fiction""]"
openlibrary_OL19664339W,Different days,Vicki Berger Erwin,de,"[""Children's""]"
openlibrary_OL19669045W,I am Malala,"Malala Yousafzai, Christina Lamb, Malala Yousafzai, Malala Yousafazi, MALALA YOUSAFZAI ",id,"[""Biography & Memoir""]"
openlibrary_OL19710037W,Caccia al libro d'oro,Elisabetta Dami,it,"[""General Fiction""]"
openlibrary_OL19721048W,"Ahi ahi Stilton, è finito il latte di mammut!",Elisabetta Dami,it,"[""Humor""]"
openlibrary_OL19728541W,Creciendo con Aloha,Kirby Larson,es,"[""General Fiction""]"
openlibrary_OL19730879W,Descendants 2,Disney,nl,"[""General Fiction""]"
openlibrary_OL19731588W,Tres cuentos,"Umberto Eco, Eugenio Carmi",es,"[""Children's""]"
openlibrary_OL19746265W,Jack B. Ninja,Tim McCanna,hr,"[""Children's""]"
openlibrary_OL19763016W,Elmo's big word book =,"John E. Barrett, Mary Beth Nelson",af,"[""General Fiction""]"
openlibrary_OL1981005W,Madeline's Rescue,Ludwig Bemelmans,es,"[""Children's""]"
openlibrary_OL19842W,Captains Courageous,Rudyard Kipling,fr,"[""Young Adult""]"
openlibrary_OL1995906W,Linnea i målarens trädgård,"Christina Björk, Christina Bjork, Lena Anderson",sv,"[""Children's""]"
openlibrary_OL19974568W,Fire storm,Andrew Lane,it,"[""Mystery"", ""crime""]"
openlibrary_OL19976682W,Finding me,Michelle Knight,id,"[""Mystery""]"
openlibrary_OL19977613W,Emma come,Jutta Bauer,pt,"[""Children's""]"
openlibrary_OL19987702W,"Gabi, a girl in pieces",Isabel Quintero,it,"[""Children's""]"
openlibrary_OL19988954W,I segreti dell'Olimpo,Elisabetta Dami,it,"[""General Fiction""]"
openlibrary_OL19991128W,Rosita y Conchita,Eric Gonzalez,es,"[""General Fiction""]"
openlibrary_OL20001512W,Ellie Featherbill all alone,Daisy Meadows,it,"[""Children's""]"
openlibrary_OL20002021W,Clones vs. aliens,M. E. Castle,fr,"[""Humor""]"
openlibrary_OL20029725W,Steve Jobs,Jessie Hartland,sl,"[""Graphic Novel""]"
openlibrary_OL20035576W,"Hello, sea friends",Sam Garton,no,"[""Children's""]"
openlibrary_OL20048041W,Per mille pietruzze... il gonfiosauro fa le puzze!,Elisabetta Dami,it,"[""Humor""]"
openlibrary_OL20050967W,"Hello, Mr. Dodo!",Nicholas John Frith,it,"[""Children's""]"
openlibrary_OL20091317W,Wilder Girls,Rory Power,de,"[""General Fiction"", ""Sci-Fi""]"
openlibrary_OL20273436W,Anton taucht ab,Milena Baisch,de,"[""Children's""]"
openlibrary_OL20354835W,The Menagerie (Menagerie #1),"Tui T. Sutherland, Kari Sutherland",de,"[""General Fiction""]"
openlibrary_OL20600W,Gulliver's Travels,Jonathan Swift,no,"[""Fantasy"", ""fantasy romance""]"
openlibrary_OL20886636W,Men of steel,Bernd Horn,af,"[""History""]"
openlibrary_OL21179210W,L'hiver d'un apprenti lutteur,Annie Dubreuil,fr,"[""Children's""]"
openlibrary_OL21180649W,Yo soy el gran tiburón blanco,Karen Durrie,es,"[""Children's""]"
openlibrary_OL22132540W,Super skeleton,Anna Claybourne,no,"[""Children's""]"
openlibrary_OL2327954W,"Lat, the kampung boy",Lat.,tl,"[""Art""]"
openlibrary_OL23867W,Le chat botté,Charles Perrault,fr,"[""General Fiction""]"
openlibrary_OL24207833W,Our world,One Arm Point Remote Community School (W.A.),af,"[""Children's""]"
openlibrary_OL24286729W,Mon portrait,Margaret Clyne,fr,"[""Psychology""]"
openlibrary_OL24287323W,Muertos de susto,María Fernanda Paz-Castillo,es,"[""Horror""]"
openlibrary_OL24409223W,Frank Einstein And The Electro-Finger,Jon Scieszka,de,"[""Children's""]"
openlibrary_OL2562449W,How Big Is a Pig?,"Stella Blackstone, Clare Beaton",tl,"[""General Fiction""]"
openlibrary_OL2564006W,Genji monogatari,Murasaki Shikibu,hr,"[""Literary Fiction"", ""romance""]"
openlibrary_OL259509W,La dame aux camélias [novel],Alexandre Dumas fils,fr,"[""Literary Fiction"", ""romance""]"
openlibrary_OL261152W,Dr. Seuss's ABC,Dr. Seuss,de,"[""Children's""]"
openlibrary_OL2618710W,Helen Keller,"Margaret Davidson, Dominique Boutel, Anne Panzani, Georges Lemoine, Wendy Watson",da,"[""Children's""]"
openlibrary_OL2621468W,Magical Melons,Carol Ryrie Brink,ca,"[""Children's""]"
openlibrary_OL26434288W,Cuentos I [33 stories],Edgar Allan Poe,es,"[""Short Stories"", ""romance""]"
openlibrary_OL26439573W,Des pas sur la neige,Carol Matas,fr,"[""Children's""]"
openlibrary_OL265426W,Looking for Alaska,John Green,no,"[""General Fiction""]"
openlibrary_OL265984W,Caddie Woodlawn,Carol Ryrie Brink,cy,"[""General Fiction""]"
openlibrary_OL2660380W,Make Lemonade,Virginia Euwer Wolff,sl,"[""General Fiction""]"
openlibrary_OL267617W,Astérix chez les Bretons,"René Goscinny, Albert Uderzo",fr,"[""Art""]"
openlibrary_OL267620W,Astérix en Hispanie,"René Goscinny, Albert Uderzo",fr,"[""Children's""]"
openlibrary_OL2709569W,Science fair projects,"Robert L. Bonnet, Bob Bonnet, Dan Keen",fr,"[""Children's""]"
openlibrary_OL2727955W,Summer Ball,Mike Lupica,da,"[""Children's""]"
openlibrary_OL27419371W,Pecos Bill,Steven Kellogg,es,"[""Art""]"
openlibrary_OL27491126W,Amelia Bedelia Cleans Up,"Herman Parish, Lynne Avril",ca,"[""Humor""]"
openlibrary_OL2751463W,Do Unto Otters,Laurie Keller,it,"[""General Fiction""]"
openlibrary_OL279255W,No Laughter Here,Rita Williams-Garcia,de,"[""General Fiction""]"
openlibrary_OL28772238W,Todo sobre los chicos,Marabout (Firm),es,"[""Children's""]"
openlibrary_OL28951755W,!Qué confusión!,Ana Maria Machado,es,"[""Children's""]"
openlibrary_OL28964104W,Summer study,Flash Kids Editors,da,"[""Art""]"
openlibrary_OL2910111W,Sea Creatures,"Alexandra Parsons, Angela Royston",ro,"[""Children's""]"
openlibrary_OL29306948W,Nos - Uma Antologia de Literatura Indigena (Em Portugues do Brasil),Maurício Negro,pt,"[""Short Stories""]"
openlibrary_OL29419W,Franklin Is Lost,"Paulette Bourgeois, Brenda Clark, Sharon Jennings",af,"[""Children's""]"
openlibrary_OL29428W,Franklin's new friend,"Paulette Bourgeois, Brenda Clark, Christiane Duchesne",af,"[""Children's""]"
openlibrary_OL29451W,Franklin in the Dark (Franklin),"Paulette Bourgeois, Brenda Clark, Bonnie Bader",af,"[""General Fiction""]"
openlibrary_OL29467W,Franklin Is Bossy,"Paulette Bourgeois, Brenda Clark, Sharon Jennings",af,"[""General Fiction""]"
openlibrary_OL29470W,Franklin's blanket,"Paulette Bourgeois, Brenda Clark",af,"[""Children's""]"
openlibrary_OL298031W,An autobiography,Mohandas Karamchand Gandhi,fr,"[""Biography & Memoir""]"
openlibrary_OL2989697W,Pig Gets Stuck,"Heather Amery, Stephen Cartwright, Emily Huws",de,"[""Children's""]"
openlibrary_OL29984W,Louisa May Alcott,Louisa May Alcott,tl,"[""Biography & Memoir""]"
openlibrary_OL30020W,Rose in Bloom,"Louisa May Alcott, Harriet Roosevelt Richards",af,"[""General Fiction"", ""romance""]"
openlibrary_OL31213591W,Salut Max!,Hélène Lavery,so,"[""General Fiction""]"
openlibrary_OL3232473W,Rosa Parks,Rosa Parks,fi,"[""Children's""]"
openlibrary_OL3351167W,One fine day,Nonny Hogrogian,fr,"[""Children's""]"
openlibrary_OL3455878W,Invincible Louisa,"Cornelia Meigs, Meigs, Ciornelia, Illustrated",fr,"[""Biography & Memoir""]"
openlibrary_OL3502670W,Our endangered planet,Mary King Hoff,da,"[""Business & Economics""]"
openlibrary_OL3543921W,Tintin au pays de l'or noir,Hergé,fr,"[""Graphic Novel""]"
openlibrary_OL35849W,"Undine, eine Erzählung","Friedrich de la Motte-Fouqué, Friedrich Heinrich Kar La Motte-Fouqué",de,"[""Fantasy""]"
openlibrary_OL362702W,Julius Caesar,William Shakespeare,ca,"[""Biography & Memoir""]"
openlibrary_OL3667905W,"Quiet, loud",Leslie Patricelli,fr,"[""Children's""]"
openlibrary_OL3686133W,Lorna Doone,R. D. Blackmore,it,"[""General Fiction"", ""romance""]"
openlibrary_OL3900345W,Handa's Surprise,Eileen Browne,id,"[""General Fiction""]"
openlibrary_OL3914824W,Drummer Hoff,"Barbara Emberley, Ed Emberley",da,"[""Children's""]"
openlibrary_OL3951830W,Anne Rice,Bette B. Roberts,fr,"[""Horror""]"
openlibrary_OL41004W,"Edgar Allan Poe Stories [27 stories, 8 poems]",Edgar Allan Poe,af,"[""Poetry"", ""romance"", ""Romantasy""]"
openlibrary_OL4108842W,Little Bear's Friend,Else Holmelund Minarik,de,"[""General Fiction""]"
openlibrary_OL4214601W,Noah's Ark,"Peter Spier, Marcia Williams",id,"[""Poetry""]"
openlibrary_OL42621W,Up before daybreak,Deborah Hopkinson,da,"[""Children's""]"
openlibrary_OL42705W,Private Peaceful,"Michael Morpurgo, Diane Ménard, Simon Reade, Mirentxu Larrañaga Sueskun",ro,"[""Young Adult""]"
openlibrary_OL42746W,Kensuke's kingdom,Michael Morpurgo,no,"[""Children's""]"
openlibrary_OL4316956W,Jesse James,T. J. Stiles,fr,"[""Biography & Memoir""]"
openlibrary_OL43745425W,"Ultimate Spider-Man, Vol. 4","Brian Michael Bendis, Mark Bagley",de,"[""Mystery""]"
openlibrary_OL43760182W,Ultimate Spider-Man Vol. 8,"Brian Michael Bendis, Mark Bagley",de,"[""Mystery""]"
openlibrary_OL43760324W,"Ultimate Spider-Man, Vol. 11","Brian Michael Bendis, Mark Bagley",de,"[""Mystery""]"
openlibrary_OL43767252W,"Ultimate Spider-Man, Vol. 12","Brian Michael Bendis, Mark Bagley, Scott Hanna",de,"[""Mystery""]"
openlibrary_OL43767676W,"Ultimate Spider-Man, Vol. 16","Brian Michael Bendis, Mark Bagley, Mark Brooks",de,"[""Mystery""]"
openlibrary_OL43767975W,"Ultimate Spider-Man, Vol. 18","Brian Michael Bendis, Mark Bagley",de,"[""Mystery""]"
openlibrary_OL442923W,New beginnings,"Anita Ganeri, Neil Sayer",nl,"[""Children's""]"
openlibrary_OL4473998W,Cesar Chavez,Consuelo Rodriguez,pt,"[""Biography & Memoir""]"
openlibrary_OL453553W,Lettres persanes,"Charles-Louis de Secondat baron de La Brède et de Montesquieu, John Davidson, Carlos Cantueso",fr,"[""General Fiction""]"
openlibrary_OL45361W,Kinder- und Hausmärchen,Gebrüder Grimm [Brothers Grimm],de,"[""Fantasy""]"
openlibrary_OL45869W,Esio Trot,Roald Dahl,es,"[""General Fiction"", ""romance""]"
openlibrary_OL471767W,Lord Edgware Dies,Agatha Christie,af,"[""General Fiction"", ""Mystery"", ""crime""]"
openlibrary_OL492469W,Franklin's bicycle helmet,"Eva Moore, Paulette Bourgeois, Sean Jeffrey, Brenda Clark",nl,"[""Children's""]"
openlibrary_OL4984316W,Découvertes Benjamin,Nicolas Grenier,fr,"[""Children's""]"
openlibrary_OL501182W,Susan laughs,"Jeanne Willis, Tony Ross",id,"[""General Fiction""]"
openlibrary_OL509212W,Teacher's Pet (Vet Volunteers #7),Laurie Halse Anderson,de,"[""General Fiction""]"
openlibrary_OL515580W,Mahalia Jackson,Montrew Dunham,sw,"[""Biography & Memoir""]"
openlibrary_OL529408W,Freaky Friday (Cascades),Mary Rodgers,es,"[""General Fiction""]"
openlibrary_OL5706117W,13 little blue envelopes,Maureen Johnson,fr,"[""General Fiction""]"
openlibrary_OL5706119W,Scarlett fever,Maureen Johnson,sv,"[""General Fiction""]"
openlibrary_OL5708760W,Tender Morsels,"Margo Lanagan, Michael Page Anne Flosnik",da,"[""Fantasy""]"
openlibrary_OL5709486W,Shadow falls,Amy Kathleen Ryan,so,"[""History""]"
openlibrary_OL5711685W,Best Friends for Never,Lisi Harrison,da,"[""Children's""]"
openlibrary_OL5713759W,Lucy Rose,Katy Kelly,pl,"[""General Fiction""]"
openlibrary_OL5716030W,Backstage pass,Gaby Triana,sv,"[""General Fiction""]"
openlibrary_OL5724204W,Jesse James,"Kathleen Collins, Rosen Publishing Group",fr,"[""Children's""]"
openlibrary_OL5724214W,Marquis De Lafayette,"Kathleen Collins, Rosen Publishing Group",fr,"[""History""]"
openlibrary_OL5725956W,Artemis Fowl,Eoin Colfer,de,"[""Art""]"
openlibrary_OL5737492W,After ever after,Jordan Sonnenblick,da,"[""General Fiction""]"
openlibrary_OL5737499W,"Drums, Girls, And Dangerous Pie",Jordan Sonnenblick,de,"[""General Fiction""]"
openlibrary_OL5742941W,Eternal Darkness,The Stratton Bros.,da,"[""Horror""]"
openlibrary_OL57487W,If you were my bunny,"Kate McMullan, Kate Mcmullan",cy,"[""Children's""]"
openlibrary_OL5749651W,Ultimate X-Men,"Mark Millar, Adam Kubert, Andy Kubert, David Finch",ro,"[""General Fiction""]"
openlibrary_OL5754235W,Wild Bill Hickok,"Larissa Phillips, Tracie Egan",sv,"[""Children's""]"
openlibrary_OL5799436W,Ultimate Spider-Man Vol. 6,"Brian Michael Bendis, Mark Bagley, Marvel Comics, Trevor Hairsine, Joe Quesada, Andy Kubert, Danny Miki, Stuart Immonen",de,"[""Mystery""]"
openlibrary_OL5815363W,Ella Sarah gets dressed,Margaret Chodos-Irvine,ca,"[""Children's""]"
openlibrary_OL5816715W,Barack Obama,Heather Lehr Wagner,id,"[""Biography & Memoir""]"
openlibrary_OL5818196W,Interrupting chicken,David Ezra Stein,de,"[""General Fiction""]"
openlibrary_OL58413W,You're all my favorites,"Sam McBratney, Anita Jeram",fr,"[""General Fiction""]"
openlibrary_OL5845352W,Enrique's Journey Spa,Sonia Nazario,fr,"[""Biography & Memoir""]"
openlibrary_OL5969106W,Benjamin Franklin,"Maya Glass, Rosen Publishing Group",sl,"[""Children's""]"
openlibrary_OL5969113W,Alexander Hamilton,"Aleine DeGraw, Rosen Publishing Group, Aleine Degraw",de,"[""Biography & Memoir""]"
openlibrary_OL6078576W,After Daybreak,Ben Shephard,da,"[""General Fiction""]"
openlibrary_OL61090W,Strega Nona,Tomie dePaola,sl,"[""General Fiction""]"
openlibrary_OL6217286W,Vegetable dreams,"Dawn Jeffers, Illustrator Claude Schneider, Translator Eida de la Vega",no,"[""Children's""]"
openlibrary_OL63877W,Rip Van Winkle and Sleepy Hollow,Washington Irving,af,"[""General Fiction""]"
openlibrary_OL66256W,Junie B. Jones Has a Monster Under Her Bed,Barbara Park,de,"[""General Fiction""]"
openlibrary_OL71864W,Fergus Crane,"Stewart, Paul, Chris Riddell",de,"[""Children's""]"
openlibrary_OL72416W,Let's Get Invisible!,Robert Lawrence Stine,fr,"[""General Fiction""]"
openlibrary_OL72421W,Dangerous girls,Robert Lawrence Stine,af,"[""General Fiction""]"
openlibrary_OL72434W,Say Cheese and Die!,Robert Lawrence Stine,af,"[""Children's""]"
openlibrary_OL77104W,Maniac Magee,Jerry Spinelli,sw,"[""General Fiction""]"
openlibrary_OL7797947W,Femicidal fears,Helene Meyers,es,"[""Literary Fiction""]"
openlibrary_OL784051W,Esperanza Rising,Pam Muñoz Ryan,es,"[""General Fiction""]"
openlibrary_OL7987502W,Friends Forever,Linda Chapman,da,"[""Fantasy""]"
openlibrary_OL8115813W,Tutta colpa di un caffè con panna,Elisabetta Dami,it,"[""General Fiction"", ""romance""]"
openlibrary_OL8115837W,Quella stratopica vacanza alla pensione Mirasorci...,Elisabetta Dami,it,"[""Humor""]"
openlibrary_OL8115844W,Quattro topi nella giungla nera,Elisabetta Dami,it,"[""Children's""]"
openlibrary_OL8115845W,"Giù le zampe, faccia di fontina!",Elisabetta Dami,it,"[""General Fiction""]"
openlibrary_OL8115870W,"Ci tengo alla pelliccia, io!",Elisabetta Dami,it,"[""Humor""]"
openlibrary_OL8117415W,Belle Teal,Ann M. Martin,it,"[""Children's""]"
openlibrary_OL8122308W,Beast Quest,Adam Blade,fr,"[""General Fiction""]"
openlibrary_OL813843W,"Oh, wie schön ist Panama",Janosch,de,"[""General Fiction""]"
openlibrary_OL813902W,"Ich mach dich gesund, sagte der Bär",Janosch,de,"[""General Fiction""]"
openlibrary_OL81605W,Danse Macabre,Stephen King,es,"[""Horror"", ""Sci-Fi""]"
openlibrary_OL8162706W,Cesar Chavez,"Eric Braun, Harry Roland, Al Milgrom, Steve Erwin, Charles Barnett III",pt,"[""Children's""]"
openlibrary_OL81772W,Dingoes at Dinnertime,Mary Pope Osborne,af,"[""Children's""]"
openlibrary_OL8212364W,Julep O' Toole,Trudi Strain Trueit,et,"[""Drama""]"
openlibrary_OL8241392W,WonderStruck II,"Bob McDonald, Eric Grace",de,"[""Science & Nature""]"
openlibrary_OL8408366W,Sorellina (Una) per Paolino (IT,Brigitte Weninger,it,"[""General Fiction""]"
openlibrary_OL84778W,Point Blanc,Anthony Horowitz,fr,"[""Young Adult""]"
openlibrary_OL8488892W,Vampire Academy,"Richelle Mead, Richelle Mead",pt,"[""General Fiction"", ""romance""]"
openlibrary_OL8571036W,Baby Einstein,"Julie Aigner-Clark, Nadeem Zaidi",de,"[""General Fiction""]"
openlibrary_OL8699473W,Rasen no kakera,Kaimu Tachibana,fi,"[""Graphic Novel""]"
openlibrary_OL871354W,Dear Canada,Julie Lawson,so,"[""Historical Fiction""]"
openlibrary_OL8824870W,A home for Pearl Squirrel = La casita de la ardilla Perla,"Amy Crane Johnson, Eida De LA Vega",ca,"[""General Fiction""]"
openlibrary_OL88688W,Ribbon rescue,Robert N. Munsch,es,"[""General Fiction""]"
openlibrary_OL9254753W,Citizen heroes,Wendy Frey,nl,"[""Children's""]"
openlibrary_OL9397665W,Oh. My. Gods,Tera Lynn Childs,cy,"[""General Fiction""]"
openlibrary_OL941674W,Herr der Diebe,Cornelia Funke,de,"[""Mystery""]"
openlibrary_OL941691W,Nacht van inkt,Cornelia Funke,nl,"[""Literary Fiction""]"
openlibrary_OL9418025W,Same difference,Siobhan Vivian,it,"[""General Fiction""]"
openlibrary_OL9568059W,Annie's War,Jacqueline Levering Sullivan,af,"[""General Fiction""]"
openlibrary_OL97441W,Taking Sides,"Gary Soto, Angel Llorente",tl,"[""General Fiction""]"
openlibrary_OL98267W,Fallen angels,Walter Dean Myers,no,"[""General Fiction""]"
openlibrary_OL100203W,Sister Carrie,Theodore Dreiser,de,"[""General Fiction"", ""romance""]"
openlibrary_OL1019598W,Benim Adım Kırmızı,"Orhan Pamuk, Orhan Pamuk, Amankeldī Qūrmet",tr,"[""Drama""]"
openlibrary_OL102749W,Moby Dick,Herman Melville,cs,"[""Sci-Fi"", ""sci-fi romance"", ""Romantasy""]"
openlibrary_OL103688W,Schindler's list,Thomas Keneally,de,"[""General Fiction""]"
openlibrary_OL106837W,Mémoires d'Hadrien,Marguerite Yourcenar,fr,"[""General Fiction""]"
openlibrary_OL1095403W,"Villette, a novel",Charlotte Brontë,it,"[""General Fiction"", ""romance""]"
openlibrary_OL109724W,Barchester Towers,Anthony Trollope,de,"[""General Fiction""]"
openlibrary_OL1132652W,Manon Lescaut,Abbé Prévost,fr,"[""General Fiction"", ""romance""]"
openlibrary_OL1135437W,A Different Vision,Thomas D. Boston,de,"[""General Fiction""]"
openlibrary_OL1144827W,Apologia pro vita sua,John Henry Newman,it,"[""Biography & Memoir""]"
openlibrary_OL1150559W,De bello Gallico,Gaius Julius Caesar,it,"[""History""]"
openlibrary_OL115559W,Cinnamon Kiss,Walter Mosley,fi,"[""General Fiction""]"
openlibrary_OL1159900W,Respuesta a sor Filotea de la Cruz,"Sister Juana Inés de la Cruz, Sor Juana Ines Dela Cruz, Electa Arenal, Amanda Powell",es,"[""Biography & Memoir""]"
openlibrary_OL116335W,Let us now praise famous men,"James Agee, Walker Evans",fr,"[""History""]"
openlibrary_OL118475W,Lady Killer,"Lisa Scottoline, LISA SCOTTOLINE",da,"[""General Fiction""]"
openlibrary_OL11886W,Frozen Fire,Tim Bowler,de,"[""Paranormal""]"
openlibrary_OL1189893W,Meḿoires de guerre,"Charles de Gaulle, 北京编译社",fr,"[""History""]"
openlibrary_OL1209288W,Im Westen nichts Neues,Erich Maria Remarque,de,"[""General Fiction""]"
openlibrary_OL1223677W,Dei delitte e delle pene,Cesare Beccaria,it,"[""Mystery""]"
openlibrary_OL12304311W,Last rituals,Yrsa Sigurdardottir,ca,"[""General Fiction""]"
openlibrary_OL12337W,Ich und du,Martin Buber,de,"[""Philosophy""]"
openlibrary_OL1244914W,Princesse de Clèves,"Madame de La Fayette, Everett Carll Ladd, Ann Gostyn Serow, Thomas Sergeant Perry, François duc de La Rochefoucauld, Jean Mesnard, Jérôme Lecompte, H. Ashton, Robin Buss, Duas Duas Columnas, M. Philippe Ballin, Selina Hastings, Nancy Mitford, Alba Longa, Rostand Breck, Leonard Tancock, Jérémy Lasseaux, Li yu min, Josep Antoni Grimalt Gomila, Emma Calatayud, Nicole d'Amonville Alegría, Yvonne Jocks, Thomas Perry, Jules Garnier, A. Lamotte",fr,"[""General Fiction"", ""romance""]"
openlibrary_OL12589W,White Banners,Lloyd C. Douglas,de,"[""Religion & Spirituality""]"
openlibrary_OL1261147W,Ab urbe condita,Titus Livius,pt,"[""Biography & Memoir""]"
openlibrary_OL12721W,Devil's Waltz,Jonathan Kellerman,nl,"[""General Fiction"", ""Mystery"", ""crime""]"
openlibrary_OL12791W,My Ántonia,Willa Cather,es,"[""Literary Fiction"", ""romance""]"
openlibrary_OL1323773W,Les damnés de la terre,Frantz Fanon,fr,"[""History""]"
openlibrary_OL13255506W,one hundred dollar misunderstanding,Robert Gover,da,"[""General Fiction""]"
openlibrary_OL1331984W,Sozialgeschichte der Kunst und Literatur,"Arnold Hauser, S. Godman, Harris, Jonathan, Jonathan Harris",de,"[""Art""]"
openlibrary_OL13842257W,Translating pain,Madelaine Hron,tl,"[""General Fiction""]"
openlibrary_OL14168W,Sushi für Anfänger,"Marian Keyes, Caitriona Keyes",de,"[""Literary Fiction"", ""romance""]"
openlibrary_OL141870W,I Malavoglia di Giovanni Verga,"Mario Principato, Giovanni Verga, Roger Grass, Italo Svevo, Grandi Autori Italiani, Luigi Pirandello, Gabriele D'Annunzio, Giovanni Verga, Eric Lane, Judith Landry, Marie Lane, Letteratura Italiana, Giacomo Leopardi, G Verga, giovanni verga, Giuseppe Verga, Lucy Gordan, Frances Frenaye, Gino Raya, Ernesto Guida, Giovanni Cecchetti, D. H. Lawrence, Miryam Shusterman",it,"[""General Fiction""]"
openlibrary_OL144961W,Historia de la vida del Buscón,Francisco de Quevedo,es,"[""Romance""]"
openlibrary_OL14906127W,Eternal Lover,"Lynsay Sands, Hannah Howell, Jackie Kessler, Richelle Mead, Richelle Mead, Saranna DeWylde",da,"[""Paranormal"", ""romance"", ""Romantasy""]"
openlibrary_OL14909364W,Luftslottet som sprängdes,Stieg Larsson,sv,"[""Politics""]"
openlibrary_OL14920182W,Witch & wizard,"James Patterson, Gabrielle Charbonnet",pl,"[""General Fiction""]"
openlibrary_OL14950539W,Pirate Latitudes,"Michael Crichton, John Bedford Lloyd",fr,"[""General Fiction""]"
openlibrary_OL14970115W,Leopardens öga,Henning Mankell,sv,"[""Health & Fitness""]"
openlibrary_OL15078858W,Dark road rising,P. N. Elrod,af,"[""Paranormal""]"
openlibrary_OL15144836W,Let's roll!,"Lisa Beamer, Ken Abraham",fr,"[""Biography & Memoir""]"
openlibrary_OL15150305W,Reader's Digest--Volume 4 1997,"Tanis H. Erdmann, Michael Crichton, Diane Chamberlain, Jeanne White, Susan Dworkin, Stein, Harry, Barbara J. Morgan",de,"[""General Fiction""]"
openlibrary_OL15171741W,Vampire Vendetta,Alexis Morgan,it,"[""Fantasy"", ""Romantasy""]"
openlibrary_OL15187236W,Bad Blood,James Goss,so,"[""General Fiction""]"
openlibrary_OL15212580W,"Winesburg, Ohio",Sherwood Anderson,de,"[""General Fiction""]"
openlibrary_OL15394878W,Verlorene Ehre der Katharina Blum,Heinrich Böll,de,"[""General Fiction""]"
openlibrary_OL15462017W,Bitter night,Diana Pharaoh Francis,de,"[""Fantasy"", ""fantasy romance""]"
openlibrary_OL15506883W,Out for blood,Alyxandra Harvey,no,"[""Paranormal""]"
openlibrary_OL15520700W,Dead rules,Randy Russell,ro,"[""General Fiction""]"
openlibrary_OL15532299W,Last Sacrifice,Richelle Mead,it,"[""Fantasy""]"
openlibrary_OL15601955W,Fallen Angel (Fallen Angel #1),Heather Terrell,de,"[""Paranormal"", ""romance""]"
openlibrary_OL15616000W,Blood ninja II,Nick Lake,hr,"[""General Fiction""]"
openlibrary_OL15632357W,NGOs in india,Patrick Kilby,af,"[""Politics""]"
openlibrary_OL15714637W,Śmierć Miasta,Władysław Szpilman,pl,"[""Biography & Memoir""]"
openlibrary_OL15830315W,Dueling divas,Kimberly Morris,af,"[""Children's""]"
openlibrary_OL158332W,Kitāb al-farāʾid,Moses Maimonides,lv,"[""Philosophy""]"
openlibrary_OL15842754W,Favored strangers,Linda Wagner-Martin,da,"[""Art""]"
openlibrary_OL158634W,Vindens son,Henning Mankell,da,"[""General Fiction""]"
openlibrary_OL158655W,Danslärarens återkomst,Henning Mankell,sv,"[""General Fiction""]"
openlibrary_OL158659W,Kennedys hjärna,Henning Mankell,fi,"[""General Fiction""]"
openlibrary_OL15897255W,Mister Creecher,Chris Priestley,de,"[""General Fiction""]"
openlibrary_OL16026242W,La vida vampire,Nancy Haddock,lv,"[""General Fiction"", ""romance""]"
openlibrary_OL16039405W,Tan veloz como el deseo,Laura Esquivel,es,"[""General Fiction"", ""romance"", ""Romantasy""]"
openlibrary_OL16053942W,A Forgotten Girl,Elisabeth Ogilvie,de,"[""Romance""]"
openlibrary_OL16069256W,Aunt Dimity,Nancy Atherton,de,"[""Mystery""]"
openlibrary_OL16071054W,Supernatural stories,Jean Russell,ro,"[""Children's""]"
openlibrary_OL16085155W,Steve Jobs,Walter Isaacson,sl,"[""History""]"
openlibrary_OL16104943W,Hidden Turnings,Diana Wynne Jones,sv,"[""General Fiction""]"
openlibrary_OL16134440W,Team Human,Justine Larbalestier,id,"[""General Fiction""]"
openlibrary_OL16139144W,Red wet dirt,Nicholas Grabowsky,af,"[""Horror""]"
openlibrary_OL16183270W,Nibelungische Intertextualität,Gunda Lange,de,"[""History""]"
openlibrary_OL16305558W,Raimundi Lulli Opera Latina,Rodrigo Jiménez de Rada,it,"[""Philosophy"", ""romance""]"
openlibrary_OL16307W,Barry Lyndon,William Makepeace Thackeray,cy,"[""General Fiction""]"
openlibrary_OL16345711W,Minnet av en smutsig ängel,Henning Mankell,sv,"[""General Fiction""]"
openlibrary_OL16362600W,Spells & Stitches,Barbara Bretton,de,"[""Fantasy"", ""fantasy romance""]"
openlibrary_OL16414420W,Nel mare ci sono i coccodrilli,Fabio Geda,it,"[""Politics""]"
openlibrary_OL16442331W,Crystal Gardens,Jayne Ann Krentz,sv,"[""General Fiction"", ""romance"", ""Romantasy""]"
openlibrary_OL1647068W,Soldados de Salamina,"Javier Cercas, Elisabeth Beyer, Aleksandar Grujicic, José Pablo García",es,"[""History"", ""romance""]"
openlibrary_OL16473815W,Under Wraps,Hannah Jayne,de,"[""General Fiction"", ""romance"", ""Romantasy""]"
openlibrary_OL16517060W,Bloody good,Georgia Evans,so,"[""Paranormal""]"
openlibrary_OL16601888W,Sexiest vampire alive,Kerrelyn Sparks,fr,"[""Paranormal"", ""romance""]"
openlibrary_OL16631260W,"Wolfsbane (Nightshade Series, Book 2)",Andrea Cremer,af,"[""Romance"", ""paranormal romance"", ""Romantasy""]"
openlibrary_OL16638648W,@ full moon,Sanami Matō,it,"[""Young Adult""]"
openlibrary_OL16639858W,Burning skies,Caris Roane,af,"[""Paranormal"", ""romance""]"
openlibrary_OL16648399W,Dead waters,Anton Strout,af,"[""Psychology"", ""Mystery"", ""crime""]"
openlibrary_OL16667096W,Forever vampire,Michele Hauf,no,"[""General Fiction"", ""romance""]"
openlibrary_OL16682193W,Time untime,Sherrilyn Kenyon,it,"[""General Fiction"", ""romance""]"
openlibrary_OL16697346W,Under Attack,Hannah Jayne,de,"[""General Fiction"", ""Paranormal"", ""Romance"", ""Fantasy"", ""Adventure"", ""Mystery"", ""romantic suspense"", ""Romantasy""]"
openlibrary_OL16793865W,En man som heter Ove,Fredrik Backman,no,"[""General Fiction""]"
openlibrary_OL16799180W,Echoes at Dawn,Maya Banks,cy,"[""General Fiction"", ""romance"", ""Romantasy""]"
openlibrary_OL16803726W,No Easy Day,"Mark Owen, Kevin Maurer",tl,"[""Science & Nature""]"
openlibrary_OL16819897W,BRAIDING SWEETGRASS,"Robin Wall Kimmerer, David Muñoz Mateos",de,"[""Philosophy""]"
openlibrary_OL16982894W,Gender and power in medieval exegesis,Theresa Lynn Tinkle,af,"[""History""]"
openlibrary_OL16985090W,Colonial Narratives/Cultural Dialogues,Jyotsna Singh,ca,"[""Literary Fiction""]"
openlibrary_OL17079567W,Being Mortal,Atul Gawande,de,"[""Psychology""]"
openlibrary_OL17116778W,Dark Witch,Nora Roberts,de,"[""General Fiction"", ""romance"", ""Romantasy""]"
openlibrary_OL17140057W,Numero zero,Umberto Eco,cs,"[""Politics""]"
openlibrary_OL1715276W,Cahier des charges de La vie,"Georges Perec, Josep Escué",fr,"[""General Fiction"", ""romance""]"
openlibrary_OL1724584W,Stupeur et tremblements,Amélie Nothomb,fr,"[""General Fiction"", ""romance""]"
openlibrary_OL17356064W,Dreaming Spies,Laurie R. King,de,"[""General Fiction""]"
openlibrary_OL17356566W,We Are Not Ourselves,Matthew Thomas,no,"[""General Fiction""]"
openlibrary_OL17356845W,Big Magic,Elizabeth Gilbert,tl,"[""Self-Help""]"
openlibrary_OL17357601W,El amante japonés,Isabel Allende,ca,"[""General Fiction"", ""romance""]"
openlibrary_OL17358802W,Private Vegas,"James Patterson, Maxine Paetro",et,"[""General Fiction"", ""Mystery"", ""crime""]"
openlibrary_OL17399406W,Primal Law,J. D. Tyler,id,"[""General Fiction"", ""romance"", ""Romantasy""]"
openlibrary_OL17406601W,My Friend Dahmer,"Derf Backderf, Derf Backderf",de,"[""Graphic Novel""]"
openlibrary_OL17474667W,Before I Wake,Rachel Vincent,no,"[""Young Adult"", ""romance"", ""Romantasy""]"
openlibrary_OL17511619W,Kodiak Chained,Doranna Durgin,id,"[""General Fiction"", ""romance""]"
openlibrary_OL17567569W,Darkness Hunts                            Dark Angels,Keri Arthur,de,"[""Paranormal"", ""romance"", ""Romantasy""]"
openlibrary_OL17611779W,Our Revolution,Bernie Sanders,fr,"[""Politics""]"
openlibrary_OL17635446W,Exit West,Mohsin Hamid,de,"[""Sci-Fi"", ""sci-fi romance"", ""Romantasy""]"
openlibrary_OL17711038W,Kitty raises hell,Carrie Vaughn,fi,"[""Paranormal"", ""romance"", ""Romantasy""]"
openlibrary_OL17721361W,Más allá del invierno,Isabel Allende,es,"[""General Fiction"", ""romance""]"
openlibrary_OL17737100W,Cry Mercy,Toni Andrews,cy,"[""General Fiction"", ""romance""]"
openlibrary_OL17752813W,Stone cold,C. J. Box,it,"[""General Fiction""]"
openlibrary_OL17797402W,Big Sky River,Linda Lael Miller,da,"[""General Fiction"", ""romance""]"
openlibrary_OL17827815W,Blood oranges,Kathleen Tierney,af,"[""Fantasy""]"
openlibrary_OL17828084W,Love Letters,Debbie Macomber,no,"[""Romance""]"
openlibrary_OL17865087W,Double visions,James M. Cahalan,fr,"[""Literary Fiction""]"
openlibrary_OL17882832W,Demon derby,Carrie Harris,da,"[""Paranormal""]"
openlibrary_OL17885557W,Revising women,Paula R. Backscheider,af,"[""Literary Fiction""]"
openlibrary_OL17892614W,Bad Blood,John Carreyrou,so,"[""Business & Economics""]"
openlibrary_OL17892634W,Upside down,Jess Smart Smiley,pt,"[""Fantasy""]"
openlibrary_OL17904408W,Blood spirits,Sherwood Smith,et,"[""Paranormal"", ""romance"", ""Romantasy""]"
openlibrary_OL18158169W,Blood kiss,J. R. Ward,et,"[""Paranormal"", ""romance"", ""Romantasy""]"
openlibrary_OL1828383W,Gertrude Stein and Richard Wright,M. Lynn Weiss,de,"[""Literary Fiction""]"
openlibrary_OL18309541W,Renaissance bodies,"Lucy Gent, Nigel Llewellyn",fr,"[""Art""]"
openlibrary_OL1841648W,"Dear Bill, Remember Me?",Norma Fox Mazer,de,"[""Young Adult"", ""romance""]"
openlibrary_OL1846871W,"Animal, Vegetable, Miracle","Barbara Kingsolver, Camille Kingsolver, Steven L. Hopp, Lily Hopp Kingsolver",ca,"[""Cooking""]"
openlibrary_OL18503720W,Imagining women,"Frances Bonner, Lizbeth Goodman",tl,"[""Short Stories""]"
openlibrary_OL1858668W,Wide Sargasso Sea,Jean Rhys,pt,"[""Literary Fiction"", ""romance""]"
openlibrary_OL18787790W,Frankenstein's science,"Christa Knellwolf, Jane R. Goodall",nl,"[""Literary Fiction""]"
openlibrary_OL1882711W,Female Masculinity,Jack Halberstam,ro,"[""Literary Fiction""]"
openlibrary_OL1883021W,Closet devotions,Richard Rambuss,fr,"[""Literary Fiction""]"
openlibrary_OL1887164W,"Comic visions, female voices",Barbara Bennett,fr,"[""Humor""]"
openlibrary_OL18982871W,POETICS OF TRANSUBSTANTIATION: FROM THEOLOGY TO METAPHOR; ED. BY DOUGLAS BURNHAM,"Douglas Burnham, Enrico Giaccherini",de,"[""Literary Fiction""]"
openlibrary_OL1905374W,De amor y de sombra,Isabel Allende,es,"[""General Fiction"", ""romance""]"
openlibrary_OL1914075W,Hornet Flight,Ken Follett,da,"[""Young Adult""]"
openlibrary_OL19279984W,"VERNON LEE: DECADENCE, ETHICS, AESTHETICS; ED. BY CATHERINE MAXWELL","Catherine Maxwell, Patricia Pulham",de,"[""Biography & Memoir""]"
openlibrary_OL1955256W,Negritude Women,T. Denean Sharpley-Whiting,nl,"[""Literary Fiction""]"
openlibrary_OL1965503W,Between Women,Sharon Marcus,nl,"[""Literary Fiction""]"
openlibrary_OL19668598W,"Making face, making soul =",Gloria Anzaldúa,tl,"[""Literary Fiction""]"
openlibrary_OL19710288W,Kicking it,"Faith Hunter, Kalayna Price",tl,"[""Fantasy""]"
openlibrary_OL19740820W,Hunger for You,Jenny Frame,da,"[""General Fiction"", ""romance"", ""Romantasy""]"
openlibrary_OL1976644W,Mallarmé's children,Richard Cándida Smith,fr,"[""History""]"
openlibrary_OL1989902W,Hidden messages,Raquel Chang-Rodríguez,da,"[""History""]"
openlibrary_OL19955459W,De muerto en peor,Charlaine Harris,es,"[""Paranormal""]"
openlibrary_OL19960186W,Star style,Sienna Mercer,sv,"[""Children's""]"
openlibrary_OL1996334W,Global metropolitan,John R. Short,it,"[""Science & Nature""]"
openlibrary_OL19967441W,Darkness bred,Stella Cameron,no,"[""General Fiction"", ""romance"", ""Romantasy""]"
openlibrary_OL19971475W,I am Alice,Joseph Delaney,it,"[""Horror""]"
openlibrary_OL19971566W,Ritual magic,Eileen Wilks,it,"[""Paranormal"", ""romance""]"
openlibrary_OL19972016W,Angel fever,Lee Weatherly,da,"[""Children's""]"
openlibrary_OL19982104W,Flying solo,Sienna Mercer,no,"[""Paranormal""]"
openlibrary_OL19987050W,Dead but not forgotten,"Charlaine Harris, Toni L. P. Kelner",no,"[""Paranormal"", ""romance"", ""Romantasy""]"
openlibrary_OL19989041W,How we got to now,Steven Johnson,pl,"[""Science & Nature""]"
openlibrary_OL19991335W,Guantánamo diary,Mohamedou Ould Slahi,es,"[""Politics""]"
openlibrary_OL20001975W,"xxxHolic Rei, Vol. 2",CLAMP,ro,"[""Paranormal""]"
openlibrary_OL20033657W,When in French,Lauren Collins,de,"[""Travel""]"
openlibrary_OL20041480W,When We Rise,Cleve Jones,de,"[""Biography & Memoir""]"
openlibrary_OL20052200W,Deadliest enemy,"Michael T. Osterholm, Mark Olshaker, Àlex Guàrdia Berdiell, Arnau Figueras Deulofeu, Carmen Balagueró Aguilà",de,"[""General Fiction""]"
openlibrary_OL2006740W,Divulging Utopia,David Weil Baker,tl,"[""Literary Fiction""]"
openlibrary_OL2007271W,Between Men,Eve Kosofsky Sedgwick,nl,"[""Literary Fiction""]"
openlibrary_OL20128323W,Sara (Soliloquy),Greg Herren,so,"[""General Fiction""]"
openlibrary_OL20243397W,Anonymous Connections,Tina Young Choi,fr,"[""Psychology""]"
openlibrary_OL20250032W,Imperfect Creatures,Lucinda Cole,ro,"[""Literary Fiction""]"
openlibrary_OL20873838W,Honey Girl,Morgan Rogers,tr,"[""General Fiction"", ""romance""]"
openlibrary_OL20874W,Silas Marner,"George Eliot, John O'Connor, Mary Anne Evans, Hugh Thomson, Julius Frese",tl,"[""General Fiction""]"
openlibrary_OL20930539W,Zombies in Western Culture,Christopher Mastropietro,de,"[""Psychology""]"
openlibrary_OL21250212W,Girls Against God,Jenny Hval,de,"[""Literary Fiction""]"
openlibrary_OL21337755W,Gender Queer,Maia Kobabe,de,"[""Literary Fiction""]"
openlibrary_OL2144122W,Sarah's Key,Tatiana de Rosnay,id,"[""General Fiction""]"
openlibrary_OL21668215W,Lover mine,J. R. Ward,no,"[""Paranormal"", ""romance"", ""Romantasy""]"
openlibrary_OL2191789W,Sister Outsider,"Audre Lorde, Robin Eller",de,"[""Poetry""]"
openlibrary_OL22310105W,Gossamer wing,Delphine Dryden,de,"[""Paranormal"", ""romance"", ""Romantasy""]"
openlibrary_OL22310114W,"Bite me, Your Grace",Brooklyn Ann,fr,"[""Paranormal"", ""romance"", ""Romantasy""]"
openlibrary_OL2234851W,Gaudy night,Dorothy L. Sayers,cy,"[""General Fiction"", ""Mystery"", ""crime""]"
openlibrary_OL2239396W,À rebours,Joris-Karl Huysmans,fr,"[""General Fiction"", ""romance"", ""Romantasy""]"
openlibrary_OL2320631W,Engendering romance,E. Miller Budick,da,"[""History""]"
openlibrary_OL23319013W,Autumn rose,Abigail Gibbs,ro,"[""General Fiction"", ""romance""]"
openlibrary_OL2389735W,Ples vremena,Dejan Stojanović,fr,"[""Poetry""]"
openlibrary_OL2389739W,Znak i njegova deca,Dejan Stojanović,hr,"[""Poetry""]"
openlibrary_OL24197685W,Vampire Academy,Richelle Mead,pt,"[""Romance"", ""paranormal romance"", ""Romantasy""]"
openlibrary_OL2423610W,Nanhua jing,"Zhuangzi, G. Cox, P. Lowe, M. Winter, A.C. (Translator) Graham",sw,"[""Philosophy""]"
openlibrary_OL24390421W,"Jamis Bachman, Ghost Hunter",Jen Jensen,de,"[""General Fiction""]"
openlibrary_OL24403983W,Carmilla and Laura,SD Simper,it,"[""General Fiction"", ""romance"", ""Romantasy""]"
openlibrary_OL24477958W,Killing Floor,Lee Child,et,"[""General Fiction"", ""Mystery"", ""crime""]"
openlibrary_OL24707460W,Hunter's Descent,Lise MacTague,nl,"[""General Fiction"", ""romance"", ""Romantasy""]"
openlibrary_OL2475585W,Identifying poets,"Crawford, Robert, Robert Crawford",no,"[""History""]"
openlibrary_OL25129727W,Hedda Gabler,Henrik Ibsen,cy,"[""Drama""]"
openlibrary_OL2521482W,Burke & Hare,Owen Dudley Edwards,no,"[""History""]"
openlibrary_OL25324324W,Lover Arisen,J. R. Ward,no,"[""General Fiction"", ""romance"", ""Romantasy""]"
openlibrary_OL258333W,Frøken Smillas fornemmelse for sne,"Peter Høeg, P. Hoeg",da,"[""Mystery""]"
openlibrary_OL2624452W,Old Testament parallels,Victor Harold Matthews,ca,"[""History""]"
openlibrary_OL2625946W,Imperial America,John Newhouse,ro,"[""Literary Fiction""]"
openlibrary_OL2630695W,Market à la mode,Erin Skye Mackie,fr,"[""Literary Fiction""]"
openlibrary_OL2653506W,Fatal autonomy,William Jewett,it,"[""Literary Fiction""]"
openlibrary_OL2663522W,Four Blondes,Candace Bushnell,fr,"[""General Fiction"", ""romance""]"
openlibrary_OL2669017W,Monumental anxieties,Scott S. Derrick,ro,"[""History""]"
openlibrary_OL267610W,Astérix et Cléopâtre,"René Goscinny, Albert Uderzo",fr,"[""Graphic Novel""]"
openlibrary_OL2689181W,Vietnam war stories,Tobey C. Herzog,af,"[""Literary Fiction""]"
openlibrary_OL2723164W,Nine Black Women,Moira Ferguson,de,"[""Literary Fiction""]"
openlibrary_OL2724293W,Heritage and hellenism,Erich S. Gruen,da,"[""Literary Fiction""]"
openlibrary_OL2724664W,Global environmental issues,"Kemp, David D.",ca,"[""Science & Nature""]"
openlibrary_OL273153W,Our Inner Ape,Frans de Waal,de,"[""General Fiction""]"
openlibrary_OL27391W,Culture and imperialism,"Edward W. Said, E. Said",ro,"[""Literary Fiction""]"
openlibrary_OL2779743W,"Landfall, a channel story","Nevil Shute, Rob Spence",it,"[""History"", ""romance""]"
openlibrary_OL278001W,De la démocratie en Amérique,"Alexis de Tocqueville, Gustave de Beaumont",fr,"[""Politics""]"
openlibrary_OL27961427W,Sombras de medianoche,Lara Adrian,es,"[""Paranormal""]"
openlibrary_OL27962961W,Tirai bambu,Charles Avery,id,"[""History""]"
openlibrary_OL28598020W,Impractical magic,Christine Pope,ro,"[""General Fiction"", ""romance""]"
openlibrary_OL2888373W,Charlemagne & France,Robert John Morrissey,fr,"[""History"", ""romance""]"
openlibrary_OL2896994W,Artificial Intelligence,"Stuart J. Russell, Peter Norvig",it,"[""Art""]"
openlibrary_OL2897797W,V for Vendetta,"Alan Moore, David Lloyd",no,"[""General Fiction""]"
openlibrary_OL2899874W,L' Orlando furioso,Lodovico Ariosto,es,"[""Romance""]"
openlibrary_OL29257756W,Doce maneras de afilarse los colmillos,Oscar Martínez Vélez,es,"[""Paranormal""]"
openlibrary_OL2925997W,Bound and determined,Christopher Castiglia,de,"[""Literary Fiction""]"
openlibrary_OL2928083W,Beyond understanding,Martha L. Henning,de,"[""History""]"
openlibrary_OL2958832W,Stylistique comparée du français et de l'anglais,"J.-P Vinay, Jean-Paul Viney, Jean Darbelnet",fr,"[""Literary Fiction""]"
openlibrary_OL29763W,Absolute Friends,John le Carré,de,"[""General Fiction""]"
openlibrary_OL30053009W,Du côté de chez Swann,Marcel Proust,fr,"[""Graphic Novel"", ""romance""]"
openlibrary_OL3029795W,Zlatin dnevnik,Zlata Filipović,sl,"[""History""]"
openlibrary_OL3066937W,Roman de la Rose,"Guillaume de Lorris, Jean de Meun",es,"[""Poetry"", ""romance""]"
openlibrary_OL31204611W,Cassie Scot,Christine Amsden,it,"[""General Fiction""]"
openlibrary_OL313297W,Camino de perfección [por] Santa Teresa de Jesús,"Teresa of Avila, E. Allison Peers",es,"[""Religion & Spirituality""]"
openlibrary_OL3239503W,Love Between Women,Bernadette J. Brooten,nl,"[""Religion & Spirituality""]"
openlibrary_OL3294456W,Close Readers,Alan Stewart,es,"[""Biography & Memoir""]"
openlibrary_OL3388104W,Faerie Lord,Herbie Brennan,de,"[""General Fiction""]"
openlibrary_OL3454375W,Soldier heroes,"Dawson, Graham",af,"[""Adventure""]"
openlibrary_OL3472883W,Strange and eerie stories,Pat Hancock,af,"[""General Fiction""]"
openlibrary_OL3481510W,After Brecht,Janelle G. Reinelt,de,"[""Literary Fiction""]"
openlibrary_OL3490378W,Building Suburbia,Dolores Hayden,id,"[""General Fiction""]"
openlibrary_OL3514601W,Labor & desire,Paula Rabinowitz,es,"[""General Fiction""]"
openlibrary_OL362665W,King Richard II,William Shakespeare,de,"[""Drama""]"
openlibrary_OL3801778W,Tristan und Isolde,"Gottfried von Strassburg, Arthur Thomas Hatto, William T. Whobrey, Tomas Tomasek",de,"[""Romance""]"
openlibrary_OL38940W,Poetry after Auschwitz,Susan Gubar,de,"[""Poetry""]"
openlibrary_OL3904817W,Supernatural forces,Bonnie C. Winsbro,ro,"[""Literary Fiction""]"
openlibrary_OL3933913W,American cinema/American culture,John Belton,ro,"[""History""]"
openlibrary_OL3961830W,Hemingway's genders,Nancy R. Comley,nl,"[""Literary Fiction""]"
openlibrary_OL4083169W,Marvelous possessions,Stephen Greenblatt,fr,"[""Travel""]"
openlibrary_OL4102429W,Binding cultures,Gay Alden Wilentz,ro,"[""Literary Fiction""]"
openlibrary_OL41250W,Simple Genius,David Baldacci,ro,"[""Mystery""]"
openlibrary_OL453660W,Wyrd Sisters,Terry Pratchett,de,"[""Fantasy"", ""fantasy romance""]"
openlibrary_OL46618W,Luftkrieg und Literatur,"W. G. Sebald, Anthea Bell",de,"[""Literary Fiction""]"
openlibrary_OL468850W,Del amor y otros demonios,Gabriel García Márquez,es,"[""General Fiction"", ""romance""]"
openlibrary_OL475183W,Poetic epistemologies,Megan Simpson,ro,"[""Poetry""]"
openlibrary_OL476011W,Psychosocial spaces,Steven J. Gores,es,"[""Art""]"
openlibrary_OL4802278W,In pursuit of a scientific culture,Peter Allan Dale,ro,"[""History""]"
openlibrary_OL48308W,Dangerous Dossiers,Herbert Mitgang,af,"[""Literary Fiction""]"
openlibrary_OL487895W,Midfielder's moment,Grant Farred,da,"[""History""]"
openlibrary_OL491846W,"Black Hawk, Down",Mark Bowden,pl,"[""History""]"
openlibrary_OL494165W,Postcolonial London,"McLeod, John",it,"[""Literary Fiction""]"
openlibrary_OL495470W,Invisible Man,Ralph Ellison,fr,"[""General Fiction""]"
openlibrary_OL5091276W,Lover Revealed,J. R. Ward,da,"[""General Fiction"", ""Paranormal"", ""Romance"", ""Fantasy"", ""Mystery"", ""romantic suspense"", ""Romantasy""]"
openlibrary_OL53918W,A Tramp Abroad,Mark Twain,pt,"[""General Fiction""]"
openlibrary_OL544360W,Dracula steps out,Michael Ratnett,ro,"[""Paranormal""]"
openlibrary_OL545626W,No man's land,"Sandra M. Gilbert, Susan Gubar",tl,"[""Literary Fiction""]"
openlibrary_OL548910W,Silent urns,"David S. Ferris, David Ferris, David Ferris",de,"[""Poetry""]"
openlibrary_OL551668W,Cyrano de Bergerac,Edmond Rostand,es,"[""Drama""]"
openlibrary_OL5683829W,Dark Challenge,Christine Feehan,no,"[""General Fiction"", ""romance""]"
openlibrary_OL5683830W,Dark Demon,Christine Feehan,da,"[""General Fiction"", ""romance"", ""Romantasy""]"
openlibrary_OL5683834W,Dark Gold,Christine Feehan,da,"[""General Fiction"", ""romance""]"
openlibrary_OL5691376W,Over Hexed,Vicki Lewis Thompson,sv,"[""General Fiction"", ""romance"", ""Romantasy""]"
openlibrary_OL5695899W,Unforgettable (Time Travel #6),Madeline Baker,no,"[""General Fiction"", ""romance"", ""Romantasy""]"
openlibrary_OL5704311W,Vernon God Little,D. B. C. Pierre,de,"[""Young Adult""]"
openlibrary_OL578528W,Joan Miró,"Joan Miró, Stephan Von Wiese, Sylvia Martin, Victoria Combalia Dexeus, Joaquim Gomis",ca,"[""Literary Fiction""]"
openlibrary_OL578926W,To Believe in Women,Lillian Faderman,nl,"[""History""]"
openlibrary_OL5805287W,Rising darkness,Cynthia Cooke,id,"[""Paranormal"", ""romance""]"
openlibrary_OL5816038W,My New Best Friend,Julie Bowe,de,"[""Young Adult""]"
openlibrary_OL5845214W,Little Bee,Chris Cleave,de,"[""General Fiction""]"
openlibrary_OL5848495W,Atheist delusions,David Bentley Hart,de,"[""Religion & Spirituality""]"
openlibrary_OL5848526W,Destiny kills,"Keri Arthur, Cassandra Campbell",no,"[""General Fiction"", ""romance"", ""Romantasy""]"
openlibrary_OL5856070W,Sentimental confessions,Joycelyn Moody,it,"[""Biography & Memoir""]"
openlibrary_OL5856201W,Vicious Circle,Mike Carey,ca,"[""Paranormal""]"
openlibrary_OL59038W,Never Let Me Go,Kazuo Ishiguro,nl,"[""General Fiction"", ""Sci-Fi""]"
openlibrary_OL59042W,When We Were Orphans,Kazuo Ishiguro,de,"[""General Fiction""]"
openlibrary_OL5955057W,American Lazarus,Joanna Brooks,ro,"[""Literary Fiction""]"
openlibrary_OL61326W,Borderlands/La Frontera,Gloria Anzaldúa,nl,"[""Poetry""]"
openlibrary_OL6162192W,Brain gym,"Paul E. Dennison, Gail E. Dennison, Dr. Paul E. Dennison",cy,"[""Psychology""]"
openlibrary_OL62744W,Vom Kriege,Carl von Clausewitz,de,"[""Science & Nature""]"
openlibrary_OL629052W,Manifest der Kommunistischen Partei,"Karl Marx, Friedrich Engels",de,"[""History""]"
openlibrary_OL65487W,Upgrading and repairing PCs,"Scott Mueller, Mark Edward Soper",id,"[""General Fiction""]"
openlibrary_OL658280W,Max Havelaar of de koffijveilingen der Nederlansche handelmaatschappij,Multatuli,nl,"[""General Fiction""]"
openlibrary_OL661962W,Mister Pip,"Jones, Lloyd",de,"[""General Fiction""]"
openlibrary_OL6813422W,Tara's Song,Barbara Ferry Johnson,tl,"[""General Fiction"", ""romance"", ""Romantasy""]"
openlibrary_OL76833W,Angels & Demons,Dan Brown,nl,"[""General Fiction"", ""Mystery"", ""crime""]"
openlibrary_OL7797449W,L. Annaeus Seneca Troades,Atze J. Keulen,ca,"[""Literary Fiction""]"
openlibrary_OL79341W,Darkest fear,Harlan Coben,no,"[""Mystery""]"
openlibrary_OL7938487W,Essential Cell Biology,"Bruce Alberts, Dennis Bray, Karen Hopkin, Alexander D Johnson, Julian Lewis, Martin Raff, Keith Roberts, Peter Walter",it,"[""Science & Nature""]"
openlibrary_OL796465W,O Alquimista,Paulo Coelho,pt,"[""Travel""]"
openlibrary_OL810215W,Someone to Love,Jude Deveraux,it,"[""General Fiction"", ""romance""]"
openlibrary_OL81294W,Women in Love,D. H. Lawrence,nl,"[""Romance"", ""Romantasy""]"
openlibrary_OL8135457W,Brûlée vive,"Souad, Marie-Therese Cuny",fr,"[""Biography & Memoir""]"
openlibrary_OL81693W,Sylvester Bear Overslept,Jan Wahl,no,"[""General Fiction""]"
openlibrary_OL8201153W,Coming Out Under Fire,"Allan Bérubé, Victor Bevine",de,"[""History""]"
openlibrary_OL82929W,As I Lay Dying,William Faulkner,tl,"[""General Fiction"", ""romance""]"
openlibrary_OL8339226W,a promise to nadia,"Zana Muhsen, Andrew Crofts",pt,"[""Biography & Memoir""]"
openlibrary_OL848771W,Os Lusíadas,"Luís de Camões, Souza Botelho",pt,"[""Poetry"", ""romance""]"
openlibrary_OL84887W,Trojan Odysey,Clive Cussler,fi,"[""General Fiction""]"
openlibrary_OL85047W,La père Goriot,Honoré de Balzac,fr,"[""General Fiction""]"
openlibrary_OL8511928W,Black Orpheus,Saadi A. Simawe,de,"[""Art""]"
openlibrary_OL860066W,Se questo è un uomo,Primo Levi,it,"[""Romance"", ""historical romance""]"
openlibrary_OL8703715W,Renaissance Fantasies,Maria Teresa Micaela Prendergast,fr,"[""History""]"
openlibrary_OL872773W,Der Steppenwolf,Hermann Hesse,de,"[""General Fiction""]"
openlibrary_OL8754745W,Quiet Strength,"Tony Dungy, Nathan Whitaker",de,"[""Biography & Memoir"", ""Religion & Spirituality"", ""General Fiction"", ""Romance""]"
openlibrary_OL886738W,Poema de mio Cid,Anonymous,pt,"[""Romance""]"
openlibrary_OL893584W,Gender Trouble,Judith Butler,de,"[""Psychology""]"
openlibrary_OL893707W,Madame Bovary,Gustave Flaubert,hr,"[""Literary Fiction"", ""romance""]"
openlibrary_OL893802W,L'Éducation sentimentale,Gustave Flaubert,fr,"[""General Fiction"", ""romance""]"
openlibrary_OL8972751W,Nesnesitelná lehkost bytí,Milan Kundera,cs,"[""General Fiction"", ""romance""]"
openlibrary_OL9017127W,Manifeste contra-sexuel,Paul B. Preciado,es,"[""Philosophy""]"
openlibrary_OL929829W,Nathan der Weise,Gotthold Ephraim Lessing,de,"[""Drama""]"
openlibrary_OL9302729W,After River,Donna Milner,da,"[""General Fiction""]"
openlibrary_OL9352947W,Imperial Eyes,Mary Loui Pratt,ca,"[""Literary Fiction""]"
openlibrary_OL9475257W,Still Alice,Lisa Genova,it,"[""General Fiction""]"
openlibrary_OL98205W,One-Dimensional Man,Herbert Marcuse,it,"[""Philosophy""]"
openlibrary_OL100070W,Demon in My View,Amelia Atwater-Rhodes,af,"[""General Fiction""]"
openlibrary_OL106190W,John Henry,"Jerry Pinkney, Julius Lester",de,"[""Children's""]"
openlibrary_OL1065758W,"A bid for fortune, or, Dr. Nikola's vendetta",Guy Boothby,no,"[""General Fiction""]"
openlibrary_OL1099380W,Cinq semaines en ballon,Jules Verne,fr,"[""Travel""]"
openlibrary_OL111537W,Time and again,Nora Roberts,id,"[""Romance"", ""Romantasy""]"
openlibrary_OL1137338W,Patapoufs et Filifers,André Maurois,fr,"[""Fantasy""]"
openlibrary_OL121734W,Deadly gift,"Heather Graham, Phil Gigante",cy,"[""Paranormal"", ""romance"", ""Romantasy""]"
openlibrary_OL121736W,Deadly night,Heather Graham,cy,"[""General Fiction"", ""romance"", ""Romantasy""]"
openlibrary_OL12458312W,Dark lies,Viva Anna,af,"[""Fantasy"", ""Romantasy""]"
openlibrary_OL136290W,Portable Darkness,"Aleister Crowley, Robert Anton Wilson",no,"[""Religion & Spirituality""]"
openlibrary_OL13728437W,Let's draw manga,"Noriko Aster, Noriko Tsubota, Big Mouth Factory",tl,"[""Art""]"
openlibrary_OL13761879W,"Wings (Wings Series, Book 1)",Aprilynne Pike,af,"[""General Fiction""]"
openlibrary_OL137696W,Left Behind,"Tim F. LaHaye, Jerry B. Jenkins",de,"[""Religion & Spirituality"", ""Sci-Fi""]"
openlibrary_OL1390219W,Dictionnaire de la mythologie grecque et romaine,Pierre Grimal,fr,"[""Fantasy""]"
openlibrary_OL14859974W,Falling Angel,Anne Stuart,tl,"[""Romance"", ""holiday romance"", ""Romantasy""]"
openlibrary_OL14871933W,Shadow & Claw,Gene Wolfe,so,"[""Sci-Fi""]"
openlibrary_OL14872949W,Pippi Langstrump i Söderhavet,Astrid Lindgren,da,"[""Humor""]"
openlibrary_OL14872996W,Räven och tomten,Astrid Lindgren,sv,"[""General Fiction""]"
openlibrary_OL14906399W,Dark Peril,Christine Feehan,id,"[""General Fiction"", ""romance"", ""Romantasy""]"
openlibrary_OL14913333W,Burning Lamp,Jayne Ann Krentz,tl,"[""Romance"", ""Romantasy""]"
openlibrary_OL14937050W,"Bullet (Anita Blake, Vampire Hunter)",Laurell K. Hamilton,no,"[""Fantasy"", ""Romantasy""]"
openlibrary_OL14937053W,Divine Misdemeanors,Laurell K. Hamilton,de,"[""Fantasy"", ""fantasy romance""]"
openlibrary_OL14960680W,Demon inside,Stacia Kane,af,"[""Paranormal"", ""General Fiction"", ""Thriller"", ""Humor"", ""Fantasy"", ""Romance"", ""Mystery"", ""romantic suspense"", ""Romantasy""]"
openlibrary_OL14988315W,Dark Side of Dawn,Kathryn Smith,af,"[""Paranormal"", ""romance"", ""Romantasy""]"
openlibrary_OL14990846W,Angels' Blood,Nalini Singh,af,"[""Fantasy"", ""Romantasy""]"
openlibrary_OL14993674W,Dark Time,Dakota Banks,id,"[""Fantasy""]"
openlibrary_OL15118058W,Pioneer puzzle,Marianne Monson,it,"[""General Fiction""]"
openlibrary_OL15143024W,I'm a little teapot,Iza Trapani,it,"[""Music""]"
openlibrary_OL15144728W,Left behind,Jerry B. Jenkins,de,"[""Children's""]"
openlibrary_OL15163049W,No more magic,Avi,it,"[""Children's""]"
openlibrary_OL15168472W,Archangel's Kiss (Guild Hunter #2),Nalini Singh,de,"[""Paranormal"", ""romance"", ""Romantasy""]"
openlibrary_OL15278358W,"Truly, Madly",Heather Webber,cy,"[""General Fiction"", ""romance"", ""Romantasy""]"
openlibrary_OL15374176W,Changing Moon,Mathieu Mariolle,tl,"[""Paranormal""]"
openlibrary_OL15383377W,Bespelling Jane Austen,"Mary Balogh, Colleen Gleason, Susan Krinard, Janet Mullany",de,"[""General Fiction"", ""romance"", ""Romantasy""]"
openlibrary_OL15395450W,Crave (Fallen Angels #2),J. R. Ward,no,"[""General Fiction"", ""romance"", ""Romantasy""]"
openlibrary_OL15437541W,In Too Deep,Jayne Ann Krentz,nl,"[""Paranormal"", ""romance""]"
openlibrary_OL15517484W,Black Wings,Christina Henry,de,"[""Paranormal"", ""romance"", ""Romantasy""]"
openlibrary_OL15520555W,A true princess,Diane Zahler,pt,"[""Fantasy"", ""fantasy romance""]"
openlibrary_OL15535184W,Fiery pool,Daniel Finamore,pl,"[""Art""]"
openlibrary_OL15545791W,Star Trek Voyager - Battle Lines,"Dave Galanter, Greg Brodeur",de,"[""General Fiction""]"
openlibrary_OL15548491W,Cupid's kiss,"Patricia Hagan, Bobby Hutchinson, Linda Madl, Bobbi Smith",et,"[""General Fiction"", ""romance""]"
openlibrary_OL15638721W,Blue Moon,Alyson Noël,fr,"[""General Fiction""]"
openlibrary_OL15652859W,Neues aus Anderwelt,Ruth M. Fuchs,de,"[""Fantasy""]"
openlibrary_OL15670556W,Dead reckoning,Charlaine Harris,sv,"[""Mystery"", ""romantic suspense"", ""Romantasy""]"
openlibrary_OL15672266W,Blood ties,Kevin Emerson,af,"[""Paranormal""]"
openlibrary_OL15672855W,River Marked,Patricia Briggs,da,"[""Fantasy"", ""Romantasy""]"
openlibrary_OL15679633W,Falling Under,Gwen Hayes,de,"[""Paranormal""]"
openlibrary_OL15691552W,May Magic,Ron Roy,tl,"[""Mystery""]"
openlibrary_OL15728831W,Tall Tales,"Jeff Smith, Jeff Smith",et,"[""Graphic Novel""]"
openlibrary_OL15867391W,Murder Game,Christine Feehan,de,"[""General Fiction"", ""romance"", ""Romantasy""]"
openlibrary_OL15884103W,"Bloodrose (Nightshade Series, Book 3)",Andrea Cremer,af,"[""General Fiction"", ""romance"", ""Romantasy""]"
openlibrary_OL15884111W,Bite Club,Rachel Caine,ro,"[""Paranormal""]"
openlibrary_OL15910189W,Department 19,Will Hill,nl,"[""Paranormal"", ""History"", ""General Fiction"", ""Children's"", ""Young Adult"", ""Mystery"", ""crime""]"
openlibrary_OL15998822W,Shadow Walkers,Brent Hartinger,so,"[""General Fiction"", ""romance""]"
openlibrary_OL16116603W,Akata witch,Nnedi Okorafor,sw,"[""Fantasy"", ""fantasy romance""]"
openlibrary_OL16116921W,Arkadien erwacht,Kai Meyer,de,"[""Mystery"", ""romantic suspense"", ""Romantasy""]"
openlibrary_OL16126141W,A beautiful dark,Jocelyn Davies,id,"[""General Fiction""]"
openlibrary_OL16134450W,Vampirina ballerina,"Anne Marie Pace, Leuyen Pham, Araceli Ramos Cardona;Vanesa Pérez-Sauquillo Muñoz;",tr,"[""Paranormal""]"
openlibrary_OL16134676W,Commedia della morte,Chelsea Quinn Yarbro,it,"[""Paranormal"", ""romance""]"
openlibrary_OL16167359W,Dark water,Tricia Rayburn,af,"[""Fantasy""]"
openlibrary_OL16263658W,Teacher screecher,Peter Bently,de,"[""Paranormal""]"
openlibrary_OL16283675W,Spirit Bound,Christine Feehan,de,"[""Art"", ""romance"", ""Romantasy""]"
openlibrary_OL16340850W,"Strange Angels & Betrayals (Strange Angels, #1-2)",Lili St. Crow,de,"[""Paranormal""]"
openlibrary_OL16361055W,Fang girl,Helen Keeble,tl,"[""Humor""]"
openlibrary_OL16361381W,Fair Game (Alpha & Omega #3),Patricia Briggs,pt,"[""Fantasy"", ""fantasy romance""]"
openlibrary_OL16414294W,Vampire Academy,Leigh Dragoon,pt,"[""Paranormal""]"
openlibrary_OL16415265W,A Reckless Magick,Stephanie Burgis,de,"[""History""]"
openlibrary_OL16416449W,Wonder Woman volume 1,Brian Azzarello,af,"[""Graphic Novel""]"
openlibrary_OL16442589W,Vampires are not your friends,"Baron Specter, Setch Kneupper",fr,"[""Paranormal""]"
openlibrary_OL16451111W,Sweet evil,Wendy Higgins,af,"[""Children's"", ""romance"", ""Romantasy""]"
openlibrary_OL16524499W,Gemini Bites,Patrick Ryan,de,"[""General Fiction""]"
openlibrary_OL16529228W,Time between us,Tamara Ireland Stone,nl,"[""Romance"", ""Romantasy""]"
openlibrary_OL16532447W,Troll hunters,Michael Dahl,no,"[""Paranormal""]"
openlibrary_OL16538128W,Antología de la literatura fantástica,"Jorge Luis Borges, Silvina Ocampo, Adolfo Bioy Casares, Ryūnosuke Akutagawa, Thomas Bailey Aldrich, Леонид Николаевич Андреев, John Aubrey, J. G. Ballard, Sir Max Beerbohm, Ambrose Bierce, Ah'med Ech Chiruani, Léon Bloy, Delia Ingenieros, Ray Bradbury, Tor Åge Bringsværd, Martin Buber, Richard Francis Burton, Arturo Cancela, Pilar de Lusarreta, Thomas Carlyle, Lewis Carroll, Gilbert Keith Chesterton, Zhuangzi, Jean Cocteau, Julio Cortázar, Santiago Dabove, Alexandra David-Néel, Lord Edward Dunsay, Macedonio Fernandez, James George Frazer, Elena Garro, Herbert Allen Giles, Nathaniel Hawthorne, I. A. Ireland, W. W. Jacobs, James Joyce, Don Juan Manuel, Franz Kafka, Rudyard Kipling, Leopoldo Lugones, Arthur Machen, Walter De la Mare, Guy de Maupassant, Edwin Morgan, H. A. Murena, Niu Chiao, Papini, Giovanni, Carlos Peralta, Barry Perowne, Petronius, Manuel Peyrou, Edgar Allan Poe, Pu Songling, François Rabelais, Saki, May Sinclair, Walter W. Skeat, Olaf Stapledon, Emanuel Swedenborg, Лев Толстой, B. Traven, Tsʻao, Hsüeh-chʻin., Auguste comte de Villiers de L'Isle-Adam, Voltaire, Evelyn Waugh, Edward Lucas White, Juan Rodolfo Wilcock, Oscar Wilde, Richard Wilhelm, G. Willoughby-Meade, Mary Shelley, Wu Cheng'en, William Butler Yeats, Jose Zorilla",es,"[""Fantasy""]"
openlibrary_OL16540367W,Blood ninja III,Nick Lake,hr,"[""General Fiction""]"
openlibrary_OL16546785W,Poison princess,Kresley Cole,fr,"[""Sci-Fi"", ""sci-fi romance"", ""Romantasy""]"
openlibrary_OL16559416W,Vampire sheikh,Nina Bruhns,sq,"[""Paranormal"", ""romance"", ""Romantasy""]"
openlibrary_OL16589189W,Highland Hunger,"Hannah Howell, Jackie Ivie, Michele Sinclair",de,"[""General Fiction"", ""romance"", ""Romantasy""]"
openlibrary_OL16600043W,Broken illusions,Ellie James,fi,"[""Children's"", ""romance"", ""Romantasy""]"
openlibrary_OL16607691W,Spooky friends,Jane Feder,af,"[""Paranormal""]"
openlibrary_OL16610155W,Rai Mythology,Karen H. Ebert,cy,"[""Fantasy""]"
openlibrary_OL16615677W,Wide open,Deborah Coates,nl,"[""General Fiction""]"
openlibrary_OL16643924W,Unnatural Issue  (Elemental Masters #6),Mercedes Lackey,ca,"[""Fantasy""]"
openlibrary_OL16646165W,Samurai Game,Christine Feehan,id,"[""Paranormal"", ""General Fiction"", ""Romance"", ""Science & Nature"", ""Fantasy"", ""Adventure"", ""Sci-Fi"", ""Mystery"", ""romantic suspense"", ""Romantasy""]"
openlibrary_OL16667119W,Bad blood,Kristen L. Painter,so,"[""Paranormal""]"
openlibrary_OL16672011W,Aldo's Fantastical Movie Palace,Jonathan Friesen,es,"[""General Fiction""]"
openlibrary_OL16691870W,Drum Dance,Bonnie Turner,de,"[""Literary Fiction""]"
openlibrary_OL167166W,Violets Are Blue,James Patterson,fr,"[""General Fiction"", ""Mystery"", ""crime""]"
openlibrary_OL16769431W,Dark Storm,Christine Feehan,da,"[""Thriller"", ""romantic suspense"", ""Romantasy""]"
openlibrary_OL16811056W,Octavo viaje al reino de la fantasía,Elisabetta Dami,es,"[""Children's""]"
openlibrary_OL16815805W,Drei Tropfen Blut,Irene Bulling,de,"[""Paranormal""]"
openlibrary_OL17105100W,Sky Raiders,Brandon Mull,da,"[""Fantasy"", ""fantasy romance""]"
openlibrary_OL17112701W,Hilda y el trol,Luke Pearson,es,"[""General Fiction""]"
openlibrary_OL17127202W,Silver Moon Deja vu,Marti Melville,fi,"[""Paranormal"", ""romance""]"
openlibrary_OL17187093W,Darkest fear,Cate Tiernan,no,"[""Paranormal"", ""romance"", ""Romantasy""]"
openlibrary_OL17315795W,Strange Maine,"Charles G. Waugh, Martin H. Greenberg, Jr. Frank D. McSherry, Richard Matheson, Seabury Quinn, Edgar Pangborn, Stephen King, Ruth Sawyer, Harriet Elizabeth Prescott Spofford, Edward Page Mitchell, Carlos Baker, Jane Yolen, Donald Wismer, Thomas Easton, Fredric Brown, Fritz Leiber, Charlotte Armstrong",de,"[""General Fiction""]"
openlibrary_OL17317603W,Sister Mine,Nalo Hopkinson,de,"[""General Fiction""]"
openlibrary_OL17403435W,Archangels Legion,Nalini Singh,de,"[""Fantasy"", ""Romantasy""]"
openlibrary_OL17459314W,Never Been Bit,Lydia Dare,nl,"[""Romance""]"
openlibrary_OL17469798W,Odin's Ravens,"K.L. Armstrong, M. A. Marr",sl,"[""Adventure""]"
openlibrary_OL17473450W,Murder In Vein A Fangincheek Mystery,Sue Ann Jaffarian,de,"[""Paranormal""]"
openlibrary_OL17482869W,"UQ HOLDER!, Vol. 1",Ken Akamatsu,de,"[""Graphic Novel""]"
openlibrary_OL17545738W,Archangels Storm                           (Guild Hunter #5),Nalini Singh,de,"[""Romance"", ""Romantasy""]"
openlibrary_OL17582354W,Delilah Dirk And The Turkish Lieutenant,Tony Cliff,de,"[""Graphic Novel""]"
openlibrary_OL17633494W,Dark Shadows,"Kathryn Leigh Scott, Jim Pierson",so,"[""Paranormal""]"
openlibrary_OL17645134W,"Snakeroot (Nightshade Series, Book 4)",Andrea Cremer,af,"[""Children's"", ""romance"", ""Romantasy""]"
openlibrary_OL17671441W,Some quiet place,Kelsey Sutton,fr,"[""Paranormal""]"
openlibrary_OL17712030W,True Love,Jude Deveraux,fr,"[""General Fiction"", ""romance"", ""Romantasy""]"
openlibrary_OL17712074W,Beautiful danger,Michele Hauf,id,"[""Paranormal"", ""romance""]"
openlibrary_OL17818532W,Beautiful creatures,Kami Garcia,ro,"[""Young Adult"", ""romance""]"
openlibrary_OL17823033W,Disney Frozen,Victoria Saxon,de,"[""Art""]"
openlibrary_OL17838254W,Black dog,Caitlin Kittredge,sv,"[""General Fiction""]"
openlibrary_OL17839468W,Werewolf in Alaska,Vicki Lewis Thompson,af,"[""General Fiction"", ""romance"", ""Romantasy""]"
openlibrary_OL17861443W,WCW Nitro,Anthony Pena,pl,"[""Fantasy""]"
openlibrary_OL17864727W,Memory Maze,Gordon Korman,pl,"[""Paranormal""]"
openlibrary_OL17871532W,A royal wedding,Helen Perelman,cy,"[""Fantasy""]"
openlibrary_OL17877323W,Sink or swim,Sarah Mlynowski,af,"[""Literary Fiction""]"
openlibrary_OL17897025W,Dirty Wings,Sarah McCarry,af,"[""Romance"", ""Romantasy""]"
openlibrary_OL17901912W,Final Fantasy VII,"Mark MacDonald, James Hogwood",tl,"[""Drama""]"
openlibrary_OL17902924W,Tattletale traitor,Jan Fields,it,"[""Literary Fiction""]"
openlibrary_OL17918592W,Rebel angels,Michele Lang,da,"[""General Fiction""]"
openlibrary_OL17933051W,Dark days,Kate Ormand,so,"[""Sci-Fi"", ""sci-fi romance"", ""Romantasy""]"
openlibrary_OL18006430W,A tiger's tale,Laura Morrigan,da,"[""General Fiction""]"
openlibrary_OL18017092W,Shadow kiss,Leigh Dragoon,so,"[""Romance"", ""Romantasy""]"
openlibrary_OL18060785W,Blackfin sky,Kat Ellis,sv,"[""Young Adult""]"
openlibrary_OL18161785W,Glorious sunset,Patti Flinn,fr,"[""General Fiction"", ""romance"", ""Romantasy""]"
openlibrary_OL18166574W,An Unforgettable Lady,J. R. Ward,no,"[""General Fiction"", ""romance"", ""Romantasy""]"
openlibrary_OL18182125W,Lucky Break,Sienna Mercer,cs,"[""Children's""]"
openlibrary_OL1865421W,Obsidian Prey,Jayne Ann Krentz,id,"[""Paranormal"", ""romance"", ""Romantasy""]"
openlibrary_OL1873481W,Remembering Osiris,"Tom Hare, Thomas Blenman Hare",id,"[""Fantasy""]"
openlibrary_OL19068039W,Strange Grace,Tessa Gratton,de,"[""General Fiction""]"
openlibrary_OL19334337W,Evie's Magic Bracelet,"Jessica Ennis-Hill, Elen Caldecott",ro,"[""General Fiction""]"
openlibrary_OL19346434W,Krótka historia Stowarzyszenia Nieurodziwych Dziewuch,Helen Oyeyemi,pl,"[""Short Stories""]"
openlibrary_OL19624522W,JOJONIUM 01,荒木飛呂彦,id,"[""Art""]"
openlibrary_OL19634640W,Star Wars - Rebel Rising,Beth Revis,de,"[""General Fiction""]"
openlibrary_OL19663485W,Lumberjanes Vol. 4,"N.D. Stevenson, Shannon Watters, Grace Ellis, Gus Allen, Nate Diana Stevenson",et,"[""Graphic Novel""]"
openlibrary_OL19670986W,Alistair Grim's Odditorium,Gregory Funaro,lt,"[""Fantasy"", ""fantasy romance""]"
openlibrary_OL19671463W,Wonder Woman,Greg Rucka,de,"[""Graphic Novel""]"
openlibrary_OL19717276W,Akata Warrior,"Nnedi Okorafor, Yetide Badaki, Carla Bataller Estruch",sw,"[""Paranormal""]"
openlibrary_OL19719391W,Time Jumpers,Brandon Mull,id,"[""Fantasy""]"
openlibrary_OL19742870W,Bruja born,Zoraida Córdova,hr,"[""Fantasy"", ""fantasy romance""]"
openlibrary_OL19749328W,Dark Sentinel,Christine Feehan,de,"[""Paranormal"", ""romance"", ""Romantasy""]"
openlibrary_OL19789017W,Darkest journey,Heather Graham,no,"[""Mystery"", ""romantic suspense"", ""Romantasy""]"
openlibrary_OL19839423W,Dark flame,Alyson Noël,da,"[""Fantasy"", ""Romantasy""]"
openlibrary_OL19958905W,Divide and Conquer,Carrie Ryan,es,"[""Children's""]"
openlibrary_OL19966443W,Roses in moonlight,Lynn Kurland,af,"[""General Fiction"", ""romance"", ""Romantasy""]"
openlibrary_OL19969991W,After daybreak,J. A. London,da,"[""Paranormal""]"
openlibrary_OL19980779W,Blood diaries,Marissa Moss,af,"[""Humor""]"
openlibrary_OL19981685W,Bad hair day,"Sarah Mlynowski, Emily Eiden",so,"[""Literary Fiction""]"
openlibrary_OL19983599W,Mortal danger,Ann Aguirre,id,"[""Paranormal"", ""Sci-Fi""]"
openlibrary_OL19984538W,Minicuentos de tigres y dragones para ir a dormir,Magela Ronda,es,"[""Children's"", ""romance""]"
openlibrary_OL19984539W,Una princesa real,Brenda Williams,es,"[""General Fiction""]"
openlibrary_OL19986027W,Breaking danger,Lisa Marie Rice,id,"[""Science & Nature"", ""romance""]"
openlibrary_OL20007194W,Rebel Mechanics (Rebel Mechanics #1),Shanna Swendson,de,"[""General Fiction""]"
openlibrary_OL20017477W,Wandering star,Romina Russell,sv,"[""Sci-Fi"", ""sci-fi romance"", ""Romantasy""]"
openlibrary_OL20026686W,Best friends for never,Adrienne Maria Vrettos,da,"[""Children's""]"
openlibrary_OL20028782W,Grayling's song,Karen Cushman,tl,"[""Children's""]"
openlibrary_OL20031075W,Danger! Tiger crossing,Lin Oliver,da,"[""Children's""]"
openlibrary_OL20038416W,Lost gods,Gerald Brom,hr,"[""General Fiction""]"
openlibrary_OL20046411W,Siren sisters,Dana Langer,de,"[""Fantasy""]"
openlibrary_OL20077992W,Machines Like Me,Ian McEwan,de,"[""Sci-Fi"", ""sci-fi romance"", ""Romantasy""]"
openlibrary_OL20126943W,Five Elements #1,Dan Jolley,fr,"[""Art""]"
openlibrary_OL20142351W,Wayward Son,Rainbow Rowell,so,"[""General Fiction"", ""romance"", ""Romantasy""]"
openlibrary_OL20143077W,Berenstains' A Book,Stan Berenstain,nl,"[""Fantasy""]"
openlibrary_OL20520793W,Postmodern Vampires,Sorcha Ní Fhlainn,pt,"[""Paranormal""]"
openlibrary_OL20637599W,Love reborn,Yvonne Woon,sk,"[""Romance"", ""Romantasy""]"
openlibrary_OL20662499W,De wraak van Arghus,Alexandra Penrhyn Lowe,nl,"[""Mystery""]"
openlibrary_OL20788726W,Rogue Descendant,Jenna Black,pt,"[""General Fiction""]"
openlibrary_OL20850223W,Winter's Orbit,Everina Maxwell,de,"[""Sci-Fi"", ""sci-fi romance"", ""Romantasy""]"
openlibrary_OL21028063W,Better Off Red,Rebekah Weatherspoon,de,"[""Paranormal"", ""romance"", ""Romantasy""]"
openlibrary_OL21052512W,Hatter M Volume Four - Zen of Wonder,"Frank Beddor, Liz Cavalier",de,"[""General Fiction""]"
openlibrary_OL21085236W,Forbidden Library,Django Wexler,da,"[""Fantasy"", ""fantasy romance""]"
openlibrary_OL21662591W,Santa Claws Calamity,"Addison Moore, Bellamy Bloom",tl,"[""General Fiction""]"
openlibrary_OL21730294W,Drift & dagger,Kendall Kulper,da,"[""History""]"
openlibrary_OL2195985W,Kometen kommer (Kometjakten),Tove Jansson,da,"[""Children's""]"
openlibrary_OL2195990W,Trollkarlens hatt,Tove Jansson,sv,"[""General Fiction""]"
openlibrary_OL2196026W,Sent i November,Tove Jansson,no,"[""General Fiction""]"
openlibrary_OL22057843W,Effrayons les monstres!,Claude Champagne,fr,"[""Paranormal""]"
openlibrary_OL22059469W,Son de olas,Amanda Hocking,es,"[""Fantasy""]"
openlibrary_OL22061845W,Wacky Wednesday,J.A. Rock,pl,"[""Erotica"", ""romance"", ""Romantasy""]"
openlibrary_OL22073391W,Dark needs at night's edge,Kresley Cole,af,"[""Romance"", ""Romantasy""]"
openlibrary_OL2271626W,"Momo oder Die seltsame Geschichte von den Zeit-Dieben und von dem Kind, das den Menschen die gestohlene Zeit zurückbrachte",Michael Ende,de,"[""Children's""]"
openlibrary_OL23293469W,Arkadien fällt,Kai Meyer,sv,"[""Mystery"", ""romantic suspense"", ""Romantasy""]"
openlibrary_OL23413455W,Versailles et l'Antique,"Nicolas Milovanovic, Alexandre Maral",fr,"[""Art""]"
openlibrary_OL2384810W,Tre bukkene Bruse,"Peter Christen Asbjørnsen, P.C. Asbjornsen, J. E. Moe",no,"[""Fantasy""]"
openlibrary_OL24291949W,Picture perfect,Sue Bentley,ro,"[""Children's""]"
openlibrary_OL24306240W,Vampire Academy,Brandon T. Snider,pt,"[""Paranormal""]"
openlibrary_OL24689269W,Mágicas historias para antes de dormir,Julia Osuna Aguilar,pt,"[""Children's""]"
openlibrary_OL24716332W,River Walker,Cate Culpepper,no,"[""Romance"", ""Romantasy""]"
openlibrary_OL2577481W,Czas pogardy,Andrzej Sapkowski,pl,"[""Fantasy""]"
openlibrary_OL26317535W,Runaway Vampire,Lynsay Sands,tl,"[""Paranormal"", ""romance"", ""Romantasy""]"
openlibrary_OL26448994W,Mission royale pour Rouge-Babine,Lili Chartrand,fr,"[""Paranormal""]"
openlibrary_OL2660329W,Talking to dragons,Patricia C. Wrede,tl,"[""General Fiction""]"
openlibrary_OL2664665W,Autobiographie de ma mère,"Jamaica Kincaid, Dominique Peters, Carme Geronès",fr,"[""General Fiction"", ""romance"", ""Romantasy""]"
openlibrary_OL2670099W,Great-Uncle Dracula,Jayne Harvey,ro,"[""General Fiction""]"
openlibrary_OL2671541W,Pendragon's banner,Helen Hollick,sv,"[""General Fiction"", ""romance"", ""Romantasy""]"
openlibrary_OL2671939W,Regarding Penelope,Nancy Felson,id,"[""Poetry""]"
openlibrary_OL27683078W,Azul para las pesadillas,Laurie Faria Stolarz,es,"[""Paranormal""]"
openlibrary_OL27689759W,Saga Crepúsculo,Stephenie Meyer,es,"[""Paranormal""]"
openlibrary_OL2769843W,Compute's Guide to Nintendo Adventure Games,Steven A. Schwartz,pt,"[""Fantasy""]"
openlibrary_OL2769847W,Compute's Nintendo Secrets,Steven A. Schwartz,pt,"[""Fantasy""]"
openlibrary_OL28587548W,El diccionario del mago,"Allan Zola, Elizabeth Kronzek",es,"[""Fantasy"", ""fantasy romance""]"
openlibrary_OL28764432W,Blanc fantôme,Laurie Faria Stolarz,ca,"[""Children's""]"
openlibrary_OL28943451W,Lost Highlander Reckoning,Cassidy Cayman,de,"[""General Fiction"", ""romance""]"
openlibrary_OL28956895W,Time return,Micah Caida,sq,"[""Children's"", ""romance"", ""Romantasy""]"
openlibrary_OL29247W,Emperor Mage (Immortals #3),Tamora Pierce,ca,"[""Fantasy""]"
openlibrary_OL29309844W,Little Lies,Elena  M. Reyes,de,"[""Paranormal"", ""romance"", ""Romantasy""]"
openlibrary_OL2996194W,"Super NES Games Secrets, Volume 4","Rusel DeMaria, Jeronimo Barrera",ca,"[""Fantasy""]"
openlibrary_OL3067369W,Survivance des dieux antiques,Jean Seznec,fr,"[""Fantasy""]"
openlibrary_OL32007713W,Mroczny Sekret,Libba Bray,pl,"[""Children's""]"
openlibrary_OL3289983W,Making crime pay,Katherine Beckett,tl,"[""Mystery""]"
openlibrary_OL3435482W,Popular Indian art,Erwin Neumayer,id,"[""Art""]"
openlibrary_OL3521999W,One silent night,Sherrilyn Kenyon,fr,"[""Fantasy"", ""Romantasy""]"
openlibrary_OL362672W,Venus and Adonis,William Shakespeare,et,"[""Poetry""]"
openlibrary_OL4028755W,Mind Games,Merline Lovelace,de,"[""General Fiction"", ""romance"", ""Romantasy""]"
openlibrary_OL4234947W,Ben and Me,"Robert Lawson, Kazuko Komine",de,"[""Children's""]"
openlibrary_OL42718W,Mairi's Mermaid,"Michael Morpurgo, Lucy Richards",id,"[""General Fiction""]"
openlibrary_OL4280264W,Nishi no yoki majo,"Noriko Ogiwara, Haruhiko Momokawa",sw,"[""Young Adult""]"
openlibrary_OL4373507W,Había una vez,"Dorothy Sword Bishop, Margrit Fiddle",es,"[""Children's""]"
openlibrary_OL44373W,A coyote reader,William Bright,pt,"[""Fantasy""]"
openlibrary_OL453670W,Equal Rites,Terry Pratchett,ca,"[""Fantasy"", ""fantasy romance""]"
openlibrary_OL45822W,Rhyme stew,Roald Dahl,cy,"[""Poetry""]"
openlibrary_OL461809W,X-treme X-Men,"Chris Claremont, Igor Kordey",ca,"[""Graphic Novel""]"
openlibrary_OL465944W,Rakkety Tam,Brian Jacques,fi,"[""General Fiction""]"
openlibrary_OL46736W,Kwanzaa and Me,Vivian Gussin Paley,sw,"[""Fantasy""]"
openlibrary_OL468097W,"Our vampires, ourselves",Nina Auerbach,fr,"[""Psychology""]"
openlibrary_OL473253W,Fur Magic,Andre Norton,de,"[""General Fiction""]"
openlibrary_OL48905W,Practical Magic,Alice Hoffman,ca,"[""Fantasy"", ""Romantasy""]"
openlibrary_OL492519W,Nonostante Platone,Adriana Cavarero,it,"[""Philosophy""]"
openlibrary_OL496997W,"Paul Bunyan, a tall tale",Steven Kellogg,id,"[""Children's""]"
openlibrary_OL523678W,Salem Goes to Rome,Cathy East Dubowski,pt,"[""General Fiction""]"
openlibrary_OL5478213W,Castaways on Long Ago,Edward Ormondroyd,tl,"[""Paranormal""]"
openlibrary_OL5682683W,Just One Bite,Kimberly Raye,de,"[""General Fiction"", ""romance"", ""Romantasy""]"
openlibrary_OL5682786W,Bone Crossed,Patricia Briggs,it,"[""Fantasy"", ""Romantasy""]"
openlibrary_OL5683823W,Burning Wild,"Christine Feehan, Jeff Cummings",de,"[""General Fiction"", ""romance""]"
openlibrary_OL5683839W,Dark Slayer,Christine Feehan,tr,"[""Fantasy"", ""Romantasy""]"
openlibrary_OL5683847W,Hidden Currents,Christine Feehan,nl,"[""General Fiction"", ""romance"", ""Romantasy""]"
openlibrary_OL5683850W,Mind Game,Christine Feehan,de,"[""General Fiction"", ""romance"", ""Romantasy""]"
openlibrary_OL5683865W,Dark Curse,"Christine Feehan, Phil Gigante, Jane Brown",af,"[""Paranormal"", ""romance""]"
openlibrary_OL5683867W,Dark Destiny,Christine Feehan,no,"[""General Fiction"", ""romance"", ""Romantasy""]"
openlibrary_OL5683886W,Dark Guardian,Christine Feehan,id,"[""General Fiction"", ""romance"", ""Romantasy""]"
openlibrary_OL5685321W,Eternal Love,Maggie Shayne,da,"[""Romance""]"
openlibrary_OL5685366W,Angel's pain,Maggie Shayne,tl,"[""Paranormal"", ""romance"", ""Romantasy""]"
openlibrary_OL5692961W,"Bloodfever (Fever Series, Book 2)","Karen Marie Moning, Joyce Bean",af,"[""Fantasy"", ""Romantasy""]"
openlibrary_OL5714308W,Dark River,Erin Hunter,da,"[""Fantasy""]"
openlibrary_OL5715865W,Chicken Little,"Christianne C. Jones, Patricia Abello",de,"[""General Fiction""]"
openlibrary_OL5721264W,Gatekeepers (Dreamhouse Kings # 3),Robert Liparulo,af,"[""General Fiction""]"
openlibrary_OL5727195W,"Mirror, mirror--",Dotti Enderle,sq,"[""General Fiction""]"
openlibrary_OL5735053W,Fire Star,Chris D'Lacey,de,"[""General Fiction""]"
openlibrary_OL5736829W,Little Vampire,Joann Sfar,it,"[""Paranormal""]"
openlibrary_OL5787978W,América mágica,"Jorge Magasich-Airola, Jean-Marc De Beer, Jean-marc De Beer",pt,"[""History""]"
openlibrary_OL5819218W,Morgain's revenge,Laura Anne Gilman,nl,"[""Fantasy"", ""fantasy romance""]"
openlibrary_OL5823367W,Suck it up,Brian Meehl,de,"[""Paranormal""]"
openlibrary_OL5852243W,Gamer girl,Marianne Mancusi,tr,"[""Children's""]"
openlibrary_OL5855217W,"Sailor Moon, Vol. 4",武内 直子,et,"[""Fantasy"", ""fantasy romance""]"
openlibrary_OL5855229W,"Sailor Moon, Vol. 6",武内 直子,et,"[""Young Adult""]"
openlibrary_OL5877065W,Stateliest measures,A. A. Markley,ro,"[""Poetry""]"
openlibrary_OL6004464W,Prairie Fire,Terri Branson,fr,"[""Romance""]"
openlibrary_OL60115W,Witch Week,Diana Wynne Jones,de,"[""General Fiction""]"
openlibrary_OL6038344W,Semi-public narration in Apollonius' Argonautica,Gary Berkowitz,it,"[""Fantasy""]"
openlibrary_OL6208956W,Harlan Ellison,"Ellen Weil, Gary K. Wolfe",tr,"[""Sci-Fi""]"
openlibrary_OL621877W,Rome et ses dieux,Robert Turcan,fr,"[""Religion & Spirituality""]"
openlibrary_OL63995W,Rip Van Winkle,Washington Irving,af,"[""Fantasy""]"
openlibrary_OL66231W,Mirror Mirror,Gregory Maguire,pt,"[""Fantasy""]"
openlibrary_OL671549W,Raven Quest,Sharon Stewart,fr,"[""General Fiction""]"
openlibrary_OL6908852W,Primitive culture,"Edward B. Tylor, Edward Burnett Tylor",ro,"[""Fantasy""]"
openlibrary_OL712019W,Monsieur Pain,Roberto Bolaño,fr,"[""General Fiction"", ""romance""]"
openlibrary_OL77972W,Sea Tales,James Fenimore Cooper,et,"[""General Fiction""]"
openlibrary_OL7798510W,Pagan Dreiser,"St. Jean, Shawn",de,"[""General Fiction""]"
openlibrary_OL781469W,Aventures de Télémaque,François de Salignac de La Mothe-Fénelon,fr,"[""General Fiction""]"
openlibrary_OL7910734W,The vampire's quest,Vivi Anna,fr,"[""General Fiction"", ""romance""]"
openlibrary_OL7976932W,Inventing Wonderland,Jackie Wullschlager,nl,"[""Literary Fiction""]"
openlibrary_OL7986160W,Titanic Cat,"Leonard Mlodinow, Matt Costello",ca,"[""General Fiction""]"
openlibrary_OL8120380W,Igraine Ohnefurcht,Cornelia Funke,de,"[""Fantasy"", ""fantasy romance""]"
openlibrary_OL8212073W,"InuYasha, Vol. 19",高橋留美子,so,"[""Young Adult"", ""romance"", ""Romantasy""]"
openlibrary_OL82366W,Club dead,Charlaine Harris,ro,"[""Paranormal"", ""romance"", ""Romantasy""]"
openlibrary_OL8275109W,Whistling dixie,Marcia K. Vaughan,de,"[""General Fiction""]"
openlibrary_OL84113W,Last Call,"Tim Powers, Tim Powers",fr,"[""Fantasy""]"
openlibrary_OL8455937W,Official Mortal Kombat 3,BradyGames,ca,"[""Drama""]"
openlibrary_OL8548449W,Young Avengers,Allan Heinberg,no,"[""Graphic Novel""]"
openlibrary_OL8699352W,Full moon O Sagashite,"Arina Tanemura (種村, 有菜, たねむら ありな)",et,"[""Young Adult"", ""romance"", ""Romantasy""]"
openlibrary_OL8755743W,Genesis Alpha,Rune Michaels,de,"[""Children's""]"
openlibrary_OL8783886W,"Pokemon Tales, Volume 1",Akihito Toda,et,"[""Children's""]"
openlibrary_OL8897717W,Battle royale,"Kōshun Takami, Masayuki Taguchi, Koushun Takami, Kashoun Takami, KOUSHUM TAKAMI, Koushum Takami",tr,"[""Graphic Novel""]"
openlibrary_OL9172346W,Pichi pichi pitch,"Pink Hanamori, Michiko Yokote",it,"[""General Fiction""]"
openlibrary_OL9355710W,Speed demon,Erin Lynn,nl,"[""General Fiction""]"
openlibrary_OL9501943W,Triskellion 2,Will Peterson,fi,"[""General Fiction""]"
openlibrary_OL9607834W,REFORMING THE PAST,A TIMOTHY SPAULDING,vi,"[""Literary Fiction""]"
openlibrary_OL97363W,Sleeping Ugly,Jane Yolen,tl,"[""Fantasy""]"
openlibrary_OL9789906W,Lost In Oz,Joshua Dudley,de,"[""Fantasy""]"
openlibrary_OL98929W,Mythus von der Geburt des Helden,Otto Rank,de,"[""Fantasy""]"
openlibrary_OL1001044W,Henry Moore,"David Sylvester, Henry Moore, J. Hedgecoe, Alan Bowness, Herbert Edward Read, Ann Garrould",nl,"[""Art""]"
openlibrary_OL1001130W,James Ensor,"James Ensor, Joachim Heusinger von Waldegg, Rudolf Schmitz, Xavier Tricot",pt,"[""Health & Fitness""]"
openlibrary_OL10075939W,Pukhan ŭi sijang kyŏngje model chʻatki,Tong-uk Yi,id,"[""Biography & Memoir""]"
openlibrary_OL1019578W,Sessiz ev,Orhan Pamuk,de,"[""General Fiction""]"
openlibrary_OL1019595W,Öteki renkler,"Orhan Pamuk, Nazim Dikbas",tr,"[""Biography & Memoir""]"
openlibrary_OL10359069W,Gabriel Orozco,"Gabriel Orozco, Ann Temkin, Gabriel Orozco, Mia Fineman, Phyllis Rosenzweig, Shirin Neshat, Jean-Pierre Criqui, Angeline Scherf, Molly Nesbit, Briony Fer, Benjamin Buchloh",es,"[""Art""]"
openlibrary_OL10534503W,Annette Messager,Annette Messager,no,"[""Art""]"
openlibrary_OL1067314W,Mein Kampf,Adolf Hitler,de,"[""Politics""]"
openlibrary_OL1105375W,Mutual Aid,Peter Kropotkin,ca,"[""Science & Nature""]"
openlibrary_OL1141875W,Herfsttij der Middeleeuwen,Johan Huizinga,nl,"[""Art""]"
openlibrary_OL1151518W,Discours de la méthode,René Descartes,fr,"[""Science & Nature""]"
openlibrary_OL11611296W,Agnes Martin,"Agnes Martin, Agnes Martin, Arne Glimcher",fr,"[""History""]"
openlibrary_OL116206W,Mies van der Rohe,"Werner Blaser, Princeton Architectural Press",af,"[""Biography & Memoir""]"
openlibrary_OL12027030W,Lessons in disaster,Gordon M. Goldstein,fr,"[""Biography & Memoir""]"
openlibrary_OL12513812W,Comparative social policy,Patricia Kennett,it,"[""Politics""]"
openlibrary_OL12546W,Good Society,John Kenneth Galbraith,pl,"[""Business & Economics""]"
openlibrary_OL1259002W,Henri de Toulouse-Lautrec,"Henri de Toulouse-Lautrec, Riva Castleman, Wlofgang Wittrock",fr,"[""Art""]"
openlibrary_OL12652474W,Groapa este în livada de vișini,"Arnold Daghani, Deborah Schultz, Edward Timms",ro,"[""Art""]"
openlibrary_OL1298151W,"Vite de' più eccellenti pittori, scultori et architettori","Giorgio Vasari, Peter Murray",it,"[""History""]"
openlibrary_OL13077958W,Nuestra historia aún se está escribiendo,"Armando Choy, Armando Choy, Gustavo Chui, Moises Sio Wong",es,"[""Art""]"
openlibrary_OL1323771W,"Peau Noire, Masques Blancs","Frantz Fanon, Richard Philcox, Anthony Appiah",fr,"[""Psychology""]"
openlibrary_OL13608215W,LIMITS TO GLOBALIZATION: WELFARE STATES AND THE WORLD ECONOMY; TRANS. BY BENJAMIN W. VEGHTE,"ELMAR RIEGER, Stephan Leibfried",de,"[""Politics""]"
openlibrary_OL13610814W,RE-READING HARRY POTTER,"Suman Gupta, Suman Gupta",de,"[""Children's""]"
openlibrary_OL13611264W,"GAIA'S GIFT: EARTH, OURSELVES AND GOD AFTER COPERNICUS",ANNE PRIMAVESI,de,"[""History""]"
openlibrary_OL13625725W,"KNOWLEDGE FOR DEVELOPMENT?: COMPARING BRITISH, JAPANESE, SWEDISH AND WORLD BANK AID","KENNETH KING, Kenneth King, Simon McGrath",de,"[""Business & Economics""]"
openlibrary_OL13627317W,BLAIR'S WAR,"DAVID COATES, Coates, David., Joel Krieger",de,"[""History""]"
openlibrary_OL13629070W,LESSONS ON LEADERSHIP BY TERROR: FINDING SHAKA ZULU IN THE ATTIC,Manfred F. R. Kets de Vries,de,"[""Psychology""]"
openlibrary_OL13632231W,THEORY OF ECONOMIC GROWTH: DYNAMICS AND POLICY IN OVERLAPPING GENERATIONS,DAVID DE LA CROIX,de,"[""Business & Economics""]"
openlibrary_OL13657090W,Iranian media,Gholam Khiabany,id,"[""History""]"
openlibrary_OL1392435W,Emil Nolde,"Emil Nolde, Jolanthe Nolde, Manfred Reuther, Barnett Newman",da,"[""Religion & Spirituality""]"
openlibrary_OL1434640W,Berlin Alexanderplatz,Alfred Döblin,de,"[""General Fiction""]"
openlibrary_OL14372W,Ella Enchanted,Gail Carson Levine,es,"[""General Fiction""]"
openlibrary_OL14872507W,Carlo Scarpa,"Scarpa, Carlo, Roberto Gottardi, Isozaki, Arata., Francesco Dal Co, Giuseppe Mazzariol",it,"[""Art""]"
openlibrary_OL15082796W,Simon Wiesenthal,Tom Segev,de,"[""Politics""]"
openlibrary_OL15168215W,An Overview,Yoginder K. Alagh,af,"[""Politics""]"
openlibrary_OL15197307W,Dying for God,Daniel Boyarin,no,"[""History""]"
openlibrary_OL15232448W,Puerto Rico under Colonial Rule,"Ramón Bosque-Pérez, José Javier Colón Morera, Ramón Bosque-Pérez",es,"[""Politics""]"
openlibrary_OL15368491W,Inés y la Alegría,Almudena Grandes,es,"[""General Fiction""]"
openlibrary_OL15390550W,Obama's Wars,Bob Woodward,so,"[""Politics""]"
openlibrary_OL15399515W,Kunst und Kirche im 20. Jahrhundert. Die Rezeption des Zweiten Vatikanischen Konzils,Ralf van Bühren,de,"[""Art""]"
openlibrary_OL15582204W,Kennedy vs. Carter,Timothy Stanley,no,"[""Art""]"
openlibrary_OL15626466W,Vibrant matter,Jane Bennett,it,"[""Politics""]"
openlibrary_OL15668328W,No Surrender,James J. Sheeran,de,"[""History""]"
openlibrary_OL15678075W,Parent's Guide to Video Games,"Steven A. Schwartz, Janet Schwartz",es,"[""Art""]"
openlibrary_OL15682223W,Strukturwandel der Öffentlichkeit,Jürgen Habermas,de,"[""Politics""]"
openlibrary_OL15698415W,"Super NES Games Secrets, Volume 3","Rusel DeMaria, Zach Meston",ca,"[""Art""]"
openlibrary_OL15951515W,Super black,"Adilifu Nama, Adilifu Nama",sv,"[""Literary Fiction""]"
openlibrary_OL15980249W,Tiger's Voyage (Tiger's Curse #3),Colleen Houck,da,"[""General Fiction""]"
openlibrary_OL16028715W,Power down,Richard Heinberg,pl,"[""Politics""]"
openlibrary_OL16048534W,A taste for splendor,Anne Odom,pt,"[""Art""]"
openlibrary_OL16063494W,Culture matters,"Lawrence E. Harrison, Samuel P. Huntington",ro,"[""Science & Nature""]"
openlibrary_OL16214686W,Fatal invention,Dorothy E. Roberts,it,"[""Politics""]"
openlibrary_OL16251390W,Vordenker der Vernichtung,"Götz Aly, Susanne Heim",de,"[""Politics""]"
openlibrary_OL16451730W,Inside job,Charles H. Ferguson,pt,"[""Politics""]"
openlibrary_OL16492738W,"Race-ing justice, en-gendering power",Toni Morrison,nl,"[""Politics""]"
openlibrary_OL16501015W,Talking nets,"James A. Anderson, Edward Rosenfeld",et,"[""Science & Nature""]"
openlibrary_OL1654418W,Mario Botta,"Mario Botta, Vittorio Fagone, Francesco Dal Co",it,"[""History""]"
openlibrary_OL16701975W,Experts and Cultural Narcissism,Andrzej Klimczuk,ca,"[""Politics""]"
openlibrary_OL16789571W,I frammenti de' sei libri Dell repubblica ...,"Elizabeth Fee, Daniel M. Fox",it,"[""Politics""]"
openlibrary_OL16796827W,Kurt Schwitters,"Roger Cardinal, Gwendolen Webster",de,"[""Art""]"
openlibrary_OL16928185W,Political economics,"Torsten Persson, Guido Tabellini, Guido Enrico Tabellini",it,"[""Business & Economics""]"
openlibrary_OL16948333W,Electronic tribes,"Tyrone L. Adams, Smith, Stephen A.",ca,"[""Science & Nature""]"
openlibrary_OL16956829W,Making work visible,"Margaret H. Szymanski, Jack Whalen",af,"[""Business & Economics""]"
openlibrary_OL16991056W,Digital cities,"Toru Ishida, Katherine Isbister",it,"[""Art""]"
openlibrary_OL17043994W,On Western Terrorism,"Noam Chomsky, Andre Vltchek",de,"[""Politics""]"
openlibrary_OL17101091W,Chasing Sunsets,Karen Kingsbury,id,"[""General Fiction"", ""romance"", ""Romantasy""]"
openlibrary_OL17200328W,Lumberjanes Vol. 1,"N.D. Stevenson, Grace Ellis, Gus Allen, Shannon Watters",et,"[""Graphic Novel""]"
openlibrary_OL17204101W,Kafamda bir tuhaflik,Orhan Pamuk,tr,"[""General Fiction""]"
openlibrary_OL1721269W,Giuseppe Penone,"Giuseppe Penone, Briony Fer, Michael Newman, Ruggero Penone, Kathryn Tuma, Ludovico Pratesi, Giorgio Verzotti",it,"[""Science & Nature""]"
openlibrary_OL17364544W,Berry's Sweet Surprise,Apple Jordan,af,"[""Children's""]"
openlibrary_OL17376374W,Villa De Mi Corazn,Guadalupe Villa,it,"[""History""]"
openlibrary_OL1743564W,Dix années d'exil,Germaine de Staël,fr,"[""Biography & Memoir""]"
openlibrary_OL1744402W,Botero: La corrida,"Fernando Botero, Rudy Chiappini, Erica Jong",es,"[""Art""]"
openlibrary_OL17446757W,Popular Medievalism In Romanticera Britain,Clare A. Simmons,ro,"[""Literary Fiction""]"
openlibrary_OL17591440W,"Listen, Liberal",Thomas Frank,de,"[""Art""]"
openlibrary_OL17707728W,THE NAGAS MEMORIES OF HEADHUNTERS,Isabel Azevedo Drouyer and René Drouyer,vi,"[""Art""]"
openlibrary_OL17715831W,Hack attack,Nick Davies,sv,"[""Politics"", ""Mystery"", ""crime""]"
openlibrary_OL17770327W,Pour un pacte e cologique,Nicolas Hulot,fr,"[""Art""]"
openlibrary_OL17853539W,GamePro Presents,"Leeanne Mcdermott, Matt Taylor",ca,"[""Art""]"
openlibrary_OL17865922W,Insider's Guide to Nintendo 64,The Prima Champs,pt,"[""Art""]"
openlibrary_OL17878120W,Flying blind,"Mitchell, Don",no,"[""Science & Nature""]"
openlibrary_OL17888053W,Soul Blade,Zach Meston,ro,"[""Drama""]"
openlibrary_OL17906195W,Obama Power,Jeffrey C. Alexander,pl,"[""Politics""]"
openlibrary_OL17991886W,Bad subjects,"Bad Subjects Production Team Staff, Janet Lyon",hr,"[""Politics""]"
openlibrary_OL18023223W,Partner schools,"Russell T. Osguthorpe, R. Carl Harris, Melanie Fox Harris, Sharon Black",nl,"[""Business & Economics""]"
openlibrary_OL18189318W,Yimikirli =,"Peggy Rockman Napaljarri, Lee Cataldi",tr,"[""Religion & Spirituality""]"
openlibrary_OL18206773W,Mapping vulnerability,"Greg Bankoff, Dorothea Hilhorst, Georg Frerks",tl,"[""Politics""]"
openlibrary_OL18208517W,Female entrepreneurship,Helena Flam,fr,"[""Business & Economics""]"
openlibrary_OL18283411W,Multicultural states,David Bennett,ro,"[""Science & Nature""]"
openlibrary_OL18349638W,Decolonizing conservation,Dean Sully,it,"[""Art""]"
openlibrary_OL18351444W,Development aid,"George Mavrotas, Mark McGillivray",nl,"[""Business & Economics""]"
openlibrary_OL18364913W,Just sustainabilities,"Julian Agyeman, Robert D. Bullard, Evans, Bob",et,"[""Politics""]"
openlibrary_OL18383521W,"Listen, here, now!","Ana Longoni, Mariano Mestman, Marcelo Pacheco, Oscar Tern",de,"[""Art""]"
openlibrary_OL18436968W,Debating biology,"Simon J. Williams, Lynda I. A. Birke, Gillian Bendelow",tl,"[""Health & Fitness""]"
openlibrary_OL18485877W,Plural policing,"Jones, Trevor, Tim Newburn",ro,"[""Politics""]"
openlibrary_OL18509263W,Cantos paralelos,"Mari Carmen Ramírez, Mari Carmen Ramírez, Marcelo E. Pacheco , Andrea Giunta",es,"[""Art""]"
openlibrary_OL1872812W,Amanecer en el desierto,"Waris Dirie, D'Haem, Jeanne/ Dirie, Waris",es,"[""Biography & Memoir""]"
openlibrary_OL18741211W,"Moral panics, sex panics",Gilbert H. Herdt,ca,"[""History""]"
openlibrary_OL1889049W,Moyen Age 987-1460,Georges Duby,no,"[""History""]"
openlibrary_OL1890334W,Mules and Men (P.S.),Zora Neale Hurston,de,"[""General Fiction""]"
openlibrary_OL1893063W,Internal colonialism,Michael Hechter,it,"[""Politics""]"
openlibrary_OL19223248W,After Oslo,Dag Jørund Lønning,no,"[""Politics""]"
openlibrary_OL19280861W,"DRUGS, CLUBS AND YOUNG PEOPLE: SOCIOLOGICAL AND PUBLIC HEALTH PERSPECTIVES; ED. BY BILL SANDERS","Sanders, Bill",de,"[""Young Adult""]"
openlibrary_OL1928760W,Taking Positions,Bette Talvacchia,tl,"[""Art""]"
openlibrary_OL19360692W,Lumberjanes Vol. 2,"N.D. Stevenson, Grace Ellis, Shannon Watters, Gus Allen, Maarta Laiho",et,"[""Fantasy""]"
openlibrary_OL19450446W,Masquerade and identities,Efrat Tseëlon,es,"[""Science & Nature""]"
openlibrary_OL19519314W,Europe's next step,Raphael Kaplinsky,ro,"[""Art""]"
openlibrary_OL19662219W,Lumberjanes Vol. 3,"N.D. Stevenson, Grace Ellis, Shannon Watters, Gus Allen",et,"[""Graphic Novel""]"
openlibrary_OL19662769W,A common struggle,Patrick J. Kennedy,it,"[""Health & Fitness""]"
openlibrary_OL1970688W,Modern Operating Systems,"Andrew S. Tanenbaum, Herbert Bos",da,"[""Art""]"
openlibrary_OL19751209W,贄姫と獣の王 [Niehime to Kemono no Ō] #1,友藤結 [Yū Tomofuji],it,"[""Graphic Novel""]"
openlibrary_OL19773866W,Dark Money,Jane Mayer,tr,"[""History""]"
openlibrary_OL19839965W,Data analysis,Siegmund Brandt,tl,"[""Science & Nature""]"
openlibrary_OL19882159W,Lattice Boltzmann modeling,"Michael C. Sukop, Daniel T. Jr Thorne",it,"[""Science & Nature""]"
openlibrary_OL19899559W,Renovatio urbis,Nicholas Temple,hr,"[""History""]"
openlibrary_OL19979198W,Marcel Dzama,Marcel Dzama,es,"[""Art""]"
openlibrary_OL1998118W,New Yawk tawk,Robert Hendrickson,pl,"[""Art""]"
openlibrary_OL19995221W,Cuba straits,Randy Wayne White,lv,"[""Politics""]"
openlibrary_OL19996771W,Galileo's middle finger,Alice Domurat Dreger,da,"[""Science & Nature""]"
openlibrary_OL20001506W,Star rise,Kathryn Lasky,sv,"[""History""]"
openlibrary_OL20003698W,Of enemies and endings,Shelby Bach,af,"[""Literary Fiction""]"
openlibrary_OL2002565W,A people apart,David Vital,ro,"[""History""]"
openlibrary_OL20027249W,Bitter freedom,Maurice Walsh,no,"[""Politics""]"
openlibrary_OL20048420W,Man overboard,"J. A. Jance, Karen Ziemba",nl,"[""General Fiction""]"
openlibrary_OL20058563W,Marcel's letters,Carolyn Porter,fr,"[""History""]"
openlibrary_OL2013206W,Nintendo 64,"J. Douglas Arnold, Mark MacDonald, Mike Palmer, Mark Elies, Dave Zdyrko, Robert E. Waring, Lee Saito, Zach Iniguez",pt,"[""Art""]"
openlibrary_OL2016985W,Zaha Hadid,"Zaha Hadid, Joseph Giovannini, Charles Desmarais, Detlef Mertins, Patrik Schumacher, Gordana Fontana Giusti, Patrick Schumacher",so,"[""Art""]"
openlibrary_OL2019569W,David Hockney,"David Hockney, Sarah Howgate, Barbara Stern Shapiro, R.B. Kitha, Henry Geldzahler",sv,"[""Art""]"
openlibrary_OL20245151W,Emil Nolde,"Christian Ring, Hans-Joachim Throl",da,"[""Art""]"
openlibrary_OL2030610W,Lucian Freud,"Lucian Freud, Nicholas Penny, Robert Flynn Johnson, Scott Wilcox, David Cohen, Angus Cook, Leigh Bowery",ca,"[""Art""]"
openlibrary_OL20316981W,DC Super Friends,Nick Eliopulos,de,"[""General Fiction""]"
openlibrary_OL20378481W,Power Systems,"Noam Chomsky, David Barsamian",pl,"[""History""]"
openlibrary_OL20401833W,Nintendo 64,"Thomas Richter, Martian Wilmer, Florian Seidel",pt,"[""Graphic Novel""]"
openlibrary_OL20401834W,Blagger's Guide,Andy McDermott,da,"[""Art""]"
openlibrary_OL20401835W,Nintendo 64,Damian Butt,pt,"[""Art""]"
openlibrary_OL20516657W,Deep Medicine,Eric J. Topol,nl,"[""Art""]"
openlibrary_OL20607305W,Economic policy & equity,"Vito Tanzi, Ke-young Chu, Sanjeev Gupta",es,"[""Business & Economics""]"
openlibrary_OL20652336W,Hood Feminism,Mikki Kendall,et,"[""History""]"
openlibrary_OL20663166W,Qui abito. Un progetto di Public History per le scuole del quartiere Vallette,"""Emma Agostini"", ""Chiara Bongiovanni"", ""Gianpaolo Fissore"", ""Erika Gibboni"", ""Giorgia Greco"", ""Paola Gregory"", ""Chiara Ottaviano"", ""Walter Tucci""",it,"[""History""]"
openlibrary_OL20698931W,Life After Debt,"Joseph E. Stiglitz, D. Heymann",de,"[""Business & Economics""]"
openlibrary_OL20823175W,Toussaint Louverture,"Charles Forsdick, Christian Høgsbjerg",fr,"[""Biography & Memoir""]"
openlibrary_OL21020642W,Famine and Foreigners,Peter Gill - undifferentiated,de,"[""Politics""]"
openlibrary_OL2106765W,Venice and Antiquity,Patricia Fortini Brown,fr,"[""Art""]"
openlibrary_OL21103712W,Oriental Interiors,John Potvin,it,"[""History""]"
openlibrary_OL2123091W,Louise Bourgeois,"Louise Bourgeois, Gerald Matt, Mieke Bal, Lynne Cooke, Beatriz Colomina, Jerry Gorovoy, Christiane Terrisse, Danielle Tilkin, Josef Helfenstein, Louise Neri, Marie-Laure Bernadac",fr,"[""Art""]"
openlibrary_OL21258535W,Uyghur Lobby,Yu-Wen Chen,cy,"[""Politics""]"
openlibrary_OL21265790W,Urban Sexscapes,"Paul J. Maginn, Christine Steinmetz",ca,"[""Business & Economics""]"
openlibrary_OL2137784W,Shirin Neshat,"Shirin Neshat, Ruth Noack, Matt Gerald, Gerald Matt, Shoja Youssefi Azari, Hamid Dabashi",sq,"[""Art""]"
openlibrary_OL2144697W,Bruce Nauman,"Bruce Nauman, Dörte Zbikowski, Ellen Heider, Retro Krüger, Götz Adriani, Neal Benezra, Kathy Halbreich, Paul Schimmel, Anna Dezeuze, Johanna Drucker",ro,"[""Art""]"
openlibrary_OL2150271W,Cy Twombly,"Cy Twombly, Giorgio Agamben, Edward Albee, Reinhold Baumstark, Carla Schulz-Hoffmann, Arthur Coleman Danto",cy,"[""Art""]"
openlibrary_OL2181157W,Gustav Klimt,Alessandra Comini,et,"[""Art""]"
openlibrary_OL2206872W,Alberto Giacometti,"Alberto Giacometti, Agnes De La Beaumell",it,"[""Art""]"
openlibrary_OL2250707W,Greek gold,"Dyfri Williams, Jack Ogden",af,"[""History""]"
openlibrary_OL22628490W,"Escritos póstumos, 1808",Fray Melchor de Talamantes,pt,"[""History""]"
openlibrary_OL2281160W,Popol Vuj,Victor Montejo,sk,"[""Religion & Spirituality""]"
openlibrary_OL22930411W,Lance Wyman,Lance Wyman,fr,"[""Art""]"
openlibrary_OL24279419W,Decouverte Cadet Gallimard,Pierre-Charles Le Métayer,fr,"[""Art""]"
openlibrary_OL2574403W,Bill Viola,"Bill Viola, David A. Ross, Lewis Hyde, Kira Perov",it,"[""Art""]"
openlibrary_OL2621838W,Postmodern war,Chris Hables Gray,de,"[""History""]"
openlibrary_OL2640014W,As Seen on TV,Karal Ann Marling,fi,"[""History""]"
openlibrary_OL2663440W,Green Urbanism,Timothy Beatley,af,"[""Science & Nature""]"
openlibrary_OL267622W,Astérix le Gaulois,"René Goscinny, Albert Uderzo",fr,"[""Graphic Novel""]"
openlibrary_OL2694048W,John Singer Sargent,"Richard Ormond, Elaine Kilmurray, Warren Adelson",de,"[""History""]"
openlibrary_OL2699923W,Culture and Critique,Jere Paul Surber,fr,"[""Philosophy""]"
openlibrary_OL2702542W,Digital image processing,Bernd Jähne,it,"[""Art""]"
openlibrary_OL2710037W,Artificial intelligence,"George F. Luger, LUGER, Stubblefield, William A. Stubblefield",it,"[""Art""]"
openlibrary_OL2719555W,Samuel Pepys,Claire Tomalin,ca,"[""Biography & Memoir""]"
openlibrary_OL2727363W,Better red,Constance Coiner,no,"[""Literary Fiction""]"
openlibrary_OL2734533W,Color codes,Charles A. Riley,es,"[""Art""]"
openlibrary_OL2737968W,Fin-de-siècle Vienna,Carl E. Schorske,fr,"[""Art""]"
openlibrary_OL2761152W,Cuba et la révolution américaine à venir,"Jack Barnes, Jack Barnes, Mary-Alice Waters",fr,"[""History""]"
openlibrary_OL2772794W,Doris Salcedo,"Doris Salcedo, Dan Cameron, Charles Merewether",es,"[""Art""]"
openlibrary_OL2815703W,Frida Kahlo,"Frida Kahlo, Emma Dexter, Tanya Barson",id,"[""Art""]"
openlibrary_OL2816894W,Historia de las Indias de Nueva-España y islas de Tierra Firme,Diego Durán,es,"[""History""]"
openlibrary_OL2840793W,When Bodies Remember,Didier Fassin,de,"[""Politics""]"
openlibrary_OL2857849W,Az Tihrān tā Kārākās,"Manūchihr Farmānfarmāʼiyān, Manūchihr Farmānfarmāʾiyān, Manucher Farmanfarmaian, Roxane Farmanfarmaian",lv,"[""Politics""]"
openlibrary_OL2859974W,An insular rococo,"Tim Mowl, Brian Earnshaw, Timothy Mowl",ro,"[""Art""]"
openlibrary_OL2863537W,Riječi na granici punoznačnosti,Snježana Kordić,hr,"[""Art""]"
openlibrary_OL2863539W,Wörter im Grenzbereich von Lexikon und Grammatik im Serbokroatischen,Snježana Kordić,de,"[""Art""]"
openlibrary_OL2901043W,Web Design,Jennifer Niederst Robbins,de,"[""Science & Nature""]"
openlibrary_OL2916342W,Gendering Orientalism,Reina Lewis,de,"[""Art""]"
openlibrary_OL29234175W,Architectural salvage,Geoffrey David West,ro,"[""Art""]"
openlibrary_OL2944603W,Nuclear cardiac imaging,"Ami E. Iskandrian, Ami S. Iskandrian, Mario S. Verani, Ernest V. Garcia",ro,"[""Art""]"
openlibrary_OL2953767W,French DNA,Paul Rabinow,de,"[""Art""]"
openlibrary_OL2974912W,Do real men pray?,Charles H. Lippy,es,"[""Literary Fiction""]"
openlibrary_OL2984865W,Brunelleschi's dome,Ross King,it,"[""Art""]"
openlibrary_OL2988328W,Mesoamerica's ancient cities,"William M. Ferguson, Richard E. W. Adams",ca,"[""History""]"
openlibrary_OL2989055W,Media matters,John Fiske,it,"[""Politics""]"
openlibrary_OL2997498W,WWF War Zone,Bill Kunkel,de,"[""Drama""]"
openlibrary_OL3000075W,Super NES Games Secrets,Andy Eddy,ca,"[""Art"", ""romance"", ""Romantasy""]"
openlibrary_OL3009080W,Handbook of modern sensors,Jacob Fraden,da,"[""Science & Nature""]"
openlibrary_OL3109385W,Egon Schiele,Egon Schiele,de,"[""Art""]"
openlibrary_OL3142325W,"Kulturkontakt, Kulturkonflikt","Deutscher Volkskundekongress (26th 1987 Frankfurt am Main, Germany), Ina-Maria Greverus, Heinz Schilling, Konrad Köstlin, Herbert Schwedt, Barbara Kirshenblatt-Gimblett, Jeremy Boissevain, Péter Niedermüller, Utz Jeggle, Rolf Lindner, Jurij Fikfak, Juhani U.E. Lehtonen, Martina Majer, Ulrich Tolksdorf, Jutta Beyer, Everhard Holtmann, Annemie Schenk, Peter Assion, Klaus Guth, Kai Rohkohl, Günther Kapfhammer, Elisabeth Fendl, Elisabeth Fendl, Andreas Grether, Hans Griessmair, Hans Griessmair, Max Matter, Christian Giordano, Claudia Schöning-Kalender, Werner Schiffauer, Süleyman Yıldız, Gabriele Müller, Gerhard Mittelstädt, Munip Bineytioglu, Abdurrachman Güzel, Marita Zimmermann, Dieter Kramer, Dieter Danckwortt, Ronald Lutz, Adelheid Schrutka-Rechtenstamm, Hans Haid, Gerhard Jost, Regina Römhild, Christiane Schurian-Bremecker, Gerhard Th. Ongyert, Eno Beuchelt, Sabine Künsting, Gisela Welz, Andreas Bruck, Erika Haindl, Cillie Rentmeister, Volker Hamann, Barbara Wolbert, Hannelore Vögele, Gabriele Speckels, Lothar Voigt, Rolf Wilhelm Brednich, Peter Mesenhöller, Hartwig Gebhardt, Thomas Theye, Brigitta Hauser-Schäublin, Ansgar Häfner, Herbert Jost, Dirk Sager, Mathilde Schulte-Haller, Ueli Gyr, Katharina Steffen, Hans Achim Schubert, Roderich Feldes, Signe Seiler, Beatrice Ploch, Beatrice Ploch, Hermann Tertilt, Hermann Tertilt, Cornelia Rohe",et,"[""Art""]"
openlibrary_OL3145768W,Richard Diebenkorn,"Richard Diebenkorn, Jane Livingston, Barnaby Conrad III",de,"[""Art""]"
openlibrary_OL3147161W,Dictionnaire des symboles,"Chevalier, Jean, Jean Chevalier, Alain Gheerbrant",fr,"[""Fantasy""]"
openlibrary_OL3164461W,Mike Kelley,"Kelley, Mike, Anthony Vidler, Elisabeth Sussman, Mike Kelley",no,"[""Art""]"
openlibrary_OL3192596W,A Female Economy,Mary Kinnear,pt,"[""History""]"
openlibrary_OL3244079W,Embodied progress,Sarah Franklin,af,"[""Philosophy""]"
openlibrary_OL3257250W,"Peter Fischli, David Weiss","Peter Fischli, Arthur C. Danto",de,"[""Art""]"
openlibrary_OL3266222W,Gray Agonistes,Robert F. Gleckner,tl,"[""Biography & Memoir""]"
openlibrary_OL3266242W,Endangered Dreams,Kevin Starr,da,"[""Politics""]"
openlibrary_OL3272110W,From counterculture to cyberculture,"Fred Turner, Fred Turner",ro,"[""History""]"
openlibrary_OL3294180W,Scarlet memorial,"Zheng, Yi, Yi, Zheng., Zheng I",ro,"[""Politics""]"
openlibrary_OL3348850W,Political ascent,Emad Eldin Shahin,it,"[""History""]"
openlibrary_OL34315515W,Design coletivo,Mônica Moura,it,"[""Art""]"
openlibrary_OL3462735W,Reading Dido,Marilynn Desmond,af,"[""Literary Fiction""]"
openlibrary_OL3495269W,Rousseau's legacy,Dennis Porter,fr,"[""History""]"
openlibrary_OL3499049W,Descartes' error,"Antonio R. Damasio, Antonio R. Damasio MD PhD",es,"[""Psychology""]"
openlibrary_OL3503465W,Uncertain unions,Lawrence Stone,fr,"[""History""]"
openlibrary_OL35160W,Walker Evans,"Walker Evans, Jeff L. Rosenheim, Maria Morris Hambourg, Douglas Eklund, Mia Fineman",af,"[""Art""]"
openlibrary_OL3604348W,Confederate Emancipation,Bruce C. Levine,it,"[""History""]"
openlibrary_OL3613882W,Candida Höfer,"Candida Höfer, A. Gantefuhrer-Trier, Susanne Lange",pt,"[""Art""]"
openlibrary_OL37904343W,Bright Green Lies,"Derrick Jensen, Lierre Keith, Max Wilbert",af,"[""Politics""]"
openlibrary_OL3961218W,Data mining,"I. H. Witten, Ian H. Witten, Eibe Frank",tl,"[""Art""]"
openlibrary_OL3988855W,Making sense,"Margot Northey, David B. Knight, Joan McKibbon, Lorne Tepperman",tl,"[""Science & Nature""]"
openlibrary_OL4024108W,A la caza del león,Jorge Ramos,es,"[""Politics""]"
openlibrary_OL4026132W,Get Smart!,William Joseph Johnston,de,"[""Art""]"
openlibrary_OL4073479W,Duane Hanson,"Duane Hanson, Lotte Sophie Lederballe, Thomas Buchsteiner, Keith Hartley, Otto Letze, Luzia Matimo",fr,"[""Art""]"
openlibrary_OL4124952W,3DO Games Secrets,"Zach Meston, J. Douglas Arnold",ca,"[""Mystery""]"
openlibrary_OL4125193W,Fields in vision,Garry Whannel,af,"[""History""]"
openlibrary_OL4240664W,Frank O. Gehry,"Coosje van Bruggen, Frank O. Gehry, Coosje van. Bruggen, Coosje Van Bruggen",de,"[""Art""]"
openlibrary_OL4286261W,J.M. Coetzee,David Attwell,nl,"[""Literary Fiction""]"
openlibrary_OL4291077W,Bowling Alone,Robert D. Putnam,tl,"[""History""]"
openlibrary_OL4313767W,Climate under cover,"T. Takakura, Tadashi Takakura, Wei Fang",ro,"[""Art""]"
openlibrary_OL4321760W,Marlene Dietrich,Maria Riva,de,"[""Biography & Memoir""]"
openlibrary_OL4361680W,Pierre et Gilles,"Pierre., Momus, Bensusan Pierre, Dan Cameron, Bernard Marcade, Maison Europeenne De La Photographie (Paris)",fr,"[""Art""]"
openlibrary_OL442453W,Angelina Grimké,Stephen H. Browne,tl,"[""History""]"
openlibrary_OL4535688W,Bis zur letzten Stunde,"Gertraud Junge, Melissa Müller",de,"[""Biography & Memoir""]"
openlibrary_OL453733W,Going Postal,Terry Pratchett,tl,"[""Fantasy"", ""fantasy romance""]"
openlibrary_OL4557922W,Ed Ruscha,"Edward Ruscha, Ed Ruscha, Philomene Magers, Thomas Demand",de,"[""Art""]"
openlibrary_OL472159W,Passenger to Frankfurt,Agatha Christie,no,"[""Mystery"", ""crime""]"
openlibrary_OL487168W,Mémoire sur le paupérisme,Alexis de Tocqueville,fr,"[""History""]"
openlibrary_OL503931W,Fortunate son,"James Hatfield, J. H. Hatfield, Mark Crispin Miller, J.H. Hatfield",it,"[""Politics""]"
openlibrary_OL5113799W,Cinderella =,Francesc Boada,it,"[""Fantasy""]"
openlibrary_OL527594W,Beyond disasters,"Renner, Michael",af,"[""Business & Economics""]"
openlibrary_OL543412W,Aldo Rossi,Aldo Rossi,pt,"[""Philosophy""]"
openlibrary_OL5630946W,A life adrift,"Soeda, Azenbō",cy,"[""Biography & Memoir""]"
openlibrary_OL5701817W,Black power,"Jeffrey Ogbonna Green Ogbar, Jeffrey O. G. Ogbar",pl,"[""Art""]"
openlibrary_OL5702380W,Dragon's Egg,Sarah L. Thomson,tl,"[""General Fiction""]"
openlibrary_OL5703173W,Alien chic,Neil Badmington,de,"[""History""]"
openlibrary_OL5713077W,Freedom's sword,Gilbert Jonas,af,"[""History""]"
openlibrary_OL5716358W,Reinventing King Arthur,Inga Bryden,de,"[""Romance""]"
openlibrary_OL5726231W,Martin R. Delany,Martin Robison Delany,id,"[""Politics""]"
openlibrary_OL575639W,Válka s mloky,Karel Čapek,cs,"[""Sci-Fi""]"
openlibrary_OL5758191W,Imagining London,John Clement Ball,tl,"[""Literary Fiction""]"
openlibrary_OL5816798W,Double trouble,J. Phillip Thompson,fr,"[""Science & Nature""]"
openlibrary_OL5832341W,Racial encounter,Kevin Durrheim,es,"[""Art""]"
openlibrary_OL5832620W,Fine art Printing für Fotografen,"Uwe Steinmueller, Juergen Gulbins",de,"[""Art""]"
openlibrary_OL58498W,Robert Rauschenberg,"Robert Rauschenberg, Robert Rauscehnberg, Catherine Craft, Billy Kluver, Lewis Kachur",de,"[""Art""]"
openlibrary_OL5955483W,The ultimate digital library,Andrew K. Pace,it,"[""Art""]"
openlibrary_OL5961657W,Indonesian Sea Nomads,Cynthia Chou,id,"[""Psychology""]"
openlibrary_OL59661W,Salvador Dalí,"Salvador Dalí, Lutz W. Loepsinger, Ralf Michler, Lutz W. Löpsinger",es,"[""Art""]"
openlibrary_OL5969390W,Defining John Bull,Tamara L. Hunt,de,"[""Art""]"
openlibrary_OL6011693W,Future active,Graham Meikle,ro,"[""Politics""]"
openlibrary_OL6028115W,Illuminating Luke,Heidi J. Hornik,tl,"[""Art""]"
openlibrary_OL6037024W,Free culture,Lawrence Lessig,ro,"[""Art""]"
openlibrary_OL61013W,Jan Tschichold,"McLean, Ruari.",de,"[""Biography & Memoir""]"
openlibrary_OL6208443W,"Wings, women, and war","Reina Pennington, John Erickson",af,"[""Art""]"
openlibrary_OL6224465W,Postcolonial Contraventions,"Laura Chrisman, LAURA CHRISMAN",it,"[""Politics""]"
openlibrary_OL67541W,De republica,Cicero,ro,"[""Politics""]"
openlibrary_OL6921045W,"Europe, America, Bush",John Peterson,ro,"[""General Fiction""]"
openlibrary_OL6924750W,Metalwork and enamelling,Herbert Maryon,af,"[""Art""]"
openlibrary_OL698598W,Ancestral Connections,Howard Morphy,fr,"[""Philosophy""]"
openlibrary_OL716850W,"Gödel, Escher, Bach",Douglas R. Hofstadter,de,"[""Art""]"
openlibrary_OL732004W,Roy Lichtenstein,"Roy Lichtenstein, Annelie Lütgens, Gijs van Tuyl, Diane Waldman, Scott Rothkopf, Rosenblum, Robert., Sarat Maharaj",de,"[""Art""]"
openlibrary_OL756173W,Hitlers Volksstaat,Götz Aly,nl,"[""History""]"
openlibrary_OL7606555W,Blue Ruin,Grace Livingston Hill,fr,"[""Religion & Spirituality"", ""romance""]"
openlibrary_OL77141W,Official Negligence,Lou Cannon,it,"[""History""]"
openlibrary_OL77175W,Arts de faire,Michel de Certeau,fr,"[""Literary Fiction""]"
openlibrary_OL77609W,Sein und Zeit,Martin Heidegger,de,"[""Science & Nature""]"
openlibrary_OL784092W,Alfred Stieglitz,"Alfred Stieglitz, Weston Naef",de,"[""Art""]"
openlibrary_OL80183W,On Green Dolphin Street,Sebastian Faulks,nl,"[""General Fiction"", ""romance""]"
openlibrary_OL8027097W,Die postnationale Konstellation,Jürgen Habermas,it,"[""Politics""]"
openlibrary_OL8049610W,"Leonardo da Vinci, master draftsman","Leonardo, Alessandro Cecchi, Martin Kemp, Claire Farago, Varena Forcione, Carlo Pedretti",pt,"[""Art""]"
openlibrary_OL8056171W,Open source GIS,"Markus Neteler, Helena Mitasova",fr,"[""Science & Nature""]"
openlibrary_OL8091952W,"Kant, Critique and Politics",Kimbe Hutchings,fr,"[""History""]"
openlibrary_OL8098852W,Between Camps,PAUL GILROY,nl,"[""Politics""]"
openlibrary_OL812798W,Dē vītā Caesarum,Suetonius,lv,"[""Biography & Memoir""]"
openlibrary_OL82338W,Who killed Homer?,"Victor Davis Hanson, John Heath",da,"[""Art""]"
openlibrary_OL8305722W,Sustaining Abundance,Lyle Scruggs,id,"[""General Fiction""]"
openlibrary_OL8363334W,Description de l'Egypte,"Gilles Néret, Napoléon Bonaparte",fr,"[""Art""]"
openlibrary_OL8368141W,Wir Kinder vom Bahnhof Zoo,"Christiane Felscherinow, Kai Hermann, Horst Rieck, Sonja Vukovic",de,"[""Biography & Memoir""]"
openlibrary_OL8442717W,Message Control,Elizabeth A. Skewes,fr,"[""Politics""]"
openlibrary_OL8495537W,Nintendo 64,"Jem Roberts, Ian Osborne, Simon Hill",pt,"[""Art""]"
openlibrary_OL85241W,Illusions perdues,Honoré de Balzac,fr,"[""General Fiction""]"
openlibrary_OL8564761W,Reel rituals,"Parley Ann Boswell, Paul Loukides",ca,"[""Art""]"
openlibrary_OL857587W,Lituma en los Andes,Mario Vargas Llosa,es,"[""General Fiction""]"
openlibrary_OL860049W,"Se non ora, quando?",Primo Levi,pt,"[""General Fiction"", ""romance""]"
openlibrary_OL86388W,Supreme Injustice,Alan M. Dershowitz,hr,"[""Politics""]"
openlibrary_OL873100W,Narziss und Goldmund,Hermann Hesse,de,"[""General Fiction"", ""romance""]"
openlibrary_OL8782228W,Hanazakari no Kimitach he,中条 比紗也,sw,"[""Graphic Novel"", ""romance"", ""Romantasy""]"
openlibrary_OL8832251W,"Video Game Bible, 1985-2002","Andy Slaven, Michael Collins, Lucus Barnes, Vincent Yang, Charlie Reneke, Michael Thomasson, Joe Kudrna",es,"[""Art""]"
openlibrary_OL891977W,Real politics,Jean Bethke Elshtain,ro,"[""Politics""]"
openlibrary_OL8996445W,Opera Aperta,Umberto Eco,id,"[""Philosophy""]"
openlibrary_OL9093519W,Inside outside,"Petra Blaisse, Cecil Balmond, Gaston Bekkers, Sylvia Lavin, Helene Lemoine, Tim Ronalds, Renz van Luxemburg, Kayoko Ota",pt,"[""History""]"
openlibrary_OL9150004W,Ai Weiwei,Ai Weiwei,cy,"[""Travel""]"
openlibrary_OL927007W,Martin Kippenberger,"Kippenberger., Martin Prinzhorn, Karola Grasslin, Martin Kippenberger, Veit Loers, Zdenek Felix",de,"[""Art""]"
openlibrary_OL9276297W,Manga Messiah,Hidenori Kumai,id,"[""Graphic Novel""]"
openlibrary_OL93833W,Mademoiselle Fifi,Guy de Maupassant,fr,"[""General Fiction"", ""romance"", ""Romantasy""]"
openlibrary_OL945697W,"Suara Maluku membantah, Rustam Kastor menjawab",Rustam Kastor,id,"[""Religion & Spirituality""]"
openlibrary_OL959873W,La cabala del cavallo Pegaseo,"Giordano Bruno, Sidney L. Sondergard, Madison U. Sowell, Miguel Angel Granada Martínez",es,"[""History""]"
openlibrary_OL9607819W,PRE RAPHAELITE ART OF VICTORIAN NOVEL,SOPHIA ANDRES,vi,"[""General Fiction""]"
openlibrary_OL972930W,Paul Klee,Paul Klee,et,"[""Psychology""]"
openlibrary_OL9767312W,The 3-D global spatial data model,Earl F. Burkholder,it,"[""Science & Nature""]"
openlibrary_OL9936377W,Witness in Palestine,Anna Baltzer,de,"[""Politics""]"
openlibrary_OL10042981W,Caribbean diaspora in USA,Bettina E. Schmidt,it,"[""Religion & Spirituality""]"
openlibrary_OL1140014W,Introduction à la vie dévote,Francis de Sales,fr,"[""Religion & Spirituality""]"
openlibrary_OL1141874W,Homo Ludens,Johan Huizinga,pt,"[""Philosophy""]"
openlibrary_OL11508554W,…und nicht wie die Schafe zur Schlachtbank,Hermann Langbein,de,"[""Politics""]"
openlibrary_OL1157023W,Cultures in conflict,Bernard Lewis,ro,"[""History""]"
openlibrary_OL1161014W,Piero della Francesca,"Roberto Longhi, Roberto Longhi, Keith Christiansen",it,"[""Art""]"
openlibrary_OL1179457W,Studies in Deuteronomy,"Gerhard von Rad, A. Hilhorst, F. Garcia Martinez",de,"[""Religion & Spirituality""]"
openlibrary_OL11988946W,Resistance to multiculturalism,"Jeffrey Scott Mio, Jeffery Sco Mio, Gene I. Awakuni, Lori Barker-Hackett, Laurie A. Roades",ro,"[""Health & Fitness""]"
openlibrary_OL1214254W,Mein Weltbild,"Albert Einstein, Neil Berger",de,"[""Philosophy""]"
openlibrary_OL12632716W,Transcending borders,[name missing],nl,"[""Religion & Spirituality""]"
openlibrary_OL12653243W,Unbroken spirits,"Sŭng Sŏ, Jean Inglis, Suh Sung, James Palais",no,"[""Biography & Memoir""]"
openlibrary_OL1268413W,... Trotzdem Ja zum Leben sagen,Viktor E. Frankl,de,"[""Religion & Spirituality""]"
openlibrary_OL1277240W,Amour des lettres et le désir de Dieu,Jean Leclercq,fr,"[""Literary Fiction""]"
openlibrary_OL12814290W,Toxic exposures,Phil Brown,ca,"[""Health & Fitness""]"
openlibrary_OL13612246W,STASI: MYTH AND REALITY,"MIKE DENNIS, Mike Dennis, Norman Laporte",de,"[""History""]"
openlibrary_OL13612953W,DEATH AND THE EARLY MODERN ENGLISHWOMAN,"Becker, Lucinda M",de,"[""History""]"
openlibrary_OL13625554W,ETHICS OF NATURE,CELIA E. DEANE-DRUMMOND,de,"[""Religion & Spirituality""]"
openlibrary_OL13629374W,WORKING RELATIONSHIPS: SPIRITUALITY IN HUMAN SERVICE AND ORGANISATIONAL LIFE,NEIL PEMBROKE,de,"[""Religion & Spirituality""]"
openlibrary_OL13629507W,WOMEN'S FAITH DEVELOPMENT: PATTERNS AND PROCESSES,Nicola M. Slee,de,"[""Religion & Spirituality""]"
openlibrary_OL13637627W,TEXTUAL HISTORY OF THE KING JAMES BIBLE,"DAVID NORTON, David Norton",de,"[""History""]"
openlibrary_OL13665221W,PEACEFUL RESISTANCE: ADVANCING HUMAN RIGHTS AND DEMOCRATIC FREEDOMS,"ROBERT M. PRESS, Robert M. Press",de,"[""Politics""]"
openlibrary_OL13669161W,"LATIN EPICS OF THE NEW TESTAMENT: JUVENCUS, SEDULIUS, ARATOR",ROGER (ROGER P.H.) GREEN,de,"[""Poetry""]"
openlibrary_OL13691565W,Allah made us,Rudolf Pell Gaudio,so,"[""Biography & Memoir""]"
openlibrary_OL13754479W,Cocina por la paz,María Laura Caruso,es,"[""Religion & Spirituality""]"
openlibrary_OL13771893W,Crude world,Peter Maass,nl,"[""History""]"
openlibrary_OL1457927W,Documents diplomatiques,Ministère des Affaires étrangères (France),fr,"[""History""]"
openlibrary_OL14934155W,Transformations In Ancient Judaism,Jacob Neusner,fr,"[""Religion & Spirituality""]"
openlibrary_OL15070538W,Redeeming Beauty,Aidan Nichols,nl,"[""Religion & Spirituality""]"
openlibrary_OL15151190W,Saint Joan,George Bernard Shaw,fr,"[""Drama""]"
openlibrary_OL15212261W,Under God,Garry Wills,de,"[""Politics""]"
openlibrary_OL15252579W,Verhandlungen des fünften Internationalen Orientalisten-Congresses,"International Congress of Orientalists, 5th, Berlin, 1881, August Dillmann",de,"[""History""]"
openlibrary_OL15270636W,Jezik i nacionalizam,Snježana Kordić,hr,"[""History""]"
openlibrary_OL15620846W,Božanska revolucija katastrofe i ugovor sa đavolom,Dorijan Nuaj,hr,"[""Science & Nature""]"
openlibrary_OL15830987W,Halide's gift,Frances Kazan,da,"[""Religion & Spirituality""]"
openlibrary_OL15947703W,Marriage and divorce in a multi-cultural context,Joel A. Nichols,ro,"[""Religion & Spirituality""]"
openlibrary_OL15976739W,A quiet revolution,Leila Ahmed,fr,"[""Religion & Spirituality""]"
openlibrary_OL16158516W,A mulher que amou o faraó,Helena Trindade Lopes,pt,"[""Romance""]"
openlibrary_OL16188983W,Warfare state,James T. Sparrow,sv,"[""Politics""]"
openlibrary_OL16214451W,"Sacrifice, scripture, and substitution","Ann W. Astell, Sandor Goodhart",ro,"[""Religion & Spirituality""]"
openlibrary_OL16413790W,Baking as biography,Diane Tye,tl,"[""Cooking""]"
openlibrary_OL16442051W,Negotiating multicultural Europe,"Heidi Armbruster, Ulrike Hanna Meinhof",ro,"[""History""]"
openlibrary_OL1650520W,Claus Schenk Graf von Stauffenberg und seine Brüder,Peter Hoffmann,de,"[""Politics""]"
openlibrary_OL16672657W,Paging God,Wendy Cadge,tl,"[""Religion & Spirituality""]"
openlibrary_OL16804347W,Testo Junkie,Paul B. Preciado,fi,"[""Philosophy""]"
openlibrary_OL16810825W,Via Platonica zum Unbewussten. Platon und Freud,Marco Solinas,de,"[""Philosophy""]"
openlibrary_OL16960709W,Exploring culture,Gert Jan Hofstede,ro,"[""Science & Nature""]"
openlibrary_OL16995516W,"MODERN COUPLES SHARING MONEY, SHARING LIFE; ED. BY JANET STOCKS","Janet Stocks, Björn Halleröd",de,"[""Politics""]"
openlibrary_OL1706342W,Nuestra arma es nuestra palabra,Subcomandante Marcos,es,"[""History""]"
openlibrary_OL17315959W,Fossil Capital,Andreas Malm,it,"[""History""]"
openlibrary_OL17368948W,God Gave Us Sleep,Lisa Tawn Bergren,sl,"[""Religion & Spirituality""]"
openlibrary_OL17369350W,God Gave Us Angels,Lisa Tawn Bergren,da,"[""Religion & Spirituality""]"
openlibrary_OL17633577W,Dangerous Games,Danielle Steel,af,"[""General Fiction"", ""romance""]"
openlibrary_OL17679701W,Gods banker,Gerald L. Posner,da,"[""Literary Fiction""]"
openlibrary_OL17826667W,Mr. Miracle,Debbie Macomber,ca,"[""Romance"", ""holiday romance"", ""Romantasy""]"
openlibrary_OL17832785W,Minding minds,Radu J. Bogdan,de,"[""Philosophy""]"
openlibrary_OL17842623W,Spiritual Symbols,Nataša Pantović Nuit,ca,"[""General Fiction""]"
openlibrary_OL17861246W,One nation under God,"Kevin Michael Kruse, Kevin M. Kruse",de,"[""Politics""]"
openlibrary_OL17889631W,Cooking data,Crystal Biruk,tl,"[""Politics""]"
openlibrary_OL1790880W,"Good Muslim, bad Muslim",Mahmood Mamdani,so,"[""Politics""]"
openlibrary_OL17917929W,Purpose & desire,J. Scott Turner,es,"[""Science & Nature""]"
openlibrary_OL17989839W,Amerigo Vespucci,Consuelo Varela,es,"[""Biography & Memoir""]"
openlibrary_OL17999026W,Hinóno'éínoo3ítoono =,Andrew Cowell,pt,"[""Literary Fiction""]"
openlibrary_OL18168284W,Awakening words,David Gay,af,"[""Politics""]"
openlibrary_OL18246971W,Dangerous women,"Elaine H. Kim, Chungmoo Choi",af,"[""History""]"
openlibrary_OL18250162W,Market cultures,Robert W. Hefner,ro,"[""Science & Nature""]"
openlibrary_OL18298125W,"Men's bodies, men's gods",Björn Krondorfer,af,"[""History""]"
openlibrary_OL1834217W,Cultural Criticism,Arthur Asa Berger,ro,"[""Politics""]"
openlibrary_OL1835239W,Gott im Projekt der modernen Welt,"Jürgen Moltmann, Jürgen Moltmann",de,"[""Religion & Spirituality""]"
openlibrary_OL1838504W,Acedia & me,Kathleen Norris,ro,"[""Religion & Spirituality""]"
openlibrary_OL18599532W,Gay Shame,"David M. Halperin, Valerie Traub",so,"[""Politics""]"
openlibrary_OL1861215W,Hellfire and lightning rods,Frederick Ferré,da,"[""Religion & Spirituality""]"
openlibrary_OL18631177W,Mesoamerican ritual economy,E. Christian Wells,it,"[""Religion & Spirituality""]"
openlibrary_OL1882430W,"Roll, Jordan, Roll","Eugene D. Genovese, Eugene D. Genovese",sv,"[""History""]"
openlibrary_OL1895685W,Kun bzaṅ bla maʾi źal luṅ,"O-rgyan-ʼjigs-med-chos-kyi-dbaṅ-po Dpal-sprul, Patrul Rinpoche",id,"[""Religion & Spirituality""]"
openlibrary_OL1896045W,Scripture & discernment,Luke Timothy Johnson,ro,"[""Religion & Spirituality""]"
openlibrary_OL19238830W,Science under socialism,"Kristie Macrakis, Dieter Hoffmann, Dieter Hoffmann",es,"[""Science & Nature""]"
openlibrary_OL1926462W,Me llamo Rigoberta Menchú,Rigoberta Menchú,es,"[""Biography & Memoir""]"
openlibrary_OL1927840W,True France,Herman Lebovics,fr,"[""Politics""]"
openlibrary_OL1933237W,Denmark Vesey,"Robertson, David, David M. Robertson",no,"[""Biography & Memoir""]"
openlibrary_OL1933963W,Gifted hands,"Ben Carson, Cecil Murphey, Benjamin S. Carson Sr.",da,"[""General Fiction""]"
openlibrary_OL1939173W,Jesus CEO,Laurie Beth Jones,et,"[""Religion & Spirituality""]"
openlibrary_OL19489302W,Imagine nation,Michael William Doyle,tl,"[""Politics""]"
openlibrary_OL19669209W,Open to debate,Heather Hendershot,nl,"[""Politics""]"
openlibrary_OL1968701W,German bodies,Uli Linke,af,"[""History""]"
openlibrary_OL19708158W,The Auschwitz escape,Joel C. Rosenberg,de,"[""General Fiction""]"
openlibrary_OL19723252W,Paso a paso... por el Camino de Santiago,Silverio Pérez,es,"[""Religion & Spirituality""]"
openlibrary_OL19752953W,We are grateful,Traci Sorell,ro,"[""Children's""]"
openlibrary_OL19799323W,Largo pétalo de mar,Isabel Allende,es,"[""History"", ""romance""]"
openlibrary_OL19912151W,Zeit und Ewigkeit als Raum göttlichen Handelns,"Reinhard G. Kratz, Hermann Spieckermann",de,"[""Religion & Spirituality""]"
openlibrary_OL19990816W,Hans Christian Andersen,Paul Binding,de,"[""Biography & Memoir""]"
openlibrary_OL20029880W,Cut loose,Victor Tan Chen,et,"[""History""]"
openlibrary_OL20034873W,Black Power 50,"Sylviane A. Diouf, Komozi Woodard, Khalil Gibran Muhammad",pl,"[""Politics""]"
openlibrary_OL20058439W,Raven Rock,Garrett M. Graff,sv,"[""Business & Economics""]"
openlibrary_OL20331761W,Lone Star Muslims,Ahmed Afzal,de,"[""Religion & Spirituality""]"
openlibrary_OL20334670W,Indigenous Networks,"Jane Carey, Jane Lydon",af,"[""Politics""]"
openlibrary_OL20362892W,Measuring Urban Design,"Reid H. Ewing, Otto Clemente",id,"[""Politics""]"
openlibrary_OL20880344W,Secret Santa,"Fern Michaels, Marie Bostwick, Levine, Laura, Cindy Myers",ca,"[""General Fiction""]"
openlibrary_OL20945347W,Strangers at home,"Diane Zimmerman Umble, Steven D. Reschly",da,"[""History""]"
openlibrary_OL20946878W,Ojibwa warrior,"Dennis Banks, Erdoes, Richard",sw,"[""History""]"
openlibrary_OL20956476W,Ethnos und Herrschaft,Benedikt Eckhardt,de,"[""Politics""]"
openlibrary_OL20957629W,Geben und nehmen,"Bernd Janowski, Johannes Anderegg, Martin Ebner",de,"[""Religion & Spirituality""]"
openlibrary_OL20974101W,Nations under God,Anna Maria Grzymała-Busse,de,"[""Politics""]"
openlibrary_OL20974594W,Profane parables,Matthew S. Rindge,fr,"[""Religion & Spirituality""]"
openlibrary_OL20974697W,Composite citations in antiquity,"Sean A. Adams, Seth Ehorn",fr,"[""Literary Fiction""]"
openlibrary_OL21193114W,Internet Oligopoly,Nikos Smyrnaios,no,"[""Business & Economics""]"
openlibrary_OL21435W,Redeeming Love,Francine Rivers,nl,"[""General Fiction"", ""romance""]"
openlibrary_OL21498243W,Saints Alive,"Colin Wiggins, Richard Cork, Jennifer Sliwka",fr,"[""Art""]"
openlibrary_OL21625275W,Mongolia Remade,David Sneath,pt,"[""Politics""]"
openlibrary_OL21635910W,Birth Strike,Jenny Brown (feminist),de,"[""Business & Economics""]"
openlibrary_OL221677W,Writing Indians,Hilary E. Wyss,id,"[""Biography & Memoir""]"
openlibrary_OL22315687W,Tiffany girl,Deeanne Gist,cy,"[""General Fiction"", ""romance""]"
openlibrary_OL2233665W,Es gibt kein anderes Leben,Brian Moore,de,"[""General Fiction""]"
openlibrary_OL23221404W,Molecular red,McKenzie Wark,ro,"[""Philosophy""]"
openlibrary_OL2347543W,Book and verse,James H. Morey,af,"[""Literary Fiction""]"
openlibrary_OL2454635W,Till det osägbaras lov,"Paillard, Jean, Jean Paillard",sv,"[""Philosophy""]"
openlibrary_OL25165265W,Colonial Lexicon,Nancy Rose Hunt,es,"[""Religion & Spirituality""]"
openlibrary_OL2595467W,"Cristãos-novos e seus descendentes na medicina brasileira, 1500-1850",Bella Herson,pt,"[""History""]"
openlibrary_OL26241985W,Seeing Like a State,James C. Scott,de,"[""Politics""]"
openlibrary_OL26330988W,Medicinal Rule,Koen Stroeken,ro,"[""Politics""]"
openlibrary_OL2638753W,Global political economy,"Robert O'Brien, Marc Williams",it,"[""History""]"
openlibrary_OL2643541W,Louisa S. McCord,Louisa Susanna Cheves McCord,fr,"[""Drama""]"
openlibrary_OL2665176W,Alexander Hamilton,Ron Chernow,de,"[""Politics"", ""Biography & Memoir"", ""History"", ""General Fiction"", ""Romance"", ""contemporary""]"
openlibrary_OL2674540W,Nuns as artists,Jeffrey F. Hamburger,lv,"[""Religion & Spirituality""]"
openlibrary_OL2718460W,Satan hérétique,Alain Boureau,fr,"[""Religion & Spirituality""]"
openlibrary_OL27777916W,Making “Meaning”,"James Farmer, Rex Koontz",tl,"[""History""]"
openlibrary_OL278541W,Totémisme aujourd'hui,Claude Lévi-Strauss,fr,"[""Psychology""]"
openlibrary_OL27961957W,Paternidad consciente,Susan Stiffelman,es,"[""Self-Help""]"
openlibrary_OL2810429W,Black like me,John Howard Griffin,sv,"[""Biography & Memoir""]"
openlibrary_OL28597381W,"Mimesis, hermeneusis y narración en Fray Bernardino de Sahagun",Mariana C. Zinni,es,"[""Philosophy""]"
openlibrary_OL2935999W,Héloïse et Abélard,"Peter Abelard, Pierre Abélard, Héloïse, E. (Edouard) Oddoul",fr,"[""Religion & Spirituality""]"
openlibrary_OL2956370W,Pastoral care in context,"Patton, John",ro,"[""Religion & Spirituality""]"
openlibrary_OL3017095W,Escape from Empire,Alice H. Amsden,pt,"[""Business & Economics""]"
openlibrary_OL313299W,Castillo interior o las moradas,"Teresa of Avila, F. Benedict Zimmerman, The Beneditines Of Stanbrokk, Benedict Zimmerman",es,"[""Religion & Spirituality""]"
openlibrary_OL3238275W,Garrett Eckbo,Marc Treib,sv,"[""Biography & Memoir""]"
openlibrary_OL3264926W,Cults in Our Midst,Margaret Thaler Singer,nl,"[""Literary Fiction""]"
openlibrary_OL3286657W,Design for living,"Musée des arts décoratifs de Montréal., David A. Hanks, Anne Hoy",da,"[""Art""]"
openlibrary_OL3338128W,A Time to Embrace,William Stacy Johnson,pt,"[""Art""]"
openlibrary_OL3360037W,Melanie Klein,"Phyllis Grosskurth, Phyllis Grosskurth",de,"[""History""]"
openlibrary_OL3525064W,Unsecular media,Mark Silk,ro,"[""History""]"
openlibrary_OL3568624W,"Ars sacra, 800-1200",Peter Lasko,ca,"[""Art""]"
openlibrary_OL3607777W,Great altarpieces,"Caterina Limentani Virdis, Caterina Virdis Limentani, Mari Pietogiovanna",ro,"[""Religion & Spirituality""]"
openlibrary_OL3709661W,Reis negros no Brasil escravista,Marina de Mello e. Souza,pt,"[""History""]"
openlibrary_OL3747298W,C.L.R. James,Kent Worcester,ca,"[""Biography & Memoir""]"
openlibrary_OL3748805W,Reading Judas,"Elaine Pagels        , Karen L. King",id,"[""Literary Fiction""]"
openlibrary_OL3757092W,"LORD, I've Got a Problem",Don Baker,ca,"[""Religion & Spirituality""]"
openlibrary_OL3902683W,Green Crescent Over Nazareth,Raphael Israeli,nl,"[""Politics""]"
openlibrary_OL3910327W,Conjuring culture,Theophus Harold Smith,ro,"[""Religion & Spirituality""]"
openlibrary_OL3938650W,Divine Economy,D. Stephen Long,it,"[""Religion & Spirituality""]"
openlibrary_OL3948328W,Collective absolute presuppositions,Sharon Peebles Burch,fr,"[""Religion & Spirituality""]"
openlibrary_OL4117604W,Rural Indonesia,"Erik Thorbecke, Theodore Van der Pluijm",id,"[""Business & Economics""]"
openlibrary_OL4123690W,Called to participate,"Searle, Mark, Mark Searle, Barbara Searle, Anne Y. Koester",it,"[""Religion & Spirituality""]"
openlibrary_OL4161987W,Reformers On Stage,Gary K. Waite,da,"[""Drama""]"
openlibrary_OL4286774W,Exiles from Eden,Mark R. Schwehn,ca,"[""Philosophy""]"
openlibrary_OL4309084W,Strange harvest,Lesley Alexandra Sharp,da,"[""Science & Nature""]"
openlibrary_OL441067W,A perilous proposal,Michael R. Phillips,pt,"[""Historical Fiction""]"
openlibrary_OL4416466W,Debating Muslims,"Michael M. J. Fischer, Mehdi Abedi",id,"[""History""]"
openlibrary_OL4464432W,Organizing European space,Christer Jönsson,ro,"[""History""]"
openlibrary_OL4471902W,Mama Lola. Voodoo in Brooklyn,Karen McCarthy Brown,so,"[""Religion & Spirituality""]"
openlibrary_OL449975W,Christina Rossetti,"Diane D'Amico, Christina Georgina Rosetti",fi,"[""Literary Fiction""]"
openlibrary_OL4573990W,Hitler's gift,"J. S. Medawar, David Pyke",da,"[""History""]"
openlibrary_OL459277W,Avenir de l'homme,Pierre Teilhard de Chardin,fr,"[""Philosophy""]"
openlibrary_OL4618305W,God's Smuggler,"Andrew Brother., John Sherrill, Elizabeth Sherrill",da,"[""Biography & Memoir""]"
openlibrary_OL4779485W,Galileo in Rome,William R. Shea,it,"[""History""]"
openlibrary_OL4805422W,Secular utilitarianism,James E. Crimmins,ro,"[""Religion & Spirituality""]"
openlibrary_OL4860045W,"""Si me permiten hablar ... ""","Domitila Barrios de Chungara, Domitila B. De Chungara, Moema Viezzer",ca,"[""Biography & Memoir""]"
openlibrary_OL503424W,Quo Vadis? Powieść z czasów Nerona,Henryk Sienkiewicz,pl,"[""General Fiction""]"
openlibrary_OL5158399W,Embajada a Tamorlán,Ruy González de Clavijo,hu,"[""Travel""]"
openlibrary_OL57193W,Undue risk,Jonathan D. Moreno,fr,"[""Politics""]"
openlibrary_OL5723201W,Paradise and Paradigm,Christopher Buck,id,"[""Religion & Spirituality""]"
openlibrary_OL5824546W,Miracles & sacrilege,William Bruce Johnson,ca,"[""History""]"
openlibrary_OL5834251W,Women in Korean Zen,"Martine Batchelor, Son'gyong Sunim, Songyong",nl,"[""Biography & Memoir""]"
openlibrary_OL5947759W,Sweetwater Saga,Roxanne Dent,af,"[""Romance""]"
openlibrary_OL6016596W,Moral hazard,Timothy D. Lane,tr,"[""Business & Economics""]"
openlibrary_OL6028197W,Thanksgiving =,"May Harte, Rachel O'Connor",da,"[""Children's""]"
openlibrary_OL60961W,Veering right,Charles Tiefer,af,"[""Politics""]"
openlibrary_OL6221570W,Why God won't go away,Andrew B. Newberg,cy,"[""Psychology""]"
openlibrary_OL63454W,El diario del Che en Bolivia,"Che Guevara, Canek Sánchez Guevara, Rado Molina, Alberto Korda, Fidel Castro, Camilo Guevara",es,"[""History""]"
openlibrary_OL646648W,Sinn oder Gewissheit?,Walter Mostert,de,"[""Religion & Spirituality""]"
openlibrary_OL658651W,Edith Stein,"Edith Stein, John Sullivan",de,"[""Religion & Spirituality""]"
openlibrary_OL678428W,Grundlinien der Philosophie des Rechts,"Georg Wilhelm Friedrich Hegel, Alan White",de,"[""Science & Nature""]"
openlibrary_OL678515W,Phänomenologie des Geistes,Georg Wilhelm Friedrich Hegel,de,"[""Philosophy""]"
openlibrary_OL716774W,Our Endangered Values,Jimmy Carter,da,"[""Religion & Spirituality""]"
openlibrary_OL7588810W,Bible chillun',Betty Smith Foley,fr,"[""Art""]"
openlibrary_OL8003863W,Being There,Andy Clark,de,"[""Psychology""]"
openlibrary_OL80737W,Discours sur l'origine et les fondements de l'inégalité parmi les hommes,Jean-Jacques Rousseau,fr,"[""Science & Nature""]"
openlibrary_OL810307W,Génération - Les années de rêve,"Hervé Hamon, Patrick Rotman",fr,"[""History""]"
openlibrary_OL812127W,Preventive defense,Ashton B. Carter,da,"[""Politics""]"
openlibrary_OL8261409W,Tristes Tropiques,"Claude Lévi-Strauss, Wang zhi ming",fr,"[""Travel""]"
openlibrary_OL8271376W,Noble Lives,Marc Vargo,no,"[""Biography & Memoir""]"
openlibrary_OL831259W,Emilio Ambasz,"Emilio Ambasz, Tadao Ando, Mario Bellini, Mario Botta, Fumkhiko Maki, Alessandro Mendini, Ettore Sottsass",sw,"[""Religion & Spirituality""]"
openlibrary_OL8512783W,From Slogans to Mantras,Stephen A. Kent,pt,"[""History""]"
openlibrary_OL8576738W,"Ageing, Disability and Spirituality","Elizabeth Mackinlay, Elizabeth MacKinlay",tl,"[""Psychology""]"
openlibrary_OL884804W,Hidden wisdom,Gedaliahu A. G. Stroumsa,nl,"[""Religion & Spirituality""]"
openlibrary_OL8900790W,Female Circumcision,Mary Nyangweso Wangila,it,"[""Religion & Spirituality""]"
openlibrary_OL8922637W,Children Left Behind,Tim Giago,de,"[""History""]"
openlibrary_OL8957072W,Quoting God,Claire Hoertz Badaracco,tl,"[""Religion & Spirituality""]"
openlibrary_OL8976207W,Chicken Little Agenda,Robert G. Williscroft,de,"[""Politics""]"
openlibrary_OL9075143W,The Einstein Dossiers,Siegfried Grundmann,de,"[""Politics""]"
openlibrary_OL9288470W,One Supreme Court,James E. Pfander,fr,"[""Politics""]"
openlibrary_OL9355709W,God said yes,"Heather Hornback-Bland, Ninie Hammon",cy,"[""Religion & Spirituality""]"
openlibrary_OL9357254W,Women for president,Erika Falk,da,"[""Politics""]"
openlibrary_OL9987906W,European cities,Patrick Le Galès,ro,"[""Politics""]"
openlibrary_OL100436W,Sei personaggi in cerca d'autore,Luigi Pirandello,it,"[""Drama"", ""romance""]"
openlibrary_OL10423413W,Jakub a jeho pán,Milan Kundera,cs,"[""General Fiction""]"
openlibrary_OL1065917W,Bernard Shaw and H.G. Wells,George Bernard Shaw,de,"[""Drama""]"
openlibrary_OL106775W,Holocaust Testimonies,Lawrence L. Langer,ro,"[""History""]"
openlibrary_OL1069681W,Totem und Tabu,Sigmund Freud,de,"[""Philosophy""]"
openlibrary_OL109075W,Angelina on stage,Katharine Holabird,tl,"[""General Fiction""]"
openlibrary_OL1112406W,Bell in Campo,"Margaret Cavendish, Duchess of Newcastle",it,"[""Drama""]"
openlibrary_OL112733W,Kærlighedens gerninger,Søren Kierkegaard,da,"[""Religion & Spirituality""]"
openlibrary_OL114472W,Molière's Spanish connection,Thomas P. Finn,fr,"[""Literary Fiction""]"
openlibrary_OL1148760W,Aus meinem Leben und Denken,Albert Schweitzer,de,"[""Biography & Memoir""]"
openlibrary_OL1151517W,Meditationes de prima philosophia,René Descartes,it,"[""Philosophy""]"
openlibrary_OL116534W,Development as Freedom,Amartya Sen,nl,"[""Business & Economics""]"
openlibrary_OL12289480W,Feeling for bones,Bethany Pierce,da,"[""Young Adult""]"
openlibrary_OL12297791W,In Between,Jenny B. Jones,nl,"[""General Fiction""]"
openlibrary_OL1281888W,Journal du voleur,Jean Genet,fr,"[""General Fiction"", ""romance""]"
openlibrary_OL1281909W,Captif amoureux,Jean Genet,fr,"[""Art""]"
openlibrary_OL1327807W,Frühlings Erwachen,Frank Wedekind,de,"[""Drama""]"
openlibrary_OL1334092W,De spirituali amicitia,"Aelred of Rievaulx, Saint, Grimlaicus, Aelred, Marsha Dutton",it,"[""Religion & Spirituality""]"
openlibrary_OL13620612W,"DISEASE OF VIRGINS: GREEN SICKNESS, CHLOROSIS AND THE PROBLEMS OF PUBERTY",Helen King,de,"[""Health & Fitness""]"
openlibrary_OL13624909W,"LOVING BIG BROTHER: PERFORMANCE, PRIVACY AND SURVEILLANCE SPACE",John Edward Mcgrath,de,"[""Art""]"
openlibrary_OL13630269W,"TRAGEDY, MODERNITY AND MOURNING",OLGA TAXIDOU,sw,"[""Drama""]"
openlibrary_OL13630398W,"FROM DARWIN TO HITLER: EVOLUTIONARY ETHICS, EUGENICS, AND RACISM IN GERMANY",Richard Weikart,de,"[""History""]"
openlibrary_OL13641117W,THEATRE OF BLOOD,"LEE SIMPSON, Phelim Mcdermott, Lee Simpson",vi,"[""Drama""]"
openlibrary_OL13659583W,SHAKESPEARE AND MUSIC,David Lindley,so,"[""Music""]"
openlibrary_OL13667221W,"DOCUMENTATION, DISAPPEARANCE AND THE REPRESENTATION OF LIVE PERFORMANCE",Matthew Reason,de,"[""Art""]"
openlibrary_OL13668933W,SHAKESPEARE AND TECHNOLOGY: DRAMATIZING EARLY MODERN TECHNOLOGICAL REVOLUTIONS,ADAM MAX COHEN,de,"[""Literary Fiction""]"
openlibrary_OL13674288W,PERFORMANCE IN BALI,"LEON RUBIN, Leon Rubin, I. Nyoman Sedana",tl,"[""Drama""]"
openlibrary_OL136822W,Kenneth Tynan,Dominic Shellard,cy,"[""Biography & Memoir""]"
openlibrary_OL1375598W,Die Weber,Gerhart Hauptmann,de,"[""Drama""]"
openlibrary_OL13768083W,"Ibsen a la mexicana, o, De cómo recibió nuestro país al dramaturgo más representado después de Shakespeare",Víctor Grovas,es,"[""History""]"
openlibrary_OL1378171W,On human nature,Edward Osborne Wilson,tl,"[""Psychology""]"
openlibrary_OL1386704W,Cyrano de Bergerac,Anthony Burgess,es,"[""Literary Fiction""]"
openlibrary_OL1410429W,Ainsi parla l'oncle,Jean Price-Mars,ca,"[""Drama""]"
openlibrary_OL14857159W,Many Moons,James Thurber,tl,"[""Children's""]"
openlibrary_OL14867077W,Lotte in Weimar,Thomas Mann,de,"[""General Fiction"", ""romance""]"
openlibrary_OL15013928W,My Fair Lady / Pygmalion,"George Bernard Shaw, Alan Jay Lerner",cy,"[""Music""]"
openlibrary_OL15050409W,Stork raving mad,"Donna Andrews, Bernadette Dunne",sv,"[""General Fiction""]"
openlibrary_OL15183549W,Revelacion (Exposure),Patricia Murdoch,es,"[""Drama""]"
openlibrary_OL15321W,Se una notte d'inverno un viaggiatore,Italo Calvino,it,"[""History""]"
openlibrary_OL15341230W,I mille volti di Cristo. Religioni ed eresie dinanzi a Gesù di Nazareth,Enrico Riparelli,it,"[""Religion & Spirituality""]"
openlibrary_OL15370898W,Suspect Cultures,Clare Wallace,ro,"[""Drama""]"
openlibrary_OL15400472W,Beautiful girl,Elisabeth Ogilvie,ro,"[""Young Adult""]"
openlibrary_OL15473083W,Noah Barleywater runs away,John Boyne,id,"[""Fantasy"", ""fantasy romance""]"
openlibrary_OL15537971W,Identities in transition,Paige Arthur,fr,"[""Politics""]"
openlibrary_OL15572670W,Burlesque West,Becki Ross,fr,"[""Drama""]"
openlibrary_OL15616050W,Babe in boyland,Jody Elizabeth Gehrman,tr,"[""Drama""]"
openlibrary_OL157534W,Savage Day,Henry Patterson,no,"[""General Fiction""]"
openlibrary_OL15826001W,Double act,Jacqueline Wilson,fr,"[""Children's""]"
openlibrary_OL15835652W,Dark paradise,David T. Courtwright,id,"[""History""]"
openlibrary_OL15867355W,Hotel Rwanda,Terry George,af,"[""Mystery""]"
openlibrary_OL158685W,Steget efter,Henning Mankell,da,"[""Mystery""]"
openlibrary_OL15884082W,Imagining Iraq,Suman Gupta,tl,"[""Drama""]"
openlibrary_OL16026747W,Remembering slavery,"Ira Berlin, Marc Favreau, Steven F. Miller, Marc Favreau, Robin D.G. Kelley",da,"[""History""]"
openlibrary_OL16088W,I see a voice,Jonathan Rée,it,"[""Philosophy""]"
openlibrary_OL16102584W,In Zeiten des abnehmenden Lichts,Eugen Ruge,de,"[""General Fiction""]"
openlibrary_OL16142074W,Lucky Fools,Coert Voorhees,cs,"[""Drama""]"
openlibrary_OL16162259W,Exercises for rebel artists,Guillermo Gómez-Peña,ca,"[""Art""]"
openlibrary_OL16173728W,Evolving Hamlet,Angus Fletcher,no,"[""History""]"
openlibrary_OL16262973W,Between you & me,Marisa Calin,nl,"[""Drama"", ""romance""]"
openlibrary_OL16298117W,Longitudinal data analysis,Jason T. Newsom,tl,"[""Health & Fitness""]"
openlibrary_OL16307890W,Blue Jenkins,Julia Pferdehirt,fi,"[""Biography & Memoir""]"
openlibrary_OL16318579W,Demi Lovato,Mary Meinking,it,"[""Children's""]"
openlibrary_OL16558465W,Nurses in war,Elizabeth Scannell-Desch,af,"[""Biography & Memoir""]"
openlibrary_OL16571991W,All about Ellie,Callie Barkley,fr,"[""Drama""]"
openlibrary_OL16654418W,Contemporary mise en scène,Patrice Pavis,fr,"[""Drama""]"
openlibrary_OL16811288W,Intelligently Designed,Edward Caudill,da,"[""History""]"
openlibrary_OL16813044W,L'amore va in scena a Topford!,Elisabetta Dami,it,"[""Children's""]"
openlibrary_OL16865W,Double minds,Terri Blackstock,da,"[""Mystery""]"
openlibrary_OL16987374W,Staging age,Valerie Barnes Lipscomb,tl,"[""Art""]"
openlibrary_OL1701684W,I am my own wife,Doug Wright,cy,"[""Drama""]"
openlibrary_OL17101591W,Wir Menschen,OQGC,de,"[""Religion & Spirituality""]"
openlibrary_OL17191424W,O solo homo,Holly Hughes,pt,"[""Drama""]"
openlibrary_OL17307725W,Classical and medieval literature criticism,Jelena O. Krstovic,it,"[""Literary Fiction""]"
openlibrary_OL17464011W,Welles Kurosawa Kozintsev Zeffirelli,Mark Thornton Burnett,de,"[""Drama""]"
openlibrary_OL17469937W,Getting Colder,Amanda Coe,no,"[""Drama""]"
openlibrary_OL17610982W,Jacky Ha-Ha,"James Patterson, Chris Grabenstein",cs,"[""Humor""]"
openlibrary_OL17710858W,Vinegar Girl,Anne Tyler,de,"[""General Fiction"", ""romance""]"
openlibrary_OL17729133W,Warp speed,Lisa Yee,af,"[""Children's""]"
openlibrary_OL17846223W,Choir boy,Tarell Alvin McCraney,cy,"[""Young Adult""]"
openlibrary_OL17848429W,Experiment Eleven,Peter Pringle,ca,"[""Science & Nature""]"
openlibrary_OL17862883W,Tomb Raider,Prima Publishing,ca,"[""Drama""]"
openlibrary_OL17862884W,Tomb Raider,Nick Roberts,ca,"[""Drama""]"
openlibrary_OL17866972W,Ms. Pac-Man,Chip Daniels,ca,"[""Drama""]"
openlibrary_OL17868553W,Mister Monkey,Francine Prose,de,"[""Drama""]"
openlibrary_OL17870187W,Tomb Raider,"Dave Winding, Greg Off, Mark Androvich",ca,"[""Drama""]"
openlibrary_OL17887236W,Runaway train,Wim Coleman,tl,"[""Drama""]"
openlibrary_OL17888437W,Tomb Raider,Zach Meston,ca,"[""Drama""]"
openlibrary_OL17999719W,Driven into paradise,"Reinhold Brinkmann, Christoph Wolff",it,"[""Music""]"
openlibrary_OL1815407W,Evie & Margie,Bernard Waber,af,"[""General Fiction""]"
openlibrary_OL18182249W,Verdi's Shakespeare,Garry Wills,et,"[""Literary Fiction""]"
openlibrary_OL18344562W,Romantic drama,Frederick Burwick,ro,"[""Drama""]"
openlibrary_OL18411766W,Neuer Wettstein,"Udo Strecker, Udo Schnelle",de,"[""History""]"
openlibrary_OL1843185W,An expert in murder,Nicola Upson,de,"[""General Fiction"", ""Mystery"", ""crime""]"
openlibrary_OL18609860W,Vergil's Eclogues,Katharina Volk,ca,"[""Literary Fiction""]"
openlibrary_OL1882300W,Every tenant's legal guide,Janet Portman,ca,"[""Business & Economics""]"
openlibrary_OL18912597W,Making plays,Duncan Wu,tl,"[""Drama""]"
openlibrary_OL1893043W,After Dickens,John Glavin,de,"[""Art""]"
openlibrary_OL1893843W,Still Summer,Jacquelyn Mitchard,da,"[""General Fiction""]"
openlibrary_OL1894964W,Rameau's niece,Cathleen Schine,ro,"[""General Fiction""]"
openlibrary_OL1897081W,Bollywood Cinema,Vijay Mishra,cy,"[""Art""]"
openlibrary_OL1903176W,Intimate matters,"John D'Emilio, Estelle B. Freedman",it,"[""History""]"
openlibrary_OL19042805W,"Lily, la ruidosa",Sofie Laguna,es,"[""Drama""]"
openlibrary_OL1926270W,Holocaust drama,Gene A. Plunka,ro,"[""Literary Fiction""]"
openlibrary_OL1926278W,Illegitimate Power,Alison Findlay,it,"[""History""]"
openlibrary_OL19347508W,Big Fat Liar,Frankie Muniz,de,"[""Drama""]"
openlibrary_OL1935459W,"Middleton's ""Vulgar Pasquin""",T. H. Howard-Hill,fr,"[""Literary Fiction""]"
openlibrary_OL19664894W,Forbidden music,Michael Haas,da,"[""Music""]"
openlibrary_OL1968642W,Certain fragments,Tim Etchells,fr,"[""Art""]"
openlibrary_OL1970054W,Big Chief Elizabeth,Giles Milton,de,"[""History""]"
openlibrary_OL19729406W,Victoria & Abdul,Shrabani Basu,ro,"[""Drama""]"
openlibrary_OL19736644W,Let's go Pocoyo,Zinkia (Firm),fr,"[""General Fiction""]"
openlibrary_OL19939936W,Little diva,LaChanze,it,"[""Drama""]"
openlibrary_OL19947217W,Oedipus at Palm Springs,Five Lesbian Brothers (Theater troupe),id,"[""Drama""]"
openlibrary_OL19952074W,Trauma queen,Barbara Dee,pt,"[""Drama""]"
openlibrary_OL19960412W,Zelda la Cenicienta,Robin Michal Koontz,es,"[""Drama""]"
openlibrary_OL19962604W,Mortal sins,Michael D'Antonio,ca,"[""Mystery""]"
openlibrary_OL19989993W,Stage Kiss,Sarah Ruhl,de,"[""Drama"", ""romance""]"
openlibrary_OL19991310W,Paris blues,Andy Fry,fr,"[""Art""]"
openlibrary_OL19992385W,Impromptu man,Jonathan D. Moreno,ro,"[""Drama""]"
openlibrary_OL20002260W,Like it never happened,Emily Adrian,no,"[""Children's""]"
openlibrary_OL20028195W,Lola Levine,Monica Brown,it,"[""Drama""]"
openlibrary_OL2009848W,Spoken like a woman,Laura McClure,af,"[""Drama""]"
openlibrary_OL2013205W,Mortal Kombat 3,"J. Douglas Arnold, Zach Meston",id,"[""Drama""]"
openlibrary_OL20190336W,Hagia Sophia,Bissera V. Pentcheva,id,"[""Religion & Spirituality""]"
openlibrary_OL20243410W,Spectacular Disappearances,Julia H. Fawcett,ro,"[""Literary Fiction""]"
openlibrary_OL2027525W,WWF War Zone,Jacob McBane,de,"[""Drama""]"
openlibrary_OL20294849W,Playing God,Henry Carl Bial,tl,"[""Drama""]"
openlibrary_OL2031379W,The Führer bunker,W. D. Snodgrass,de,"[""Poetry""]"
openlibrary_OL20314675W,Dramatic Spaces,Jennifer Low,ro,"[""Drama""]"
openlibrary_OL2035574W,Sister wife,Shelley Hrdlitschka,de,"[""Drama"", ""romance""]"
openlibrary_OL2035932W,Vigilante 8,Bart Farkas,it,"[""Drama""]"
openlibrary_OL20377333W,Shadow Woman,Grant Hayter-Menzies,so,"[""Drama""]"
openlibrary_OL20475439W,Organizing Enlightenment,Chad Wellmon,de,"[""Philosophy""]"
openlibrary_OL20595229W,Victorian Epic Burlesques,Rachel Bryant Davies,ca,"[""Drama""]"
openlibrary_OL207638W,Wilhelm Tell,Friedrich Schiller,de,"[""Drama""]"
openlibrary_OL20847430W,Get Smart,Christopher Sergel,de,"[""Humor""]"
openlibrary_OL20854496W,Justice League vs. Bizarro League,J. E. Bright,es,"[""Drama""]"
openlibrary_OL20913682W,Jennifer Lawrence,Sarah Tieck,cy,"[""General Fiction""]"
openlibrary_OL20981039W,Gensler Entertainment,Anthony Iannacci,de,"[""Drama""]"
openlibrary_OL21018456W,Christoph Schlingensief,"Tara Forrest, Anna Teresa Scheer",de,"[""Art""]"
openlibrary_OL21112413W,Imagining Autism,Sonya Freeman Loftis,tl,"[""Literary Fiction""]"
openlibrary_OL21222W,Blues people,Amiri Baraka,fr,"[""Music""]"
openlibrary_OL21504523W,Wooden Os,Vin Nardizzi,de,"[""Drama""]"
openlibrary_OL2202302W,Geschichte des Dramas,Erika Fischer-Lichte,de,"[""Drama""]"
openlibrary_OL22316252W,Victorian classical burlesques,Laura Monrós Gaspar,ca,"[""Drama""]"
openlibrary_OL225327W,Resisting Hitler,Shareen Blair Brysac,de,"[""Biography & Memoir""]"
openlibrary_OL23788624W,One fine day,Elizabeth Van Steenwyk,fr,"[""Drama""]"
openlibrary_OL24284162W,Maître du jeu,Aline Apostolska,fr,"[""Children's""]"
openlibrary_OL24399008W,Love's Labour's Lost,William Shakespeare,fr,"[""Drama""]"
openlibrary_OL24532685W,Mes parents sont gentils mais-- tellement amoureux!,Hélène Vachon,fr,"[""Children's"", ""romance""]"
openlibrary_OL24583725W,Sweet Tea,"E. Patrick Johnson, Jane M. Saks",af,"[""Literary Fiction""]"
openlibrary_OL25065343W,A través de ti,Ariana Godoy,ca,"[""Romance""]"
openlibrary_OL2627341W,Keeping America sane,Ian Robert Dowbiggin,id,"[""History""]"
openlibrary_OL2647373W,A Beautiful Pageant,David Krasner,ro,"[""Literary Fiction""]"
openlibrary_OL2651734W,Julius Caesar,Antony Kamm,ca,"[""Biography & Memoir""]"
openlibrary_OL267615W,Astérix Gladiateur,"René Goscinny, Albert Uderzo",fr,"[""Graphic Novel""]"
openlibrary_OL2684640W,Hitler's Silent Partners,Isabel Vincent,de,"[""Business & Economics""]"
openlibrary_OL2691541W,Victorian testaments,Sue Zemka,ca,"[""Literary Fiction""]"
openlibrary_OL2696317W,Is science multicultural?,Sandra G. Harding,ro,"[""Science & Nature""]"
openlibrary_OL2709375W,"Mujeres, Raza Y Clase (Cuestiones De Antagonismo)","Angela Y. Davis, Ana Varela Mateos, Pastora Filigrana Garcia",es,"[""History""]"
openlibrary_OL27274952W,Classical and medieval literature criticism,"Jelena O. Krstovic, Elisabeth Gellert",it,"[""Literary Fiction""]"
openlibrary_OL274005W,Further Steps,Connie Kreemer,de,"[""Art""]"
openlibrary_OL2802461W,Pierre Corneille,David Clarke,fr,"[""Drama""]"
openlibrary_OL2940808W,Fated sky,M. L. Stapleton,da,"[""Literary Fiction""]"
openlibrary_OL2969387W,Kommandant in Auschwitz,Rudolf Höss,de,"[""Biography & Memoir""]"
openlibrary_OL3075294W,Impertinent decorum,Ian Lucas,ro,"[""Drama""]"
openlibrary_OL31210W,"De nuevo, el amor",Doris Lessing,es,"[""General Fiction"", ""romance""]"
openlibrary_OL3159331W,Gauntlet Legends,Prima Games,de,"[""Drama""]"
openlibrary_OL3230642W,Hellman and Hammett,Joan Mellen,sv,"[""Drama""]"
openlibrary_OL3238607W,True names,James J. O'Hara,pt,"[""Poetry""]"
openlibrary_OL3244263W,Stage rigging handbook,Jay O. Glerum,da,"[""Drama""]"
openlibrary_OL3252239W,Artful making,"Robert D. Austin, Robert Austin, Lee Devin",tl,"[""Business & Economics""]"
openlibrary_OL3253944W,Never satisfied,"Hillel Schwartz, Hillel Schwartz",da,"[""History""]"
openlibrary_OL3259064W,Moral Climate,Michael S. Northcott,ro,"[""Religion & Spirituality""]"
openlibrary_OL3275830W,Body theology,James B. Nelson,cy,"[""Religion & Spirituality""]"
openlibrary_OL3342438W,Rage for fame,Sylvia Jukes Morris,da,"[""Drama""]"
openlibrary_OL3352183W,Speech in speech,Victor Bers,nl,"[""History""]"
openlibrary_OL3356849W,Permissible Dose,J. Samuel Walker,fr,"[""History""]"
openlibrary_OL3359102W,Nietzsche and Buddhism,Robert G. Morrison,de,"[""Philosophy""]"
openlibrary_OL3384628W,Az ember tragédiája,Imre Madách,hu,"[""Drama""]"
openlibrary_OL3464419W,Interpreting ladies,Pat Gill,af,"[""Literary Fiction""]"
openlibrary_OL3484093W,"Exiles, eccentrics, activists",Katrin Sieg,ca,"[""Drama""]"
openlibrary_OL3488439W,Talking proper,Lynda Mugglestone,id,"[""History""]"
openlibrary_OL3491315W,Dramatic monologue,Glennis Byron,it,"[""History""]"
openlibrary_OL3491645W,Dramatic closure,June Schlueter,ro,"[""History""]"
openlibrary_OL3505835W,Natural masques,Jill Campbell,ca,"[""Literary Fiction""]"
openlibrary_OL3519035W,Melodramatic tactics,Elaine Hadley,ca,"[""Literary Fiction""]"
openlibrary_OL3520195W,Mélanges sur l'Angleterre,"La Rochefoucauld, François duc de, Norman Scarfe",fr,"[""Travel""]"
openlibrary_OL3794248W,Ivan's war,Catherine Merridale,af,"[""History""]"
openlibrary_OL3802672W,Gute Mensch von Sezuan,Bertolt Brecht,de,"[""Drama""]"
openlibrary_OL3802686W,Leben des Galilei,Bertolt Brecht,de,"[""Drama""]"
openlibrary_OL3802689W,Mutter Courage und ihre Kinder,Bertolt Brecht,de,"[""Drama""]"
openlibrary_OL3821099W,Verus Israel,"Simon, Marcel",de,"[""History""]"
openlibrary_OL3879435W,"Forbidden sex, forbidden texts",Hoshang Merchant,da,"[""Poetry""]"
openlibrary_OL3909554W,Durov's pig,Joel Schechter,sl,"[""Literary Fiction""]"
openlibrary_OL3921945W,Peter Pan (1993),Walt Disney Company,id,"[""Children's""]"
openlibrary_OL3944758W,"Aristofane, autore di teatro",Carlo Ferdinando Russo,it,"[""Drama""]"
openlibrary_OL3949022W,Acting gay,John M. Clum,tl,"[""Drama""]"
openlibrary_OL3956502W,Euripidean polemic,N. T. Croally,ro,"[""Drama""]"
openlibrary_OL4172291W,Green development,W. M. Adams,nl,"[""Business & Economics""]"
openlibrary_OL4305099W,"Sing out, Louise!",Dennis McGovern,fr,"[""History""]"
openlibrary_OL441848W,Hide-and-seek turkeys,Judith Ross Enderle,af,"[""General Fiction""]"
openlibrary_OL4472733W,Couture Culture,Nancy J. Troy,ro,"[""Drama""]"
openlibrary_OL451098W,Dragonwings CD,Laurence Yep,tl,"[""Children's""]"
openlibrary_OL453735W,Guards! Guards!,Terry Pratchett,sv,"[""General Fiction""]"
openlibrary_OL45588175W,Huckleberry Jim,Adam Nelson,de,"[""History""]"
openlibrary_OL460798W,Enter a Murderer (Roderick Alleyn #2),Ngaio Marsh,de,"[""Mystery""]"
openlibrary_OL4629325W,Masculine interests,"Lang, Robert",ro,"[""Art""]"
openlibrary_OL466170W,Eugene O'Neill,Stephen A. Black,de,"[""Health & Fitness""]"
openlibrary_OL4683193W,Vladimir's carrot,John Desmond Peter,ca,"[""Drama""]"
openlibrary_OL470747W,Spectacular politics,Paula R. Backscheider,ro,"[""Literary Fiction""]"
openlibrary_OL4768112W,Qataban and Sheba,"Phillips, Wendell",id,"[""Travel""]"
openlibrary_OL4801559W,Hand puppets,Laura Ross,sv,"[""Children's""]"
openlibrary_OL482919W,M. Butterfly,David Henry Hwang,no,"[""Drama""]"
openlibrary_OL4853861W,Arctic justice,Shelagh D. Grant,ro,"[""History""]"
openlibrary_OL4961700W,Un furieux amour,"Jennifer Wilde, Jennifer Wilde",fr,"[""Drama"", ""romance""]"
openlibrary_OL5168333W,Border Games,Peter Andreas,de,"[""History""]"
openlibrary_OL52430W,Peer Gynt,Henrik Ibsen,cy,"[""Drama""]"
openlibrary_OL5268241W,Slave culture,Sterling Stuckey,ro,"[""History""]"
openlibrary_OL56843W,Lorraine Hansberry,Susan Sinnott,de,"[""Drama""]"
openlibrary_OL5704250W,Ana en el trópico,"Nilo Cruz, nilo cruzz ",es,"[""Drama""]"
openlibrary_OL5713491W,Sleep Toward Heaven,Amanda Eyre Ward,nl,"[""Drama""]"
openlibrary_OL5716767W,A lova' like no otha',Stephanie Perry Moore,sl,"[""Drama"", ""romance""]"
openlibrary_OL5717616W,Approximate bodies,Maurizio Calbi,ro,"[""Literary Fiction""]"
openlibrary_OL5717697W,Dustin Grubbs,John J. Bonk,de,"[""General Fiction""]"
openlibrary_OL5830746W,Mama Dada,Sarah Bay-Cheng,so,"[""Drama""]"
openlibrary_OL5846848W,Good Masters! Sweet Ladies!,Laura Amy Schlitz,af,"[""Drama""]"
openlibrary_OL6016602W,Hamlet's dresser,"Smith, Bob",da,"[""Biography & Memoir""]"
openlibrary_OL6035274W,"Gender, religion, and modern Hindi drama",Diana Dimitrova,da,"[""Drama""]"
openlibrary_OL6037127W,Staging gender in Behn and Centlivre,Nancy Eileen Copeland,de,"[""Drama""]"
openlibrary_OL6213203W,Imaginary Betrayals,Karen Cunningham,tl,"[""Literary Fiction""]"
openlibrary_OL63457W,Diarios de Motocicleta,"Che Guevara, Ann Wright, Ernesto; Wright, Ann (translator) Guevara, Aleida Guevara, Walter Salles, Cintio Vitier",es,"[""Travel""]"
openlibrary_OL67545W,De Natura deorum,Cicero,ro,"[""Literary Fiction""]"
openlibrary_OL6819459W,Forever and ever,Janet Lambert,da,"[""Young Adult""]"
openlibrary_OL684617W,Rock Art Rebel (Vortex Books),M. J. Cosson,de,"[""Mystery""]"
openlibrary_OL72168W,Die Klavierspielerin,Elfriede Jelinek,de,"[""General Fiction"", ""romance""]"
openlibrary_OL7435395W,Le Balcon,Jean Genet,it,"[""Drama""]"
openlibrary_OL7807029W,Piano lessons,"Felicity Coombs, Suzanne Gemmell",it,"[""Art""]"
openlibrary_OL78782W,Dear nobody,Berlie Doherty,cy,"[""General Fiction""]"
openlibrary_OL789537W,Fröken Julie,"August Strindberg, Yael Farber, Glenda Carr, Michael Burns, Boris Kovačevic, Albert Herranz Hammer, Antoni Nadal Soler, David French, Edith and Warner Oland, Niclas Olson, T/James Reagan, Monika Helene Sjölund",af,"[""Drama""]"
openlibrary_OL7982341W,Thérèse Raquin,Émile Zola,fr,"[""General Fiction""]"
openlibrary_OL80725W,Discours sur les sciences et les arts,Jean-Jacques Rousseau,fr,"[""Politics""]"
openlibrary_OL8092677W,Kathakali Dance-Drama,Philli Zarrilli,id,"[""Art""]"
openlibrary_OL8126947W,"Times Square Red, Times Square Blue (Sexual Cultures)","Samuel R. Delany, Delany",ca,"[""Business & Economics""]"
openlibrary_OL83254W,Le misanthrope,Molière,fr,"[""Literary Fiction""]"
openlibrary_OL8455947W,NFL Blitz 2000,"Tim Cox, Michael Owen",de,"[""Drama""]"
openlibrary_OL8456210W,Hot Wheels,Mark Cohen,nl,"[""Drama""]"
openlibrary_OL8456224W,NFL Blitz 2000,Mark Cohen,de,"[""Drama""]"
openlibrary_OL846495W,O crime do Padre Amaro,Eça de Queiroz,pt,"[""Drama"", ""romance""]"
openlibrary_OL8494513W,Break a leg!,"Lise Friedman, Mary Dowdle",hu,"[""Children's""]"
openlibrary_OL8495719W,WCW Mayhem,David Gibbon,sw,"[""Drama""]"
openlibrary_OL8495749W,Men in Black II,Zach Meston,de,"[""Drama""]"
openlibrary_OL8535087W,C'etait Du Spectacle!,Viviane K. Namaste,fr,"[""Drama""]"
openlibrary_OL8929039W,Finger tales,Joan Hilyer Phelps,no,"[""Drama""]"
openlibrary_OL9179808W,Abraham in Arms,Ann M. Little,id,"[""History""]"
openlibrary_OL938934W,La Celestina,Fernando de Rojas,fr,"[""Drama""]"
openlibrary_OL942577W,Chroniques dramatiques,Alphonse Daudet,fr,"[""Drama""]"
openlibrary_OL94264W,Like Dandelion Dust,Karen Kingsbury,af,"[""General Fiction""]"
openlibrary_OL9428479W,Dekker And Heywood,Kathleen E. McLuskie,af,"[""Drama""]"
openlibrary_OL955454W,Teatro y Revolución Cubana,Jesús J. Barquet,es,"[""Drama""]"
openlibrary_OL9589841W,Mr. Jefferson's Hammer,Robert M. Owens,da,"[""Biography & Memoir""]"
openlibrary_OL9681824W,HOUSE AND HOME,Kathleen Mccleary,vi,"[""General Fiction""]"
openlibrary_OL983957W,Fuentes para el estudio de las ciencias exactas en Colombia,Celina Ana Lértora Mendoza,es,"[""Science & Nature""]"
openlibrary_OL99844W,Kritik der reinen Vernunft,Immanuel Kant,de,"[""Philosophy""]"
openlibrary_OL999336W,Split ends,Jacquelin Thomas,nl,"[""General Fiction""]"
openlibrary_OL1002120W,A Hora da Estrela,Clarice Lispector,pt,"[""General Fiction"", ""romance""]"
openlibrary_OL100278W,Forever Amber,Kathleen Winsor,da,"[""General Fiction"", ""romance""]"
openlibrary_OL10071W,Mademoiselle de Maupin,Théophile Gautier,fr,"[""Literary Fiction"", ""romance""]"
openlibrary_OL1019581W,Masumiyet müzesi,"Orhan Pamuk, Rafael Carpintero;",tr,"[""General Fiction"", ""romance""]"
openlibrary_OL10265W,Pilote de guerre,Antoine de Saint-Exupéry,es,"[""Literary Fiction""]"
openlibrary_OL10267W,Vol de nuit,Antoine de Saint-Exupéry,ro,"[""General Fiction""]"
openlibrary_OL10402330W,Kniha smíchu a zapomnění,Milan Kundera,cs,"[""General Fiction"", ""romance""]"
openlibrary_OL104417W,A song for summer,Eva Ibbotson,da,"[""Art"", ""romance"", ""Romantasy""]"
openlibrary_OL106210W,Silver bells,Luanne Rice,no,"[""Romance"", ""contemporary romance""]"
openlibrary_OL109627W,An American requiem,James Carroll,es,"[""Biography & Memoir""]"
openlibrary_OL109861W,Rachel Ray,Anthony Trollope,de,"[""General Fiction"", ""romance""]"
openlibrary_OL111413W,Affaire Royale,Nora Roberts,fr,"[""General Fiction"", ""romance"", ""Romantasy""]"
openlibrary_OL111417W,Black Hills,Nora Roberts,sv,"[""Mystery"", ""romantic suspense""]"
openlibrary_OL111472W,Remember When,"Nora Roberts, ROBERTS N.",de,"[""General Fiction"", ""romance""]"
openlibrary_OL111544W,Blue Dahlia,Nora Roberts,de,"[""General Fiction"", ""romance"", ""Romantasy""]"
openlibrary_OL111567W,Brazen Virtue,Nora Roberts,de,"[""Mystery"", ""romantic suspense""]"
openlibrary_OL111598W,Genuine Lies,Nora Roberts,de,"[""General Fiction"", ""romance""]"
openlibrary_OL111610W,Public secrets,Nora Roberts,ca,"[""Romance""]"
openlibrary_OL111630W,Angels Fall,Nora Roberts,de,"[""Mystery"", ""romantic suspense"", ""Romantasy""]"
openlibrary_OL111631W,Carolina Moon,Nora Roberts,tl,"[""Mystery"", ""romantic suspense"", ""Romantasy""]"
openlibrary_OL112316W,Lie By Moonlight,Jayne Ann Krentz,af,"[""Romance""]"
openlibrary_OL112319W,Wicked Widow,Jayne Ann Krentz,pl,"[""General Fiction"", ""romance""]"
openlibrary_OL11926W,An equal music,Vikram Seth,ca,"[""Children's"", ""romance""]"
openlibrary_OL121750W,Picture me dead,Heather Graham,ro,"[""Mystery"", ""romantic suspense"", ""Romantasy""]"
openlibrary_OL12221193W,"100 Oklahoma outlaws, gangsters, and lawmen","Dan Anderson, Daniel Anderson, Laurence Yadon",tl,"[""Biography & Memoir""]"
openlibrary_OL12253541W,My lobotomy,"Howard Dully, Charles Fleming",sk,"[""Biography & Memoir""]"
openlibrary_OL1248164W,Dona Flor e seus dais maridos,Jorge Leal Amado de Faria,pt,"[""General Fiction"", ""romance""]"
openlibrary_OL1281928W,Querelle de Brest,Jean Genet,fr,"[""General Fiction"", ""romance""]"
openlibrary_OL134447W,Dark Paradise,Tami Hoag,id,"[""General Fiction"", ""romance""]"
openlibrary_OL134601W,Lonesome Dove,Larry McMurtry,no,"[""General Fiction"", ""romance""]"
openlibrary_OL13629224W,"Jag dör, men minnet lever",Henning Mankell,sv,"[""General Fiction""]"
openlibrary_OL13646870W,Between two evils,Lucyna B. Radlo,nl,"[""Biography & Memoir""]"
openlibrary_OL1386647W,Eichmann in Jerusalem,Hannah Arendt,de,"[""History""]"
openlibrary_OL1408876W,Andreas Feininger,"Andreas Feininger, Thomas Buchsteiner, Otto Letze",de,"[""Art""]"
openlibrary_OL1449798W,Lessico famigliare,Natalia Ginzburg,it,"[""Biography & Memoir""]"
openlibrary_OL14854929W,Jordan's Star,Gilbert Morris,sv,"[""General Fiction"", ""romance""]"
openlibrary_OL14860335W,Emma's secret,Barbara Taylor Bradford,ca,"[""General Fiction"", ""romance""]"
openlibrary_OL14862479W,Calder pride,Janet Dailey,da,"[""General Fiction"", ""romance""]"
openlibrary_OL14933955W,"Splendor (Luxe Series, Book 4)",Anna Godbersen,af,"[""General Fiction"", ""romance"", ""Romantasy""]"
openlibrary_OL14951996W,Closing Time,Joe Queenan,tl,"[""General Fiction""]"
openlibrary_OL14982290W,Angel's Peak,Robyn Carr,tl,"[""General Fiction"", ""romance""]"
openlibrary_OL15090845W,Common nonsense,Alexander Zaitchick,fr,"[""Biography & Memoir""]"
openlibrary_OL15212267W,Negro president,Garry Wills,pt,"[""Politics""]"
openlibrary_OL152324W,Remember When,Judith McNaught,de,"[""Romance""]"
openlibrary_OL15425449W,Model nazi,Catherine Epstein,it,"[""Biography & Memoir""]"
openlibrary_OL154417W,Ingrid Bergman,"Ingrid Bergman, Alan Burgess",id,"[""Biography & Memoir""]"
openlibrary_OL15744376W,A border passage,Leila Ahmed,da,"[""Biography & Memoir""]"
openlibrary_OL15825498W,Body movers,Stephanie Bond,sk,"[""Romance"", ""contemporary romance""]"
openlibrary_OL15836557W,"George Mason, forgotten founder",Jeff Broadwater,no,"[""History""]"
openlibrary_OL15857769W,Virginia Woolf,Julia Briggs,et,"[""Literary Fiction""]"
openlibrary_OL15860298W,Ancestral passions,Virginia Morell,fr,"[""Biography & Memoir""]"
openlibrary_OL15948941W,Des gens très bien,Alexandre Jardin,fr,"[""Biography & Memoir""]"
openlibrary_OL16070214W,Street love,Walter Dean Myers,no,"[""Children's"", ""romance""]"
openlibrary_OL16175841W,Faking it,Elisa Lorello,tl,"[""General Fiction"", ""romance""]"
openlibrary_OL1618162W,Letters from Alaska,John Reid Muir,sv,"[""Biography & Memoir""]"
openlibrary_OL1622748W,El filibusterismo,José Rizal,es,"[""General Fiction"", ""romance""]"
openlibrary_OL16262998W,Something like normal,Trish Doller,no,"[""General Fiction"", ""romance""]"
openlibrary_OL16442062W,George F. Kennan,John Lewis Gaddis,de,"[""Politics""]"
openlibrary_OL16451757W,Desert rose,Edythe Scott Bagley,no,"[""Politics""]"
openlibrary_OL16499346W,Double cross,Ben Macintyre,fr,"[""Science & Nature""]"
openlibrary_OL16524375W,Forget You,Jennifer Echols,no,"[""Children's"", ""romance""]"
openlibrary_OL16548729W,Sunrise point,Robyn Carr,fr,"[""General Fiction"", ""romance""]"
openlibrary_OL16557358W,A vida privada dos Bragança,"Ana Cristina Duarte Pereira, Joana Almeida Troni",pt,"[""Biography & Memoir""]"
openlibrary_OL16585876W,"Ride, cowboy, ride!",Baxter Black,es,"[""Western"", ""romance""]"
openlibrary_OL16617703W,So close to you,Rachel Carter,es,"[""Children's"", ""romance""]"
openlibrary_OL16629592W,A Convenient Arrangement,Lynne Graham,nl,"[""General Fiction"", ""romance""]"
openlibrary_OL16664642W,Latin for gardeners,Lorraine Harrison,da,"[""History""]"
openlibrary_OL16694522W,Pivot point,Kasie West,fi,"[""Sci-Fi"", ""sci-fi romance"", ""Romantasy""]"
openlibrary_OL167287W,"Hello, darkness",Sandra Brown,no,"[""Mystery"", ""romantic suspense""]"
openlibrary_OL167313W,Smoke Screen,Sandra Brown,nl,"[""Mystery"", ""romantic suspense""]"
openlibrary_OL16796723W,Finding Pride,Jill Sanders,de,"[""Romance""]"
openlibrary_OL16808029W,Mafalda de Saboia,Diana de Cadaval,pt,"[""History"", ""romance""]"
openlibrary_OL16854W,London Fields,Martin Amis,nl,"[""General Fiction"", ""romance""]"
openlibrary_OL1701700W,Lovers and beloveds,Gary Richards,da,"[""Romance""]"
openlibrary_OL17052527W,Así empieza lo malo,Javier Marías,es,"[""General Fiction"", ""romance""]"
openlibrary_OL17054W,"Kiss Me, Annabel",Eloisa James,de,"[""General Fiction"", ""romance""]"
openlibrary_OL17080323W,Lost Lake,Sarah Addison Allen,et,"[""General Fiction"", ""romance"", ""Romantasy""]"
openlibrary_OL17095336W,Viva Frida,Yuyi Morales,pt,"[""Biography & Memoir""]"
openlibrary_OL17191357W,Lisette's list,Susan Vreeland,et,"[""Art"", ""romance""]"
openlibrary_OL17199677W,Gasa Gasa Girl Goes to Camp,Lily Yuriko Nakai Havey,es,"[""History""]"
openlibrary_OL17320267W,No better time,Molly Knight Raskin,no,"[""Biography & Memoir""]"
openlibrary_OL17355861W,Evening Stars,Susan Mallery,sv,"[""General Fiction"", ""romance""]"
openlibrary_OL17356259W,Three Sisters,Susan Mallery,de,"[""General Fiction"", ""romance""]"
openlibrary_OL17356884W,Sex Criminals,"Matt Fraction, Chip Zdarsky",ca,"[""Graphic Novel"", ""romance"", ""Romantasy""]"
openlibrary_OL17358393W,Jane Steele,Lyndsay Faye,af,"[""General Fiction"", ""romance"", ""Romantasy""]"
openlibrary_OL17407814W,Her Desert Prince,Rebecca Winters,de,"[""General Fiction"", ""romance""]"
openlibrary_OL17627356W,Navy SEAL Dogs,Mike Ritland,no,"[""General Fiction""]"
openlibrary_OL17628545W,Marie Equi,Michael Helquist,fr,"[""Biography & Memoir""]"
openlibrary_OL17632035W,Elephant Company,Vicki Constantine Croke,ca,"[""Science & Nature""]"
openlibrary_OL17696538W,Just One Kiss,Susan Mallery,de,"[""General Fiction"", ""romance""]"
openlibrary_OL17726922W,Accidental love,Gary Soto,es,"[""Romance""]"
openlibrary_OL17824780W,All I need,Susane Colasanti,it,"[""Romance""]"
openlibrary_OL17846263W,Rebel Crossings,Sheila Rowbotham,de,"[""Biography & Memoir""]"
openlibrary_OL17862662W,Dark horses,Cecily von Ziegesar,af,"[""Romance""]"
openlibrary_OL17872485W,Madeleine's war,"Watson, Peter",de,"[""History"", ""romance""]"
openlibrary_OL17882822W,Banished (Forbidden #2),Kimberley Griffiths Little,da,"[""Young Adult"", ""romance"", ""Romantasy""]"
openlibrary_OL17886588W,Diva rules,Amir Abrams,ro,"[""General Fiction"", ""romance""]"
openlibrary_OL17926774W,Survivre avec les loups,"Misha Defonseca, Vera Lee",fr,"[""General Fiction""]"
openlibrary_OL17942111W,Deterioro de la vida,Jaime Breilh,es,"[""Health & Fitness""]"
openlibrary_OL18122060W,Prom ever after,Dona Sarkar,da,"[""Young Adult"", ""romance""]"
openlibrary_OL18150338W,Afraid to die,Lisa Jackson,af,"[""Mystery"", ""romantic suspense""]"
openlibrary_OL18154254W,Buscando mi estrella,Maruchi Mendez,it,"[""Biography & Memoir""]"
openlibrary_OL18203059W,Réparer les vivants,"Maylis de Kerangal, Jessica Moore, Jordi Martín Lloret",fr,"[""Art"", ""romance""]"
openlibrary_OL18269422W,Franklin D. Roosevelt,"Otis L. Graham, Meghan Robinson Wander, Otis L., Jr. Graham",af,"[""Biography & Memoir""]"
openlibrary_OL18424187W,Slave narratives,William L. Andrews,sl,"[""Biography & Memoir""]"
openlibrary_OL18471702W,"My best friend, maybe",Caela Carter,da,"[""Romance""]"
openlibrary_OL1865340W,Maya Angelou,L. Patricia Kite,tl,"[""Biography & Memoir""]"
openlibrary_OL1874744W,Rosa Parks,"Kathleen V. Kudlinski, Meryl Henderson",fi,"[""Children's""]"
openlibrary_OL1888018W,George vs. George,Rosalyn Schanzer,de,"[""Children's""]"
openlibrary_OL1888387W,Mad Travelers,Ian Hacking,no,"[""Psychology""]"
openlibrary_OL1899681W,Byzantine empresses,Lynda Garland,fr,"[""History""]"
openlibrary_OL1902421W,Winter Roses,Diana Palmer,de,"[""General Fiction"", ""romance""]"
openlibrary_OL1905421W,Land girls,Angela Huth,de,"[""Romance""]"
openlibrary_OL1911502W,Susannah's Garden,"Debbie Macomber, Laural Merlington",id,"[""General Fiction"", ""romance""]"
openlibrary_OL1911543W,92 Pacific Boulevard,Debbie Macomber,ca,"[""General Fiction"", ""romance""]"
openlibrary_OL1911555W,Changing Habits,Debbie Macomber,tl,"[""General Fiction"", ""romance""]"
openlibrary_OL1922113W,Blessèd assurance,A. G. Mojtabai,fr,"[""History""]"
openlibrary_OL19238703W,Jackie Robinson,Joseph Dorinson,pl,"[""Biography & Memoir""]"
openlibrary_OL1930684W,A fragile union,Joan Nestle,it,"[""General Fiction""]"
openlibrary_OL19328832W,In altre parole,Jhumpa Lahiri,it,"[""Biography & Memoir""]"
openlibrary_OL19561W,Au nom du coeur,Danielle Steel,fr,"[""General Fiction"", ""romance""]"
openlibrary_OL19575W,Dulce Y Amargo,Danielle Steel,ro,"[""General Fiction"", ""romance""]"
openlibrary_OL1961437W,Ask Anyone,Sherryl Woods,tl,"[""General Fiction"", ""romance""]"
openlibrary_OL19616W,Plein Ciel,Danielle Steel,de,"[""Adventure"", ""romance""]"
openlibrary_OL1962750W,A WASP among Eagles,Ann Carl,tl,"[""Biography & Memoir""]"
openlibrary_OL19647W,Bungalow 2,Danielle Steel,tl,"[""Literary Fiction"", ""romance""]"
openlibrary_OL19661W,Granny Dan,Danielle Steel,cy,"[""General Fiction"", ""romance""]"
openlibrary_OL19662205W,Artists under Hitler,Jonathan Petropoulos,de,"[""History""]"
openlibrary_OL19664962W,Woman rebel,Peter Bagge,id,"[""Graphic Novel""]"
openlibrary_OL19671260W,Since You've Been Gone,Morgan Matson,nl,"[""Romance""]"
openlibrary_OL19707524W,Deserves to die,Lisa Jackson,af,"[""Mystery"", ""romantic suspense""]"
openlibrary_OL19713223W,Empire made,Kief Hillsbery,pt,"[""Travel""]"
openlibrary_OL19713910W,Virginia Hamilton,Julie K. Rubini,et,"[""Children's""]"
openlibrary_OL19719010W,Not Your Villain,C. B. Lee,fr,"[""Sci-Fi"", ""sci-fi romance"", ""Romantasy""]"
openlibrary_OL19722059W,Friends divided,Gordon S. Wood,af,"[""Politics""]"
openlibrary_OL19725346W,Final fall,Heather Petty,it,"[""General Fiction"", ""romance""]"
openlibrary_OL19732574W,Accidental heroes,"Danielle Steel, Jim Frangione",es,"[""General Fiction"", ""romance""]"
openlibrary_OL19742156W,El ángel negro,Laura Higuera,hu,"[""General Fiction"", ""romance""]"
openlibrary_OL19744884W,Un hombre cae,Jordi Basté,es,"[""Mystery"", ""romantic suspense""]"
openlibrary_OL19752166W,Tanker pilot,Mark Hasara,da,"[""Science & Nature""]"
openlibrary_OL19754702W,Alaskan holiday,Debbie Macomber,so,"[""Romance"", ""holiday romance""]"
openlibrary_OL19761941W,Let her fly,Ziauddin Yousafzai,da,"[""Politics""]"
openlibrary_OL1976918W,Eco barons,Edward Humes,es,"[""Art""]"
openlibrary_OL19788367W,Big sky secrets,"Linda Lael Miller, BookSource Staff",no,"[""General Fiction"", ""romance""]"
openlibrary_OL19840254W,Sunset Beach,Mary Kay Andrews,de,"[""General Fiction"", ""romance""]"
openlibrary_OL19898561W,Ramanujan's Lost Notebook,George E. Andrews,et,"[""Science & Nature""]"
openlibrary_OL19918011W,Sisters and Rebels,Jacquelyn Dowd Hall,de,"[""Politics""]"
openlibrary_OL1995185W,Imperial San Francisco,Gray A. Brechin,it,"[""Science & Nature""]"
openlibrary_OL19970865W,Someone else's love story,Joshilyn Jackson,da,"[""General Fiction"", ""romance""]"
openlibrary_OL19977262W,Rebel belle,Rachel Hawkins,da,"[""Children's"", ""romance"", ""Romantasy""]"
openlibrary_OL19979120W,Before we kiss,Susan Mallery,af,"[""General Fiction"", ""romance""]"
openlibrary_OL19986215W,A perfect life,Danielle Steel,ro,"[""Art"", ""romance""]"
openlibrary_OL19987719W,Being Audrey Hepburn,Mitchell Kriegman,de,"[""Children's"", ""romance""]"
openlibrary_OL19989154W,El nazi y el psiquiatra,Jack El-Hai,ca,"[""Psychology""]"
openlibrary_OL20002288W,Nil unlocked,Lynne Matson,sv,"[""Sci-Fi"", ""sci-fi romance""]"
openlibrary_OL20007352W,Fat Cat At Large,Janet Cantrell,ca,"[""General Fiction"", ""romance""]"
openlibrary_OL20010059W,Silver linings,Debbie Macomber,no,"[""General Fiction"", ""romance""]"
openlibrary_OL20017169W,Dare to disappoint,Özge Samancı,it,"[""History""]"
openlibrary_OL20021545W,Urban Tribes,"Mary Beth Leatherdale, Lisa Charleyboy",id,"[""Children's""]"
openlibrary_OL20023468W,My depression,Elizabeth Swados,fr,"[""Health & Fitness""]"
openlibrary_OL20030804W,Chance developments,Alexander McCall Smith,fr,"[""General Fiction"", ""romance""]"
openlibrary_OL20034433W,Patient H.M.,Luke Dittrich,fr,"[""Biography & Memoir""]"
openlibrary_OL20035094W,Dark night,Paul Dini,af,"[""Biography & Memoir""]"
openlibrary_OL20038148W,Tomboy survival guide,"Ivan E. Coyote, Ivan Coyote",es,"[""Biography & Memoir""]"
openlibrary_OL20042193W,Girls like me,Lola StVil,af,"[""Humor"", ""romance""]"
openlibrary_OL20047250W,Jackie Robinson,Grace Hansen,pl,"[""Children's""]"
openlibrary_OL20047475W,Robert Lowell,Kay R. Jamison,de,"[""Health & Fitness""]"
openlibrary_OL20055993W,Jackie's girl,Kathy McKeon,pl,"[""Biography & Memoir""]"
openlibrary_OL20060395W,A dog called hope,"Morgan, Jason (paratrooper)",cy,"[""Science & Nature""]"
openlibrary_OL20073073W,Smoke Screen,Iris Johansen,nl,"[""Mystery"", ""romantic suspense""]"
openlibrary_OL2011258W,Selkirks Insel. Die wahre Geschichte von Robinson Crusoe,Diana Souhami,de,"[""Biography & Memoir""]"
openlibrary_OL20148675W,Kid Gloves,Lucy Knisley,sl,"[""Graphic Novel""]"
openlibrary_OL20150357W,Blessing in Disguise,Danielle Steel,af,"[""General Fiction"", ""romance""]"
openlibrary_OL20150872W,Good Riddance,Elinor Lipman,cy,"[""General Fiction"", ""romance""]"
openlibrary_OL20162623W,Deep Creek,Pam Houston,nl,"[""Biography & Memoir""]"
openlibrary_OL20303042W,Letting Go,Maya Banks,sv,"[""General Fiction"", ""romance""]"
openlibrary_OL20471910W,Spain Bleeds,Linda Palfreeman,nl,"[""Biography & Memoir""]"
openlibrary_OL20488747W,Last Mile,Katie Ashley,fr,"[""Romance""]"
openlibrary_OL20619940W,Moral Compass,Danielle Steel,pt,"[""General Fiction"", ""romance""]"
openlibrary_OL20637016W,Sólo un dia,Gayle Forman,es,"[""Young Adult"", ""romance""]"
openlibrary_OL20653242W,Being Heumann,Judith E. Heumann,de,"[""Biography & Memoir""]"
openlibrary_OL20658983W,Wyśnione miejsca,Brenna Yovanoff,pl,"[""Romance""]"
openlibrary_OL20669844W,Archer's Voice,Mia Sheridan,de,"[""Romance"", ""small-town romance""]"
openlibrary_OL20771W,Die blaue Blume,Penelope Fitzgerald,af,"[""General Fiction"", ""romance""]"
openlibrary_OL2082307W,Mon coeur à l'étroit,Marie NDiaye,fr,"[""General Fiction"", ""romance""]"
openlibrary_OL20891231W,Capital Days,Tonya Bolden,tl,"[""General Fiction""]"
openlibrary_OL20913733W,Rosa Parks,Erin Edison,fi,"[""General Fiction""]"
openlibrary_OL21012219W,Bitter Medicine,"Clem Martini, Olivier Martini",it,"[""Health & Fitness""]"
openlibrary_OL21134216W,Building a Nazi Europe,Martin R. Gutmann,ro,"[""History""]"
openlibrary_OL2206798W,Somebody's Baby,Charlotte Vale Allen,sk,"[""General Fiction"", ""romance""]"
openlibrary_OL22135561W,Malibu Rising,Taylor Jenkins Reid,sw,"[""Romance"", ""contemporary romance""]"
openlibrary_OL221379W,Driving Mr. Albert,Michael Paterniti,de,"[""Travel""]"
openlibrary_OL2226588W,From the forbidden garden,"Alejandra Pizarnik, Antonio Beneyto",da,"[""Art""]"
openlibrary_OL224894W,Grabben i graven bredvid,Katarina Mazetti,da,"[""Romance""]"
openlibrary_OL2289348W,A troubadour's testament,"James Cowan, James Cowan",pt,"[""General Fiction"", ""romance""]"
openlibrary_OL23320167W,After Auschwitz,Brenda S. Webster,de,"[""General Fiction"", ""romance""]"
openlibrary_OL24210325W,Forgotten in Death,Nora Roberts,de,"[""Literary Fiction"", ""romance""]"
openlibrary_OL2424277W,Podróże z Herodotem,Ryszard Kapuściński,pl,"[""Travel""]"
openlibrary_OL24382139W,Schmidt Steps Back,Louis Begley,de,"[""General Fiction"", ""romance""]"
openlibrary_OL24513918W,Skye Falling,Mia McKenzie,no,"[""General Fiction"", ""romance""]"
openlibrary_OL24561511W,Blind Tiger,Sandra Brown,de,"[""Romance"", ""historical romance""]"
openlibrary_OL2482718W,Bunte Leben,"Vivian Endicott Barnett, Wassily Kandinsky",de,"[""Biography & Memoir""]"
openlibrary_OL24860747W,White Eskimo,Stephen R Bown,fi,"[""Travel""]"
openlibrary_OL2538249W,Life sentences,Laura Lippman,es,"[""General Fiction"", ""romance""]"
openlibrary_OL25612892W,Arden Grey,Ray Stoeve,de,"[""General Fiction"", ""romance""]"
openlibrary_OL2563197W,Alice in exile,Piers Paul Read,ro,"[""Psychology"", ""romance""]"
openlibrary_OL2571961W,César Chávez,Richard Griswold del Castillo,hu,"[""Biography & Memoir""]"
openlibrary_OL258236W,Juan Carlos,Paul Preston,es,"[""History""]"
openlibrary_OL260381W,Les Mandarins,Simone de Beauvoir,fr,"[""General Fiction"", ""romance""]"
openlibrary_OL2618447W,Agent Zigzag,Ben Macintyre,nl,"[""Thriller"", ""General Fiction"", ""Biography & Memoir"", ""History"", ""Adventure"", ""Romance"", ""historical""]"
openlibrary_OL265676W,A CROWNING MERCY,"Bernard Cornwell, Susannah Kells",hu,"[""General Fiction"", ""romance""]"
openlibrary_OL2675276W,Fist Stick Knife Gun,Geoffrey Canada,de,"[""Mystery""]"
openlibrary_OL2707180W,Tout mon coeur,Noris Kern,fr,"[""General Fiction"", ""romance""]"
openlibrary_OL270874W,Evolution's Captain,Peter Nichols,fr,"[""Biography & Memoir""]"
openlibrary_OL2715567W,Rigoberta Menchú Túm,Julie Schulze,es,"[""Children's""]"
openlibrary_OL2716761W,Name Dropping,Jane Heller,no,"[""Thriller"", ""romantic suspense""]"
openlibrary_OL2719604W,Your Personal Renaissance,"Diane Dreher, Joni B. Cole, B.K. Rakhra",fr,"[""Psychology""]"
openlibrary_OL2736418W,Richelieu and Mazarin,G. R. R. Treasure,de,"[""Biography & Memoir""]"
openlibrary_OL2738862W,Cultural Amnesia,Clive James,ro,"[""History""]"
openlibrary_OL2749928W,Peaceful protest,"Yona Zeldis McDonough, Malcah Zeldis",ro,"[""Children's""]"
openlibrary_OL2754567W,No man's land,Ruth Fowler,tl,"[""Biography & Memoir""]"
openlibrary_OL2803934W,Giovanni Segantini,"Beat Stutzer, Giovanni Segantini",it,"[""Art""]"
openlibrary_OL28767400W,Grabada en la arena,Regina Calcaterra,es,"[""Biography & Memoir""]"
openlibrary_OL2918757W,Gai-Jin (Asian Saga,James Clavell,id,"[""History"", ""romance""]"
openlibrary_OL2925630W,China Pilot,Felix Smith,tl,"[""History""]"
openlibrary_OL2981236W,Bound feet & Western dress,Pang-Mei Natasha Chang,de,"[""Biography & Memoir""]"
openlibrary_OL30130W,Kandinsky und Gabriele Münter,"Wassily Kandinsky, Annegret Hoberg, Gabriele Munter",de,"[""Art""]"
openlibrary_OL3136888W,Run Indian Run,Thomas P. Kelley,id,"[""Biography & Memoir""]"
openlibrary_OL3232151W,Melville & his circle,William B. Dillingham,fr,"[""Biography & Memoir""]"
openlibrary_OL3263726W,de Como Stella Recobro La Marcha,"Terry McMillan, terry mcmillan",es,"[""General Fiction"", ""romance""]"
openlibrary_OL3349109W,Particular Voices,Robert Giard,ro,"[""History""]"
openlibrary_OL3359707W,Walter White,"Tom Dyja, Thomas Dyja",de,"[""Biography & Memoir""]"
openlibrary_OL3368030W,Rogue trader,"Nicholas William Leeson, Nick Leeson, Edward Whitley",pt,"[""Biography & Memoir""]"
openlibrary_OL33717W,Dangerous kiss,Jackie Collins,af,"[""Business & Economics"", ""romance""]"
openlibrary_OL3378661W,Code Name,Christina Skye,pt,"[""General Fiction"", ""romance""]"
openlibrary_OL34386853W,Forget Me Not,Willow Winters,no,"[""Romance""]"
openlibrary_OL35266655W,Prostranstvo Sluchajnostej,Ekaterina Yakovina,sk,"[""Literary Fiction"", ""romance""]"
openlibrary_OL3538188W,Laughing Boy,Oliver La Farge,tl,"[""General Fiction"", ""romance""]"
openlibrary_OL3546951W,Histoire d'O,"Dominique Aury, Guido Crepax",fr,"[""General Fiction"", ""romance""]"
openlibrary_OL35608W,Girls Out Late (Girls #3),Jacqueline Wilson,ca,"[""Literary Fiction"", ""romance""]"
openlibrary_OL3747352W,Condoleezza Rice,Elisabeth Bumiller,it,"[""Biography & Memoir""]"
openlibrary_OL37998741W,"Wie alle, nur anders. Ein transsexuelles Leben in Berlin",Nora Eckert,de,"[""Biography & Memoir""]"
openlibrary_OL3800617W,Auguste Rodin,Rainer Maria Rilke,ro,"[""Art""]"
openlibrary_OL3877150W,Margaret Mead Made Me Gay,Esther Newton,es,"[""Biography & Memoir""]"
openlibrary_OL3944074W,Conscience & courage,Eva Fogelman,fr,"[""Biography & Memoir""]"
openlibrary_OL3980464W,Daniel Buren,"Guy Lelong, Daniel Buren",de,"[""Art""]"
openlibrary_OL3983470W,O testamento do homem da floresta,Chico Mendes,pt,"[""Biography & Memoir""]"
openlibrary_OL4125834W,My Lucky Star,Joe Keenan,cs,"[""Biography & Memoir""]"
openlibrary_OL4279476W,Paradise Valley,Robyn Carr,et,"[""General Fiction"", ""romance""]"
openlibrary_OL4331838W,Suddenly You,Lisa Kleypas,cy,"[""Romance"", ""historical romance""]"
openlibrary_OL460203W,"Colette, Beauvoir and Duras",Bethany Ladimer,fr,"[""Biography & Memoir"", ""romance""]"
openlibrary_OL4634745W,Mary McLeod Bethune,Malu Halasa,cy,"[""Children's""]"
openlibrary_OL4648950W,"Mémoires d'une portraitiste, 1755-1842","Louise-Elisabeth Vigée-Lebrun, Sandrine Fillipetti, Morris F. Tyler",fr,"[""Biography & Memoir""]"
openlibrary_OL468803W,Memoria de mis putas tristes,Gabriel García Márquez,pt,"[""Psychology"", ""romance""]"
openlibrary_OL4778083W,Home before dark,Susan Childress,da,"[""General Fiction"", ""romance""]"
openlibrary_OL488459W,Between sisters,Kristin Hannah,nl,"[""General Fiction"", ""romance""]"
openlibrary_OL48924W,Turtle Moon,Alice Hoffman,et,"[""Mystery"", ""romantic suspense"", ""Romantasy""]"
openlibrary_OL503088W,Strange bedpersons,Jennifer Crusie,da,"[""Romance""]"
openlibrary_OL504587W,Unmasking Kelsey,Kay Hooper,da,"[""Romance""]"
openlibrary_OL5170704W,England's boy king,"Edward VI King of England, Jonathan North, Edward",tl,"[""History""]"
openlibrary_OL53157W,Calico palace,Gwen Bristow,es,"[""General Fiction"", ""romance""]"
openlibrary_OL551585W,Strangers in death,Nora Roberts,de,"[""Mystery"", ""romantic suspense""]"
openlibrary_OL56568W,Flight Lessons,Patricia Gaffney,fr,"[""Literary Fiction"", ""romance""]"
openlibrary_OL56771W,Evening Class,Maeve Binchy,sv,"[""General Fiction"", ""romance""]"
openlibrary_OL5682878W,Lucky streak,Sandra Brown,sk,"[""General Fiction"", ""romance""]"
openlibrary_OL5683338W,Deep freeze,Lisa Jackson,nl,"[""Romance""]"
openlibrary_OL5683734W,Sweet Reckoning,Eugenia Riley,af,"[""Romance""]"
openlibrary_OL5692807W,Stonebrook Cottage,Carla Neggers,sv,"[""Mystery"", ""romantic suspense""]"
openlibrary_OL5693071W,Noble Destiny,Katie MacAlister,no,"[""General Fiction"", ""romance""]"
openlibrary_OL5693990W,Have you seen her?,Karen Rose,nl,"[""General Fiction"", ""romance""]"
openlibrary_OL5713830W,Paul Revere's ride,Xavier Niz,ro,"[""General Fiction""]"
openlibrary_OL5713998W,Murder at Montpelier,"Douglas B. Chambers, Chambers, Douglas B. Ph. D.",de,"[""Biography & Memoir""]"
openlibrary_OL5727290W,Queering Medieval genres,Tison Pugh,af,"[""Poetry"", ""romance""]"
openlibrary_OL5732462W,Gods in Alabama,Joshilyn Jackson,so,"[""Art"", ""romance""]"
openlibrary_OL5804300W,Sleepwalking in daylight,Elizabeth Flock,af,"[""General Fiction"", ""romance""]"
openlibrary_OL5818003W,John Sutter,"Chris Hayhurst, Rosen Publishing Group",de,"[""Children's""]"
openlibrary_OL5825984W,Jacques Cartier,Kristin Petrie,fr,"[""Children's""]"
openlibrary_OL584333W,Bonjour tristesse,Françoise Sagan,fr,"[""General Fiction"", ""romance""]"
openlibrary_OL5858014W,A million little pieces,James Frey,it,"[""General Fiction""]"
openlibrary_OL5876030W,Faithful handmaid,Hester Davenport,cy,"[""Biography & Memoir""]"
openlibrary_OL5910900W,Home before morning,Lynda Van Devanter,da,"[""Biography & Memoir""]"
openlibrary_OL5934856W,Jacques Parizeau,Pierre Duchesne,fr,"[""Biography & Memoir""]"
openlibrary_OL5950539W,Falling Stars:(Rakes#2),Anita Mills,sv,"[""Romance""]"
openlibrary_OL5955275W,Mitsui madhouse,"Herbert Zincke, Scott A. Mills",et,"[""Biography & Memoir""]"
openlibrary_OL5955733W,Isabel Allende,"Raquel Benatar, Patricia Petersen",da,"[""Children's""]"
openlibrary_OL5957480W,Mississippi Harmony,Winson Hudson,fi,"[""Biography & Memoir""]"
openlibrary_OL5969107W,Abigail Adams,Maya Glass,tl,"[""Children's""]"
openlibrary_OL5999705W,Peter Doig,"Doig, Peter, Bernhart Schwenk, Hilke Wagner, Peter Doig, Adrain Searle, Kitty Scott, Catherine Grenier, Hannes Schneider, Arnold Fanck",de,"[""Art""]"
openlibrary_OL627072W,Bend sinister,Vladimir Nabokov,de,"[""Sci-Fi"", ""sci-fi romance""]"
openlibrary_OL644386W,I promessi sposi,Alessandro Manzoni,it,"[""General Fiction"", ""romance""]"
openlibrary_OL6467077W,Led Zeppelin,"Keith Shadwick, Led Zeppelin",nl,"[""Music""]"
openlibrary_OL6560645W,"Edward, Edward",Lolah Burford,cy,"[""Romance""]"
openlibrary_OL66196W,Between Silk and Cyanide,Leo Marks,nl,"[""Biography & Memoir""]"
openlibrary_OL66614W,Lady Susan,Jane Austen,tl,"[""General Fiction"", ""romance""]"
openlibrary_OL6943752W,Te ika a Maui,Richard Taylor,sw,"[""Travel""]"
openlibrary_OL723012W,Ancient Roman gardens,Linda Farrar,nl,"[""History""]"
openlibrary_OL7278264W,Safe Passage,Mary Burchell,de,"[""General Fiction""]"
openlibrary_OL74897W,Love & conquest,"Catherine II, Empress of Russia, Catherine, Grigorii Aleksandrovich Potemkin, Douglas Smith undifferentiated",fr,"[""History""]"
openlibrary_OL76845W,"Oh, Johnny",James Lehrer,cy,"[""General Fiction"", ""romance""]"
openlibrary_OL7922959W,Margaret Macdonald,Susan Mann,sv,"[""Biography & Memoir""]"
openlibrary_OL801421W,LTI. Notizbuch eines Philologen,Victor Klemperer,de,"[""Politics""]"
openlibrary_OL8034808W,Tell Me a Mitzi,Lore Segal,it,"[""Children's""]"
openlibrary_OL8366006W,Bright Skies,Emilie Baker Loring,af,"[""Romance""]"
openlibrary_OL8454061W,Sala's Gift,Ann Kirschner,ca,"[""Biography & Memoir""]"
openlibrary_OL8535070W,W. Stanford Reid,A. Donald MacLeod,de,"[""Biography & Memoir""]"
openlibrary_OL86538W,Darkness Visible,William Styron,no,"[""Health & Fitness""]"
openlibrary_OL8668221W,Piaget for beginners,"Adriana Serulnicov, Adriana Serulnikov",no,"[""Biography & Memoir""]"
openlibrary_OL86701W,Terre des hommes,Antoine de Saint-Exupéry,fr,"[""Biography & Memoir"", ""romance""]"
openlibrary_OL879164W,Green Mansions,"W. H. Hudson, William Henry Hudson, William Henry Hudson, W. H Hudson, Henry William Hudson",af,"[""General Fiction"", ""romance""]"
openlibrary_OL891940W,Salem Falls,Jodi Picoult,de,"[""General Fiction"", ""romance""]"
openlibrary_OL891944W,Picture perfect,Jodi Picoult,ro,"[""Romance""]"
openlibrary_OL893807W,Un coeur simple,Gustave Flaubert,fr,"[""Romance""]"
openlibrary_OL89595W,Crusade in Europe,Dwight D. Eisenhower,ro,"[""Biography & Memoir"", ""History"", ""Romance"", ""historical""]"
openlibrary_OL9263498W,Ana's Story,Jenna Bush,tl,"[""General Fiction""]"
openlibrary_OL937456W,A Beautiful Mind,Sylvia Nasar,ro,"[""Science & Nature""]"
openlibrary_OL938942W,Delirio y destino,María Zambrano,es,"[""History""]"
openlibrary_OL94289W,Ever After,Karen Kingsbury,da,"[""General Fiction"", ""romance""]"
openlibrary_OL953028W,Corazón tan blanco,Javier Marías,es,"[""General Fiction"", ""romance""]"
openlibrary_OL953050W,Mañana en la batalla piensa en mí,Javier Marías,es,"[""General Fiction"", ""romance""]"
openlibrary_OL9723154W,Black Gemini,Rachael Kirby,de,"[""Romance""]"
openlibrary_OL9740723W,Desperate hoodwives,"Meesha Mink, De'nesha Diamond",af,"[""General Fiction"", ""romance""]"
openlibrary_OL979517W,Veinte poemas de amor y una canción desesperada,Pablo Neruda,es,"[""Poetry"", ""romance""]"
openlibrary_OL99257W,Storm Haven,Frank G. Slaughter,sv,"[""History"", ""romance""]"
openlibrary_OL993135W,Biografía de un cimarrón,"Esteban Montejo, Miguel Barnet, Miguel Barnet",es,"[""Biography & Memoir""]"
openlibrary_OL102390W,Je ne suis pas sortie de ma nuit,Annie Ernaux,fr,"[""Biography & Memoir""]"
openlibrary_OL103723W,Jazmin’s Notebook,Nikki Grimes,af,"[""Children's""]"
openlibrary_OL108054W,Sexual secrets,"Nik Douglas, Penny Slinger",ca,"[""Erotica""]"
openlibrary_OL1129271W,"Twinkle, twinkle, little star","Jane Taylor, Jeanette Winter",af,"[""Poetry""]"
openlibrary_OL11613669W,Alianza y condena,Claudio Rodríguez,es,"[""Poetry""]"
openlibrary_OL12304320W,Science askew,"Donald E. Simanek, Donald M Simanek, John. Holden",pl,"[""Science & Nature""]"
openlibrary_OL1282981W,In T. Lucretii Cari De rerum natura libros commentarius,Karl Lachmann,ro,"[""History""]"
openlibrary_OL12964668W,CENTRE AND PERIPHERY IN MODERN BRITISH POETRY,"ANDREW DUNCAN, Andrew Duncan",tl,"[""Poetry""]"
openlibrary_OL13112148W,Animal Analogues,Robert Williams Wood,tl,"[""Humor""]"
openlibrary_OL1324282W,Yingl Tsingl khvat,Mani Leib,tl,"[""Poetry""]"
openlibrary_OL13429W,Sang Spell,Phyllis Reynolds Naylor,tl,"[""General Fiction""]"
openlibrary_OL13632962W,LIFE OF H.L.A. HART: THE NIGHTMARE AND THE NOBLE DREAM,NICOLA LACEY,vi,"[""Biography & Memoir""]"
openlibrary_OL13641006W,OVID AND HIS LOVE POETRY,REBECCA ARMSTRONG,de,"[""Poetry""]"
openlibrary_OL13765045W,Peruvian rebel,Kathleen Weaver,id,"[""Politics""]"
openlibrary_OL13783984W,Sermo juris,Ulrich C. J. Gebhardt,lt,"[""Literary Fiction""]"
openlibrary_OL14853062W,Six promenades dans les bois du roman et d'ailleurs,Umberto Eco,fr,"[""General Fiction""]"
openlibrary_OL14900269W,Hair Dance!,Kelly Johnson,fr,"[""Poetry""]"
openlibrary_OL1505616W,Barbara Frietchie,John Greenleaf Whittier,de,"[""Poetry""]"
openlibrary_OL15167239W,Huge Blue,Patrick M. Pilarski,de,"[""Poetry""]"
openlibrary_OL151810W,I Like Stars (1998),Margaret Wise Brown,sv,"[""Poetry""]"
openlibrary_OL15185221W,Monster Lunch,Pat Skene,de,"[""Humor""]"
openlibrary_OL15202030W,Notre Dame de Paris,Victor Hugo,fr,"[""General Fiction""]"
openlibrary_OL15221946W,Little Stevie Wonder,Quincy Troupe,de,"[""Poetry""]"
openlibrary_OL15237389W,"Virgil, Aeneid 7",Publius Vergilius Maro,et,"[""Poetry""]"
openlibrary_OL15399523W,Verses by Van,Herbert Kingsford,af,"[""Poetry""]"
openlibrary_OL15452481W,Virgil's Eclogues,Publius Vergilius Maro,ca,"[""Poetry""]"
openlibrary_OL15456534W,Orchard Park,Tom Fahy,de,"[""Literary Fiction""]"
openlibrary_OL15597660W,Poems from Guantánamo,"Marc Falkoff, Flagg Miller, Ariel Dorfman, Gündüz Vassaf, Bilgin Adalı",pt,"[""Poetry""]"
openlibrary_OL15821509W,In memoriam,"Alfred Lord Tennyson, Vernon Purinton Squires",id,"[""Poetry""]"
openlibrary_OL15916935W,Renegade Poetics,Evie Shockley,ca,"[""Literary Fiction""]"
openlibrary_OL15930402W,Railway rhymes,R. Schuyler Hooke,cy,"[""Poetry""]"
openlibrary_OL15932682W,Vivos bajo tierra,Manuel Pino Toro,lt,"[""History""]"
openlibrary_OL15987993W,Ten little puppies,Alma Flor Ada,fi,"[""Poetry""]"
openlibrary_OL16064265W,As nature made him,John Colapinto,pt,"[""Science & Nature""]"
openlibrary_OL16121396W,Divine machines,Justin E. H. Smith,de,"[""Science & Nature""]"
openlibrary_OL16126623W,Us before me,Patricia M. L. Illingworth,da,"[""Politics""]"
openlibrary_OL16148925W,Slam school,Bronwen E. Low,nl,"[""Art""]"
openlibrary_OL16343378W,Solar dance,Modris Eksteins,tr,"[""Philosophy""]"
openlibrary_OL16362W,Canto a Mi Mismo,"Walt Whitman, Paul-Denis d'Homecourt, Stephen Aldahl, Jamie Pesadilla, Roycroft Shop, Benno Loewy , Jonathan Bracker, Milio Ureta Soto, Milio Ureta Soto",it,"[""Biography & Memoir""]"
openlibrary_OL16421192W,Richard Outram,Ingrid Ruthig,de,"[""Poetry""]"
openlibrary_OL16478936W,Imaginary animals,Charles Sullivan,tl,"[""Poetry""]"
openlibrary_OL16726766W,"Twinkle, twinkle little star",Charles Reasoner,af,"[""Poetry""]"
openlibrary_OL16816222W,Colorblind Angels,Renee Robinson,da,"[""Fantasy""]"
openlibrary_OL16816305W,Brilliant Blunders,Mario Livio,de,"[""History""]"
openlibrary_OL16921053W,Wonder reborn,Thomas H. Troeger,da,"[""Poetry""]"
openlibrary_OL16982284W,Walter Benjamin and Bertolt Brecht,"Erdmut Wizisla, Erdmut Wizisla, Christine Shuttleworth",de,"[""Poetry""]"
openlibrary_OL17155139W,eXperimenta 04/15,"Mario Andreotti (ed.), Rüdiger Heins (ed.)",it,"[""Poetry""]"
openlibrary_OL17305980W,Tender Points,Amy Berkowitz,de,"[""Poetry""]"
openlibrary_OL17527169W,Gendering Time In Augustan Love Elegy,Hunter H. Gardner,de,"[""Poetry""]"
openlibrary_OL17558157W,Imagining Gay Paradise,Gary L. Atkins,tl,"[""Art""]"
openlibrary_OL17577943W,CITY CHOREOGRAPHER,Alison Bick,cy,"[""Philosophy""]"
openlibrary_OL1758677W,Oku no hosomichi,"Basho Matsuo, Hamilton Basso",sk,"[""Travel""]"
openlibrary_OL17828203W,Deep down dark,Héctor Tobar,nl,"[""Biography & Memoir""]"
openlibrary_OL17883416W,Fallen beauty,Erika Robuck,de,"[""Poetry""]"
openlibrary_OL17993067W,Dancing teepees,"Virginia Driving Hawk Sneve, Stephen Gammell",nl,"[""Poetry""]"
openlibrary_OL17999183W,Amazing grace,James G. Basker,hr,"[""Poetry""]"
openlibrary_OL18194442W,Celebrate America,Nora Panzer,ro,"[""Art""]"
openlibrary_OL18220290W,Still seeking an attitude,"Valerie Kinloch, Margret Grebowicz",sv,"[""Literary Fiction""]"
openlibrary_OL18220668W,Mississippi mud,Ann Warren Turner,fi,"[""Poetry""]"
openlibrary_OL18422446W,Lyra graeca,J. M. Edmonds,cy,"[""Poetry""]"
openlibrary_OL1843361W,Modern poetry after modernism,James Longenbach,da,"[""Literary Fiction""]"
openlibrary_OL184554W,Animal Analogues,"Wood, Robert Williams",tl,"[""Humor""]"
openlibrary_OL1846351W,Man adapting,René J. Dubos,id,"[""Philosophy""]"
openlibrary_OL1852828W,Über die Religion,Friedrich Schleiermacher,de,"[""Religion & Spirituality""]"
openlibrary_OL1857774W,Our Abe Lincoln,Jim Aylesworth,fr,"[""Poetry""]"
openlibrary_OL18688947W,Intimate exposure,Adrian Grafe,ro,"[""History""]"
openlibrary_OL18779119W,Queer Blake,"Helen P. Bruder, Tristanne J. Connolly",af,"[""Psychology""]"
openlibrary_OL18823555W,Gutenberg's Gift,Nancy Willard,de,"[""Poetry""]"
openlibrary_OL19036374W,Cosmología y música en los Andes,Max Peter Baumann,es,"[""Philosophy""]"
openlibrary_OL1907607W,Interior places,Lisa Knopp,es,"[""Biography & Memoir""]"
openlibrary_OL1933112W,"Teddy bear, teddy bear","Michael Hague, Public Domain",cy,"[""Poetry""]"
openlibrary_OL1961743W,Nobel Prize women in science,Sharon Bertsch McGrayne,nl,"[""Biography & Memoir""]"
openlibrary_OL19669265W,Pandora's DNA,Lizzie Stark,pt,"[""History""]"
openlibrary_OL19671468W,Blue horses,Mary Oliver,fr,"[""Poetry""]"
openlibrary_OL19698987W,By herself,Molly McQuade,nl,"[""Literary Fiction""]"
openlibrary_OL19729501W,Advice not given,Mark Epstein,sl,"[""Psychology""]"
openlibrary_OL1973462W,On Market Street,"Arnold Lobel, Anita Lobel",no,"[""Children's""]"
openlibrary_OL19741317W,Vielleicht Esther,Katja Petrowskaja,de,"[""Biography & Memoir""]"
openlibrary_OL19749821W,Finding Langston,Lesa Cline-Ransome,tl,"[""Children's""]"
openlibrary_OL19802654W,BARDS AND BIRDS,Frederick Noël Paton,de,"[""Music""]"
openlibrary_OL19823542W,An accidental statistician,George E. P. Box,it,"[""Biography & Memoir""]"
openlibrary_OL19965356W,De la A a la Z Colombia,Beatriz Vanegas Athías,es,"[""Poetry""]"
openlibrary_OL1997828W,Roman epic,Michael von Albrecht,ro,"[""Poetry""]"
openlibrary_OL19984094W,Rebel Souls,Justin Martin,de,"[""History""]"
openlibrary_OL19984610W,Hunter killer,T. Mark McCurley,no,"[""Biography & Memoir""]"
openlibrary_OL19985681W,Rhyme schemer,K. A. Holt,de,"[""Humor""]"
openlibrary_OL19996964W,Gabriel Garcia Márquez,Georgina Lázaro León,es,"[""Poetry""]"
openlibrary_OL20000093W,Calaveras cantaditas,Eduardo Bustos,es,"[""Literary Fiction""]"
openlibrary_OL2001001W,Hey diddle diddle,Leonard P. Kessler,cy,"[""Poetry""]"
openlibrary_OL2001203W,All asleep,Charlotte Pomerantz,et,"[""Poetry""]"
openlibrary_OL2010727W,Movement in Black,"Pat Parker, Pat Parker, Juan Martín Pinilla",nl,"[""Poetry""]"
openlibrary_OL20184005W,Baudelaire in Song,Helen Abbott,fr,"[""Poetry""]"
openlibrary_OL20190629W,Mind Platter,Najwa Zebian,de,"[""Psychology""]"
openlibrary_OL20262004W,Eavan Boland,Jody Allen Randolph,tr,"[""Literary Fiction""]"
openlibrary_OL20311778W,Brummett Echohawk,Dr. Kristin M. Youngbull Ph.D.,sv,"[""Biography & Memoir""]"
openlibrary_OL20356217W,Platonismus und Esoterik in byzantinischem Mittelalter und italienischer Renaissance,Helmut Seng,de,"[""Philosophy""]"
openlibrary_OL20595259W,Édouard Glissant,Sam Coombes,fr,"[""Philosophy""]"
openlibrary_OL20620145W,Entre nous,Grant Farred,fr,"[""Philosophy""]"
openlibrary_OL20769490W,Stay Sexy & Don't Get Murdered,"Karen Kilgariff, Georgia Hardstark",de,"[""Biography & Memoir""]"
openlibrary_OL20897147W,Lienzo y papel,"Alma Flor Ada, F. Isabel Campoy",es,"[""Biography & Memoir""]"
openlibrary_OL20898516W,Ode On Jazz (Curiosities),Adam Fieled,es,"[""General Fiction""]"
openlibrary_OL20908435W,Make Me Rain,Nikki Giovanni,sw,"[""Poetry""]"
openlibrary_OL20930516W,"Virgil, Aeneid, 4.1?299",Ingo Gildenhard,et,"[""History""]"
openlibrary_OL20942522W,Unconditional love,Natalia Aggiano,it,"[""Mystery""]"
openlibrary_OL21118816W,Processual Sociology,Andrew Abbott,it,"[""Philosophy""]"
openlibrary_OL21129020W,Vulture in a Cage,"Solomon Ibn Gabirol, Raymond P. Scheindlin",ro,"[""Poetry""]"
openlibrary_OL21254426W,Art Music,Matthew Del Nevo,de,"[""Music""]"
openlibrary_OL21320873W,Bush Garden,"Northrop Frye, Lisa Moore",de,"[""Literary Fiction""]"
openlibrary_OL21493385W,Uncertain Future,"Robert I. Weiner, Richard E. Sharpless",fr,"[""Biography & Memoir""]"
openlibrary_OL2166406W,Good Woman,Lucille Clifton,so,"[""Poetry""]"
openlibrary_OL21789735W,Zweigliedrige Personennamen der Germanen,Gottfried Schramm,de,"[""Poetry""]"
openlibrary_OL21803588W,Kohnjehr Woman,Ana-Maurine Lara,de,"[""Poetry""]"
openlibrary_OL22318059W,The Chanson des chétifs and Chanson de Jérusalem,Carol Sweetenham,fr,"[""History""]"
openlibrary_OL23229213W,Edgar Allan Poe,Harold Bloom,sv,"[""Fantasy""]"
openlibrary_OL24251554W,Bog tender,George H. Szanto,da,"[""Biography & Memoir""]"
openlibrary_OL24587820W,Tanetz Slov,Ekaterina Yakovina,sl,"[""Poetry""]"
openlibrary_OL24694301W,Gato que duerme,María Cristina Ramos,es,"[""Poetry""]"
openlibrary_OL24817977W,Cock-a-doodle-doo! farmyard hullabaloo!,Giles Andreae,so,"[""Poetry""]"
openlibrary_OL24826307W,Favourite classic poets,Brian Moses,fr,"[""Biography & Memoir""]"
openlibrary_OL24838429W,Khrupkost Chuvstv,Ekaterina Yakovina,cs,"[""Literary Fiction""]"
openlibrary_OL24857074W,Twice my size,"Mitchell, Adrian",pl,"[""Poetry""]"
openlibrary_OL2495150W,Christiados libri sex,Marco Girolamo Vida,es,"[""Biography & Memoir""]"
openlibrary_OL2629072W,Ester and Ruzya,Masha Gessen,de,"[""Biography & Memoir""]"
openlibrary_OL2652471W,Uncommon Arrangements,Katie Roiphe,fr,"[""General Fiction""]"
openlibrary_OL2658984W,Titanic survivor,Violet Jessop,hr,"[""Biography & Memoir""]"
openlibrary_OL2679857W,Faint praise and civil leer,Jon Thomas Rowland,fr,"[""Poetry""]"
openlibrary_OL2681314W,Sursis pour l'orchestre,Fania Fénelon,fr,"[""Biography & Memoir""]"
openlibrary_OL2704530W,Walking light,Stephen Dunn,af,"[""Poetry""]"
openlibrary_OL2708118W,Essay on rime,Karl Jay Shapiro,fi,"[""History""]"
openlibrary_OL2719749W,Banquet at Delmonico's,Barry Werth,ca,"[""Biography & Memoir""]"
openlibrary_OL27330682W,Bucolic Ecology,Timothy Saunders,ro,"[""Poetry""]"
openlibrary_OL2733281W,Anne Sexton,Diane Wood Middlebrook,fr,"[""Biography & Memoir""]"
openlibrary_OL2736121W,Virgil's epic designs,Michael C. J. Putnam,ca,"[""Literary Fiction""]"
openlibrary_OL2740074W,"Medieval literature, style, and culture",Charles Muscatine,ro,"[""History""]"
openlibrary_OL27734684W,Abécédaire des monstres,Maude Bonenfant,fr,"[""Children's""]"
openlibrary_OL28177383W,Versos de pájaros,Mireya Cueto,pt,"[""Poetry""]"
openlibrary_OL2862557W,A Caribbean Dozen,"Grace Nichols, John Agard",hu,"[""Poetry""]"
openlibrary_OL28942880W,Canciones del colibrí,Mariana Ruiz Johnson,es,"[""Poetry""]"
openlibrary_OL2907584W,Visiting Langston,Willie Perdomo,tl,"[""Poetry""]"
openlibrary_OL2910908W,An unquiet mind,"Kay R. Jamison, Kay Redfield Jamison",fr,"[""Biography & Memoir""]"
openlibrary_OL29240393W,"Twinkle, twinkle, little star",Iza Trapani,af,"[""Poetry""]"
openlibrary_OL29317642W,Quiero ser poeta,"Rafael Garcia, marfa Torres, Antonia Moreno, Jose Carbonell, Miguel Castro",es,"[""Poetry""]"
openlibrary_OL2944357W,Cricket never does,Myra Cohn Livingston,nl,"[""Poetry""]"
openlibrary_OL2949968W,I didn't do it,Patricia MacLachlan,it,"[""General Fiction""]"
openlibrary_OL3048383W,Carmina burana,Carl Orff,tl,"[""Art""]"
openlibrary_OL3163895W,William Blake,"Phillips, Michael",sw,"[""Poetry""]"
openlibrary_OL318893W,SPIRITS REBELLIOUS,"Kahlil Gibran, jaime arbe, Anthony Rizcallah Ferris, Martin L. Wolf",de,"[""Literary Fiction""]"
openlibrary_OL3236390W,Her Words,Felicia Mitchell,da,"[""Literary Fiction""]"
openlibrary_OL32378280W,Hebräische liturgische Poesien zu den Judenverfolgungen während des Ersten Kreuzzugs,"Avraham Fraenkel, Abraham Gross, Peter Sh Lehnardt",de,"[""Poetry""]"
openlibrary_OL3240805W,But I digress,John Lennard,de,"[""History""]"
openlibrary_OL3243596W,"Amber Was Brave, Essie Was Smart",Vera B. Williams,de,"[""Poetry""]"
openlibrary_OL3252992W,"Stein, Bishop & Rich",Margaret Dickie,de,"[""Poetry""]"
openlibrary_OL3257736W,"Move over, Rover",Karen Beaumont,no,"[""General Fiction""]"
openlibrary_OL3260496W,Making an elephant,"Graham Swift, Graham Swift",tl,"[""Biography & Memoir""]"
openlibrary_OL3297254W,Lyric wonder,James Biester,nl,"[""History""]"
openlibrary_OL3341437W,Blake's nostos,Kathryn S. Freeman,sl,"[""Poetry""]"
openlibrary_OL3343157W,Museums and popular culture,"Moore, Kevin",ro,"[""Philosophy""]"
openlibrary_OL3352744W,Speaking volumes,Alessandro Barchiesi,et,"[""History""]"
openlibrary_OL3354574W,Knick Knack Paddywhack,Paul O. Zelinsky,pl,"[""Music""]"
openlibrary_OL3368286W,Falling Up,Shel Silverstein,sv,"[""Poetry""]"
openlibrary_OL3383570W,Prières dans l'arche,Carmen Bernos de Gasztold,fr,"[""Poetry""]"
openlibrary_OL3487518W,Trust in Numbers,Theodore M. Porter,de,"[""Science & Nature""]"
openlibrary_OL34965994W,Prikosnovenie Vechnosti,Ekaterina Yakovina,sk,"[""Literary Fiction""]"
openlibrary_OL3506287W,Women Latin poets,Jane Stevenson,nl,"[""Literary Fiction""]"
openlibrary_OL35130553W,U menya est seraya koshka,Ekaterina Yakovina,id,"[""Literary Fiction""]"
openlibrary_OL3518304W,Eliot to Derrida,John Harwood,es,"[""History""]"
openlibrary_OL35395W,Tender Buttons,Gertrude Stein,de,"[""General Fiction""]"
openlibrary_OL3600613W,Virgils epische Technik,Richard Heinze,de,"[""Literary Fiction""]"
openlibrary_OL3672111W,Yves Saint Laurent,"Yves Saint Laurent, Hady Sy, Beatrice Dupire, Marie-Joe Lepicard",fr,"[""Biography & Memoir""]"
openlibrary_OL3689565W,"Hickory, dickory, dock",Robin Muller,sk,"[""Poetry""]"
openlibrary_OL37981W,Stop Pretending,Sonya Sones,da,"[""Children's""]"
openlibrary_OL3861958W,Philip Larkin,"Booth, James, James Booth",tl,"[""Literary Fiction""]"
openlibrary_OL3945257W,Wittgenstein on mind and language,David G. Stern,de,"[""History""]"
openlibrary_OL3963076W,Italia romantica,Roderick Cavaliero,it,"[""Literary Fiction""]"
openlibrary_OL4095631W,Dismantling glory,Lorrie Goldensohn,tl,"[""Poetry""]"
openlibrary_OL4124426W,Virgil's Aeneid,Philip R. Hardie,et,"[""Literary Fiction""]"
openlibrary_OL41374W,Ms. Coco Is Loco!,Dan Gutman,es,"[""Children's""]"
openlibrary_OL41962W,Frank O'Hara,Marjorie Perloff,tr,"[""Art""]"
openlibrary_OL4280429W,Medieval dream-poetry,A. C. Spearing,af,"[""History""]"
openlibrary_OL4299774W,Radical Visions,Vince Gotera,it,"[""Poetry""]"
openlibrary_OL454605W,"Ovid, Aratus, and Augustus",Emma Gee,et,"[""Literary Fiction""]"
openlibrary_OL45837W,Vile Verses,Roald Dahl,de,"[""Fantasy""]"
openlibrary_OL464991W,Benjamin Franklin,Thomas J. Fleming,sl,"[""General Fiction""]"
openlibrary_OL480683W,Romantic image,Frank Kermode,it,"[""History""]"
openlibrary_OL487249W,Quinze jours au désert,Alexis de Tocqueville,fr,"[""Travel""]"
openlibrary_OL489901W,Jump ball,Mel Glenn,id,"[""Poetry""]"
openlibrary_OL495835W,Paul Revere's Ride,"Henry Wadsworth Longfellow, Revere, Paul, E.J. Hagadorn",ro,"[""Poetry""]"
openlibrary_OL4982789W,Is Your Mama a Llama,Deborah Guarino,id,"[""Children's""]"
openlibrary_OL50368W,Contes et nouvelles en vers,Jean de La Fontaine,fr,"[""Literary Fiction""]"
openlibrary_OL5111566W,Jane Austen,Josephine Ross,de,"[""Biography & Memoir""]"
openlibrary_OL5114998W,Maître Eckhart ou la joie errante,Reiner Schürmann,fr,"[""History""]"
openlibrary_OL515682W,Heroes' twilight,"Bergonzi, Bernard.",af,"[""Literary Fiction""]"
openlibrary_OL524623W,Goblin market,Christina Georgina Rosetti,no,"[""Art""]"
openlibrary_OL527182W,In Flanders Fields,Linda Granfield,de,"[""Poetry""]"
openlibrary_OL52928W,"Einstein, Picasso",Arthur I. Miller,de,"[""Science & Nature""]"
openlibrary_OL532218W,Introduction à l'étude de saint Augustin,Étienne Gilson,fr,"[""History""]"
openlibrary_OL5360058W,Modern American women poets,"Gould, Jean",nl,"[""Poetry""]"
openlibrary_OL537771W,Haiku Humor,"Stephen Addiss, Fumiko Y. Yamamoto, Akira Y. Yamamoto",sw,"[""Literary Fiction""]"
openlibrary_OL544195W,Poet Be Like God,Lewis Ellingham,af,"[""Poetry""]"
openlibrary_OL549085W,Masculine landscapes,Byrne R. S. Fone,ro,"[""Literary Fiction""]"
openlibrary_OL5654918W,Virgil's 'Aeneid': a critical description,Kenneth Quinn,ca,"[""Poetry""]"
openlibrary_OL5833474W,A Ciceronian sunburn,E. Armstrong,ro,"[""Poetry""]"
openlibrary_OL5835498W,Hey diddle diddle,Theresa Howell,cy,"[""Poetry""]"
openlibrary_OL5844986W,An Ordinary Man,"Paul Rusesabagina, Paul Rusesabagina, Tom Zoellner, Rusesabagina, Paul, Zoellner, Tom, María Luz García de la Hoz",tl,"[""Biography & Memoir""]"
openlibrary_OL5861220W,Paul Gauguin,"Eckhard Hollmann, Simon Haviland",ro,"[""Art""]"
openlibrary_OL59127W,Fire! Fire! said Mrs. McGuire,Bill Martin Jr.,fr,"[""Poetry""]"
openlibrary_OL6030722W,Buffalo dance,Frank X. Walker,it,"[""Poetry""]"
openlibrary_OL6035370W,Foreign Wife Elegy,Yuko Taniguchi,de,"[""Poetry""]"
openlibrary_OL625150W,Garbage delight,"Lee, Dennis",da,"[""Poetry""]"
openlibrary_OL627081W,Pale Fire,Vladimir Nabokov,fr,"[""General Fiction""]"
openlibrary_OL6331280W,"Mots d'heures, gousses, rames",Luis d'Antin Van Rooten,fr,"[""Humor""]"
openlibrary_OL6337999W,Modernism & Negritude,A. James Arnold,de,"[""History""]"
openlibrary_OL646611W,Arkham Asylum,"Grant Morrison, Dave McKean",tl,"[""Graphic Novel""]"
openlibrary_OL65917W,Atop an Underwood,Jack Kerouac,af,"[""Literary Fiction""]"
openlibrary_OL668313W,Inside Job,Tom Wayman,pt,"[""Literary Fiction""]"
openlibrary_OL6692190W,Confederate guerrilla Sue Mundy,"Thomas Shelby Watson, Thomas S. Watson, Perry A. Brantley",es,"[""Biography & Memoir""]"
openlibrary_OL69453W,Nova Atlantis,Francis Bacon,hr,"[""History""]"
openlibrary_OL722459W,Poet in New York,"Federico García Lorca, Greg Simon, Steven F. White, Literatura Pública",nl,"[""Poetry""]"
openlibrary_OL737133W,Virgil as Orpheus,M. Owen Lee,et,"[""Literary Fiction""]"
openlibrary_OL7797626W,Holding patterns,Daniel Matthew McGuiness,da,"[""Poetry""]"
openlibrary_OL78741W,Nine Ducks Nine,Sarah Hayes,de,"[""General Fiction""]"
openlibrary_OL8002218W,Feeling Good,C. Robert Cloninger,af,"[""Philosophy""]"
openlibrary_OL8007221W,Dhadi darbar,Michael Nijhawan,so,"[""History""]"
openlibrary_OL805657W,Théâtre d'amour,Carsten-Peter Warncke,fr,"[""Art""]"
openlibrary_OL8096452W,Media Technology,Joost Van Loon,cy,"[""Philosophy""]"
openlibrary_OL809880W,Robert Burns,Maurice Lindsay,de,"[""Biography & Memoir""]"
openlibrary_OL8103789W,Reinventing Eden,Caroly Merchant,de,"[""Philosophy""]"
openlibrary_OL82223W,Paul Valéry,William Kluback,fr,"[""Philosophy""]"
openlibrary_OL8246882W,Siren Songs,Lillian Doherty,de,"[""Literary Fiction""]"
openlibrary_OL83020W,Anna Banana,Joanna Cole,tl,"[""Children's""]"
openlibrary_OL847061W,Livro do Desassossego,Fernando Pessoa,pt,"[""General Fiction""]"
openlibrary_OL858784W,Versos sencillos,"José Martí, Manuel A. Tellechea, Anne Fountain",es,"[""Poetry""]"
openlibrary_OL867201W,Orlando innamorato di Bojardo,"Anthony Panizzi, Luigi Pulci, Matteo Maria Boiardo, Lodovico Ariosto, Mateo Maria Bojardo, Antonio Panizzi, Matteo Maria Bojardo, Bojardo, Matteo Maria conte di Scandiano., Francesco F�offano, Nicolo degli Agostini , Lodovico Domenichi, Francesco Fòffano, Boiardo Matteo Mariaor 41-1494, Matteo Boiardo, Alain-René Lesage, Tressan comte de, Aldo D. Scaglione, Pio Rajna, Charles Townley, Niccolò degli Agostini",it,"[""History"", ""romance""]"
openlibrary_OL8673943W,Never-Ending Cigarettes,Scott C. Holstad,no,"[""Poetry""]"
openlibrary_OL8717061W,Violent Passions,Tracy Adams,fr,"[""Literary Fiction""]"
openlibrary_OL872226W,Gringo viejo,Carlos Fuentes,lt,"[""General Fiction""]"
openlibrary_OL8803652W,Passage to Angkor,"Kenro Izu, Helen Ibbitson Jessup",tl,"[""Art""]"
openlibrary_OL913448W,"Agudeza y arte de ingenio, en que se explican todos los modos y differencias de conceptos, con ejemplares escogidos de todo lo más bien dicho, assi facto, como hymano","Baltasar Gracián y Morales, Aurora Egido, Benito Pelegrín",es,"[""Literary Fiction""]"
openlibrary_OL9135850W,Sol De Mi Antojo,Victor Manuel Mendiola,nl,"[""Poetry""]"
openlibrary_OL922430W,Sofies verden,Jostein Gaarder,af,"[""General Fiction""]"
openlibrary_OL9389925W,Amando a Pablo,Virginia Vallejo,pt,"[""Politics""]"
openlibrary_OL94185W,Big fat hen,"Baker, Keith",da,"[""Children's""]"
openlibrary_OL9607881W,Crime in Verse,Ellen L. O'Brien,de,"[""Mystery""]"
openlibrary_OL9794023W,Port Side Pirates,Oscar Seaworthy,pt,"[""Poetry""]"
openlibrary_OL979573W,Cien sonetos de amor,Pablo Neruda,es,"[""Poetry""]"
openlibrary_OL98225W,Here in Harlem,Walter Dean Myers,nl,"[""Poetry""]"
openlibrary_OL98259W,Angel to Angel,Walter Dean Myers,tl,"[""Poetry""]"
openlibrary_OL997620W,General store,Rachel Field,it,"[""Poetry""]"
openlibrary_OL998027W,Rubaiyat of Omar Khayyam,Omar Khayyam,so,"[""Poetry""]"
openlibrary_OL100120W,Berserker Man,Fred Saberhagen,no,"[""General Fiction""]"
openlibrary_OL103118W,Dandelion Wine,Ray Bradbury,de,"[""General Fiction""]"
openlibrary_OL10447093W,Dialogues II,"Gilles Deleuze, Claire Parnet",es,"[""Philosophy""]"
openlibrary_OL10460632W,On violence,Hannah Arendt,fr,"[""Philosophy""]"
openlibrary_OL1090507W,Grundlagen des neunzehnten Jahrhunderts,Houston Stewart Chamberlain,de,"[""History""]"
openlibrary_OL1099321W,Ante la bandera (Face au drapeau),Jules Verne,ro,"[""Literary Fiction""]"
openlibrary_OL112042W,Whales on stilts,M. T. Anderson,et,"[""Children's""]"
openlibrary_OL112724W,Sygdommen til døden,"Søren Kierkegaard, Bruce H. Kirmmse, Z. Göransson, W. Rudin",no,"[""Religion & Spirituality""]"
openlibrary_OL116386W,Multiple intelligences,Howard Gardner,it,"[""Philosophy""]"
openlibrary_OL11638738W,Ann Mandelbaum,"Ann Mandelbaum, Victoria CombalIa, Annett Reckert, Beate Ermacora, Peter Weiermair, Heinz Liesbrock, Thomas W. Sokolowski, Rudolf Schmitz, Trudy Wilner Stack",de,"[""Art""]"
openlibrary_OL121113W,Peter Eisenman,"Peter Eisenman, Emmanuel Petit, Mark Wigley",de,"[""Biography & Memoir""]"
openlibrary_OL121869W,Science fair bunnies,"Kathryn Lasky, Marylin Hafner",fr,"[""General Fiction""]"
openlibrary_OL12499540W,Ana kâ-pimwêwêhahk okakêskihkêmowina =,Jim Kâ-Nîpitêhtêw,sw,"[""History""]"
openlibrary_OL1268029W,Philosophische Fragmente,Max Horkheimer,de,"[""Philosophy""]"
openlibrary_OL13558064W,Logiques des mondes,"Alain Badiou, BADIOU ALAIN",fr,"[""Philosophy""]"
openlibrary_OL1356870W,Histoire naturelle,"Georges-Louis Leclerc, comte de Buffon, Georges Louis Leclerc De Buffon",fr,"[""History""]"
openlibrary_OL13625740W,"FORMS OF BEING: CINEMA, AESTHETICS, SUBJECTIVITY","LEO BERSANI, Leo Bersani, Ulysse Dutoit",de,"[""History""]"
openlibrary_OL13630102W,SPLICING LIFE?,"Peter Glasner, Harry Rothman",de,"[""Science & Nature""]"
openlibrary_OL13634299W,MACHIAVELLI AND EMPIRE,MIKAEL HORNQVIST,de,"[""Politics""]"
openlibrary_OL13635810W,PIERRE BOURDIEU: AGENT PROVOCATEUR,"MICHAEL GRENFELL, Michael Grenfell",tl,"[""Philosophy""]"
openlibrary_OL13640263W,DEATH AND MEDICAL POWER: AN ETHICAL ANALYSIS OF DUTCH EUTHANASIA PRACTICE,"HENK TEN HAVE, Henk ten Have, Jos Welie",de,"[""Science & Nature""]"
openlibrary_OL13666140W,BY NORTHERN LIGHTS: ON THE MAKING OF GEOGRAPHY IN SWEDEN,"ANNE BUTTIMER, Anne Buttimer, Tom Mels",de,"[""History""]"
openlibrary_OL1370134W,Von Hegel zu Nietzsche,Karl Löwith,de,"[""Philosophy""]"
openlibrary_OL1386626W,"Essays in understanding, 1930-1954",Hannah Arendt,de,"[""History""]"
openlibrary_OL1410380W,Philosophische Untersuchungen,Ludwig Wittgenstein,de,"[""Philosophy""]"
openlibrary_OL14852926W,Kant e l'ornitorinco,Umberto Eco,it,"[""Philosophy""]"
openlibrary_OL15149710W,Pride & joy,Brian K. Vaughan,es,"[""Young Adult""]"
openlibrary_OL15172770W,A Prize Inside,"Anastasia Suen, Michael Laughead, Claudia Heck, Mike Laughead",pt,"[""General Fiction""]"
openlibrary_OL15180934W,Risk Assessment,James Goss,no,"[""General Fiction""]"
openlibrary_OL15192895W,Let Sleeping Gods Lie,Tosin Coker,nl,"[""Sci-Fi""]"
openlibrary_OL15408684W,Dark Life (Dark Life #1),Kat Falls,de,"[""Sci-Fi""]"
openlibrary_OL15412275W,Bakugan Battle Brawlers,Elizabeth Hurchalla,id,"[""General Fiction""]"
openlibrary_OL15500943W,J. M. Coetzee,Carrol Clarkson,nl,"[""Philosophy""]"
openlibrary_OL15588478W,Our dark side,Élisabeth Roudinesco,tr,"[""History""]"
openlibrary_OL15798598W,Quest for Camelot,"J. J. Gardner, Vera Chapman",ca,"[""Children's""]"
openlibrary_OL15826779W,Ingo (Ingo #1),Helen Dunmore,tl,"[""Fantasy""]"
openlibrary_OL15837640W,Larklight (Larklight #1),Philip Reeve,af,"[""Sci-Fi""]"
openlibrary_OL15935993W,Dark inside,Jeyn Roberts,af,"[""Sci-Fi""]"
openlibrary_OL16018628W,Welt und Wirkungsprinzip,Werner Landgraf,de,"[""Science & Nature""]"
openlibrary_OL16153293W,Fragmented Dhaka,Elisa T. Bertuzzo,nl,"[""Philosophy""]"
openlibrary_OL16231770W,Deutsche Ideologie,"Karl Marx, Friedrich Engels",de,"[""Business & Economics""]"
openlibrary_OL16290776W,Ursula K. Le Guin,Harold Bloom,fr,"[""Sci-Fi""]"
openlibrary_OL1633835W,Animal lessons,Kelly Oliver,fr,"[""Science & Nature""]"
openlibrary_OL16342071W,Circus Galacticus,Deva Fagan,ca,"[""Sci-Fi""]"
openlibrary_OL16557973W,Shine shine shine,Lydia Netzer,sq,"[""General Fiction"", ""romance""]"
openlibrary_OL16576784W,Pilot & Huxley,Dan McGuiness,tl,"[""Children's""]"
openlibrary_OL16636709W,Delinquent girls,"Shari Miller, Leslie D. Leve, Patricia Kerig",ca,"[""Psychology""]"
openlibrary_OL16646363W,Halo Kilo-Five Trilogy,Karen Traviss,sl,"[""General Fiction""]"
openlibrary_OL16661012W,Tree cultures,Owain Jones,ro,"[""Philosophy""]"
openlibrary_OL16799769W,Shadow Ops,Myke Cole,so,"[""Fantasy"", ""fantasy romance""]"
openlibrary_OL16816915W,Burn (Pure #3),Julianna Baggott,de,"[""Sci-Fi""]"
openlibrary_OL16960816W,Game cultures,Jon Dovey,ro,"[""Philosophy""]"
openlibrary_OL17052522W,La Fête de l'insignifiance,Milan Kundera,fr,"[""Philosophy""]"
openlibrary_OL17072923W,Shinobi life,Shōko Konami,sw,"[""Graphic Novel"", ""romance""]"
openlibrary_OL17187701W,"Foragers, farmers, and fossil fuels","Ian Morris, Margaret Atwood, Christine M. Korsgaard, Stephen Macedo",da,"[""History""]"
openlibrary_OL17318211W,Bitch Planet #1,Kelly  Sue DeConnick,de,"[""Graphic Novel"", ""Sci-Fi""]"
openlibrary_OL17331722W,Questionable practices,Eileen Gunn,fr,"[""Sci-Fi""]"
openlibrary_OL1733743W,Artists emerging,"Sheila Paine, Tom Phillips",de,"[""Art""]"
openlibrary_OL17361336W,Fester's Quest,Sunsoft of America,fr,"[""Humor""]"
openlibrary_OL17365085W,Citizen Scientist,Mary Ellen Hannibal,de,"[""Science & Nature""]"
openlibrary_OL17400038W,Critiquing Sustainability Changing Philosophy,Jenneth Parker,tl,"[""Philosophy""]"
openlibrary_OL17441282W,Shadow Of Freedom,David Weber,so,"[""General Fiction"", ""Sci-Fi""]"
openlibrary_OL17454175W,Cibola burn,James S. A. Corey,so,"[""General Fiction"", ""Sci-Fi""]"
openlibrary_OL17479166W,S.O.S. C'e Un Topo Nello Spazio!,Elisabetta Dami,it,"[""Children's""]"
openlibrary_OL17480664W,Bad Moon Rising,Jesse Leon McCann,tl,"[""Graphic Novel""]"
openlibrary_OL17557211W,Maggot Moon,Sally Gardner,tl,"[""General Fiction"", ""Sci-Fi""]"
openlibrary_OL17716363W,"My Hero Academia, Vol. 3",Kohei Horikoshi,es,"[""Graphic Novel""]"
openlibrary_OL17752642W,Spill Zone,"Scott Westerfeld, Alex Puvilland",it,"[""Children's""]"
openlibrary_OL17902799W,Meet Optimus Primal,Jennifer Fox,et,"[""Children's""]"
openlibrary_OL17903366W,A dangerous liaison,Carole Seymour-Jones,fr,"[""Philosophy""]"
openlibrary_OL17906914W,Inside divergent,Cecilia Bernard,af,"[""General Fiction""]"
openlibrary_OL18014838W,Destinos divididos  ,Veronica Roth,pt,"[""General Fiction""]"
openlibrary_OL18158057W,Dust lands,Moira Young,nl,"[""Children's""]"
openlibrary_OL18173455W,Monument 14,Emmy Laybourne,ro,"[""Young Adult"", ""Sci-Fi""]"
openlibrary_OL18179575W,Star Wars vs. Star Trek,Matt Forbeck,sv,"[""Sci-Fi""]"
openlibrary_OL1819657W,Animal liberation,Peter Singer,it,"[""Philosophy""]"
openlibrary_OL18240583W,Mental causation,"John Heil, Alfred R. Mele",it,"[""Philosophy""]"
openlibrary_OL18295230W,Environmental pragmatism,Eric Katz,ca,"[""Philosophy""]"
openlibrary_OL1829792W,"Wittgenstein, Mind and Meaning",Meredith Williams,de,"[""Philosophy""]"
openlibrary_OL1852659W,Star Trek Deep Space Nine - Bloodletter,K. W. Jeter,nl,"[""General Fiction""]"
openlibrary_OL1859578W,After Heaven,Robert Wuthnow,da,"[""Religion & Spirituality""]"
openlibrary_OL1870556W,Pedagogia do Oprimido,Paulo Freire,pt,"[""Philosophy""]"
openlibrary_OL18880165W,Aristotle in late antiquity,Lawrence P. Schrenk,fr,"[""Philosophy""]"
openlibrary_OL19049210W,GENDER AND LANDSCAPE: RENEGOTIATING MORALITY AND SPACE; ED. BY LORRAINE DOWLER,"Lorraine Dowler, Josephine Carubia, Bonj Szczygiel",de,"[""Philosophy""]"
openlibrary_OL1906801W,Endangered minds,Jane M. Healy,da,"[""Psychology""]"
openlibrary_OL1910548W,Cuentos de vacaciones (narraciones seudocientíficas),"Santiago Ramón y Cajal, Laura Otis",es,"[""Sci-Fi""]"
openlibrary_OL19360424W,Ezra's Gamble,Ryder Windham,ca,"[""Children's""]"
openlibrary_OL19367934W,"My Hero Academia, Vol. 2",Kohei Horikoshi,es,"[""Graphic Novel""]"
openlibrary_OL1943062W,Museum memories,Didier Maleuvre,pt,"[""History""]"
openlibrary_OL19664578W,"My Hero Academia, Vol. 1","Kohei Horikoshi, Daruma Serveis Lingüistics  S.L.",es,"[""Graphic Novel""]"
openlibrary_OL1969058W,Inner revolution,Robert A. F. Thurman,it,"[""Religion & Spirituality""]"
openlibrary_OL19705942W,Fugitive X,Gregg Rosenblum,it,"[""Sci-Fi""]"
openlibrary_OL19735728W,Geeked Out,Obert Skye,af,"[""Humor""]"
openlibrary_OL19738218W,Against elections,David Van Reybrouck,fr,"[""Philosophy""]"
openlibrary_OL19741345W,Ursula K. Le Guin,Ursula K. Le Guin,fr,"[""Literary Fiction""]"
openlibrary_OL19747166W,Not so normal Norbert,"James Patterson, Joey Green",no,"[""Humor""]"
openlibrary_OL19749295W,Adrian Piper,"Adrian Piper, Christophe Cherix, Cornelia H. Butler, David Platzker",id,"[""Psychology""]"
openlibrary_OL19751452W,Plague land,Alex Scarrow,es,"[""General Fiction"", ""Sci-Fi""]"
openlibrary_OL19963113W,When we wake,Karen Healey,sw,"[""General Fiction"", ""Sci-Fi""]"
openlibrary_OL19976512W,Indigenous bodies,"Jacqueline Fear-Segal, Rebecca Tillett",af,"[""Art""]"
openlibrary_OL1998744W,Nous n'avons jamais été modernes,Bruno Latour,fr,"[""Science & Nature""]"
openlibrary_OL19987685W,Dead zone,Robison E. Wells,nl,"[""Sci-Fi""]"
openlibrary_OL19995129W,Does altruism exist?,David Sloan Wilson,ca,"[""Psychology""]"
openlibrary_OL20000173W,Strange skies,Kristi Helvig,af,"[""Children's""]"
openlibrary_OL20013295W,Crucible zero,Devon Monk,ro,"[""General Fiction"", ""Sci-Fi""]"
openlibrary_OL20024806W,Science fair disaster!,Ray O'Ryan,fr,"[""Sci-Fi""]"
openlibrary_OL20026390W,"Paper girls, Vol. 1","Brian K. Vaughan, Cliff Chiang",ca,"[""Graphic Novel"", ""Sci-Fi""]"
openlibrary_OL2003035W,Alas Babylon,"Pat Frank, Pat Frank",tl,"[""General Fiction""]"
openlibrary_OL20037739W,Play anything,Ian Bogost,tl,"[""Science & Nature""]"
openlibrary_OL20040277W,Karl Marx,Gareth Stedman Jones,tr,"[""Politics""]"
openlibrary_OL20040705W,Dark ghettos,Tommie Shelby,no,"[""Philosophy""]"
openlibrary_OL20051299W,Teenage Mutant Ninja Turtles,Kevin B. Eastman,et,"[""Graphic Novel""]"
openlibrary_OL20060137W,Justice League vs. Suicide Squad,"Joshua Williamson, Tim Seeley, Rob Williams, Simon Spurrier, Jay Fabok, Tony S. Daniel, Jesús Merino, Fernando Pasarin, Alex Sinclair, Ivan Plascencia, Rob Leigh",es,"[""Graphic Novel""]"
openlibrary_OL20131300W,Remote Control,Caetlin Benson-Allott,it,"[""History""]"
openlibrary_OL20198403W,Critique de la raison nègre,Achille Mbembe,fr,"[""Philosophy""]"
openlibrary_OL20338158W,Fair Play,"Robert L. Simon, Cesar R. Torres, Peter F. Hager",tr,"[""Philosophy""]"
openlibrary_OL20346198W,From Above,"Peter Adey, Mark Whitehead, Alison Williams",sk,"[""Politics""]"
openlibrary_OL20346899W,Designing Sustainability,Stuart Walker,tl,"[""Psychology""]"
openlibrary_OL20347060W,Public Trials,Lida Maxwell,ca,"[""Philosophy""]"
openlibrary_OL20849594W,Warlord's revenge,Zac Harrison,nl,"[""Children's""]"
openlibrary_OL20874547W,Rocket ride,Jan Burchett,sv,"[""Children's""]"
openlibrary_OL20898901W,Klaus von Beyme,Klaus Beyme,de,"[""Philosophy""]"
openlibrary_OL20916067W,Critical Point,S. L. Huang,ro,"[""Sci-Fi""]"
openlibrary_OL20987567W,Mind Matters,David M. Steier,de,"[""Psychology""]"
openlibrary_OL21035720W,Gecko Gladiator,Ali Sparkes,sk,"[""Children's""]"
openlibrary_OL21126290W,Presidential Doctrines,"Joseph M. Siracusa, Aiden Warren",es,"[""Philosophy""]"
openlibrary_OL21126598W,Adoring Outlander,Valerie Estelle Frankel,de,"[""Sci-Fi""]"
openlibrary_OL21153617W,Unequivocal Justice,Christopher Freiman,es,"[""Philosophy""]"
openlibrary_OL21179028W,Arena two,Morgan Rice,pl,"[""Sci-Fi""]"
openlibrary_OL21254671W,"Pragmatism, Law, and Language","Graham Hubbs, Douglas W. Lind",tl,"[""Philosophy""]"
openlibrary_OL2127314W,Séminaire de Jacques Lacan,Jacques Lacan,fr,"[""Philosophy""]"
openlibrary_OL21359416W,Dove mi trovo,Jhumpa Lahiri,sk,"[""General Fiction""]"
openlibrary_OL21672431W,Radical Utu,Besi Brillian Muhonja,ro,"[""History""]"
openlibrary_OL21916301W,We Could Be Heroes,Mike Chen,nl,"[""General Fiction""]"
openlibrary_OL2270654W,'You're so fat',Roger Willson Spielmann,fr,"[""Philosophy""]"
openlibrary_OL23165579W,Summer wars,Mamoru Hosoda,af,"[""Graphic Novel""]"
openlibrary_OL24230770W,The Schrödinger Girl,Laurel Brett,de,"[""Sci-Fi""]"
openlibrary_OL24294850W,Rebel Wing (Rebel Wing #1),Tracy Banghart,de,"[""Children's"", ""Sci-Fi""]"
openlibrary_OL24823846W,Droids in distress,Michael Kogge,af,"[""General Fiction""]"
openlibrary_OL25219574W,Gendering Smart Mobilities,"Tanu Priya Uteng, Hilda Rømer Christensen, Lena Levin",de,"[""Travel""]"
openlibrary_OL2538227W,Veniss underground,Jeff VanderMeer,de,"[""General Fiction"", ""Sci-Fi""]"
openlibrary_OL25419745W,R. Buckminster Fuller,"R. Buckminster Fuller, Daniel López-Pérez",de,"[""Science & Nature""]"
openlibrary_OL25683465W,J. M. R. -Lenz-Handbuch,"Julia Freytag, Inge Stephan, Hans-Gerd Winter",de,"[""Literary Fiction""]"
openlibrary_OL2670283W,Anthony Giddens,Stjepan Gabriel Meštrović,cy,"[""Science & Nature""]"
openlibrary_OL2677630W,Art in Mind,Ernst van Alphen,de,"[""Art""]"
openlibrary_OL26823929W,Dieu et l’État,Mikhail Aleksandrovich Bakunin,fr,"[""Religion & Spirituality""]"
openlibrary_OL26872W,Naissance de la clinique,Michel Foucault,fr,"[""History""]"
openlibrary_OL2717222W,God of Abraham,Lenn Evan Goodman,so,"[""History""]"
openlibrary_OL2729056W,False hopes,Daniel Callahan,nl,"[""Philosophy""]"
openlibrary_OL2730680W,Afrikan mothers,Nah Dove,af,"[""Philosophy""]"
openlibrary_OL27640W,Dante's equation,Jane Jensen,fr,"[""General Fiction""]"
openlibrary_OL2832841W,ElfQuest archives,"Wendy Pini, Richard Pini",fr,"[""General Fiction""]"
openlibrary_OL28594819W,Rediscovering Dewey,Steven Simpson,nl,"[""Philosophy""]"
openlibrary_OL2911260W,Radical ecology,Carolyn Merchant,it,"[""Philosophy""]"
openlibrary_OL2928020W,Scientific progress,Craig Dilworth,it,"[""Science & Nature""]"
openlibrary_OL2937539W,Einstein's dreams,Alan P. Lightman,de,"[""General Fiction""]"
openlibrary_OL2941103W,Postmodern geographies,Edward W. Soja,de,"[""Philosophy"", ""Sci-Fi""]"
openlibrary_OL29505W,Riding Shotgun,Rita Mae Brown,id,"[""General Fiction""]"
openlibrary_OL2964671W,Past looking,Michael Ann Holly,et,"[""Art""]"
openlibrary_OL3092106W,Star Trek - Deep Domain,Howard Weinstein,nl,"[""Sci-Fi""]"
openlibrary_OL30934W,Rabbi Jeremiah,Jacob Neusner,id,"[""Literary Fiction""]"
openlibrary_OL3126970W,Totalité et Infini,Emmanuel Levinas,fr,"[""Philosophy""]"
openlibrary_OL3130739W,Freedom in Response,Oswald Bayer,nl,"[""Science & Nature""]"
openlibrary_OL3138406W,Leon Golub,Leon Golub,fr,"[""Politics""]"
openlibrary_OL31391301W,A Time Travel Dialogue,John W. Carroll,it,"[""Philosophy""]"
openlibrary_OL3242204W,Being in time,Genevieve Lloyd,de,"[""Literary Fiction""]"
openlibrary_OL3457381W,Ecological understanding,"Steward T. Pickett, Steward T.A. Pickett, Jurek Kolasa, Clive G. Jones",it,"[""Philosophy""]"
openlibrary_OL3463725W,Imaging Aristotle,Claire Richter Sherman,tl,"[""Literary Fiction""]"
openlibrary_OL3471661W,Lucifer Principle,Howard K. Bloom,ca,"[""History""]"
openlibrary_OL3477979W,Master Sorai's responsals,Sorai Ogyū,ca,"[""Cooking""]"
openlibrary_OL3479975W,Darwinism evolving,"David J. Depew, Bruce H. Weber",af,"[""Philosophy""]"
openlibrary_OL3743026W,Melville's muse,John Paul Wenke,et,"[""Literary Fiction""]"
openlibrary_OL3752869W,Sociological Cultural Studies,Gregor McLennan,ro,"[""Philosophy""]"
openlibrary_OL3922010W,Imperial ends,Alexander J. Motyl,ca,"[""History""]"
openlibrary_OL3923520W,Culture & truth,Renato Rosaldo,ro,"[""Philosophy""]"
openlibrary_OL3951201W,Gemini Game,"Michael Scott, Michael Scott",de,"[""General Fiction""]"
openlibrary_OL4018335W,Secret Clique (Replica),Marilyn Kaye,ca,"[""General Fiction""]"
openlibrary_OL4043046W,Herbert's wormhole,"Nelson, Peter",nl,"[""General Fiction""]"
openlibrary_OL4049087W,靈山 = Ling shan,Gao Xingjian,tl,"[""Travel""]"
openlibrary_OL4301765W,Moral imagination,"Johnson, Mark",it,"[""Philosophy""]"
openlibrary_OL4474212W,From paradise to paradigm,Willemien Otten,pt,"[""History""]"
openlibrary_OL4484393W,Tai yi jin hua zong zhi jin yi,"Dongbin Lü, Richard Wilhelm, Carl Gustav Jung",sw,"[""Religion & Spirituality""]"
openlibrary_OL4494335W,Arrête-moi si tu peux,"Frank W. Abagnale, Stan Redding, Frank W. Abagnale Jr.",fr,"[""Biography & Memoir""]"
openlibrary_OL4566261W,Body movement,Irmgard Bartenieff,sk,"[""Psychology""]"
openlibrary_OL4649482W,Deleuze on cinema,Ronald Bogue,nl,"[""Philosophy""]"
openlibrary_OL467290W,Make Room! Make Room!,Harry Harrison,af,"[""General Fiction""]"
openlibrary_OL4687650W,"Testigo, víctima, profeta",Angel Alcalá,pt,"[""Philosophy""]"
openlibrary_OL473476W,Star Born,Andre Norton,sv,"[""Literary Fiction"", ""Sci-Fi""]"
openlibrary_OL473559W,I Have Landed,"Stephen Jay Gould, Joandomènec Ros",da,"[""History""]"
openlibrary_OL473561W,Eight Little Piggies,Stephen Jay Gould,de,"[""History""]"
openlibrary_OL477815W,Skin Folk,Nalo Hopkinson,no,"[""Sci-Fi""]"
openlibrary_OL480294W,"Star Trek - Double, Double",Michael Jan Friedman,no,"[""Sci-Fi""]"
openlibrary_OL493660W,Men don't cry-- women do,"Terry L. Martin, Terry Martin",nl,"[""Psychology""]"
openlibrary_OL49485W,Ender in Exile,Orson Scott Card,de,"[""Travel"", ""Sci-Fi""]"
openlibrary_OL497945W,Dead water,Barbara Hambly,af,"[""General Fiction""]"
openlibrary_OL499785W,Reckoning words,Diana B Altegoer,af,"[""Literary Fiction""]"
openlibrary_OL522176W,Star Wars - Young Jedi Knights - Jedi Under Siege,"Kevin J. Anderson, Rebecca Moesta",de,"[""Young Adult""]"
openlibrary_OL542658W,Esthétique de la disparition,Paul Virilio,fr,"[""Philosophy""]"
openlibrary_OL5567662W,Gödel's proof,"Ernest Nagel, James Roy Newman",sv,"[""Science & Nature""]"
openlibrary_OL566243W,Libidinal economy,"Jean-François Lyotard, Emre Sunter Jean Francois Lyotard, Jean François Lyotard",it,"[""Business & Economics""]"
openlibrary_OL5683559W,Wizard At Large,Terry Brooks,de,"[""General Fiction""]"
openlibrary_OL5687767W,Friend or Foe (Outernet),"Steve Barlow, Steve Skidmore",da,"[""General Fiction""]"
openlibrary_OL5721979W,Spider riders,"Tedd Anasti, Patsy Cameron-Anasti, Stephen D. Sullivan",da,"[""General Fiction""]"
openlibrary_OL5722765W,Digital archaeology,Thomas L. Evans,cy,"[""Philosophy""]"
openlibrary_OL5733574W,Ancient fire,Mark London Williams,fr,"[""Sci-Fi""]"
openlibrary_OL5738255W,Eating animals,Jonathan Safran Foer,tl,"[""General Fiction""]"
openlibrary_OL575636W,Továrna na absolutno,Karel Čapek,sk,"[""Sci-Fi""]"
openlibrary_OL5817718W,Digital matters,Jan Ll Harris,it,"[""Philosophy""]"
openlibrary_OL5820491W,Beautiful lies,Lisa Unger,ro,"[""Mystery""]"
openlibrary_OL5832345W,Henri Lefebvre,Andy Merrifield,nl,"[""Biography & Memoir"", ""General Fiction"", ""Philosophy"", ""Science & Nature"", ""Sci-Fi""]"
openlibrary_OL5836749W,Deleuze And Environmental Damage,Mark Halsey,nl,"[""Philosophy""]"
openlibrary_OL5844259W,Seeing Double,Peter Pesic,de,"[""Literary Fiction""]"
openlibrary_OL5850152W,Flora Segunda (Flora Trilogy #1),Ysabeau S. Wilce,pt,"[""Fantasy""]"
openlibrary_OL59736W,Revolt in 2100,Robert A. Heinlein,nl,"[""Sci-Fi""]"
openlibrary_OL5999606W,Future West,William H. Katerberg,de,"[""Sci-Fi""]"
openlibrary_OL606926W,Formes élémentaires de la vie religieuse,Émile Durkheim,fr,"[""Philosophy""]"
openlibrary_OL63429W,Che Guevara reader,Che Guevara,es,"[""History""]"
openlibrary_OL646948W,Kodi i punës i Republikës së Shqipërisë,Slavoj Žižek,sq,"[""Politics""]"
openlibrary_OL6568087W,Star Trek,Gene Roddenberry,sv,"[""General Fiction""]"
openlibrary_OL65723W,A man to slay dragons,Meagan McKinney,tl,"[""Mystery"", ""romantic suspense""]"
openlibrary_OL6776954W,Gerhard Richter,"Gerhard Richter, Andreas Hapkemeyer, Peter Weiermar",de,"[""Philosophy""]"
openlibrary_OL73304W,Acorna's Quest,"Anne McCaffrey, Margaret Ball",ca,"[""General Fiction""]"
openlibrary_OL73372W,Nerilka's Story,Anne McCaffrey,sv,"[""General Fiction""]"
openlibrary_OL74293W,Riddley Walker,Russell Hoban,so,"[""General Fiction"", ""Sci-Fi""]"
openlibrary_OL7923838W,EXECUTION CHANNEL,Ken MacLeod,ca,"[""Sci-Fi""]"
openlibrary_OL8090601W,Essays on Music,Theodor W. Adorno,fi,"[""Music""]"
openlibrary_OL8115256W,Elfangor's Secret,Katherine Applegate,ca,"[""Sci-Fi""]"
openlibrary_OL8126259W,Star Trek - New Frontier,Peter David,nl,"[""General Fiction""]"
openlibrary_OL81342W,Wahrheit und Methode,Hans-Georg Gadamer,de,"[""Philosophy""]"
openlibrary_OL81649W,Blue Mars,Kim Stanley Robinson,fr,"[""General Fiction"", ""Sci-Fi""]"
openlibrary_OL83895W,Gods and Generals,"Jeff Shaara, Jeff Shaara",de,"[""General Fiction""]"
openlibrary_OL8448659W,Savage perils,Patrick B. Sharp,no,"[""History""]"
openlibrary_OL8548295W,X-23: Innocence Lost,"Craig Kyle, Christopher Yost, Billy Tan",es,"[""Graphic Novel""]"
openlibrary_OL871373W,White Jade Tiger,"Julie Lawson, Julie Lawson",de,"[""Children's""]"
openlibrary_OL8782866W,Gunnm last order,Yukito Kishiro,no,"[""Graphic Novel""]"
openlibrary_OL8873939W,Paul's True Rhetoric,Mark D. Given,ro,"[""Philosophy""]"
openlibrary_OL9043996W,Let Me Stand Alone,Rachel Corrie,de,"[""Philosophy""]"
openlibrary_OL909818W,Pirate's cross,Sigmund Brouwer,pt,"[""General Fiction""]"
openlibrary_OL909896W,Oxygen Level Zero (Mars Diaries),Sigmund Brouwer,nl,"[""General Fiction""]"
openlibrary_OL9210668W,Making Parents,Charis Thompson,tl,"[""Psychology""]"
openlibrary_OL9348321W,Deep Economy,Hans-Dirk Van Hoogstraten,nl,"[""Business & Economics""]"
openlibrary_OL9380377W,Generating Bodies And Gendered Selves,Eve Keller,de,"[""History""]"
openlibrary_OL93931W,Différence et répétition,Gilles Deleuze,fr,"[""Philosophy""]"
openlibrary_OL94063W,Darwinian myths,Edward Caudill,cy,"[""Philosophy""]"
openlibrary_OL98169W,Zur Genealogie der Moral,Friedrich Nietzsche,de,"[""Philosophy""]"
openlibrary_OL9841731W,Kids killing kids,"Thomas Capozzoli, Thomas K. Capozzoli, R. Steve McVey",da,"[""Business & Economics""]"
openlibrary_OL9999519W,Theorie de la jeune fille,"Tiqqun, Diego L. Sanromán, Carmen Rivera Parra",fr,"[""Psychology""]"
openlibrary_OL102548W,Star Trek - Log Five,Alan Dean Foster,no,"[""General Fiction""]"
openlibrary_OL1087210W,De proprietatibus rerum,Bartholomaeus Anglicus,ro,"[""Science & Nature""]"
openlibrary_OL1099641W,Michel Strogoff,Jules Verne,de,"[""Literary Fiction""]"
openlibrary_OL11600157W,Bounty & Benevolence,"Frank Tough, Frank J. Tough, J.R Miller, Arthur J. Ray",nl,"[""History""]"
openlibrary_OL11890106W,Endangered daughters,Elisabeth J Croll,da,"[""Science & Nature""]"
openlibrary_OL11955252W,Gender development,Judith E. Owen Blakemore,nl,"[""Psychology""]"
openlibrary_OL11988879W,Environmental forensics,"Robert D. Morrison, Brian L. Murphy",ca,"[""Science & Nature""]"
openlibrary_OL12026886W,Why kids kill,Peter F. Langman,fi,"[""Psychology""]"
openlibrary_OL12231000W,Making mice,Karen A. Rader,tl,"[""History""]"
openlibrary_OL12284356W,Pichi pichi pitch,"Pinku Hanamori, Pink Hanamori, Michiko Yokote",it,"[""Graphic Novel""]"
openlibrary_OL12335557W,Multiple intelligences,"Mindy L Kornhaber, Mindy Kornhaber, Edward Fierros, Shirley Veenema",it,"[""Psychology""]"
openlibrary_OL13628729W,"STRESS, THE BRAIN AND DEPRESSION","Praag, Herman M. Van (Herman Meir)",de,"[""Self-Help""]"
openlibrary_OL13757114W,"CANCER, STRESS, AND DEATH",Stacey B. Day MD,de,"[""Psychology""]"
openlibrary_OL14858406W,Doomsday book,Connie Willis,so,"[""Fantasy""]"
openlibrary_OL14865915W,Risk and blame,Mary Douglas,da,"[""Psychology""]"
openlibrary_OL14920136W,Demons and druids,"James Patterson, Adam Sadler",af,"[""General Fiction"", ""Sci-Fi""]"
openlibrary_OL14949644W,Executive intent,Dale Brown,ro,"[""General Fiction""]"
openlibrary_OL14961398W,Superior Saturday,Garth Nix,id,"[""Children's""]"
openlibrary_OL15081978W,Mosquito empires,John Robert McNeill,pt,"[""History""]"
openlibrary_OL15330814W,Guilt and defense,Theodor W. Adorno,de,"[""History""]"
openlibrary_OL15440026W,Alien encounter,Pamela F. Service,es,"[""Sci-Fi""]"
openlibrary_OL15564629W,Pursuing Amy,Marilyn Kaye,tl,"[""Children's"", ""Sci-Fi""]"
openlibrary_OL15640060W,Frozen in time,Ali Sparkes,nl,"[""Sci-Fi""]"
openlibrary_OL15687415W,IL SEGRETO DEL VENTO,Sergio Pisciotta,ca,"[""Science & Nature""]"
openlibrary_OL15902531W,Ending Obama's war,David Cortright,tl,"[""Science & Nature""]"
openlibrary_OL15947844W,J.G. Ballard,Jeannette Baxter,tr,"[""Literary Fiction""]"
openlibrary_OL15963193W,ExamKrackers MCAT,Jonathan Orsay,de,"[""Science & Nature""]"
openlibrary_OL16018441W,Electronics for Guitarists,Denton J. Dailey,ca,"[""Science & Nature""]"
openlibrary_OL16027122W,Vital signs 2007-2008,Worldwatch Institute,ca,"[""Business & Economics""]"
openlibrary_OL16059657W,Facts & Fallacies,DK Publishing,ca,"[""Science & Nature""]"
openlibrary_OL16120925W,Home sweet drama,Jessica Burkhart,nl,"[""Psychology""]"
openlibrary_OL16140064W,Singapore's Ageing Population,Wing-Cheong Chan,tl,"[""Health & Fitness""]"
openlibrary_OL16495608W,Human parasitology,Burton J. Bogitsh,tl,"[""Health & Fitness""]"
openlibrary_OL16615624W,Vote for me!,Robin Palmer,da,"[""Art""]"
openlibrary_OL16672762W,Biosignal processing,"Hualou Liang, Joseph D. Bronzino, Peterson, Donald R.",it,"[""Art""]"
openlibrary_OL16686402W,Food culture in colonial Asia,Cecilia Leong-Salobir,ro,"[""Cooking""]"
openlibrary_OL16701741W,Cyber war,Richard A. Clarke,cy,"[""Sci-Fi""]"
openlibrary_OL16792328W,MYSTERY VALLEY ou Le secret du peuple de la rivière,Nicole Dargère,fr,"[""Mystery""]"
openlibrary_OL16812871W,Original Local,Heid E. Erdrich,it,"[""Cooking""]"
openlibrary_OL16821101W,Stink Solar System Superhero,Megan McDonald,de,"[""Children's""]"
openlibrary_OL16928654W,Anatomical Imaging,Hideki Endō,tl,"[""Science & Nature""]"
openlibrary_OL16939704W,Fat shame,Amy Erdman Farrell,sq,"[""Psychology""]"
openlibrary_OL16963453W,Signal transduction,B. D. Gomperts,fr,"[""Science & Nature""]"
openlibrary_OL16971590W,Comparative primate socioecology,Phyllis C. Lee,it,"[""Science & Nature""]"
openlibrary_OL16971661W,Qualitative data analysis,"Matthew B. Miles, A. Michael Huberman",it,"[""Science & Nature""]"
openlibrary_OL16987919W,Biological invasions,David Pimentel,it,"[""Science & Nature""]"
openlibrary_OL16998933W,Urological emergencies,"Hunter Wessells, Jack W. McAninch",es,"[""Health & Fitness""]"
openlibrary_OL17081864W,Spell Robbers,Matthew J. Kirby,sv,"[""Children's""]"
openlibrary_OL17355858W,Four Friends,Robyn Carr,de,"[""General Fiction""]"
openlibrary_OL17438123W,"Pluto, Vol. 1","Osamu Tezuka, Naoki Urasawa, Takashi Nagasaki, Daruma Serveis Lingüistics  S.L.",it,"[""Sci-Fi""]"
openlibrary_OL17503004W,Alpine Waters,Ulrich Bundi,de,"[""Science & Nature""]"
openlibrary_OL175865W,Just Listen,Sarah Dessen,de,"[""Young Adult""]"
openlibrary_OL17667665W,Girl parts,John Cusick,ca,"[""Children's""]"
openlibrary_OL17669708W,A secret kept,Tatiana de Rosnay,hu,"[""General Fiction""]"
openlibrary_OL17713267W,Deep Work,Cal Newport,nl,"[""Business & Economics""]"
openlibrary_OL17725487W,Vagina : una nueva biografía de la sexualidad femenina. - 1. edición,"Naomi Wolf, Наоми Вульф, Мария Рыбакова",es,"[""Psychology""]"
openlibrary_OL17782521W,Violent offenders,"Vernon L. Quinsey, Grant T. Harris, Marnie E. Rice, Catherine A. Cormier",da,"[""Mystery""]"
openlibrary_OL17843491W,Star Wars - Ahsoka,E. K. Johnston,sv,"[""Children's""]"
openlibrary_OL17850587W,Lizard loopy,Ali Sparkes,es,"[""Children's""]"
openlibrary_OL17865018W,Invisible crises,"George Gerbner, Hamid Mowlana",fr,"[""Politics""]"
openlibrary_OL17867772W,Murder is no accident,Deborah Prothrow-Stith,es,"[""Psychology""]"
openlibrary_OL17881493W,Star Wars rebels,Sadie Smith,sv,"[""General Fiction""]"
openlibrary_OL17885346W,Managing to make it,"Frank F. Furstenberg, Jr., Frank F. Furstenberg, Thomas D. Cook, Jacquelynne Eccles, Jr., Glen H. Elder",tl,"[""Health & Fitness""]"
openlibrary_OL17906574W,Frog freakout,Ali Sparkes,no,"[""Sci-Fi""]"
openlibrary_OL18168809W,Star Trek,Alan Dean Foster,sv,"[""General Fiction""]"
openlibrary_OL18208149W,Errant selves,Arnold Goldberg,ca,"[""Psychology""]"
openlibrary_OL18244445W,Global pharmaceuticals,"Adriana Petryna, Andrew Lakoff, Arthur Kleinman, Adriana Petryna, Andrew Lakoff",ca,"[""Business & Economics""]"
openlibrary_OL18274108W,Do options exist?,"María Amparo Cruz Saco, Carmelo Mesa-Lago",fr,"[""Health & Fitness""]"
openlibrary_OL18284525W,Remaking medicaid,"Stephen M. Davidson, Stephen A. Somers, Stephen Davidson",id,"[""Health & Fitness""]"
openlibrary_OL1830142W,Bargaining for advantage,G. Richard Shell,id,"[""Psychology""]"
openlibrary_OL18354626W,Transcultural child development,Gloria J. Powell,ro,"[""Health & Fitness""]"
openlibrary_OL18379521W,Girls' violence,Anne Worrall,ca,"[""Psychology""]"
openlibrary_OL1844305W,Choosing to die,C. G. Prado,af,"[""Health & Fitness""]"
openlibrary_OL1859194W,Mortal secrets,"Robert Klitzman, Ronald Bayer",ca,"[""Health & Fitness""]"
openlibrary_OL1867086W,Women & madness,Phyllis Chesler,da,"[""Psychology""]"
openlibrary_OL1873050W,Guide to RISC Processors,Sivarama P. Dandamudi,pt,"[""Science & Nature""]"
openlibrary_OL18755069W,Resilience in palliative care,"Barbara Monroe, David Oliviere",it,"[""Psychology""]"
openlibrary_OL1884862W,Silent Spring,Rachel Carson,de,"[""Health & Fitness""]"
openlibrary_OL18879464W,Devolving identities,Lynne Pearce,nl,"[""Literary Fiction""]"
openlibrary_OL19008713W,Hominid culture in primate perspective,Duane D. Quiatt,ro,"[""Science & Nature""]"
openlibrary_OL1908440W,No contest,Alfie Kohn,pt,"[""Psychology""]"
openlibrary_OL19089030W,Being Boys; Being Girls,Carrie Paechter,de,"[""Science & Nature""]"
openlibrary_OL1910093W,Latina realities,Oliva M. Espin,it,"[""Health & Fitness""]"
openlibrary_OL1915076W,Soul murder,Leonard Shengold,ro,"[""Health & Fitness""]"
openlibrary_OL1918911W,Strategic organizational diagnosis and design,"Richard M. Burton, Borge Obel",it,"[""Psychology""]"
openlibrary_OL19231084W,"Piaget, Vygotsky and beyond","Leslie Smith, Julie Dockrell, Peter Tomlinson",no,"[""Psychology""]"
openlibrary_OL1929420W,Toxic Parents,Susan Forward,ca,"[""General Fiction""]"
openlibrary_OL1934645W,Traumatic grief,Selby Jacobs,ro,"[""Psychology""]"
openlibrary_OL19414354W,Getting hooked,Jon Elster,af,"[""Psychology""]"
openlibrary_OL19500578W,REALITY OF RESEARCH WITH CHILDREN AND YOUNG PEOPLE; ED. BY VICKY LEWIS,"Vicky Lewis, Mary Kellett, Sandy Fraser, Chris Robinson",de,"[""Psychology""]"
openlibrary_OL1959128W,"Proteins, enzymes, genes",Joseph S. Fruton,de,"[""History""]"
openlibrary_OL19663403W,Space dumplins,Craig Thompson,ro,"[""Children's"", ""Sci-Fi""]"
openlibrary_OL19712696W,Crime Scene,"Jonathan Kellerman, Jesse Kellerman",it,"[""Psychology"", ""Mystery"", ""crime""]"
openlibrary_OL19716239W,Arce y Sauce separadas,Lori Nichols,es,"[""Children's""]"
openlibrary_OL19735103W,Tank Girl,Alan Martin,tr,"[""Sci-Fi""]"
openlibrary_OL19763875W,Sanity & Tallulah,Molly Brooks,tl,"[""Graphic Novel""]"
openlibrary_OL19828306W,Assessing children's well-being,"Sylvie Naar-King, Deborah A. Ellis, Maureen A. Frey, Michele Lee Ondersma",de,"[""Psychology""]"
openlibrary_OL19843128W,Digital Communication,"Barry, John R.",it,"[""Science & Nature""]"
openlibrary_OL1987759W,A guide to LATEX,"Helmut Kopka, Patrick W. Daly",pt,"[""Science & Nature""]"
openlibrary_OL1988148W,Violent children,Karen L. Kinnear,fr,"[""Psychology""]"
openlibrary_OL19885452W,Managing gigabytes,"Ian H. Witten, Alistair Moffat, Timothy C. Bell",tl,"[""Science & Nature""]"
openlibrary_OL19893423W,Parallel Programming,Thomas Rauber,it,"[""Science & Nature""]"
openlibrary_OL19943787W,Bitter melon,Cara Chow,no,"[""Children's""]"
openlibrary_OL19979321W,A midterm night's scheme,Trina Robbins,de,"[""Children's""]"
openlibrary_OL19980772W,Humble inquiry,"Schein, Edgar H.",fr,"[""Business & Economics""]"
openlibrary_OL19991504W,Leonardo's brain,Leonard Shlain,pt,"[""Psychology""]"
openlibrary_OL20035604W,Space pup,R. A. Montgomery,ro,"[""General Fiction""]"
openlibrary_OL20058074W,The broken ladder,"Payne, Keith (Social scientist)",da,"[""Science & Nature""]"
openlibrary_OL20058571W,Patagonian road,Kate McCahill,tl,"[""Travel""]"
openlibrary_OL20103738W,Tiny Problems,Scott McCloud,cs,"[""Children's""]"
openlibrary_OL2012917W,Brain-compatible science,Margaret Angermeyer Mangan,fr,"[""Psychology""]"
openlibrary_OL2018966W,Nonviolent Communication,"Marshall B. Rosenberg, Deepak Chopra, Magiarí Díaz Díaz, Alan Rafael Seid Llamas, Rosenberg",fr,"[""General Fiction""]"
openlibrary_OL20241026W,Civil Racism,Lynn Mie Itagaki,es,"[""Psychology""]"
openlibrary_OL20242277W,Last Look,Charles Burns,et,"[""Graphic Novel""]"
openlibrary_OL20656292W,Eden mine,S.M. Hulse,de,"[""Literary Fiction""]"
openlibrary_OL20725318W,Tech-Noir Film,Emily E. Auger,de,"[""Sci-Fi""]"
openlibrary_OL20775405W,Contesting aging & loss,"Janice Elizabeth Graham, Peter H. Stephenson",tl,"[""Psychology""]"
openlibrary_OL20872509W,MOUNTAIN BETWEEN US,Charles Martin,sw,"[""General Fiction"", ""romance""]"
openlibrary_OL20884095W,Asperger syndrome,"James C. McPartland, Ami Klin, Fred R. Volkmar",da,"[""Psychology""]"
openlibrary_OL21059395W,Global Obama,"Dinesh Sharma, Uwe P. Gielen",so,"[""Literary Fiction""]"
openlibrary_OL21106708W,Iconoclastic Imagination,Ned O'Gorman,it,"[""Psychology""]"
openlibrary_OL21267180W,Moral Development,Elizabeth C. Vozzola,nl,"[""Psychology""]"
openlibrary_OL21283488W,Digital Humanitarians,Patrick Meier,tl,"[""Business & Economics""]"
openlibrary_OL22301338W,Hidden heroes,Rajeev Ramchand,nl,"[""Health & Fitness""]"
openlibrary_OL2247557W,Genius squad (Genius #2),Catherine Jinks,ca,"[""Young Adult""]"
openlibrary_OL23193927W,Portfolio management,"Ginger Levin, John Wyzalek",pt,"[""Business & Economics""]"
openlibrary_OL24246860W,"Adios, Oscar",Peter Elwell,pt,"[""Children's""]"
openlibrary_OL24306748W,Vital signs 2009,Worldwatch Institute,ca,"[""Science & Nature""]"
openlibrary_OL24625543W,Vénus Noire,Robin Mitchell,fr,"[""Literary Fiction""]"
openlibrary_OL24852840W,Figures du père à l'adolescence,"Didier Lauru, Jean-Louis Le Run",fr,"[""Psychology""]"
openlibrary_OL25070840W,Down under,Marc vande Gucht,de,"[""Biography & Memoir""]"
openlibrary_OL25336748W,Olga Dies Dreaming,Xochitl Gonzalez,af,"[""General Fiction""]"
openlibrary_OL2576887W,Star Trek Deep Space Nine - Fallen Heroes,Dafydd Ab Hugh,nl,"[""General Fiction""]"
openlibrary_OL2631642W,Marital equality,Janice M. Ingham Steil,ca,"[""Psychology""]"
openlibrary_OL2646862W,Emerging minds,Robert S. Siegler,da,"[""Psychology""]"
openlibrary_OL2676915W,Opening up,James W. Pennebaker,id,"[""Health & Fitness""]"
openlibrary_OL2679513W,Sexual subjects,Adria E. Schwartz,ca,"[""Psychology""]"
openlibrary_OL2696327W,Inattentional blindness,Arien Mack,it,"[""Psychology""]"
openlibrary_OL27057353W,¡Sin excusas!,Wayne W. Dyer,pt,"[""Children's""]"
openlibrary_OL2711416W,Multivariate taxometric procedures,"Niels G. Waller, Paul Meehl",ro,"[""Science & Nature""]"
openlibrary_OL27123W,Jacob have I loved,Katherine Paterson,sk,"[""General Fiction""]"
openlibrary_OL2723776W,No aging in India,"Cohen, Lawrence",tl,"[""Science & Nature""]"
openlibrary_OL2729067W,Setting limits,Daniel Callahan,fi,"[""Business & Economics""]"
openlibrary_OL2734281W,"Racism, culture, markets","Gabriel, John",ro,"[""Science & Nature""]"
openlibrary_OL2737402W,Rio Lento,Nicola Griffith,it,"[""General Fiction"", ""romance"", ""Romantasy""]"
openlibrary_OL27957085W,Ben entreprend le marché,Julia Gagnon,fr,"[""Children's""]"
openlibrary_OL27961185W,Los Seems,John Hulme,et,"[""Children's""]"
openlibrary_OL27968672W,Organisation pathogène du travail et maintien durable en emploi,"Geneviève Fournier, Marie-France Maranda",fr,"[""Health & Fitness""]"
openlibrary_OL27969985W,Shi wu li de nao huang jin,Hongxiao Jia,sw,"[""Health & Fitness""]"
openlibrary_OL2815101W,Hite Report Women & Love,Shere Hite,nl,"[""Psychology""]"
openlibrary_OL28173527W,Sexo y amor en tiempos de crisis,Lydia Cacho,es,"[""Psychology""]"
openlibrary_OL28759974W,Nicolas à la défense,Gilles Tibo,fr,"[""Children's""]"
openlibrary_OL28964011W,Toxic men,Lillian Glass,ca,"[""Psychology""]"
openlibrary_OL29228577W,Rebelión omega,Patrick Carman,es,"[""Children's""]"
openlibrary_OL29240182W,Jun k'aslem ximil chirij jun paplo't,"Silvia Vásquez de León, Gonzales, José (Compiler), E. Andrés Mendoza, Evelin Caniz",sl,"[""Children's""]"
openlibrary_OL2925890W,Sex and conquest,Richard  C. Trexler,fr,"[""Psychology""]"
openlibrary_OL2942970W,Biomolecular Films,James F. Rusling,ro,"[""Psychology""]"
openlibrary_OL2966220W,Global habit,Paul B. Stares,so,"[""Psychology""]"
openlibrary_OL3031125W,Being No One,Thomas Metzinger,de,"[""Psychology""]"
openlibrary_OL3252480W,Violent Land,David T. Courtwright,fr,"[""History""]"
openlibrary_OL3276514W,Satanic ritual abuse,Colin A. Ross,ca,"[""Psychology""]"
openlibrary_OL3279480W,Adolescent risk behaviors,David A. Wolfe,da,"[""Health & Fitness""]"
openlibrary_OL3334358W,Silent grief,"Christopher Lukas, Henry M. Seiden",de,"[""Psychology""]"
openlibrary_OL3348663W,"Vom Ende der Unschuld. Oder Das sexuelle Drama, eine Frau zu werden",Naomi Wolf,de,"[""History""]"
openlibrary_OL3505896W,A Guide to Asperger Syndrome,Christopher Gillberg,da,"[""Psychology""]"
openlibrary_OL3514420W,Children Under Stress,"Sula Wolff, Sula Wolff",de,"[""Psychology""]"
openlibrary_OL3518071W,Colonial masculinity,Mrinalini Sinha,ro,"[""History""]"
openlibrary_OL3526881W,Managing change,Susan Carol Curzon,tl,"[""Business & Economics""]"
openlibrary_OL3526984W,Reputation in artificial societies,"Rosaria Conte, Mario Paolucci",it,"[""Psychology""]"
openlibrary_OL3745816W,Kidding ourselves,Rhona Mahony,no,"[""Psychology""]"
openlibrary_OL3751936W,Culture in clinical care,"Bette Bonder, Andrew W. Miracle, Laura Martin, PhD",ro,"[""Psychology""]"
openlibrary_OL3939252W,Teaching Struggling Readers,Carol A. Lyons,de,"[""Psychology""]"
openlibrary_OL3953150W,Dumping in Dixie,Robert D. Bullard,af,"[""Business & Economics""]"
openlibrary_OL3954639W,Challenges Of Aging On U.S. Families,Richard K. Caputo,de,"[""Psychology""]"
openlibrary_OL3958122W,Divergent realities,Reed Larson,af,"[""Psychology""]"
openlibrary_OL4086030W,Lessons and legacies,Lessons & Legacies Conference.,fr,"[""History""]"
openlibrary_OL4194743W,Himalayan Perceptions,Jack D. Ives,id,"[""Science & Nature""]"
openlibrary_OL4288652W,Social Capital,Nan Lin,ca,"[""Psychology""]"
openlibrary_OL4316616W,Algebraic structures and operator calculus,"Philip J. Feinsilver, P. Feinsilver, René Schott",ro,"[""Science & Nature""]"
openlibrary_OL4471323W,Aliens for breakfast,Jonathan Etra,da,"[""Sci-Fi""]"
openlibrary_OL45408880W,"Daredevil, Vol. 16",Ed Brubaker,da,"[""Graphic Novel""]"
openlibrary_OL45408908W,"Daredevil, Vol. 17",Ed Brubaker,da,"[""Graphic Novel""]"
openlibrary_OL46759W,Half broke horses,"Jeannette Walls, Jeanette walls",af,"[""General Fiction""]"
openlibrary_OL49503W,First meetings,Orson Scott Card,nl,"[""General Fiction""]"
openlibrary_OL49944W,Portrait du décolonisé,Albert Memmi,fr,"[""Psychology""]"
openlibrary_OL518657W,First Feelings,"Stanley I. Greenspan, Nancy Thorndike Greenspan",nl,"[""Psychology""]"
openlibrary_OL527943W,Male Domination,Pierre Bourdieu,it,"[""Psychology""]"
openlibrary_OL528004W,Homo academicus,"Pierre Bourdieu, Pierre Bourdieu, Ariel Dilon",pt,"[""Science & Nature""]"
openlibrary_OL533849W,Interpreting qualitative data,"Silverman, David.",it,"[""Science & Nature""]"
openlibrary_OL5354797W,Star Trek - Time for Yesterday,A. C. Crispin,no,"[""Sci-Fi""]"
openlibrary_OL5709286W,Under water,J. C. Greenburg,de,"[""General Fiction""]"
openlibrary_OL5711568W,"Tiger Moth, Kung Pow chicken",Aaron Reynolds,de,"[""Sci-Fi""]"
openlibrary_OL5747040W,Green Lantern,Geoff Johns,nl,"[""Graphic Novel""]"
openlibrary_OL5753191W,"Daredevil, Vol. 14",Ed Brubaker,da,"[""Graphic Novel""]"
openlibrary_OL5832592W,Bodies at risk,Elizabeth E. Wheatley,af,"[""Art""]"
openlibrary_OL5835365W,American paradox,Renford Reese,es,"[""Psychology""]"
openlibrary_OL5840799W,French Women Don't Get Fat,Mireille Guiliano,de,"[""Health & Fitness""]"
openlibrary_OL5844775W,Sexual subjects,Louisa Allen,ca,"[""Health & Fitness""]"
openlibrary_OL5858414W,Ulrich Beck,Gabe Mythen,de,"[""Psychology""]"
openlibrary_OL6153258W,Sittengeschichte Griechenlands,Hans Licht,de,"[""Literary Fiction""]"
openlibrary_OL6215559W,Digital futures,"Marilyn Deegan, Simon Tanner",ca,"[""Science & Nature""]"
openlibrary_OL6239793W,Fragile lives,Beverley McNamara,fr,"[""General Fiction""]"
openlibrary_OL695784W,Sous l'acacia d'Occident,Christian Jacq,ca,"[""General Fiction""]"
openlibrary_OL79334W,Just one look,Harlan Coben,et,"[""General Fiction""]"
openlibrary_OL7944708W,Paul Graham,Paul Graham,id,"[""History""]"
openlibrary_OL8094753W,Desiring Whiteness,Kalpana Seshadri-Crooks,de,"[""Psychology""]"
openlibrary_OL809765W,Full Circle,"Mike W. Barr, Alan Davis",it,"[""Graphic Novel""]"
openlibrary_OL8103984W,Couple Burnout,Ayala Malakh-Pines,fr,"[""Psychology""]"
openlibrary_OL8104994W,Weight Wisdom,Kathl Kingsbury,de,"[""General Fiction""]"
openlibrary_OL8105122W,Widow to Widow,Phyllis K Silverman,pl,"[""Self-Help""]"
openlibrary_OL8229501W,Double Menopause,Nancy Cetel,fr,"[""Health & Fitness""]"
openlibrary_OL8230609W,Clinician's Guide to PTSD,Steven Taylor,es,"[""Psychology""]"
openlibrary_OL8259657W,Flag in Exile,David Weber,de,"[""Sci-Fi""]"
openlibrary_OL8332323W,Journalists under Fire,Anthony Feinstein,de,"[""Health & Fitness""]"
openlibrary_OL8498666W,Digit Ratio,John T. Manning,de,"[""Health & Fitness""]"
openlibrary_OL86319W,Finnegans Wake,James Joyce,no,"[""General Fiction""]"
openlibrary_OL866709W,"Mad, Bad and Sad",Lisa Appignanesi,so,"[""Health & Fitness""]"
openlibrary_OL868633W,Moral Dimension,Amitai Etzioni,it,"[""Business & Economics""]"
openlibrary_OL893957W,Trois contes,Gustave Flaubert,fr,"[""Literary Fiction""]"
openlibrary_OL8964811W,Biological Aging,Trygve O. Tollefsbol,it,"[""Science & Nature""]"
openlibrary_OL9002161W,Illegal Immigration,Michael LeMay,it,"[""General Fiction""]"
openlibrary_OL9166044W,Dark dreams,"Roy Hazelwood, Stephen G. Michaud",da,"[""Psychology""]"
openlibrary_OL918301W,Odd Man Out,Sarah Ellis,cy,"[""Humor""]"
openlibrary_OL919037W,Imagining Apocalypse,David Seed,tl,"[""Sci-Fi""]"
openlibrary_OL9205890W,Intimate Violence,Joseph Scalia,it,"[""Psychology""]"
openlibrary_OL9211875W,SPSS survival manual,Julie Pallant,et,"[""Science & Nature""]"
openlibrary_OL9266109W,Changing Minds,Andrea diSessa,tl,"[""Psychology""]"
openlibrary_OL9277070W,Pandora's Poison,Joe Thornton,pt,"[""Health & Fitness""]"
openlibrary_OL9347958W,Criminal Intimacy,Regina G. Kunzel,it,"[""Literary Fiction""]"
openlibrary_OL9397667W,My Tiki Girl,Jennifer McMahon,tr,"[""Children's""]"
openlibrary_OL9608352W,Hooking Up,Kathleen Bogle,tl,"[""Self-Help""]"
openlibrary_OL1019601W,Kara Kitap,Orhan Pamuk,sw,"[""General Fiction""]"
openlibrary_OL103207W,Cat in a diamond dazzle,Carole Nelson Douglas,it,"[""Mystery""]"
openlibrary_OL111734W,Angels flight,Michael Connelly,da,"[""General Fiction"", ""Mystery"", ""crime""]"
openlibrary_OL11952903W,Toxic truth,Lydia Denworth,vi,"[""History""]"
openlibrary_OL11967159W,"Our bodies, our crimes",Jeanne Flavin,fr,"[""Health & Fitness""]"
openlibrary_OL12242164W,Cancer clinical trials,"Robert Finn, Robert Finn, Linda Lamb",ca,"[""Health & Fitness""]"
openlibrary_OL12271963W,Advances in digital forensics,"IFIP International Conference on Digital Forensics (2005 Orlando, Fla.).",ca,"[""Mystery""]"
openlibrary_OL12342849W,Estimating animal abundance,"D. L. Borchers, D.L. Borchers, S.T. Buckland, W. Zucchini",tl,"[""Science & Nature""]"
openlibrary_OL12375299W,Detox your desk,"Theo Theobald, Theo Theobald, Cary L. Cooper",fr,"[""Business & Economics""]"
openlibrary_OL12404813W,Menopause for dummies,"Marcia L. Jones, Marcia L., Ph.D. Jones, Theresa, M.D. Eichenwald, Nancy W. Hall, Marcia Jones, Theresa  M.D. Eichenwald",fr,"[""Health & Fitness""]"
openlibrary_OL134375W,Cruel & Unusual,Patricia Cornwell,ca,"[""General Fiction"", ""Mystery"", ""crime""]"
openlibrary_OL134376W,From Potter's Field,Patricia Cornwell,no,"[""General Fiction"", ""Mystery"", ""Romance""]"
openlibrary_OL134443W,Dark horse,Tami Hoag,af,"[""Mystery""]"
openlibrary_OL13667W,Tombstone courage,"J. A. Jance, Hillary Huber",fr,"[""General Fiction""]"
openlibrary_OL13675807W,"MAD DOGS AND ENGLISHMEN: RABIES IN BRITAIN, 1830-2000","NEIL PEMBERTON, Neil Pemberton, Michael Worboys",de,"[""History""]"
openlibrary_OL13789144W,Master plan,HMM Associates.,nl,"[""Health & Fitness""]"
openlibrary_OL14867207W,Robin Cook,Lorena Laura Stookey,nl,"[""Mystery""]"
openlibrary_OL14872486W,Clinical neurocardiology,Louis R. Caplan,it,"[""General Fiction""]"
openlibrary_OL14911379W,Killer Pancake,Diane Mott Davidson,tr,"[""Cooking""]"
openlibrary_OL14926253W,Shadow man,James D. Doss,so,"[""General Fiction""]"
openlibrary_OL14963198W,Fade Away,Harlan Coben,so,"[""Mystery"", ""crime""]"
openlibrary_OL14992713W,Notes Left Behind,Brooke Desserich,de,"[""General Fiction""]"
openlibrary_OL15061115W,Mike's Mystery,Gertrude Chandler Warner,af,"[""Mystery""]"
openlibrary_OL151055W,Les Bijoux de la Castafiore,Hergé,fr,"[""General Fiction""]"
openlibrary_OL15212003W,Stone quarry,S. J. Rozan,it,"[""Art""]"
openlibrary_OL15215982W,Future Perfect,Lori B. Andrews,ro,"[""Health & Fitness""]"
openlibrary_OL15270186W,March mischief,Ron Roy,de,"[""General Fiction""]"
openlibrary_OL15383054W,Guía para el pololeo perfecto,Manuel Fuentes Wendling,es,"[""Young Adult""]"
openlibrary_OL15455642W,Medical-surgical nursing,Sharon Mantik Lewis,ro,"[""Health & Fitness""]"
openlibrary_OL15530399W,Dangerous pregnancies,Leslie J. Reagan,fr,"[""History""]"
openlibrary_OL157040W,Forbidden knowledge,Roger Shattuck,da,"[""Literary Fiction""]"
openlibrary_OL15835637W,Dangerous schools,Irwin A. Hyman,nl,"[""Mystery""]"
openlibrary_OL15860935W,"My body, my self for boys","Lynda Madaras, Area Madaras",cy,"[""Young Adult""]"
openlibrary_OL15936164W,Immortal bird,Doron Weber,tr,"[""Art""]"
openlibrary_OL15952336W,Engaging ideas,John C. Bean,tl,"[""Health & Fitness""]"
openlibrary_OL16003101W,Left for dead,J. A. Jance,da,"[""General Fiction"", ""Mystery"", ""crime""]"
openlibrary_OL16017951W,Human osteology,T. D. White,fi,"[""Science & Nature""]"
openlibrary_OL16028859W,Nordie's at noon,"Patti Balwanz, Kim Carlos, Jennifer Johnson, Jana Peters",af,"[""Biography & Memoir""]"
openlibrary_OL16118288W,Raising Elijah,Sandra Steingraber,fi,"[""Health & Fitness""]"
openlibrary_OL16139692W,Seeing Green,Carolyn Keene,af,"[""Children's""]"
openlibrary_OL16176668W,Patient safety,"Dhillon, B. S.",fr,"[""Business & Economics""]"
openlibrary_OL16180115W,Intelligent kindness,John Ballatt,no,"[""Health & Fitness""]"
openlibrary_OL16366019W,Crime culture,"Bran Nicol, Eugene McNulty, Patricia Pulham",ro,"[""General Fiction""]"
openlibrary_OL16461632W,Student drug testing,Lauri S. Friedman,da,"[""General Fiction""]"
openlibrary_OL16490067W,Midnight in Peking,Paul French,af,"[""History"", ""Mystery"", ""crime""]"
openlibrary_OL16531714W,Game sense,Richard Light,af,"[""Health & Fitness""]"
openlibrary_OL16546861W,"Llama Llama, does not share",Anna Dewdney,ca,"[""Children's""]"
openlibrary_OL16547617W,Stolen prey,John Sandford,no,"[""Mystery""]"
openlibrary_OL16558581W,Regulating pre-implantation genetic diagnosis,"Sheila McLean, Sarah Elliston",it,"[""Health & Fitness""]"
openlibrary_OL165715W,Strange affair,Peter Robinson,da,"[""Mystery"", ""crime""]"
openlibrary_OL16574244W,Bonfire Masquerade,"Carolyn Keene, Franklin W. Dixon",ca,"[""Children's"", ""Mystery"", ""crime""]"
openlibrary_OL16668527W,Medical geology,"O. Selinus, Robert B. Finkelman, Jose A. Centeno",cy,"[""Health & Fitness""]"
openlibrary_OL16698730W,Super-sized slugger,"Ripken, Cal",da,"[""General Fiction""]"
openlibrary_OL167144W,3rd Degree,"James Patterson, Andrew Gross",nl,"[""General Fiction""]"
openlibrary_OL167150W,Double Cross,James Patterson,fr,"[""General Fiction"", ""Mystery"", ""crime""]"
openlibrary_OL167185W,Jack & Jill,James Patterson,sv,"[""General Fiction"", ""Mystery"", ""crime""]"
openlibrary_OL16797698W,Private London,"James Patterson, Pearson, Mark",it,"[""Mystery"", ""crime""]"
openlibrary_OL16920844W,Bone cancer,Dominique Heymann,it,"[""Health & Fitness""]"
openlibrary_OL16926224W,WHO guidelines on tularaemia,World Health Organization,et,"[""Health & Fitness""]"
openlibrary_OL16954225W,Brain Imaging,Henry N. Wagner,tl,"[""Science & Nature""]"
openlibrary_OL16966637W,Infinite vision,Pavithra K. Mehta,it,"[""History""]"
openlibrary_OL17074987W,Radical Remission,Kelly A. Turner,it,"[""Health & Fitness""]"
openlibrary_OL17079191W,Hope to Die,James Patterson,af,"[""General Fiction"", ""Mystery"", ""crime""]"
openlibrary_OL17199365W,Brain Maker,David Perlmutter,id,"[""Cooking""]"
openlibrary_OL17308678W,"Alex Cross, run",James Patterson,ca,"[""General Fiction"", ""Mystery"", ""crime""]"
openlibrary_OL17356243W,Keep Quiet,Lisa Scottoline,af,"[""Young Adult""]"
openlibrary_OL17411650W,Bad Blood,Dana Stabenow,so,"[""General Fiction""]"
openlibrary_OL17470586W,Aging In Canada,Neena L. Chappell,tl,"[""Business & Economics""]"
openlibrary_OL17571223W,In-Between Days,Teva Harrison,nl,"[""Biography & Memoir""]"
openlibrary_OL17594401W,Todo esto te daré,Dolores Redondo,pt,"[""General Fiction"", ""Mystery"", ""crime""]"
openlibrary_OL17710619W,I've got you under my skin,"Mary Higgins Clark, Jan Maxwell",no,"[""Thriller""]"
openlibrary_OL17765572W,"Beware, beware",Steph Cha,af,"[""Mystery""]"
openlibrary_OL17801788W,Shadow Land,Elizabeth Kostova,so,"[""General Fiction""]"
openlibrary_OL17823317W,Deep Winter,Samuel W. Gailey,nl,"[""General Fiction""]"
openlibrary_OL17867191W,Rizzoli & Isles,Tess Gerritsen,it,"[""Mystery""]"
openlibrary_OL17871310W,Once upon a lie,Maggie Barbieri,fr,"[""Mystery""]"
openlibrary_OL17872828W,Die again,Tess Gerritsen,af,"[""Mystery"", ""crime""]"
openlibrary_OL17874587W,Poison pill,Glenn Kaplan,fi,"[""Young Adult""]"
openlibrary_OL17882844W,Jorge el curioso se divierte haciendo gimnasia =,Leora Bernstein,es,"[""General Fiction""]"
openlibrary_OL17899994W,Finding Paris,Joy Preble,id,"[""General Fiction""]"
openlibrary_OL17969846W,Clinical nutrition,"Rolando Rolandelli, Robin Bankhead, Joseph Boullata, Charlene Compher",it,"[""Cooking""]"
openlibrary_OL17984446W,Between two worlds,D. W. Spady,nl,"[""Health & Fitness""]"
openlibrary_OL18040W,Guardian angel,Sara Paretsky,id,"[""General Fiction""]"
openlibrary_OL18144258W,Fatal conceit,Robert Tanenbaum,it,"[""Mystery""]"
openlibrary_OL18161512W,Environmental oxidants,Jerome O. Nriagu,ca,"[""Health & Fitness""]"
openlibrary_OL181817W,Single & single,John le Carré,tl,"[""General Fiction""]"
openlibrary_OL18410331W,Cancer diagnostics,Robert M. Nakamura,it,"[""Health & Fitness""]"
openlibrary_OL18421886W,Gap junctions,Camillo Peracchia,fr,"[""Science & Nature""]"
openlibrary_OL18438470W,Travel medicine,"J. S. Keystone, Jay Keystone, Phyllis Kozarsky, David Freedman, Hans Nothdurft",it,"[""Travel""]"
openlibrary_OL18461520W,Practical guide to female pelvic medicine,"Gamal M. Ghoniem, G. Willy Davila",es,"[""Health & Fitness""]"
openlibrary_OL18794658W,Kids having kids,"Saul D. Hoffman, Rebecca A. Maynard",da,"[""Young Adult""]"
openlibrary_OL18832857W,Energizing China,"Michael Mcelroy, Chris P. Nielsen, Peter Lydon",de,"[""Health & Fitness""]"
openlibrary_OL19021089W,GENDER AND JUSTICE: NEW CONCEPTS AND APPROACHES; ED. BY FRANCES HEIDENSOHN,Frances Heidensohn,de,"[""Mystery""]"
openlibrary_OL19087190W,Murder Games,"James Patterson, Howard Roughan",de,"[""General Fiction""]"
openlibrary_OL1916444W,Friends for Life,Ellen Emerson White,da,"[""Mystery"", ""crime""]"
openlibrary_OL1916847W,Dyslexia at college,"Miles, T. R.",ca,"[""Self-Help""]"
openlibrary_OL19237623W,Sugar busters!,"H. Leighton Steward, Morrison Md Bethea, Luis Md Balart",id,"[""Health & Fitness""]"
openlibrary_OL19269325W,ADULT OBESITY: A PAEDIATRIC CHALLENGE; ED. BY LINDA D. VOSS,Terence J. Wilkin,pt,"[""Health & Fitness""]"
openlibrary_OL19450496W,ABC OF INTERVENTIONAL CARDIOLOGY; ED. BY EVER D. GRECH,Ever D. Grech,de,"[""Art""]"
openlibrary_OL1952100W,Counseling women in prison,Joycelyn M. Pollock,nl,"[""Psychology""]"
openlibrary_OL19663864W,A square meal,Jane Ziegelman,pt,"[""Business & Economics""]"
openlibrary_OL19664580W,Spy ski school,Stuart Gibbs,pl,"[""Children's""]"
openlibrary_OL19666164W,Aging Asia,"Karen Eggleston, Shripad Tuljapurkar",tl,"[""Business & Economics""]"
openlibrary_OL19667611W,Pain killer,Barry Meier,fi,"[""History""]"
openlibrary_OL19668121W,Soda politics,Marion Nestle,it,"[""Cooking""]"
openlibrary_OL19706060W,Timmy Failure,Stephan Pastis,fi,"[""Mystery""]"
openlibrary_OL19708318W,Extreme medicine,Kevin Fong,ro,"[""Travel""]"
openlibrary_OL19712839W,Lightning men,Thomas Mullen,da,"[""General Fiction""]"
openlibrary_OL19729767W,En un bosque muy oscuro,Ruth Ware,es,"[""General Fiction""]"
openlibrary_OL19729802W,Periodismo escrito con sangre,Javier Valdez,es,"[""Mystery""]"
openlibrary_OL19730401W,Un appartement à Paris,Guillaume Musso,fr,"[""Art""]"
openlibrary_OL19734484W,Azúcar en la sangre,Michael Mosley,es,"[""Cooking""]"
openlibrary_OL19742153W,Vestida de blanco,Mary Higgins Clark,es,"[""General Fiction""]"
openlibrary_OL19743015W,Evolution's bite,Peter S. Ungar,fr,"[""Cooking""]"
openlibrary_OL19745316W,Little panic,Amanda Stern,it,"[""Health & Fitness""]"
openlibrary_OL19800251W,"Liar, liar","James Patterson, Candice Fox",lt,"[""General Fiction""]"
openlibrary_OL19801586W,Annual Report,"Illinois Dept. of Public Health, Dept. of Public Health, Family Practice Residency Act , Illinois",ro,"[""Health & Fitness""]"
openlibrary_OL19816157W,Patient safety,Philip Aspden,fr,"[""Business & Economics""]"
openlibrary_OL19823427W,Abdominal Imaging,Bernd Hamm,tl,"[""Health & Fitness""]"
openlibrary_OL19844190W,Drug Allergy,Brian A. Baldo,da,"[""Health & Fitness""]"
openlibrary_OL1985103W,Cockatiels at Seven,Donna Andrews,sv,"[""General Fiction""]"
openlibrary_OL19893094W,Osteoporosis in men,"Eric S. Orwoll, John P. Bilezikian, Dirk Vanderschueren",af,"[""Health & Fitness""]"
openlibrary_OL19949429W,Spider bones,Kathy Reichs,da,"[""General Fiction"", ""Mystery"", ""crime""]"
openlibrary_OL19965277W,Anonymous sources,Mary Louise Kelly,fr,"[""Mystery""]"
openlibrary_OL19968362W,Dangerous girls,Abigail Haas,af,"[""Mystery""]"
openlibrary_OL20007924W,Escape points,Michele Weldon,ca,"[""Biography & Memoir""]"
openlibrary_OL20008078W,Genomic messages,George J. Annas,ca,"[""Health & Fitness""]"
openlibrary_OL20012673W,Naked greed,Stuart Woods,af,"[""General Fiction""]"
openlibrary_OL20013369W,Dark tides,Chris Ewan,da,"[""General Fiction"", ""Mystery"", ""crime""]"
openlibrary_OL20023684W,Huérfanos del narco,Javier Valdez,es,"[""Mystery""]"
openlibrary_OL20026385W,Murder in Morningside Heights,Victoria Thompson,de,"[""General Fiction""]"
openlibrary_OL20032352W,Start here,Eric Langshur,de,"[""Business & Economics""]"
openlibrary_OL20033357W,Manitou Canyon,William Kent Krueger,tl,"[""General Fiction""]"
openlibrary_OL20035157W,Robe de Marié,Pierre Lemaitre,es,"[""General Fiction""]"
openlibrary_OL20038769W,Hitler's soldiers,Ben Shepherd,da,"[""Mystery""]"
openlibrary_OL20040147W,Black widow,Christopher Brookmyre,pl,"[""General Fiction"", ""Mystery"", ""crime""]"
openlibrary_OL20049953W,Girl in disguise,Greer Macallister,af,"[""Mystery""]"
openlibrary_OL20052630W,Bad seeds,Jassy Mackenzie,af,"[""General Fiction""]"
openlibrary_OL20056040W,Paradise valley,C. J. Box,et,"[""General Fiction""]"
openlibrary_OL20156053W,All Our Trials,Emily L Thuma,ca,"[""Mystery""]"
openlibrary_OL20163078W,Mind Fixers,Anne Harrington,de,"[""Health & Fitness""]"
openlibrary_OL2025506W,"Women's bodies, women's wisdom",Christiane Northrup,af,"[""Health & Fitness""]"
openlibrary_OL20314845W,Medical Innovation,"Davide Consoli, Richard R. Nelson",it,"[""Business & Economics""]"
openlibrary_OL20698446W,Allergenic Pollen,"Mikhail Sofiev, Karl-Christian Bergmann",de,"[""Science & Nature""]"
openlibrary_OL20815889W,Flame retardants,"ILO, UNEP",ca,"[""Health & Fitness""]"
openlibrary_OL20868301W,Prevenire gli eventi avversi nella pratica clinica,"Riccardo Tartaglia, Andrea Vannucci",it,"[""Health & Fitness""]"
openlibrary_OL20882725W,Smoke signals,Jim Poling,da,"[""Health & Fitness""]"
openlibrary_OL20993905W,Vaccine Book,Barry R. Bloom,it,"[""Health & Fitness""]"
openlibrary_OL21045581W,Gordon Parks,"Gordon Parks, Peter W. Kunhardt",af,"[""Art""]"
openlibrary_OL21085318W,Ultimo atto al teatro dell'Opera,"Irene Adler, pseud., Pierdomenico Baccalario, Alessandro Gatti",it,"[""General Fiction""]"
openlibrary_OL21139118W,Antiques Fate,Barbara Allan,fr,"[""General Fiction"", ""Mystery"", ""crime""]"
openlibrary_OL21179873W,Elder abuse,Allan M. Hoffman,de,"[""Health & Fitness""]"
openlibrary_OL21196306W,Invisible Visits,Tina K. Sacks,fr,"[""Health & Fitness""]"
openlibrary_OL21240675W,Regenerative Engineering,"Cato T. Laurencin, Yusuf Khan",de,"[""Health & Fitness""]"
openlibrary_OL21686911W,Victorian Medicine and Popular Culture,"Louise Penner, Tabitha Sparks",ro,"[""Health & Fitness""]"
openlibrary_OL21704825W,Unwell Women,Elinor Cleghorn,de,"[""Health & Fitness""]"
openlibrary_OL21902707W,Children under Fire,John Woodrow Cox,de,"[""Science & Nature""]"
openlibrary_OL22370649W,Construction d'une Haïti nouvelle,Samuel Pierre,fr,"[""Business & Economics""]"
openlibrary_OL224830W,Forbidden narratives,Kathryn Church,da,"[""Art""]"
openlibrary_OL2269471W,Redesigning 50,Oz Garcia,da,"[""Health & Fitness""]"
openlibrary_OL23182667W,Unequal time,Dan Clawson,it,"[""Business & Economics""]"
openlibrary_OL24142593W,Better Off Dead,"Lee Child, Andrew Grant",de,"[""General Fiction""]"
openlibrary_OL24151553W,Harlem Shuffle,"Colson Whitehead, Yannick García",de,"[""Literary Fiction""]"
openlibrary_OL24261621W,Dormir toda la noche,Anna Wahlgren,es,"[""Health & Fitness""]"
openlibrary_OL24276873W,La luz de Miki Roqué,"López, Juan Manuel (Journalist)",fr,"[""Health & Fitness""]"
openlibrary_OL26174056W,Pediatric nursing,National Association of Pediatric Nurse Practitioners,ro,"[""Health & Fitness""]"
openlibrary_OL2617722W,DEADLY FEASTS CASSETTE,Richard Rhodes,de,"[""Health & Fitness""]"
openlibrary_OL2631306W,Bodies in protest,"J. Stephen Kroll-Smith, J. Steve Kroll-Smith, H. Hugh, Jr. Floyd, H. Hugh Floyd",af,"[""Health & Fitness""]"
openlibrary_OL26398W,Memento Mori,Muriel Spark,it,"[""General Fiction""]"
openlibrary_OL2643863W,Hate crimes,Valerie Jenness,ro,"[""Mystery""]"
openlibrary_OL26478W,Dead Sleep,Greg Iles,nl,"[""Art""]"
openlibrary_OL2681667W,"Stunted lives, stagnant economies",Eileen Stillwaggon,it,"[""Health & Fitness""]"
openlibrary_OL2688698W,Pharmaceutical price regulation,Patricia Munch Danzon,ro,"[""Business & Economics""]"
openlibrary_OL2690267W,Being An Older Woman,Isabella Paoletti,de,"[""Psychology""]"
openlibrary_OL2691729W,THE GREEN TEA BOOK,"Lester A. Mitscher, Victoria Dolby, Victoria Toews",vi,"[""Health & Fitness""]"
openlibrary_OL2718440W,Man-Made Medicine,Kary L. Moss,es,"[""Health & Fitness""]"
openlibrary_OL2748136W,AIDS alibis,Stephanie C. Kane,tl,"[""Health & Fitness""]"
openlibrary_OL2791840W,Ferri's Best Test,Fred F. Ferri,de,"[""Health & Fitness""]"
openlibrary_OL28167513W,Super slugger,"Ripken, Cal Jr",da,"[""Children's""]"
openlibrary_OL28591062W,American genocide,"Slaughter, E., Sr",es,"[""Business & Economics""]"
openlibrary_OL28766019W,"Attractivité, fidélisation et qualité des soins","Sabine Stordeur, William D'Hoore",fr,"[""Business & Economics""]"
openlibrary_OL2922638W,Logistic regression,David G. Kleinbaum,it,"[""Science & Nature""]"
openlibrary_OL29232051W,Sin germenes,Cecilia Minden,de,"[""Children's""]"
openlibrary_OL2924367W,Recriminalizing Delinquency,Simon I. Singer,it,"[""Mystery""]"
openlibrary_OL2963468W,"My body, my self for girls","Lynda Madaras, Area Madaras",cy,"[""General Fiction""]"
openlibrary_OL2980009W,Cardiac imaging,Stephen W. Miller,it,"[""Art""]"
openlibrary_OL3020911W,Castle Skull,John Dickson Carr,et,"[""Thriller"", ""General Fiction"", ""Mystery"", ""Literary Fiction"", ""Fantasy"", ""fantasy romance""]"
openlibrary_OL3081666W,How Linda Died,Frank Davey,de,"[""Health & Fitness""]"
openlibrary_OL3132745W,"True crime, true north","Carolyn Strange, Tina Loo",fr,"[""History""]"
openlibrary_OL3265649W,License to steal,Malcolm K. Sparrow,it,"[""Health & Fitness""]"
openlibrary_OL3277850W,Still Unequal,Lorraine Dusky,it,"[""Mystery""]"
openlibrary_OL3340250W,Critical condition,Donald L. Barlett,it,"[""Health & Fitness""]"
openlibrary_OL3356105W,Our Present Complaint,Charles E. Rosenberg,fr,"[""Health & Fitness""]"
openlibrary_OL3397972W,Unequal Lives,"Hilary Graham, HILARY GRAHAM",ca,"[""Health & Fitness""]"
openlibrary_OL3461442W,Selling war,Nicholas John Cull,af,"[""History""]"
openlibrary_OL3475315W,Written in Bone,Simon Beckett,de,"[""Mystery"", ""crime""]"
openlibrary_OL3488322W,Sahel visions,Della E. McMillan,et,"[""Health & Fitness""]"
openlibrary_OL3511418W,Silent travelers,Alan M. Kraut,no,"[""Health & Fitness""]"
openlibrary_OL3594523W,Murder on Marble Row,Victoria Thompson,de,"[""General Fiction"", ""Mystery"", ""crime""]"
openlibrary_OL3600818W,Beekeeper's Apprentice,"Laurie R. King, Jenny Sterlin",nl,"[""Mystery""]"
openlibrary_OL3631905W,Dancing skeletons,Katherine A. Dettwyler,da,"[""Health & Fitness""]"
openlibrary_OL3912550W,Women & guns,Deborah Homsher,de,"[""Mystery""]"
openlibrary_OL40661W,Dark Assassin,Anne Perry,fi,"[""General Fiction"", ""Mystery"", ""crime""]"
openlibrary_OL4092550W,Envious Casca,Georgette Heyer,ca,"[""General Fiction"", ""Mystery"", ""crime""]"
openlibrary_OL4098855W,Global AIDS,"Alexander C. Irwin, Joyce Millen, Dorothy Fallows",so,"[""Health & Fitness""]"
openlibrary_OL41255W,Total control,David Baldacci,it,"[""Mystery""]"
openlibrary_OL4228594W,Environmental Victims,Christopher Williams,ca,"[""Health & Fitness""]"
openlibrary_OL4293959W,Invalid women,Diane Price Herndl,af,"[""General Fiction""]"
openlibrary_OL451294W,"Sleep, pale sister",Joanne Harris,af,"[""General Fiction""]"
openlibrary_OL45922W,Codependent No More,Melody Beattie,nl,"[""Psychology""]"
openlibrary_OL462940W,Stone Kiss,Faye Kellerman,de,"[""General Fiction"", ""Mystery"", ""crime""]"
openlibrary_OL463310W,Under orders,Dick Francis,da,"[""Mystery"", ""crime""]"
openlibrary_OL463543W,Sick Puppy,Carl Hiaasen,de,"[""General Fiction""]"
openlibrary_OL463573W,Skinny dip,Carl Hiaasen,id,"[""General Fiction""]"
openlibrary_OL4672144W,Ancient Medicine,Vivian Nutton,es,"[""History""]"
openlibrary_OL471983W,Sparkling Cyanide,Agatha Christie,tl,"[""General Fiction"", ""Mystery"", ""crime""]"
openlibrary_OL4796353W,Funny money,James Swain,cy,"[""Mystery""]"
openlibrary_OL48042W,Ten Big Ones (A Stephanie Plum Novel),Janet Evanovich,de,"[""Mystery"", ""romantic suspense""]"
openlibrary_OL48765W,Paragon Walks,"Anne Perry, Davina Porter",tl,"[""General Fiction""]"
openlibrary_OL48878W,Long Spoon Lane,Anne Perry,tl,"[""General Fiction""]"
openlibrary_OL491200W,Hot mahogany,Stuart Woods,tl,"[""Mystery""]"
openlibrary_OL5009629W,Male Bodies,Jonathan Watson,af,"[""Health & Fitness""]"
openlibrary_OL5274195W,Examining Tuskegee,"Susan Reverby, Susan M. Reverby, Reverby",et,"[""Health & Fitness""]"
openlibrary_OL5277973W,Harriet Spies Again,Helen Ericson,de,"[""Children's""]"
openlibrary_OL553787W,L.A. Confidential,James Ellroy,it,"[""General Fiction"", ""Mystery"", ""crime""]"
openlibrary_OL565200W,Food safety,United States. General Accounting Office,cy,"[""Health & Fitness""]"
openlibrary_OL5722629W,Nicky Deuce,"Steven R. Schirripa, Steve Schirripa, Charles Fleming",cs,"[""Children's""]"
openlibrary_OL5734085W,Essential epidemiology,"Penny Webb, Chris Bain, Sandi Pirozzo",ca,"[""Health & Fitness""]"
openlibrary_OL5745509W,Always looking up,Michael J. Fox,tl,"[""Biography & Memoir""]"
openlibrary_OL5829125W,Guide des mouvements de musculation,Frédéric Delavier,fr,"[""Health & Fitness""]"
openlibrary_OL5849148W,Social justice,Madison Powers,ro,"[""Health & Fitness""]"
openlibrary_OL5960495W,Parasites like us,Adam Johnson,et,"[""General Fiction""]"
openlibrary_OL603026W,Thunder Bay,William Kent Krueger,de,"[""General Fiction""]"
openlibrary_OL6033306W,On-scene guide for crisis negotiators,Frederick J. Lanceley,it,"[""Health & Fitness""]"
openlibrary_OL6091815W,Grenfell Obsession,Patricia O'Brien,de,"[""History""]"
openlibrary_OL6326284W,Die vollkommene ehe,Theodoor H. van de Velde,de,"[""Health & Fitness""]"
openlibrary_OL675834W,Alias Grace,Margaret Atwood,es,"[""General Fiction"", ""Mystery"", ""crime""]"
openlibrary_OL76595W,Prester John,John Buchan,de,"[""General Fiction""]"
openlibrary_OL77054W,Suffer Little Children,Peter Berresford Ellis,de,"[""General Fiction""]"
openlibrary_OL7911809W,Current essentials,Judith M. Sondheimer,ca,"[""General Fiction""]"
openlibrary_OL79316W,Back Spin,Harlan Coben,de,"[""Mystery""]"
openlibrary_OL8104746W,Medieval Herbal Remedies,Ann Van Arsdall,af,"[""History""]"
openlibrary_OL8129366W,Biomedical acupuncture for pain management,"Yun-tao Ma, Mila Ma, Zang Hee Cho",ro,"[""Health & Fitness""]"
openlibrary_OL8229709W,Bad Medicine,Christopher Wanjek,es,"[""General Fiction""]"
openlibrary_OL82369W,Grave secret,Charlaine Harris,it,"[""Mystery""]"
openlibrary_OL8295316W,Cancer Vixen,Marisa Acocella Marchetto,ca,"[""Biography & Memoir""]"
openlibrary_OL8303736W,Contagious Divides,Nayan Shah,fr,"[""Health & Fitness""]"
openlibrary_OL84895W,Dark Watch,"Clive Cussler, Jack du Brul",de,"[""General Fiction""]"
openlibrary_OL8535089W,Invisible Lives,Viviane K. Namaste,fr,"[""Music""]"
openlibrary_OL8545880W,Help for eating disorders,"Debra Katzman, Debra K. Katzman, Leora Pinhas",da,"[""Health & Fitness""]"
openlibrary_OL854896W,Food labelling,Joint FAO/WHO Codex Alimentarius Commission.,da,"[""Cooking""]"
openlibrary_OL854917W,Codex alimentarius,Joint FAO/WHO Codex Alimentarius Commission.,ca,"[""Cooking""]"
openlibrary_OL8576588W,Smart but Stuck,Myrna Orenstein,de,"[""Health & Fitness""]"
openlibrary_OL87942W,Exact revenge,Tim Green,nl,"[""Politics""]"
openlibrary_OL89881W,Bad blood,Linda Fairstein,so,"[""Mystery""]"
openlibrary_OL9014052W,Global Prescriptions,Rosalind Pollack Petchesky,ca,"[""Health & Fitness""]"
openlibrary_OL904717W,Grammaire homérique,Pierre Chantraine,fr,"[""Health & Fitness""]"
openlibrary_OL9187040W,Local Women Global Science,Karen M. Booth,es,"[""Health & Fitness""]"
openlibrary_OL9390888W,PEPFAR Implementation,Committee for the Evaluation of the President's Emergency Plan for AIDS Relief (PEPFAR) Implementation,fr,"[""Health & Fitness""]"
openlibrary_OL9396738W,Western Diseases,Tessa Pollard,de,"[""Health & Fitness""]"
openlibrary_OL9914582W,Damaged Goods?,Adina Nack,so,"[""Health & Fitness""]"
openlibrary_OL103099W,Beyond belief,V. S. Naipaul,af,"[""Literary Fiction""]"
openlibrary_OL104535W,True Grit,Charles Portis,fr,"[""Young Adult"", ""General Fiction"", ""Western"", ""Humor"", ""Adventure"", ""Mystery"", ""crime""]"
openlibrary_OL1054102W,In an antique land,Amitav Ghosh,fr,"[""Biography & Memoir""]"
openlibrary_OL1069672W,Witz und seine Beziehung zum Unbewussten,"Sigmund Freud, Abraham Arden Brill",de,"[""Humor""]"
openlibrary_OL109711W,Walking on water,Randall Kenan,af,"[""Travel""]"
openlibrary_OL111670W,Cuba Libre,Elmore Leonard,es,"[""General Fiction""]"
openlibrary_OL112037W,Burger Wuss,M. T. Anderson,de,"[""Humor""]"
openlibrary_OL11702470W,Sarah Morris,"Sarah Morris, Ronald Jones, Claude Monet, Sarah Morris",id,"[""Art""]"
openlibrary_OL11876549W,Sword of doom,Jim Jennewein,af,"[""Children's""]"
openlibrary_OL11891948W,Medical Murder,Robert M. Kaplan,es,"[""History""]"
openlibrary_OL12017927W,Passing game,Murray Greenberg,tl,"[""Biography & Memoir""]"
openlibrary_OL12083600W,Terra nostra,Jeffrey S Murray,pt,"[""Art""]"
openlibrary_OL12654059W,Street soldier,"Edward MacKenzie, Edward J. Mackenzie, Phyllis Karas",af,"[""Biography & Memoir""]"
openlibrary_OL12960121W,Transport revolutions,"Richard Gilbert, Richard Gilbert, Anthony Perl, Richard Gilbert, Anthony Pearl",fr,"[""General Fiction""]"
openlibrary_OL12976948W,Die totale Erinnerung,"Christian Kracht, Eva Munz, Lukas Nikol",de,"[""History""]"
openlibrary_OL13522207W,Wolfgang Tillmans,Wolfgang Tillmans,tl,"[""Art""]"
openlibrary_OL13606798W,WHEN WOMEN KILL: QUESTIONS OF AGENCY AND SUBJECTIVITY,BELINDA MORRISSEY,so,"[""Mystery""]"
openlibrary_OL13609165W,The Gardner Heist,Ulrich Boser,de,"[""Art""]"
openlibrary_OL13625353W,Fanny Dunbar Corbusier,Fanny Dunbar Corbusier,de,"[""Travel""]"
openlibrary_OL13660595W,LEGALIZATION OF DRUGS,"Husak, Douglas N",de,"[""Mystery""]"
openlibrary_OL13667405W,ST PETERSBURG,"Colin Amery, Brian Curran",id,"[""History""]"
openlibrary_OL13667718W,MARRIED TO A BEDOUIN,MARGUERITE VAN GELDERMALSEN,pt,"[""Biography & Memoir""]"
openlibrary_OL13752662W,Bowie in Berlin,Thomas Jerome Seabrook,de,"[""Biography & Memoir""]"
openlibrary_OL14856839W,Célébration hassidique,Elie Wiesel,fr,"[""Biography & Memoir""]"
openlibrary_OL14910695W,Huckleberry Finn,"Henry Brook, Mark Twain",de,"[""Children's""]"
openlibrary_OL14970071W,Resan till världens ände,Henning Mankell,sv,"[""Children's""]"
openlibrary_OL14989220W,Demasiados héroes,Laura Restrepo,pt,"[""General Fiction""]"
openlibrary_OL15011837W,Engelbert Kaempfer,"Wolfgang Michel, Barend J. Terwiel, Engelbert Kaempfer",de,"[""History""]"
openlibrary_OL15055323W,Deep Fear aka Pure Dead Frozen,Debi Gliori,nl,"[""General Fiction""]"
openlibrary_OL15073185W,Our Paris,"Edmund White, Hubert Sorin",fr,"[""Biography & Memoir""]"
openlibrary_OL15073688W,Dead Center,Tom Shachtman,nl,"[""Biography & Memoir""]"
openlibrary_OL15082537W,Zijn net mensen,Joris Luyendijk,nl,"[""Biography & Memoir""]"
openlibrary_OL15082753W,Runaway twin,Peg Kehret,tl,"[""General Fiction""]"
openlibrary_OL15090749W,Disaster preparedness,Heather Havrilesky,no,"[""Business & Economics""]"
openlibrary_OL15117035W,Desert queen,Susanna De Vries,ca,"[""Travel""]"
openlibrary_OL15153674W,Tall Tale,Todd Strasser,et,"[""General Fiction""]"
openlibrary_OL15162452W,Madam foreman,"Armanda Cooley, Carrie Bess, Marsha Rubin-Jackson, Willie Cravin, Tracy Hampton, Jeanette Harris, Tracy Kennedy, Michael Knox, Tom Byrnes, Mike Walker",pt,"[""Politics""]"
openlibrary_OL15170662W,Not Lost Forever,Carmina Salcido,no,"[""Biography & Memoir""]"
openlibrary_OL15176555W,A Priest in Hell,Randall Radic,de,"[""General Fiction""]"
openlibrary_OL15177257W,Black Mamba Boy,"Nadifa Mohamed, Montse Triviño González",sw,"[""General Fiction""]"
openlibrary_OL15183855W,Fatal System Error,Joseph Menn,de,"[""General Fiction""]"
openlibrary_OL15183888W,Connie's Secret,Anne Lovell,fr,"[""General Fiction""]"
openlibrary_OL15184152W,Someone to Love Us,Terence O'Neill,it,"[""Biography & Memoir""]"
openlibrary_OL15392327W,Skipped Parts,Tim Sandlin,no,"[""Humor""]"
openlibrary_OL15393451W,Snow wolf,Glenn Meade,pl,"[""Travel""]"
openlibrary_OL15437450W,Mistero a Parigi,Elisabetta Dami,pt,"[""Children's""]"
openlibrary_OL15469908W,John F. Kennedy,Stephen G. Rabe,de,"[""Politics""]"
openlibrary_OL15487097W,Long time passing,Susan Galleymore,tl,"[""History""]"
openlibrary_OL15488311W,Lost Detroit,Dan Austin,fr,"[""History""]"
openlibrary_OL15503882W,Treading on kings,"Joel Sternfeld, Stefania Galante, Alexander Stille",tl,"[""Politics""]"
openlibrary_OL15537648W,Snake lake,Jeff Greenwald,sw,"[""Travel""]"
openlibrary_OL15594535W,Voyage en Perse,"Eugène Napoléon Flandin, Xavier Pascal Coste",nl,"[""Travel""]"
openlibrary_OL15597864W,Schräg-Arzt-Witze - Über 550 allzu absurde Arztwitze,"Joachim Niering, Herbert Kammlader",de,"[""Humor""]"
openlibrary_OL15616742W,India calling,Anand Giridharadas,it,"[""Travel""]"
openlibrary_OL15840845W,Vulgar Favors,Maureen Orth,no,"[""Mystery""]"
openlibrary_OL15975258W,Wanna get lucky?,Deborah Coonts,sv,"[""Mystery"", ""romantic suspense""]"
openlibrary_OL16044724W,Road kill,David Jacobs,et,"[""Mystery""]"
openlibrary_OL16071709W,Beatle meets Destiny,Gabrielle Williams,nl,"[""Humor""]"
openlibrary_OL16091560W,Alexis de Tocqueville and Gustave de Beaumont in America,Alexis de Tocqueville,fr,"[""Travel""]"
openlibrary_OL16211965W,Un recorrido por la selva,Laurie Krebs,es,"[""General Fiction""]"
openlibrary_OL16231826W,Voyage de La Pérouse autour du monde,"Jean-François de Galaup, comte de Lapérouse",fr,"[""Travel""]"
openlibrary_OL16248151W,"Histoire de Babar, le petit éléphant",Jean de Brunhoff,fr,"[""Children's""]"
openlibrary_OL16263601W,Time voyage,Steven Brezenoff,nl,"[""Children's""]"
openlibrary_OL16279797W,Not Lost Forever,"Carmina Salcido, Steve Jackson",no,"[""Biography & Memoir""]"
openlibrary_OL16305377W,Innocence lost,Carlton Stowers,es,"[""Mystery""]"
openlibrary_OL16343132W,Genocide since 1945,Philip Spencer,es,"[""History""]"
openlibrary_OL16364847W,When bamboo bloom,Patricia A. Omidian,so,"[""Travel""]"
openlibrary_OL16412561W,Fieldwork in tourism,C. Michael Hall,af,"[""Travel""]"
openlibrary_OL16539894W,Sudden terror,Larry Crompton,da,"[""Mystery""]"
openlibrary_OL16555119W,Strega Nona's gift,Tomie dePaola,sv,"[""Fantasy"", ""fantasy romance""]"
openlibrary_OL16571941W,Double vision,F. T. Bradley,fr,"[""Children's""]"
openlibrary_OL16572424W,Migrant smuggling,Anna Triandafyllidou,tl,"[""Science & Nature""]"
openlibrary_OL16591735W,Heads in beds,Jacob Tomsky,nl,"[""Humor""]"
openlibrary_OL16593875W,Dead reckoning,Caitlin Rother,sv,"[""Mystery""]"
openlibrary_OL16607630W,Presidential retreats,Peter Hannaford,ca,"[""History""]"
openlibrary_OL16618395W,Sneaky pie for president,Rita Mae Brown,no,"[""General Fiction""]"
openlibrary_OL16629918W,Timeless (Timeless #1),Alexandra Monir,et,"[""History"", ""romance""]"
openlibrary_OL16637265W,Managing sport,"David Hassan, Jim Lusted",tl,"[""Business & Economics""]"
openlibrary_OL166437W,Hotel du Lac,Anita Brookner,fr,"[""General Fiction""]"
openlibrary_OL16665680W,Frozen planet,Alastair Fothergill,nl,"[""History""]"
openlibrary_OL16672658W,Dangerous work,Arthur Conan Doyle,af,"[""Travel""]"
openlibrary_OL1679246W,Naming Canada,Alan Rayburn,tl,"[""History""]"
openlibrary_OL16798117W,McDougal Littell Literature,"Janet Allen, Margaret Atwood, Ray Bradbury, Bill Bryson, Антон Павлович Чехов, Janet Allen, Richard Connell",it,"[""Literary Fiction""]"
openlibrary_OL16805756W,Picture Perfect,Shanna Hogan,ro,"[""Mystery""]"
openlibrary_OL16956388W,Las Vegas for dummies,Rick Garman,es,"[""Travel""]"
openlibrary_OL16992759W,Viaje en el tiempo 5,Elisabetta Dami,es,"[""Children's""]"
openlibrary_OL17074267W,Silent Witnesses,Nigel McCrery,de,"[""History""]"
openlibrary_OL17283721W,Private L.A.,"James Patterson, Mark T. Sullivan",it,"[""Thriller""]"
openlibrary_OL17364305W,Leave Me Alone,Vera Brosgol,fr,"[""Children's"", ""Sci-Fi""]"
openlibrary_OL1748419W,Safe Place,Lorenzo Carcaterra,es,"[""Biography & Memoir""]"
openlibrary_OL17510497W,Broken Promise,Eleanor Robins,fi,"[""General Fiction""]"
openlibrary_OL17665927W,Helen Carey,Martha Trent,nl,"[""Art""]"
openlibrary_OL17671401W,Killer at Large,D. B. Beres,da,"[""General Fiction""]"
openlibrary_OL1768993W,Seven Years in Tibet (Sieben Jahre in Tibet),Heinrich Harrer,de,"[""Biography & Memoir""]"
openlibrary_OL17722675W,Darkling I listen,John Evangelist Walsh,no,"[""Biography & Memoir""]"
openlibrary_OL17729539W,Hard gold,Avi,cy,"[""Children's""]"
openlibrary_OL17741040W,Savage son,Corey Mitchell,no,"[""Biography & Memoir""]"
openlibrary_OL17753154W,True Blue,Randy Sutton,fr,"[""Mystery""]"
openlibrary_OL1780877W,A diplomat in Japan,"Satow, Ernest Mason Sir",id,"[""Biography & Memoir""]"
openlibrary_OL17874393W,Singing to a bulldog,Anson Williams,tl,"[""Biography & Memoir""]"
openlibrary_OL17875242W,Lesson plans,Suzanne Greenberg,fr,"[""Literary Fiction""]"
openlibrary_OL17882591W,No man's land,Elizabeth D. Samet,tl,"[""Psychology""]"
openlibrary_OL17903439W,Tim Tebow,Jenny Mackay,id,"[""Travel""]"
openlibrary_OL17913976W,Shanti bloody shanti,Aaron Smith,so,"[""Travel""]"
openlibrary_OL17915343W,Separate lives,Kathryn Flett,ro,"[""General Fiction"", ""romance""]"
openlibrary_OL17921903W,Infinite sky,C. J. Flood,no,"[""Children's""]"
openlibrary_OL1792457W,Shebeen tales,"Hove, Chenjerai, Scott Rollins",nl,"[""Politics""]"
openlibrary_OL17929256W,Los migrantes que no importan,"Óscar Martinez, Oscar Martínez, Oscar Martinez",es,"[""Travel""]"
openlibrary_OL17933111W,Left behind,Caroline Adderson,de,"[""Children's""]"
openlibrary_OL18153714W,Blind goddess,Anne Holt,cy,"[""Travel""]"
openlibrary_OL18169681W,Murder on File,"Richard Whittington-Egan, Molly Whittington-Egan",de,"[""Biography & Memoir""]"
openlibrary_OL1822527W,Sag Harbor,"Colson Whitehead, Mirron Willis",sv,"[""General Fiction""]"
openlibrary_OL1823392W,Seeking Robinson Crusoe,Timothy Severin,af,"[""History""]"
openlibrary_OL18251270W,Travellers' tales,"Robertson, George, Jon Bird, Barry Curtis, Tim Putnam",no,"[""Travel""]"
openlibrary_OL1835583W,Remembering Ahanagran,"White, Richard, Richard White, William Cronon",id,"[""Biography & Memoir""]"
openlibrary_OL1839846W,"Hog Pilots, Blue Water Grunts",Robert D. Kaplan,de,"[""Travel""]"
openlibrary_OL18467210W,Killing women,Susan Lord,af,"[""Mystery""]"
openlibrary_OL1901611W,Who killed Karen Silkwood?,Howard Kohn,af,"[""Mystery""]"
openlibrary_OL1962756W,Terra cognita,Eviatar Zerubavel,it,"[""History""]"
openlibrary_OL1963529W,Ha-Zeman ha-tsahov,דויד גרוסמן,id,"[""Travel""]"
openlibrary_OL19663554W,Comics Squad. Recess,"Jennifer L. Holm, Matthew Holm, Jarrett Krosoczka, Dav Pilkey, Dan Santat, Raina Telgemeier, Dave Roman, Ursula Vernon, Eric Wight, Gene Luen Yang",ca,"[""Humor""]"
openlibrary_OL19706062W,Viaggio nel tempo,Elisabetta Dami,it,"[""Children's""]"
openlibrary_OL19716006W,Still stuck,Shinsuke Yoshitake,sv,"[""Humor""]"
openlibrary_OL19722227W,Lost luggage,Wendall Thomas,tl,"[""General Fiction"", ""Mystery"", ""crime""]"
openlibrary_OL19733689W,Finding Eden,Robin Hanbury-Tenison,de,"[""Travel""]"
openlibrary_OL19742240W,"Xenia, #keepcalm",Gemma Pasqual i Escrivá,et,"[""Young Adult""]"
openlibrary_OL19752446W,Winnie's great war,Lindsay Mattick,af,"[""Travel""]"
openlibrary_OL19802392W,A Travers Les États-Unis: Notes Et Impressions,comte d' Haussonville,fr,"[""Travel""]"
openlibrary_OL19840390W,Dead man running,Ross Coulthart,sv,"[""Mystery""]"
openlibrary_OL19917520W,Pablo Escobar,Juan Pablo Escobar,es,"[""Biography & Memoir""]"
openlibrary_OL1996851W,Dark Wind,Gordon Chaplin,de,"[""Travel""]"
openlibrary_OL19974540W,Tiger shrimp tango,Tim Dorsey,id,"[""Travel""]"
openlibrary_OL19980726W,Hitler in Paris,Don Nardo,de,"[""History""]"
openlibrary_OL19985984W,Drugs unlimited,"Power, Mike (Journalist)",de,"[""Mystery""]"
openlibrary_OL19987085W,God'll cut you down,John Safran,cy,"[""History""]"
openlibrary_OL19990052W,Paterno legacy,Jay Paterno,it,"[""Biography & Memoir""]"
openlibrary_OL19997613W,Get mooned,SerWacki,nl,"[""Humor""]"
openlibrary_OL20003696W,Danger in Ancient Rome,"Kate Messner, Kelley McMorris",nl,"[""Children's""]"
openlibrary_OL20011693W,Dino-Mike and the underwater dinosaurs,Franco Aureliani,de,"[""Adventure""]"
openlibrary_OL20013338W,Penguin's big adventure,Salina Yoon,id,"[""Children's""]"
openlibrary_OL20015338W,Crooked Brooklyn,Michael Vecchione,af,"[""Politics""]"
openlibrary_OL20017499W,Black dragon river,Dominic Ziegler,sv,"[""Travel""]"
openlibrary_OL20017701W,Gangster warlords,Ioan Grillo,af,"[""Politics"", ""Mystery"", ""crime""]"
openlibrary_OL20025092W,Tangled vines,Frances Dinkelspiel,da,"[""History""]"
openlibrary_OL20027020W,Double cup love,Eddie Huang,ro,"[""Travel"", ""romance""]"
openlibrary_OL20028152W,Smuggler's blues,Richard Stratton,da,"[""Mystery""]"
openlibrary_OL20029912W,Missing man,Barry Meier,tl,"[""Biography & Memoir""]"
openlibrary_OL20031773W,"Buon Giorno, Arezzo","Suzette Grillot, Zach P. Messitte",it,"[""Art""]"
openlibrary_OL20035345W,La Americana,Melanie Bowden Simón,it,"[""Politics""]"
openlibrary_OL20042224W,Bessie Stringfield,Joel Christian Gill,de,"[""Graphic Novel""]"
openlibrary_OL20042810W,Black square,Sophie Pinkham,ca,"[""Politics""]"
openlibrary_OL20046850W,Stiltonix contro il mostro Slurp,Elisabetta Dami,it,"[""Humor""]"
openlibrary_OL20049713W,13 Stradomska Street,Andrew Potok,sv,"[""Travel""]"
openlibrary_OL20056898W,Inseguimento Tra I Ghiacci,Elisabetta Dami,it,"[""Mystery""]"
openlibrary_OL20060453W,Suit your selfie,Stephan Pastis,af,"[""Humor""]"
openlibrary_OL20150459W,Defying Hitler,"Gordon Thomas, Greg Lewis",no,"[""History""]"
openlibrary_OL20278981W,George Ohr,Ellen J. Lippert,de,"[""Art""]"
openlibrary_OL20298955W,Rebel in High Heels,Charlotte Laws,nl,"[""Biography & Memoir""]"
openlibrary_OL20362788W,Murder & Mayhem in Missouri,Larry Wood,de,"[""Mystery""]"
openlibrary_OL20363852W,Bald Knobbers : ,Vincent S. Anderson,da,"[""History""]"
openlibrary_OL20369932W,Miera y Pacheco,John L. Kessell,es,"[""History""]"
openlibrary_OL2048575W,Babyface killers,Clifford L. Linedecker,da,"[""Mystery""]"
openlibrary_OL20489033W,Letters from Nigeria,Gretel Clark,no,"[""Politics""]"
openlibrary_OL20499275W,Sansovino's Venice,Francesco Tatti,sl,"[""Travel""]"
openlibrary_OL20521272W,Greek to Me,"Norris, Mary (Editor)",af,"[""History""]"
openlibrary_OL20637250W,Yankee mouse,Philip M. Horender,fi,"[""Children's""]"
openlibrary_OL20670200W,Little Weirds,Jenny Slate,de,"[""General Fiction""]"
openlibrary_OL20848809W,Blood sisters,Julie Shaw,af,"[""Mystery""]"
openlibrary_OL20882185W,Dork Diaries 15,Rachel Renée Russell,af,"[""General Fiction""]"
openlibrary_OL20896818W,Stem jobs in sports,Rick Raymos,sl,"[""Science & Nature""]"
openlibrary_OL20921379W,Last Call,Elon Green,fr,"[""Mystery"", ""crime""]"
openlibrary_OL20925334W,Amelia in joy and wonder,Jimmy Gownley,nl,"[""Graphic Novel""]"
openlibrary_OL20936433W,Imperial Dreams,Tim Gallagher,ro,"[""Travel""]"
openlibrary_OL21040259W,Team Canada 1972,Andrew Podnieks,pt,"[""Biography & Memoir""]"
openlibrary_OL21051131W,David Livingstone,Stephen Tomkins,sv,"[""Biography & Memoir""]"
openlibrary_OL21053974W,Desert Lake,"Steve Morton, Mandy Martin, Kim Mahood, John Carty",no,"[""Art""]"
openlibrary_OL21081382W,Daddy's sandwich,Pip Jones,cy,"[""Humor""]"
openlibrary_OL21138344W,Murder in Plain English,"Michael Arntfield, Marcel Danesi",de,"[""Mystery""]"
openlibrary_OL211759W,Deep field,James Bradley,nl,"[""General Fiction""]"
openlibrary_OL21664892W,Mississippi Eyes,"Matt Herron, John Dittmer",fi,"[""Art""]"
openlibrary_OL21732931W,Gimme a call,Sarah Mlynowski,it,"[""General Fiction""]"
openlibrary_OL21899577W,Adventure Time,Pendleton Ward,ro,"[""Graphic Novel""]"
openlibrary_OL22054169W,Murder in Grosse Pointe Park,"Miller, Steve",de,"[""Mystery""]"
openlibrary_OL22058006W,Double you,Shane Peacock,fr,"[""Travel""]"
openlibrary_OL221769W,Extra Virgin,Annie Hawes,ca,"[""Travel""]"
openlibrary_OL2222966W,Russie en 1839,Astolphe marquis de Custine,af,"[""Travel""]"
openlibrary_OL22707675W,My Year Abroad,Chang-rae Lee,cy,"[""General Fiction""]"
openlibrary_OL227767W,"Mémoires sur la dernière guerre de l'Amérique septentrionale, entre la France et l'Angleterre","Pierre Pouchot, Franklin Benjamin Hough",fr,"[""Travel""]"
openlibrary_OL2286728W,Extension du domaine de la lutte,Michel Houellebecq,fr,"[""Psychology"", ""romance""]"
openlibrary_OL23300626W,Murder in Battle Creek,Blaine Lee Pardoe,de,"[""Mystery""]"
openlibrary_OL235832W,Dead Ends,Michael Reynolds,nl,"[""Mystery""]"
openlibrary_OL2414207W,Dreamtime Alice,Mandy Sayer,ro,"[""Biography & Memoir""]"
openlibrary_OL24158371W,Magia lejana,Mary Jo Putney,id,"[""General Fiction""]"
openlibrary_OL2424284W,Wojna futbolowa,Ryszard Kapuściński,pl,"[""Travel""]"
openlibrary_OL24318043W,La Legerete,Catherine Meurisse,da,"[""Graphic Novel""]"
openlibrary_OL24361109W,I Let Him Go,Denise Fergus,de,"[""Biography & Memoir""]"
openlibrary_OL24580002W,Idéfix et les Irréductibles Tome 1,"Matthieu Choquet, Yves Coulon, Jérôme Erbin",fr,"[""Graphic Novel""]"
openlibrary_OL2459831W,Peter Duck,Arthur Michell Ransome,de,"[""General Fiction""]"
openlibrary_OL2478790W,Baroque reason,Christine Buci-Glucksmann,es,"[""Literary Fiction""]"
openlibrary_OL24814290W,Arcangela Tarabotti : Antisatire,Elissa B. Weaver,it,"[""Romance""]"
openlibrary_OL2486836W,Willie Doherty,"Willie Doherty, Martin McLoone, Maite Lores, Ian Hunt, Camilla Jackson",de,"[""Art""]"
openlibrary_OL25068024W,Monnaie maléfique,Stéphanie Paquin,fr,"[""Travel""]"
openlibrary_OL2626692W,A criminal injustice,Richard Firstman,ro,"[""General Fiction""]"
openlibrary_OL2637610W,Time Flies,Eric Rohmann,de,"[""General Fiction""]"
openlibrary_OL2651619W,Museum governance,Marie C. Malaro,pt,"[""Business & Economics""]"
openlibrary_OL2656711W,Family value,"William Knoedelseder, Bryn Freedman",fi,"[""Mystery""]"
openlibrary_OL2692555W,Blue Latitudes,Tony Horwitz,fr,"[""Travel""]"
openlibrary_OL270880W,A Voyage for Madmen,Peter Nichols,da,"[""General Fiction""]"
openlibrary_OL2736085W,Nobody said not to go,Ken Cuthbertson,cy,"[""Travel""]"
openlibrary_OL27418628W,Ruby Holler,Sharon Creech,da,"[""General Fiction""]"
openlibrary_OL275971W,Final Analysis,Catherine Crier,tl,"[""General Fiction""]"
openlibrary_OL27709783W,Outrageous Grace,John Otterbacher,fr,"[""Health & Fitness""]"
openlibrary_OL27733483W,Making strange,Herbert Grabes,tl,"[""Art""]"
openlibrary_OL27868W,Political pilgrims,Paul Hollander,it,"[""History""]"
openlibrary_OL27971571W,Dziewczyna z pociągu,Paula Hawkins,pl,"[""General Fiction""]"
openlibrary_OL28950777W,Contes de Vendredi,Anne-Marie Cloutier,es,"[""Children's""]"
openlibrary_OL2914215W,When women kill,Coramae Richey Mann,nl,"[""Mystery""]"
openlibrary_OL2928944W,Bombay Anna,Susan Morgan,tl,"[""Travel""]"
openlibrary_OL2938857W,Collision course,"Ralph Nader, Wesley J. Smith",fr,"[""Health & Fitness""]"
openlibrary_OL2945703W,Environmental America,D. J. Herda,ca,"[""Science & Nature""]"
openlibrary_OL3037164W,Cosa Nostra,"John Dickie, Dickie, John",pt,"[""History""]"
openlibrary_OL3170709W,Los Angeles,"Reyner Banham, Reyner Banham, Joe Day",es,"[""Travel""]"
openlibrary_OL3234240W,La Harpe's post,George H. Odell,fr,"[""Travel""]"
openlibrary_OL3257731W,Doggone dogs!,Karen Beaumont,da,"[""General Fiction""]"
openlibrary_OL3258801W,A wider range,Maria H. Frawley,af,"[""History""]"
openlibrary_OL3269204W,Jail journal,John Mitchel,fr,"[""Biography & Memoir""]"
openlibrary_OL3275783W,Mitch Epstein,Mitch Epstein,de,"[""Art""]"
openlibrary_OL3297228W,Uncommon danger,Eric Ambler,fr,"[""General Fiction""]"
openlibrary_OL3337698W,Mapping an empire,Matthew H. Edney,tl,"[""Art""]"
openlibrary_OL3485073W,Middle Passages,James T. Campbell,da,"[""Travel""]"
openlibrary_OL3487556W,Paddy Whacked,T. J. English,cy,"[""History""]"
openlibrary_OL3488456W,Sagittarius rising,"Lewis, Cecil",et,"[""Travel""]"
openlibrary_OL3656254W,Desert places,Robyn Davidson,nl,"[""Travel""]"
openlibrary_OL3657202W,Mister Messy,Roger Hargreaves,de,"[""Children's""]"
openlibrary_OL3657210W,Mister Tickle,Roger Hargreaves,de,"[""General Fiction""]"
openlibrary_OL3926002W,In His Garden,Leo Damore,nl,"[""Biography & Memoir""]"
openlibrary_OL39264W,Me Oh Maya,Jon Scieszka,sw,"[""Travel""]"
openlibrary_OL3928923W,Cruel doubt,Joe McGinniss,es,"[""Mystery"", ""crime""]"
openlibrary_OL39306W,Sam Samurai,Jon Scieszka,id,"[""Children's""]"
openlibrary_OL3935918W,Entangled Edens,Candace Slater,da,"[""Travel""]"
openlibrary_OL3942224W,Clementine's Letter (Clementine),Sara Pennypacker,fr,"[""Humor""]"
openlibrary_OL3942306W,"Venice, CA","Webb, Michael, Michael Webb, Juergen Nogai",ro,"[""Art""]"
openlibrary_OL39432W,Viking It and Liking It,Jon Scieszka,tl,"[""Children's""]"
openlibrary_OL4037583W,A dangerous place,Marc Reisner,fr,"[""Art""]"
openlibrary_OL4111100W,Black powder,Staton Rabin,pl,"[""General Fiction""]"
openlibrary_OL4133547W,Sadeq Hedayat,Homa Katouzian,so,"[""Biography & Memoir""]"
openlibrary_OL413623W,Huckleberry Finn,Wim Coleman,de,"[""Travel""]"
openlibrary_OL4186511W,Bonne Chance!,Richard Wiles,fr,"[""Biography & Memoir""]"
openlibrary_OL4277485W,Poison Farm,David John Williams,fr,"[""History""]"
openlibrary_OL4314055W,Comrade Chikatilo,Mikhail Krivich,sv,"[""Biography & Memoir""]"
openlibrary_OL45981W,Pest Control,Bill Fitzhugh,fr,"[""General Fiction""]"
openlibrary_OL466124W,Tim All Alone (Little Tim S.),Edward Ardizzone,de,"[""General Fiction""]"
openlibrary_OL474877W,Desiring voices,Mary B. Moore,nl,"[""Literary Fiction""]"
openlibrary_OL47958W,Dickens' London,Peter Ackroyd,de,"[""General Fiction""]"
openlibrary_OL481140W,Changing my mind,Zadie Smith,tl,"[""General Fiction""]"
openlibrary_OL48751W,Cats As Cats Can,Tomi Ungerer,ca,"[""Art""]"
openlibrary_OL4916818W,Kipling And Afghanistan,Neil K. Moran,tl,"[""History""]"
openlibrary_OL5022892W,Africa dances,"Geoffrey Gorer, Geoffrey Gorer, Geoffrey Gorer, GORER,Geoffrey",pt,"[""Travel""]"
openlibrary_OL504802W,God knows,Joseph Heller,pl,"[""Humor""]"
openlibrary_OL5058658W,Horacio Zúñiga,"Clemente Díaz de la Vega, Sonia Palacios Díaz",es,"[""Biography & Memoir""]"
openlibrary_OL523353W,"A dog came, too",Ainslie Manson,pt,"[""Travel""]"
openlibrary_OL525691W,Blues for cannibals,Charles Bowden,ca,"[""Travel""]"
openlibrary_OL5258940W,Incident at Big Sky,Johnny France,da,"[""Mystery""]"
openlibrary_OL526923W,Hip hotels,Herbert J. M. Ypma,nl,"[""Travel""]"
openlibrary_OL5351627W,Bicentennial city,John Francis Marion,it,"[""Travel""]"
openlibrary_OL5368035W,Murder in Minnesota,Walter N. Trenerry,de,"[""Mystery""]"
openlibrary_OL5479897W,Let It Bleed,Ethan A. Russell,nl,"[""Biography & Memoir""]"
openlibrary_OL5707247W,Meet Wild Boars,"Meg Rosoff, Sophie Blackall",nl,"[""Humor""]"
openlibrary_OL5712620W,Yum yum! What fun!,Mara Bergman,id,"[""General Fiction""]"
openlibrary_OL5713095W,Parties & potions,Sarah Mlynowski,fr,"[""Fantasy"", ""fantasy romance""]"
openlibrary_OL5714333W,Mark Twain,Debra McArthur,sw,"[""Biography & Memoir""]"
openlibrary_OL5715373W,Rumbo a Las Galapagos / We are sailing to Galapagos,"Laurie Krebs, Grazia Restelli",tl,"[""Travel""]"
openlibrary_OL5722344W,Weekend utopia,Alastair Gordon,af,"[""Art""]"
openlibrary_OL5733146W,Bergdorf Blondes,Plum Sykes,de,"[""Literary Fiction""]"
openlibrary_OL5752388W,Jesus Freaks,Don Lattin,et,"[""General Fiction""]"
openlibrary_OL582126W,Holocaust journey,Martin Gilbert,fr,"[""Travel""]"
openlibrary_OL5832374W,Bodies we've buried,Jarrett Hallcox,af,"[""Mystery""]"
openlibrary_OL5851338W,Body brokers,Annie Cheney,sk,"[""Mystery"", ""crime""]"
openlibrary_OL5968789W,Sexual antipodes,Pamela Cheek,ca,"[""Literary Fiction""]"
openlibrary_OL6033884W,Gender and leisure,Cara Aitchison,de,"[""Business & Economics""]"
openlibrary_OL6034684W,Later travels,"Ciriaco d'Ancona, Cyriac of Ancona, Edward W. Bodnar",no,"[""Travel""]"
openlibrary_OL6092531W,Bad Blood,"Levine, Richard M.",so,"[""Mystery""]"
openlibrary_OL619428W,Parnassus on Wheels,Christopher Morley,et,"[""General Fiction""]"
openlibrary_OL6209540W,Dinosaur Woods,George McClements,af,"[""General Fiction""]"
openlibrary_OL6225961W,Murder in Sin City,Jeff German,de,"[""General Fiction""]"
openlibrary_OL6342182W,Games Criminals Play,"Bud Allen, Diana Bosta",ca,"[""Mystery""]"
openlibrary_OL65711W,Letters from Egypt,Florence Nightingale,no,"[""Travel""]"
openlibrary_OL66204W,Four stupid cupids,Gregory Maguire,ro,"[""Humor""]"
openlibrary_OL6621113W,Yermak's campaign in Siberia,Terence E. Armstrong,id,"[""History""]"
openlibrary_OL6718639W,Colonialism's culture,"Thomas, Nicholas",ro,"[""History""]"
openlibrary_OL67315W,Zunge zeigen,Günter Grass,de,"[""Travel""]"
openlibrary_OL69605W,Bad kitty,Michele Jaffe,fi,"[""General Fiction"", ""Mystery"", ""crime""]"
openlibrary_OL7016364W,Mafia son,Sandra Harmon,it,"[""Biography & Memoir"", ""Mystery"", ""crime""]"
openlibrary_OL7316024W,Description de l'Égypte,"France, Commission des sciences et arts d'Égypte, Edme-François Jomard, France. Commission des sciences et arts d'Egypte",fr,"[""History""]"
openlibrary_OL73991W,Moral Panic,Phillip Jenkins,ca,"[""Psychology""]"
openlibrary_OL74117W,I'm a stranger here myself,Bill Bryson,no,"[""Travel""]"
openlibrary_OL777826W,An Arabian tale,"William Beckford, Samuel Henley, Richard Garnett , Samuel Henley, Franz Blei, John Beckford, Giaime Giaime Pintor",tl,"[""General Fiction""]"
openlibrary_OL7798384W,Immaterial transcendences,Constance G. Janiga- Perkins,it,"[""Psychology""]"
openlibrary_OL794064W,Quer pasticciaccio brutto de via Merulana,Carlo Emilio Gadda,it,"[""General Fiction""]"
openlibrary_OL8026699W,Chroniques birmanes,Guy Delisle,fr,"[""Politics""]"
openlibrary_OL8032281W,Divine By Blood,P. C. Cast,af,"[""General Fiction"", ""romance"", ""Romantasy""]"
openlibrary_OL8061547W,Histoire Naturelle Des Indes,Ruth Kraemer,fr,"[""Travel""]"
openlibrary_OL8109992W,Female serial killers,Peter Vronsky,no,"[""General Fiction""]"
openlibrary_OL8138833W,Ice Wreck,Lucille Recht Penner,pl,"[""Children's""]"
openlibrary_OL8339335W,Golden Bats & Pink Pigeons,"Joe Durrell, Gerald Malcolm Durrell",nl,"[""Science & Nature""]"
openlibrary_OL8360033W,Himalayan Quest,"Ed Viesturs, Peter Potterfield",tl,"[""Travel""]"
openlibrary_OL845004W,For I have sinned,John Glatt,no,"[""Biography & Memoir""]"
openlibrary_OL8454367W,Hooked up for murder,"Robert Mladinich, Robert Mladinlch, Michael Benson",da,"[""Mystery""]"
openlibrary_OL8552531W,Kiss and Kill,Dale Hudson,de,"[""Mystery""]"
openlibrary_OL86151W,Maddigan's Fantasia,Margaret Mahy,id,"[""Children's""]"
openlibrary_OL864624W,Planeta Encantado 1 - La Huella de los Dioses,J. J. Benítez,es,"[""Travel""]"
openlibrary_OL8832140W,Dead Man in Paradise,J. B. MacKinnon,id,"[""Travel""]"
openlibrary_OL892088W,"Last dance, last chance",Ann Rule,fr,"[""Mystery"", ""crime""]"
openlibrary_OL892093W,No regrets,Ann Rule,no,"[""Mystery""]"
openlibrary_OL892130W,Small sacrifices,Ann Rule,it,"[""Biography & Memoir"", ""Mystery"", ""crime""]"
openlibrary_OL8983686W,Saudades do Brasil,Claude Lévi-Strauss,pt,"[""Travel""]"
openlibrary_OL9002960W,Deadly dose,Amanda Lamb,cy,"[""Mystery""]"
openlibrary_OL907425W,Deliberate intent,Rodney A. Smolla,nl,"[""Mystery""]"
openlibrary_OL9264183W,Loving Natalee,Beth Holloway,nl,"[""General Fiction""]"
openlibrary_OL930953W,Histoire de ma vie,Louise Michel,fr,"[""Biography & Memoir""]"
openlibrary_OL96869W,Fra Grønland til Stillehavet,Knud Rasmussen,da,"[""Travel""]"
openlibrary_OL977816W,A terra será redonda?,"Ana Maria Magalhães, Isabel Alçada",pt,"[""History""]"
openlibrary_OL10489W,Aprendices de brujo,Antonio Orlando Rodríguez,es,"[""General Fiction""]"
openlibrary_OL106074W,Our Man in Havana,Graham Greene,nl,"[""General Fiction""]"
openlibrary_OL108050W,International business etiquette,Ann Marie Sabath,fr,"[""Business & Economics""]"
openlibrary_OL108533W,Good faith,Jane Smiley,cy,"[""General Fiction""]"
openlibrary_OL11556384W,Structural funds,"N. M. Christodoulakis, Nicos Christodoulakis, Sarantis Kalyvitis",ro,"[""Business & Economics""]"
openlibrary_OL11598491W,Comsumer culture,C. Lury,ro,"[""Business & Economics""]"
openlibrary_OL11629830W,A Radio romance,Garrison Keillor,pt,"[""General Fiction"", ""romance""]"
openlibrary_OL11904006W,Sorta like a rockstar,Matthew Quick,sv,"[""General Fiction""]"
openlibrary_OL12041594W,Protest and popular culture,Mary Eleanor Triece,ro,"[""History""]"
openlibrary_OL1230186W,International Political Economy,Benjamin J. Cohen,it,"[""Business & Economics""]"
openlibrary_OL12303339W,Inside ISO 14000,Don Sayre,pt,"[""Business & Economics""]"
openlibrary_OL12371485W,Quick response,Alan Hunter,fr,"[""Business & Economics""]"
openlibrary_OL1336932W,Ring for Jeeves,P. G. Wodehouse,da,"[""General Fiction""]"
openlibrary_OL1337083W,Aunts aren't gentlemen,P. G. Wodehouse,nl,"[""General Fiction""]"
openlibrary_OL13393W,Alice alone,Phyllis Reynolds Naylor,it,"[""Children's""]"
openlibrary_OL13443W,Alice in-between,Phyllis Reynolds Naylor,nl,"[""General Fiction""]"
openlibrary_OL13610352W,COMMUNICATION IN THE DESIGN PROCESS,"Brown, Stephen A",vi,"[""General Fiction""]"
openlibrary_OL13624120W,Medical data analysis,"International Symposium on Medical Data Analysis (4th 2003 Berlin, Germany)",it,"[""Science & Nature""]"
openlibrary_OL13625630W,THIRSTY PLANET: STRATEGIES FOR SUSTAINABLE WATER MANAGEMENT,CONSTANCE ELIZABETH HUNT,de,"[""Business & Economics""]"
openlibrary_OL13640926W,IDEAS FOR DEVELOPMENT,Robert Chambers,de,"[""Business & Economics""]"
openlibrary_OL13683596W,Hate list,Jennifer Brown,et,"[""General Fiction""]"
openlibrary_OL14178W,Last chance saloon,Marian Keyes,fr,"[""Humor"", ""romance""]"
openlibrary_OL14847926W,Critical conditions,Stephen White,it,"[""General Fiction""]"
openlibrary_OL14911375W,Dark Tort,Diane Mott Davidson,no,"[""Mystery""]"
openlibrary_OL14981655W,Forest gate,Peter Akinti,no,"[""General Fiction""]"
openlibrary_OL15032860W,Science Fair,"Dave Barry, Ridley Pearson",fr,"[""General Fiction""]"
openlibrary_OL15033710W,Dumb Bunny,Barbara Park,id,"[""Children's""]"
openlibrary_OL15061446W,Almost Alice,Phyllis Reynolds Naylor,ro,"[""General Fiction""]"
openlibrary_OL15074099W,General Winston's daughter,Sharon Shinn,de,"[""General Fiction""]"
openlibrary_OL15096997W,Building Design Management,Colin Gray - undifferentiated,nl,"[""Business & Economics""]"
openlibrary_OL15105573W,Spectacular spectacles,Jane O'Connor,ro,"[""General Fiction""]"
openlibrary_OL15105582W,Pajama Day,Jane O'Connor,id,"[""General Fiction""]"
openlibrary_OL15168385W,Sh*t My Dad Says,Justin Halpern,so,"[""Humor""]"
openlibrary_OL151922W,Henry and Beezus,Beverly Cleary,de,"[""Humor""]"
openlibrary_OL151969W,Ramona Forever,Beverly Cleary,pt,"[""Humor""]"
openlibrary_OL15244160W,Star Island,Carl Hiaasen,sv,"[""General Fiction""]"
openlibrary_OL15406979W,Big Nate Strikes Again,Lincoln Peirce,de,"[""Humor""]"
openlibrary_OL15597062W,Bioenergy development,Elizabeth Cushion,nl,"[""Business & Economics""]"
openlibrary_OL15631959W,Subway girl,Peter Jacob Converse,so,"[""General Fiction""]"
openlibrary_OL15830592W,First graders from Mars,"Shana Corey, Mark Teague",sv,"[""Humor""]"
openlibrary_OL15857455W,Outside Valentine,Liza Ward,et,"[""Young Adult""]"
openlibrary_OL15921139W,Sex cells,Rene Almeling,ca,"[""Art""]"
openlibrary_OL15952097W,September 12,Gregory Smithsimon,de,"[""Science & Nature""]"
openlibrary_OL15957354W,"Age, gender, and work",Julie Ann McMullin,af,"[""Business & Economics""]"
openlibrary_OL15986938W,Leaving Fletchville,Rene Schmidt,da,"[""Young Adult""]"
openlibrary_OL15997349W,I am going!,Mo Willems,tl,"[""Humor""]"
openlibrary_OL16015204W,Zeke Meeks vs. the gruesome girls,D. L. Green,af,"[""Humor""]"
openlibrary_OL16027033W,Timoleon Vieta come home,Dan Rhodes,it,"[""General Fiction""]"
openlibrary_OL16030517W,Love 'em or lose 'em,"Beverly L. Kaye, Beverly Kaye, Sharon Jordan-Evans",pt,"[""Business & Economics""]"
openlibrary_OL16062457W,Mi hermana gemela ; mi hermano gemelo,Crystal Velasquez,nl,"[""Humor""]"
openlibrary_OL16063641W,Falling behind,Robert H. Frank,de,"[""Art""]"
openlibrary_OL16084538W,Sleep disorders,"Gail B. Stewart, Gail Stewart",af,"[""Children's""]"
openlibrary_OL16134419W,I Hunt Killers,Barry Lyga,no,"[""General Fiction"", ""Mystery"", ""crime""]"
openlibrary_OL16151909W,A gold star for Zog,Julia Donaldson,da,"[""General Fiction""]"
openlibrary_OL16176693W,College drinking and drug use,Helene Raskin White,da,"[""Young Adult""]"
openlibrary_OL16415369W,Sleep like a tiger,Mary Logue,af,"[""General Fiction""]"
openlibrary_OL16420202W,Hark! A Vargrant,Kate Beaton,sv,"[""General Fiction""]"
openlibrary_OL16455208W,Fake mustache,Tom Angleberger,de,"[""General Fiction""]"
openlibrary_OL16457387W,One Cool Friend,Toni Buzzeo,nl,"[""Humor""]"
openlibrary_OL1646177W,Access database design & programming,Steven Roman,it,"[""Business & Economics""]"
openlibrary_OL16527498W,Multicultural Literature and Response,"Lynn Atkinson Smolen, Ruth A. Oswald",ro,"[""Young Adult""]"
openlibrary_OL16529172W,Dinosaur vs. Santa,Bob Shea,lt,"[""Children's""]"
openlibrary_OL16531541W,Secret Agent Splat!,Rob Scotton,nl,"[""Children's""]"
openlibrary_OL16564908W,"Mergers, acquisitions and global empires",Ko Unoki,fr,"[""Business & Economics""]"
openlibrary_OL16614237W,Fair trade,"Douglas L. Murray, Wilkinson, John, Laura Raynolds, John Wilkinson",pt,"[""Business & Economics""]"
openlibrary_OL16667874W,Creating a lean culture,David Mann,ro,"[""Business & Economics""]"
openlibrary_OL16695135W,Superhero silliness,Tony Abbott,fi,"[""Humor""]"
openlibrary_OL16699783W,Marco impossible,Hannah Moskowitz,it,"[""Children's""]"
openlibrary_OL16701957W,Kapitał społeczny ludzi starych na przykładzie mieszkańców miasta Białystok,Andrzej Klimczuk,pl,"[""Business & Economics""]"
openlibrary_OL16726506W,Nugget and Fang,Tammi Sauer,da,"[""Humor""]"
openlibrary_OL16792187W,Families in multicultural perspective,Bron B. Ingoldsby,ro,"[""Business & Economics""]"
openlibrary_OL16813088W,Polpette di supertopo per il T-Rex,Elisabetta Dami,it,"[""Children's""]"
openlibrary_OL16968066W,Being Bindy,Alyssa Brugman,de,"[""Young Adult""]"
openlibrary_OL16969635W,Eating disorders,Simon G. Gowers,af,"[""Young Adult""]"
openlibrary_OL17204115W,La tremenda carica dei Tremendosauri,Elisabetta Dami,it,"[""Children's""]"
openlibrary_OL1724583W,Métaphysique des tubes,Amélie Nothomb,fr,"[""General Fiction""]"
openlibrary_OL17264238W,Storia della bambina perduta,Elena Ferrante,it,"[""General Fiction""]"
openlibrary_OL17415061W,Winnie Says Cheese,Laura Owen,af,"[""Humor""]"
openlibrary_OL17439757W,Hunting Lila,Sarah Alderson,tl,"[""Mystery""]"
openlibrary_OL17493253W,Dirty Bertie,Alan MacDonald,de,"[""Humor""]"
openlibrary_OL17561200W,Dad is Fat,Jim Gaffigan,de,"[""Humor""]"
openlibrary_OL17587861W,Girl Online,Zoe Sugg,tr,"[""Children's""]"
openlibrary_OL17604700W,Demon Dentist,David Walliams,nl,"[""Humor""]"
openlibrary_OL17614460W,"Ada Twist, Scientist",Andrea Beaty,de,"[""Children's""]"
openlibrary_OL17735988W,Viral loop,Adam L. Penenberg,et,"[""Business & Economics""]"
openlibrary_OL17778803W,Paint me a monster,Janie Baskin,fr,"[""Children's""]"
openlibrary_OL17867163W,Multicultural management 2000,"Nick Boulter, Murray M. Dalziel, Jackie Hill",ro,"[""Business & Economics""]"
openlibrary_OL17868867W,Elusive peace,I. William Zartman,ro,"[""Business & Economics""]"
openlibrary_OL17870377W,My zombie hamster,Havelock McCreely,nl,"[""Humor""]"
openlibrary_OL17874268W,Big Nate - Game On!,Lincoln Peirce,de,"[""Children's""]"
openlibrary_OL17874803W,Fartasaurus Rex,Seamus Pilger,lt,"[""Humor""]"
openlibrary_OL17875873W,Nintendo Fun,Editors of Consumer Guide,pt,"[""Young Adult""]"
openlibrary_OL17878130W,Antitrust goes global,"Simon J. Evenett, Benn Steil, Alexander Lehmann, Simon J. Evenett, eds. Benn Steil",ca,"[""Business & Economics""]"
openlibrary_OL17894379W,Annoying Orange,Scott Shaw,tl,"[""General Fiction""]"
openlibrary_OL17896834W,Dangerous rescue,Brandon T. Snider,fr,"[""Humor""]"
openlibrary_OL17913914W,Homeroom diaries,"James Patterson, Lisa Papademetriou",af,"[""Children's""]"
openlibrary_OL17916874W,Sfida galattica all'ultimo gol,Elisabetta Dami,it,"[""Humor""]"
openlibrary_OL18026382W,Copper magic,Julia Mary Gibson,it,"[""Fantasy"", ""fantasy romance""]"
openlibrary_OL18037873W,Digital capital,"Don Tapscott, David Ticoll, Alex Lowy",it,"[""Business & Economics""]"
openlibrary_OL18144002W,Metro futures,"Dan Luria, Joel Rogers",pt,"[""Business & Economics""]"
openlibrary_OL18148949W,Speaking OUT,Rachelle Lee Smith,tl,"[""Science & Nature""]"
openlibrary_OL18166761W,CFA program curriculum,CFA Institute,ro,"[""Business & Economics""]"
openlibrary_OL18174307W,Nicholas Dane,Melvin Burgess,de,"[""General Fiction""]"
openlibrary_OL18208343W,Numerical optimization,"J. Frédéric Bonnans, Jean Charles Gilbert, Claude Lemaréchal, Claudia A. Sagastizábal",ro,"[""Science & Nature""]"
openlibrary_OL1825489W,Dark side of fortune,"Margaret L. Davis, Margaret Leslie Davis",da,"[""Biography & Memoir""]"
openlibrary_OL1834325W,Why CEOs fail,"David L. Dotlich, David L., PhD Dotlich, Peter C., PhD Cairo, PhD, David L. Dotlich, PhD, Peter C. Cairo",cy,"[""Business & Economics""]"
openlibrary_OL1836977W,Global Shift,Peter Dicken,so,"[""History""]"
openlibrary_OL1838387W,Freckle Juice,Judy Blume,de,"[""Children's""]"
openlibrary_OL1838391W,Double Fudge,Judy Blume,da,"[""Humor"", ""Children's"", ""General Fiction"", ""Young Adult"", ""Romance""]"
openlibrary_OL1839039W,Skippyjon Jones,"Judith Byron Schachner, Judy Schachner",fi,"[""Children's""]"
openlibrary_OL18772943W,Global environmental forest policies,Constance McDermott,ca,"[""Business & Economics""]"
openlibrary_OL1878264W,Ecological intelligence,Daniel Goleman,it,"[""Business & Economics""]"
openlibrary_OL18805W,Rosie's walk,Pat Hutchins,af,"[""General Fiction""]"
openlibrary_OL1898758W,Forrest Gump,Winston Groom,fr,"[""General Fiction""]"
openlibrary_OL1916911W,"Juliet, naked",Nick Hornby,af,"[""Music"", ""romance""]"
openlibrary_OL1919182W,Semper Fi,"Dan Carrison, Rod Walsh",id,"[""Business & Economics""]"
openlibrary_OL1924276W,International Political Economy,Ronald W. Cox,it,"[""Business & Economics""]"
openlibrary_OL1928008W,Girls Gone Mild,Wendy Shalit,de,"[""General Fiction""]"
openlibrary_OL1929308W,My Sister Life,Maria Flook,de,"[""Biography & Memoir""]"
openlibrary_OL19360353W,Attacco Alla Statua D'Oro!,Elisabetta Dami,it,"[""General Fiction""]"
openlibrary_OL19360718W,Sei ciccia per draghi,Elisabetta Dami,it,"[""Children's""]"
openlibrary_OL19360784W,Trottosauro contro ostrica mannara,Elisabetta Dami,it,"[""Children's""]"
openlibrary_OL19408155W,Going global,Padma Desai,tl,"[""Business & Economics""]"
openlibrary_OL1948341W,Claudine at St. Clares,Enid Blyton,ro,"[""General Fiction""]"
openlibrary_OL19668148W,I funny TV,"James Patterson, Chris Grabenstein",cy,"[""Children's""]"
openlibrary_OL19668575W,"Big data, little data, no data",Christine L. Borgman,it,"[""Science & Nature""]"
openlibrary_OL19670176W,"Families, Families, Families!",Suzanne Lang,de,"[""Children's""]"
openlibrary_OL19671707W,Navaeh seadooll,Gale Galligan,et,"[""Young Adult""]"
openlibrary_OL19707886W,Adventure time,Kate Leth,ro,"[""Graphic Novel""]"
openlibrary_OL19711744W,Mrs. Fletcher,Tom Perrotta,de,"[""General Fiction""]"
openlibrary_OL19713454W,Riptide summer,Lisa Freeman,da,"[""Young Adult""]"
openlibrary_OL1975100W,Net worth,John Hagel,nl,"[""Business & Economics""]"
openlibrary_OL19774466W,As Experiências de Tíbio e Perônio,Flavio de Souza,pt,"[""Science & Nature""]"
openlibrary_OL1982011W,Better living,William L. Bird,no,"[""History""]"
openlibrary_OL19909837W,Virtual Organizations,Luis Camarinha-Matos,it,"[""Science & Nature""]"
openlibrary_OL19944338W,Love drugged,James Klise,da,"[""Children's""]"
openlibrary_OL19971832W,Zero fade,Chris L. Terry,pt,"[""Young Adult""]"
openlibrary_OL19974974W,Mamá me quiere bien malo,Michael Buckley,es,"[""Humor""]"
openlibrary_OL19986240W,We meet again,Stephan Pastis,nl,"[""Humor""]"
openlibrary_OL19987069W,So anyway...,John Cleese,so,"[""Humor""]"
openlibrary_OL19990609W,Value proposition design,Alexander Osterwalder,fr,"[""Business & Economics""]"
openlibrary_OL19991330W,Silver screen fiend,Patton Oswalt,nl,"[""Biography & Memoir""]"
openlibrary_OL19991987W,License To Spill,Lisi Harrison,it,"[""Children's""]"
openlibrary_OL19996921W,Nate el grande,Lincoln Peirce,nl,"[""Humor""]"
openlibrary_OL19999011W,Fart Squad,Seamus Pilger,ca,"[""Humor""]"
openlibrary_OL20002557W,Future smart,James Canton,ro,"[""Business & Economics""]"
openlibrary_OL20017723W,Life rules,Ellen LaConte,ro,"[""Business & Economics""]"
openlibrary_OL20021988W,Farmer Kobi's Hanukkah match,Karen Rostoker-Gruber,id,"[""Humor""]"
openlibrary_OL20028738W,Excellent Ed,Stacy McAnulty,ca,"[""General Fiction""]"
openlibrary_OL20032044W,Losing it,Emma Rathbone,tl,"[""Humor""]"
openlibrary_OL20039491W,We were never here,Jennifer Gilmore,nl,"[""Young Adult"", ""romance""]"
openlibrary_OL2004867W,Your college experience,"John N. Gardner, A. Jerome Jewler, Betsy O. Barefoot",fr,"[""Self-Help""]"
openlibrary_OL20058868W,Non svegliate le mosche Ronf Ronf!,Elisabetta Dami,it,"[""Humor""]"
openlibrary_OL20059935W,Operazione panettone,Elisabetta Dami,it,"[""Children's""]"
openlibrary_OL20092649W,Because Internet,Gretchen McCulloch,de,"[""General Fiction""]"
openlibrary_OL20128068W,Open Borders Inc,Michelle Malkin,nl,"[""General Fiction""]"
openlibrary_OL20168178W,Lessons From Lucy,Dave Barry,fr,"[""Humor""]"
openlibrary_OL2017685W,Nazi Gold,George Carpozi,hr,"[""History""]"
openlibrary_OL20488186W,Loose girl,Kerry Cohen,af,"[""Young Adult""]"
openlibrary_OL20816554W,Turning Angel,Greg Iles,tl,"[""Young Adult""]"
openlibrary_OL21131608W,Fault Lines,"Emily Eaton, Valerie Zink",de,"[""History""]"
openlibrary_OL21186793W,When Did You See Her Last?,"Lemony Snicket, Seth",de,"[""General Fiction""]"
openlibrary_OL21225995W,Talking It Out,Ato Quayson,tl,"[""Politics""]"
openlibrary_OL21588488W,Loose Lips,"Amy Stephenson, Casey A. Childers",et,"[""Humor""]"
openlibrary_OL21738W,Roadside crosses,Jeffery Deaver,pt,"[""General Fiction"", ""Mystery"", ""crime""]"
openlibrary_OL21913894W,Black Buck,Mateo Askaripour,de,"[""General Fiction""]"
openlibrary_OL22316422W,Louis XIV outside in,"Tony Claydon, Charles-Édouard Levillain",fr,"[""History""]"
openlibrary_OL23160W,Growing Up Filipino,Cecilia Manguerra Brainard,tl,"[""Young Adult""]"
openlibrary_OL23179263W,Wedding belles,Sarah Webb,cy,"[""Children's""]"
openlibrary_OL23226007W,Dog eat dog,Jake Marcionette,da,"[""General Fiction""]"
openlibrary_OL2403671W,Being Wasteful,Joy Berry,de,"[""Business & Economics""]"
openlibrary_OL24144939W,Hola Papi,John Paul Brammer,tl,"[""Biography & Memoir""]"
openlibrary_OL24199261W,"Zeig's ihm, Susi!",Ralf Butschkow,de,"[""Graphic Novel""]"
openlibrary_OL24260596W,Diario del primer amor,Judy May,it,"[""General Fiction""]"
openlibrary_OL24265065W,Fire safety risk assessment,Great Britain. Department for Communities and Local Government,no,"[""Business & Economics""]"
openlibrary_OL24289395W,Objeto de seducción,Sharon Kendrick,es,"[""General Fiction""]"
openlibrary_OL24346726W,Razor Girl,Carl Hiaasen,tr,"[""General Fiction""]"
openlibrary_OL2573337W,Academic strategy,George Keller,ro,"[""Business & Economics""]"
openlibrary_OL2640843W,Personnel economics,Edward P. Lazear,it,"[""Business & Economics""]"
openlibrary_OL267607W,Astérix aux Jeux Olympiques,"René Goscinny, Albert Uderzo",fr,"[""Graphic Novel""]"
openlibrary_OL267619W,Astérix en Corse,"René Goscinny, Albert Uderzo",fr,"[""Children's""]"
openlibrary_OL2697014W,El Mundo de Beakman & Jax,Jok Church,es,"[""Science & Nature""]"
openlibrary_OL2723393W,Guide to economic indicators,Norman Frumkin,it,"[""Business & Economics""]"
openlibrary_OL2729113W,Suicide notes,Michael Thomas Ford,pt,"[""General Fiction""]"
openlibrary_OL2735746W,Teenage wasteland,Donna Gaines,nl,"[""Young Adult""]"
openlibrary_OL2766475W,Can unions survive?,Charles B. Craver,fr,"[""History""]"
openlibrary_OL27740080W,Bomba apestosa y cara de cátsup en el gran desbarajuste,John Dougherty,es,"[""Children's""]"
openlibrary_OL282091W,DotCom divas,"Elizabeth Carlassare, Patricia B. Seybold",pt,"[""Business & Economics""]"
openlibrary_OL28591695W,Croquette a disparu,Carole Tremblay,it,"[""Children's""]"
openlibrary_OL286564W,Mike at Wrykyn,"P. G. Wodehouse, P.G. Wodehouse",af,"[""Humor""]"
openlibrary_OL28954711W,Mi bruja estrafalaria quiere ser gimnasta,Hiawyn Oram,ca,"[""Children's""]"
openlibrary_OL2919713W,Flawed Dogs,Berkeley Breathed,cy,"[""Humor""]"
openlibrary_OL2922818W,Media Debates,"Everette E. Dennis, John C. Merrill",id,"[""Science & Nature""]"
openlibrary_OL29240457W,Mado m'a dit,Christophe Léon,pt,"[""Young Adult""]"
openlibrary_OL2927220W,When All Else Fails,David A. Moss,de,"[""Business & Economics""]"
openlibrary_OL2962674W,Jane Austen in Boca,Paula Marantz Cohen,de,"[""General Fiction""]"
openlibrary_OL2982684W,Global paradox,John Naisbitt,es,"[""Business & Economics""]"
openlibrary_OL2997019W,Super Metroid,Tom Stratton,it,"[""Humor""]"
openlibrary_OL3004177W,"Calvin und Hobbes, Bd.16, Die Welt der Wunder",Bill Watterson,de,"[""Children's""]"
openlibrary_OL3110955W,Buddha Da,"Donovan, Anne., Anne Donovan, ANNE DONOVAN, Anne Donovan",so,"[""Literary Fiction""]"
openlibrary_OL31212352W,Breaking TWIG,Deborah Epperson,tl,"[""General Fiction""]"
openlibrary_OL3279889W,Mr. Underbed,Chris Riddell,de,"[""Humor""]"
openlibrary_OL32909W,Benjamin and Tulip,Rosemary Wells,id,"[""Children's""]"
openlibrary_OL3293490W,Perverse subsidies,"Norman Myers, Jennifer Kent",af,"[""Business & Economics""]"
openlibrary_OL3348584W,OLAP solutions,Erik Thomsen,fr,"[""Business & Economics""]"
openlibrary_OL3354216W,Structural slumps,Edmund S. Phelps,ro,"[""Business & Economics""]"
openlibrary_OL3468509W,Starke Mädchen - brave Mädchen,Peggy Orenstein,de,"[""Young Adult""]"
openlibrary_OL3483152W,Reengineering management,James Champy,nl,"[""Business & Economics""]"
openlibrary_OL3657207W,Mister Small,Roger Hargreaves,de,"[""Children's""]"
openlibrary_OL3659183W,Min bror och hans bror,Håkan Lindquist,sv,"[""General Fiction""]"
openlibrary_OL3937330W,First daughter,Mitali Perkins,de,"[""General Fiction""]"
openlibrary_OL4026136W,Max Smart Loses CONTROL,William Joseph Johnston,fr,"[""Art""]"
openlibrary_OL4090617W,"Eben Tyne, powdermonkey","Patricia Beatty, Phillip Robbins",da,"[""General Fiction""]"
openlibrary_OL4094678W,Mine are spectacular!,"Janice Kaplan, Lynn Edelman Schnurnberger",ro,"[""General Fiction""]"
openlibrary_OL4107856W,Postmodern Pooh,"Frederick C. Crews, Frederick Crews",de,"[""Literary Fiction""]"
openlibrary_OL41936W,MISERY LOVES MAGGODY,Joan Hess,de,"[""Mystery""]"
openlibrary_OL4290823W,Making capitalism,Roger L. Janelli,tl,"[""Science & Nature""]"
openlibrary_OL4480862W,Making meaning,"Stephen Diller, Steve Diller, Nathan Shedroff, Darrel Rhea",tl,"[""General Fiction""]"
openlibrary_OL465301W,Never mind!,"Avi, Rachel Vail",da,"[""General Fiction""]"
openlibrary_OL492848W,Teen Idol,Meg Cabot,nl,"[""Young Adult""]"
openlibrary_OL508610W,One rainy day,Valeri Gorbachev,cy,"[""General Fiction""]"
openlibrary_OL5103657W,Krazy Kat,"George Herriman, Chris Ware, Bill Blackbeard, Derya Ataker",pl,"[""Graphic Novel""]"
openlibrary_OL5354057W,Animal spirits,George A. Akerlof,et,"[""Business & Economics""]"
openlibrary_OL5426490W,Internet QoS,"Wang, Zheng.",de,"[""Business & Economics""]"
openlibrary_OL547175W,So Yesterday,Scott Westerfeld,tr,"[""Mystery"", ""Sci-Fi""]"
openlibrary_OL547715W,Cause Celeb,Helen Fielding,fr,"[""Humor""]"
openlibrary_OL5703638W,Dubi Dubi Muu/ Dooby Dooby Moo,Doreen Cronin,so,"[""Humor""]"
openlibrary_OL5708883W,Eloise breaks some eggs,Margaret McNamara,no,"[""Cooking""]"
openlibrary_OL5712521W,I like it like that,Cecily von Ziegesar,sq,"[""Children's"", ""romance""]"
openlibrary_OL5731664W,Sticky Burr,John Lechner,cs,"[""Children's""]"
openlibrary_OL5735173W,Bordados / Embroideries,"Marjane Satrapi, Dan Franklin, Carlos Mayor Ortega",pt,"[""Biography & Memoir""]"
openlibrary_OL5735331W,"At swim, two boys",Jamie O'Neill,pl,"[""Young Adult""]"
openlibrary_OL5738539W,Summer People,Elin Hilderbrand,da,"[""Young Adult""]"
openlibrary_OL5749822W,Shadow girl,Deb Abramson,so,"[""Biography & Memoir""]"
openlibrary_OL5756967W,Event planning,Judy Allen,nl,"[""Business & Economics""]"
openlibrary_OL5758167W,"Me, In Between",Lauren Baratz-Logsted,nl,"[""Young Adult""]"
openlibrary_OL5759974W,Elephants cannot dance!,Mo Willems,fr,"[""General Fiction""]"
openlibrary_OL5759983W,My Friend is Sad,Mo Willems,de,"[""Children's""]"
openlibrary_OL5778438W,Digital imaging,Stuart D. Lee,tl,"[""Business & Economics""]"
openlibrary_OL5801797W,Reefer Madness,Eric Schlosser,de,"[""Business & Economics""]"
openlibrary_OL5824313W,Explaining guanxi,Ying Lun So,tl,"[""Business & Economics""]"
openlibrary_OL5853634W,Gender pay differentials,Applied Econometrics Association. International Conference,de,"[""Business & Economics""]"
openlibrary_OL5857390W,A guide to practical toxicology,Adam Woolley,es,"[""Business & Economics""]"
openlibrary_OL6037739W,Global Trade,Greg Buckman,ca,"[""Business & Economics""]"
openlibrary_OL622323W,College drinking,George W. Dowdall,no,"[""Young Adult""]"
openlibrary_OL66311W,"Vom kleinen Maulwurf, der wissen wollte, wer ihm auf den Kopf gemacht hat","Werner Holzwarth, Wolf Erlbruch",de,"[""General Fiction""]"
openlibrary_OL67040W,Kids still having kids,"Janet Bode, Stan Mack",da,"[""Young Adult""]"
openlibrary_OL687351W,Oil spills!,"Jane Duden, Walker Duden",no,"[""Children's""]"
openlibrary_OL6885831W,Organic pollutants,Colin H. Walker,ca,"[""Business & Economics""]"
openlibrary_OL708160W,"Compro, Luego Existo",Guadalupe Loaeza,es,"[""Humor""]"
openlibrary_OL735646W,Annie Moore,Eithne Loughrey,af,"[""General Fiction""]"
openlibrary_OL787996W,Cold skin,Steven Herrick,no,"[""General Fiction""]"
openlibrary_OL7947987W,Pedal power,J. Harry Wray,pl,"[""Politics""]"
openlibrary_OL8119883W,Makeup Mess,Robert N. Munsch,fi,"[""General Fiction""]"
openlibrary_OL8228122W,MDX Solutions,George Spofford,fr,"[""General Fiction""]"
openlibrary_OL8357365W,Multilateralism Versus Regionalism,Meine Dijk,et,"[""Business & Economics""]"
openlibrary_OL8397932W,Auto Pact,Dimitry Anastakis,es,"[""Business & Economics""]"
openlibrary_OL8555096W,Kids Having Kids,Rebecca A. Maynard,da,"[""Young Adult""]"
openlibrary_OL8571224W,Goy Crazy,Melissa Schorr,pl,"[""Children's""]"
openlibrary_OL857652W,Pantaleón y las visitadoras,Mario Vargas Llosa,es,"[""General Fiction""]"
openlibrary_OL8583801W,Adolescent pregnancy,Naomi Farber,ca,"[""Young Adult""]"
openlibrary_OL8692294W,Citizen Docker,Andrew Parnaby,de,"[""History""]"
openlibrary_OL8786124W,Open Business Models,Henry Chesbrough,de,"[""Business & Economics""]"
openlibrary_OL88678W,Mortimer (Classic Munsch),Robert N. Munsch,de,"[""Children's""]"
openlibrary_OL88702W,Alligator Baby,Robert N. Munsch,tl,"[""General Fiction""]"
openlibrary_OL892192W,Too Soon to Say Goodbye,Art Buchwald,so,"[""Biography & Memoir""]"
openlibrary_OL9205296W,Design rules,"Carliss Y. Baldwin, Kim B. Clark",da,"[""History""]"
openlibrary_OL9291718W,Sustainable Capitalism,John E. Ikerd,fi,"[""Business & Economics""]"
openlibrary_OL9313171W,Winnie Flies Again,Valerie Thomas,de,"[""Humor""]"
openlibrary_OL9372008W,Generation Blend,R. Salkowitz,de,"[""Business & Economics""]"
openlibrary_OL97318W,How do dinosaurs get well soon?,Jane Yolen,af,"[""General Fiction""]"
openlibrary_OL9838945W,Willie & Joe,"Bill Mauldin, Todd DePastino",af,"[""Humor""]"
openlibrary_OL9938800W,Die with me,Elena Forbes,af,"[""Mystery"", ""crime""]"
openlibrary_OL10588769W,Dinner at Alberta's,Russell Hoban,de,"[""General Fiction""]"
openlibrary_OL12000216W,Design meets disability,Graham Pullin,nl,"[""Self-Help""]"
openlibrary_OL12005997W,Sober for good,Anne M Fletcher,da,"[""Self-Help""]"
openlibrary_OL122173W,Preventing teenage suicide,Polly Joan,nl,"[""Young Adult""]"
openlibrary_OL12270185W,Lube jobs,"Don Macleod, Debra Macleod, Don Macleod",sl,"[""Health & Fitness""]"
openlibrary_OL12284218W,Pizza for Sam,Mary Labatt,it,"[""Children's""]"
openlibrary_OL12354674W,Recipe for murder,Lisa Harris,ro,"[""Mystery""]"
openlibrary_OL12652456W,Ask Dr. Kate,Vicki Lewis Thompson,no,"[""General Fiction""]"
openlibrary_OL13604416W,Talking oneself sober,Sean O'Halloran,af,"[""Self-Help""]"
openlibrary_OL14855241W,Teen fads,"Spangenburg, Ray",nl,"[""Young Adult""]"
openlibrary_OL14855568W,Keep Me Alive,Natasha Cooper,af,"[""General Fiction""]"
openlibrary_OL14976409W,Medium Raw,Anthony Bourdain,id,"[""General Fiction""]"
openlibrary_OL14988838W,Joe Speedboot,Tommy Wieringa,af,"[""General Fiction""]"
openlibrary_OL15050468W,Pilgrim Girl,"Jule Selbo, Laura Peters",tr,"[""Cooking""]"
openlibrary_OL15152476W,Someone like you,Sarah Dessen,no,"[""General Fiction""]"
openlibrary_OL15168091W,Reiser's Ramblings,Bernard Reiser,de,"[""Self-Help""]"
openlibrary_OL15172016W,Write Your Memoir,Allan G Hunter,fr,"[""General Fiction""]"
openlibrary_OL152019W,Aldo Peanut Butter,Johanna Hurwitz,ro,"[""Children's""]"
openlibrary_OL15270974W,Scott Pilgrim's Finest Hour (Scott Pilgrim #6),Bryan Lee O'Malley,de,"[""Art""]"
openlibrary_OL15280904W,Magnificent voyage,Laurie Lawlor,fr,"[""Travel""]"
openlibrary_OL15616959W,Ending hunger worldwide,"Kent, George",af,"[""Cooking""]"
openlibrary_OL1568816W,Practical Mental Influence,William Walker Atkinson,es,"[""General Fiction""]"
openlibrary_OL15842994W,Girl talk,Dawn Currie,tr,"[""Young Adult""]"
openlibrary_OL15843520W,Isabelle's boyfriend,Caroline Hickey,da,"[""Children's""]"
openlibrary_OL15843722W,Latino visions,"James D. Cockcroft, Jane Canning",it,"[""Children's""]"
openlibrary_OL15859568W,How did I get here?,Barbara De Angelis,nl,"[""Psychology""]"
openlibrary_OL15936598W,Dreaming culture,Jeannette Marie Mageo,ro,"[""Self-Help""]"
openlibrary_OL16021969W,A pizza to die for,Chris Cavender,it,"[""General Fiction""]"
openlibrary_OL16025797W,Fast girls,Emily White,de,"[""Young Adult""]"
openlibrary_OL16029396W,Street Angel,"Jim Rugg, Jim Rugg, Brian Maruca",nl,"[""Young Adult""]"
openlibrary_OL16175876W,Gold medal summer,Donna Freitas,da,"[""General Fiction""]"
openlibrary_OL16189136W,Total flirt,Violet Blue,ca,"[""Self-Help""]"
openlibrary_OL16191277W,Yes! energy,Loral Langemeier,no,"[""Psychology""]"
openlibrary_OL16239534W,Diet rehab,Mike Dow,af,"[""Health & Fitness""]"
openlibrary_OL16342175W,Help me live,Lori Hope,da,"[""Self-Help""]"
openlibrary_OL1636775W,Llama in pajamas,Gisela Voss,id,"[""General Fiction""]"
openlibrary_OL16412859W,Hip hop genius,Samuel Steinberg Seidel,nl,"[""Young Adult""]"
openlibrary_OL16449909W,"Identities, discourses and experiences",Nadia Kiwan,fr,"[""Young Adult""]"
openlibrary_OL16534533W,Dessert first,Hallie Durand,no,"[""General Fiction""]"
openlibrary_OL16605555W,Four-word self-help,Patti Digh,af,"[""Self-Help""]"
openlibrary_OL16662444W,Nonna tell me a story,Lidia Bastianich,it,"[""Cooking""]"
openlibrary_OL16681452W,Modeling volcanic processes,"Sarah A. Fagents, Tracy K. P. Gregg, Rosaly M. C. Lopes",it,"[""Science & Nature""]"
openlibrary_OL16704776W,Secret pizza party,"Adam Rubin, Daniel Salmieri",it,"[""Humor""]"
openlibrary_OL16928W,Bootstrap methods,Michael R. Chernick,nl,"[""Self-Help""]"
openlibrary_OL16939000W,Fenner's veterinary virology,Nigel James Maclachlan,no,"[""Cooking""]"
openlibrary_OL17076306W,Sweet Surprise,Wanda E. Brunstetter,af,"[""Romance""]"
openlibrary_OL17102197W,You Are a Badass,Jen Sincero,pt,"[""Psychology""]"
openlibrary_OL17447846W,Be Your Best,Joyce Meyer,fr,"[""Psychology""]"
openlibrary_OL17672708W,Bitter harvest,"Ann Cooper, Lisa M. Holmes",no,"[""Cooking""]"
openlibrary_OL17720960W,Comí [Recurso electrónico. Libro-e],Martín Caparrós,es,"[""Cooking""]"
openlibrary_OL17734855W,Bone appetit,Carolyn Haines,it,"[""Cooking""]"
openlibrary_OL17789239W,Good jeans,Diane Gilman,hr,"[""Psychology""]"
openlibrary_OL17838931W,Soul models,Elizabeth Bryan,ca,"[""Literary Fiction""]"
openlibrary_OL17853047W,Hasta las mamás merecen descanso,Susan Callahan,es,"[""Psychology""]"
openlibrary_OL17856783W,Little & Lion,Brandy Colbert,it,"[""Young Adult""]"
openlibrary_OL17885118W,Fierce Optimism,Leeza Gibbons,ro,"[""Business & Economics""]"
openlibrary_OL17889022W,Viva la diva,Lisa Clark,it,"[""Psychology""]"
openlibrary_OL17895805W,Eating disorders,Barbara P. Kinoy,af,"[""Psychology""]"
openlibrary_OL17904961W,Kids gone wild,Joel Best,af,"[""Science & Nature""]"
openlibrary_OL17982947W,Food policy,"J. Price Gittinger, Joanne Leslie",pl,"[""Cooking""]"
openlibrary_OL18005674W,Suicide and homicide among adolescents,Paul C. Holinger,pt,"[""Young Adult""]"
openlibrary_OL18024407W,Boiled over,Barbara Ross,da,"[""Mystery""]"
openlibrary_OL1803966W,Dr. Sprinkle's spectacular sex,Annie Sprinkle,ro,"[""General Fiction""]"
openlibrary_OL1806043W,Cannonball Simp,John Burningham,it,"[""Children's""]"
openlibrary_OL18153652W,Bitter River,Julia Keller,no,"[""Young Adult""]"
openlibrary_OL18166385W,365 gratefuls,Hailey Bartholomew,ro,"[""Self-Help""]"
openlibrary_OL1816717W,Jump time,Jean Houston,id,"[""Self-Help""]"
openlibrary_OL18167980W,Running on eggs,Anna Levine,no,"[""General Fiction""]"
openlibrary_OL18250036W,A tavola con D'Annunzio,Paola Sorge,it,"[""Cooking""]"
openlibrary_OL18340079W,Whose hunger?,Jenny Edkins,de,"[""Cooking""]"
openlibrary_OL18349084W,Working virtue,"P. J. Ivanhoe, Rebecca L. Walker, Phillip J. Ivanhoe",af,"[""Self-Help""]"
openlibrary_OL1858072W,Black hunger,Doris Witt,de,"[""Cooking""]"
openlibrary_OL18590998W,Ancient herbs,Marina Heilmeyer,nl,"[""Cooking""]"
openlibrary_OL1864710W,Piggy's pancake parlor,David M. McPhail,tl,"[""General Fiction""]"
openlibrary_OL18658981W,Teen media,Valerie Wee,nl,"[""Young Adult""]"
openlibrary_OL18668390W,Farmer Jane,Temra Costa,de,"[""Cooking""]"
openlibrary_OL18819711W,Eating NAFTA,Alyshia Gálvez,tl,"[""Cooking""]"
openlibrary_OL18834617W,Mood disorders,Michael J. Power,af,"[""Psychology""]"
openlibrary_OL1921341W,Vegetable soup,Jeanne Modesitt,no,"[""General Fiction""]"
openlibrary_OL1925455W,Hooking up,Tom Wolfe,tl,"[""Short Stories""]"
openlibrary_OL1952690W,Como Crear Mapas Mentales,Tony Buzan,es,"[""Psychology""]"
openlibrary_OL19663961W,Be prepared,Vera Brosgol,ro,"[""Children's""]"
openlibrary_OL19709943W,Tune into love,Margaret McCraw,it,"[""Self-Help""]"
openlibrary_OL19710994W,Body love,Kelly LeVeque,sk,"[""Cooking""]"
openlibrary_OL19714257W,Resilient grieving,Lucy Hone,af,"[""Psychology""]"
openlibrary_OL19717065W,Agradece y genera abundancia,Pam Grout,es,"[""Self-Help""]"
openlibrary_OL19722737W,Stillhet i støyens tid,Erling Kagge,no,"[""Philosophy""]"
openlibrary_OL19723684W,Good seeds,T. F. Pecore Weso,af,"[""Cooking""]"
openlibrary_OL19724625W,Stolen secrets,L. B. Schulman,no,"[""Young Adult""]"
openlibrary_OL19729549W,Desperately seeking self-improvement,Carl Cederström,af,"[""Self-Help""]"
openlibrary_OL19729600W,Lost connections,Johann Hari,fr,"[""General Fiction""]"
openlibrary_OL19742673W,Arrête avec tes mensonges,"Philippe Besson, Philippe Besson",fr,"[""General Fiction""]"
openlibrary_OL19752146W,How to walk,Thích Nhất Hạnh,so,"[""Self-Help""]"
openlibrary_OL19763859W,You be you,Drew Canole,tr,"[""Self-Help""]"
openlibrary_OL1978387W,Restaurateurs and innkeepers,Irene M. Franck,af,"[""Children's""]"
openlibrary_OL1981036W,Hotel Bemelmans,Ludwig Bemelmans,nl,"[""General Fiction""]"
openlibrary_OL1981171W,Male Impersonators,"Simpson, Mark",it,"[""Psychology""]"
openlibrary_OL19827498W,Aptavani 2,Dada Bhagwan,hr,"[""Health & Fitness""]"
openlibrary_OL1984144W,When parents die,Rebecca Abrams,nl,"[""Psychology""]"
openlibrary_OL19949620W,Una fiesta saludable,Amy White,ca,"[""Cooking""]"
openlibrary_OL19961435W,Clean cuisine,Ivy Ingram Larson,ro,"[""Health & Fitness""]"
openlibrary_OL19962804W,Golosinas en el cine,Holly Karapetkova,es,"[""Children's""]"
openlibrary_OL19964144W,Ask Wendy,Wendy Williams,da,"[""Business & Economics""]"
openlibrary_OL19966518W,Boy vs. girl,Na'ima Bint Robert,tr,"[""General Fiction""]"
openlibrary_OL19970729W,Walk like a Buddha,Lodro Rinzler,so,"[""Religion & Spirituality""]"
openlibrary_OL19976055W,Love me slender,Thomas N. Bradbury,da,"[""Health & Fitness""]"
openlibrary_OL19976686W,Brunette ambition,Lea Michele,it,"[""Self-Help""]"
openlibrary_OL19978025W,Calming your angry mind,Jeffrey Brantley,tl,"[""Business & Economics""]"
openlibrary_OL19979325W,A pet for Pete,Kimberly Dean,no,"[""Children's""]"
openlibrary_OL19979926W,Most intimate,Pat Enkyo O'Hara,ro,"[""Psychology""]"
openlibrary_OL19989029W,Gratitude & trust,"Williams, Paul",ro,"[""Psychology""]"
openlibrary_OL19991321W,Not impossible,Mick Ebeling,ca,"[""Business & Economics""]"
openlibrary_OL19991622W,Frozen in time,Mark Kurlansky,nl,"[""Cooking""]"
openlibrary_OL19993265W,A passport to pastries!,Veera Hiranandani,pt,"[""Cooking""]"
openlibrary_OL19995259W,Finding Peter,William Peter Blatty,de,"[""Biography & Memoir""]"
openlibrary_OL19998753W,Spring chicken,Bill Gifford,de,"[""Health & Fitness""]"
openlibrary_OL20001249W,Two-way mirror,David Meltzer,so,"[""Poetry""]"
openlibrary_OL20002807W,Invisible chains,Lisa Aronson Fontes,fr,"[""Psychology""]"
openlibrary_OL20003049W,Recipe for disaster,Stacey Ballis,ro,"[""Cooking"", ""romance""]"
openlibrary_OL20006441W,StandOut 2.0,Marcus Buckingham,de,"[""Business & Economics""]"
openlibrary_OL20010528W,Collaborative intelligence,Dawna Markova,it,"[""Business & Economics""]"
openlibrary_OL20013612W,Natural relief for adult ADHD,Stephanie Sarkis,ro,"[""Health & Fitness""]"
openlibrary_OL20017664W,Before I forget,B. Smith,da,"[""Biography & Memoir""]"
openlibrary_OL20023494W,Relieve stress,Katrin Schubert,da,"[""Business & Economics""]"
openlibrary_OL20028844W,Die of shame,Mark Billingham,af,"[""General Fiction""]"
openlibrary_OL20045590W,"Grape, olive, pig",Matt Goulding,it,"[""Cooking""]"
openlibrary_OL20049321W,Almost autumn,Marianne Kaurin,ro,"[""Young Adult""]"
openlibrary_OL20058011W,Big hunger,"Andy Fisher, Andrew Fisher",de,"[""Cooking""]"
openlibrary_OL20058238W,Giving voice,Meryl Alper,nl,"[""Self-Help""]"
openlibrary_OL20152704W,Jimmy Neurosis,James Oseland,fi,"[""Biography & Memoir""]"
openlibrary_OL20168090W,Radical Acceptance,Andrea Miller,ro,"[""Self-Help""]"
openlibrary_OL20204805W,Pure Charcuterie,Meredith Leigh,ro,"[""Cooking""]"
openlibrary_OL20228388W,Quantum Love,Laura Berman,pt,"[""Psychology"", ""romance""]"
openlibrary_OL20291891W,Nenn mich einfach Superheld,"Alina Bronsky, Tim Mohr",de,"[""Self-Help""]"
openlibrary_OL20645179W,Shuggie Bain,Douglas Stuart,de,"[""Literary Fiction""]"
openlibrary_OL20652725W,Strung Out,Erin Khar,de,"[""Biography & Memoir""]"
openlibrary_OL20707260W,Hidden Hunger,"Hans Konrad Biesalski, Patrick O'Mealy",da,"[""Health & Fitness""]"
openlibrary_OL20745761W,Seeing Silence,Mark C. Taylor,de,"[""Religion & Spirituality""]"
openlibrary_OL20823603W,Managing stress,"Terry Looker, Olga Gregson",tl,"[""Business & Economics""]"
openlibrary_OL20902302W,Vive la vida que amas,Paula Renaye,es,"[""Psychology""]"
openlibrary_OL20928938W,"Von Historikern, Politikern, Turnern und anderen. Schlaglichter auf die Geschichte des oestlichen Europa","Dietmar Neutatz, Volker Zimmermann",de,"[""Self-Help""]"
openlibrary_OL20930527W,Telling Tales,David Blamires,et,"[""Young Adult""]"
openlibrary_OL21326774W,Loving Diet,Jessica Flanigan,af,"[""Cooking""]"
openlibrary_OL21483899W,Alimentos sanadores para el colesterol,"Susana María Robles, Ariel Gutraich",es,"[""Art""]"
openlibrary_OL21638812W,Making Disability Modern,"Bess Williamson, Elizabeth Guffey",tl,"[""Self-Help""]"
openlibrary_OL2217136W,Losing it,Laura Fraser,tl,"[""Health & Fitness""]"
openlibrary_OL23199494W,Cyber self-defense,Alexis Moore,da,"[""Self-Help""]"
openlibrary_OL23989326W,A victim no more,"Lori Rekowski, Tim Miejan",pt,"[""Mystery""]"
openlibrary_OL24175204W,7 principios para vencer tu adicción,Mel B.,es,"[""Self-Help""]"
openlibrary_OL24175515W,Spider sandwiches,Claire Freedman,de,"[""Children's""]"
openlibrary_OL24254405W,"Chocolat, que c'est bon!",Nadia Bazinet,fr,"[""Children's""]"
openlibrary_OL24259853W,Deep change,Susan P. Plummer,nl,"[""Psychology""]"
openlibrary_OL24271807W,Inner tranquillity,Darren John Main,fr,"[""Self-Help""]"
openlibrary_OL24277621W,La revanche du myope,Marc-André Pilon,fr,"[""General Fiction""]"
openlibrary_OL24277880W,Lasting words,Claire Willis,af,"[""Self-Help""]"
openlibrary_OL24287961W,My Virgin diet cookbook,Rebecca Lorraine,af,"[""Cooking""]"
openlibrary_OL24532738W,Double double,Doug Hunter,fr,"[""History""]"
openlibrary_OL24640949W,Finding heroes,Jon Carnegie,af,"[""Psychology""]"
openlibrary_OL24656092W,Contacta con tus ángeles,Claire Nahmad,es,"[""Religion & Spirituality""]"
openlibrary_OL24686026W,Men's Fit Kitchen,"Lloyd, Michael",de,"[""Health & Fitness""]"
openlibrary_OL24689185W,El taller de cocina,Ulrike Berger,ca,"[""Cooking""]"
openlibrary_OL24820440W,Living Brave,Shannon Dingle,no,"[""Psychology""]"
openlibrary_OL24830325W,Hide and seek,Ditta M. Oliker,af,"[""Psychology""]"
openlibrary_OL24847569W,Que hambre la del hombrecito!,Pierre Delye,es,"[""Cooking""]"
openlibrary_OL25296570W,A Gentle Reminder,Bianca Sparacino,de,"[""Self-Help""]"
openlibrary_OL25988701W,Finding Me,Viola Davis,de,"[""General Fiction""]"
openlibrary_OL26076883W,3am Questions,Annika M. Zimmermann,fr,"[""Self-Help""]"
openlibrary_OL2631488W,Helping my help myself,Beth Lisick,no,"[""Psychology""]"
openlibrary_OL2636504W,On grief and grieving,Elisabeth Kübler-Ross,af,"[""Psychology""]"
openlibrary_OL26436874W,L.O.V.E. for teen moms,Alicia T. Bowens,no,"[""Young Adult""]"
openlibrary_OL2689804W,Kitchen literacy,Ann Vileisis,de,"[""Cooking""]"
openlibrary_OL2693188W,Cocina de la familia,"Marilyn Tausend, Miguel Ravago",es,"[""Cooking""]"
openlibrary_OL2695217W,Stoner & Spaz,"Ronald Koertge, Ron Koertge",de,"[""Young Adult""]"
openlibrary_OL27053689W,Finding Happy,Chad Kneller,tl,"[""Self-Help""]"
openlibrary_OL2705976W,Hanukkah Fun,Judy Bastyra,id,"[""Cooking""]"
openlibrary_OL27062713W,Devouring cultures,"Cammie M. Sublette, Martin, Jennifer (Associate professor of social work)",ro,"[""Cooking""]"
openlibrary_OL2711685W,Studs Lonigan,James T. Farrell,et,"[""History""]"
openlibrary_OL2714096W,Halloween Fun,Abigail Willis,nl,"[""Children's""]"
openlibrary_OL2717203W,Snack attack,Lynette Ruschak,sv,"[""General Fiction""]"
openlibrary_OL2737605W,Study power,"William R. Luckie, William R., Ph.D. Luckie, Wood Smethurst",pl,"[""Business & Economics""]"
openlibrary_OL2742363W,Managing Your Mind,Gillian Butler,tl,"[""Health & Fitness""]"
openlibrary_OL274811W,Pig Tails 'n Breadfruit,"Austin Clarke, Clarke, Austin",af,"[""Cooking""]"
openlibrary_OL274952W,Before & After,Susan Maria Leach,da,"[""Cooking""]"
openlibrary_OL27634046W,Cu-RE Your Fatigue,Morley Robbins,fr,"[""Cooking""]"
openlibrary_OL2769844W,Compute's Guide to Nintendo Games,Steven A. Schwartz,pt,"[""Young Adult""]"
openlibrary_OL27811141W,NO GRID Survival Projects,"Davis, Claude, Sr., Amber Robinson, James Walton",hr,"[""Self-Help""]"
openlibrary_OL278586W,"Rumors (Luxe Series, Book 2)",Anna Godbersen,af,"[""General Fiction"", ""romance"", ""Romantasy""]"
openlibrary_OL28178299W,Traveling spirit,Diana J. Ensign,no,"[""Religion & Spirituality""]"
openlibrary_OL28588793W,Mason jar gifts,Catherine Dorsey,sv,"[""Cooking""]"
openlibrary_OL28589413W,Geullodes golbin,Phillip M. Hoose,cy,"[""Children's""]"
openlibrary_OL28764592W,Kaleidoscope eyes,Jen Bryant,es,"[""Young Adult""]"
openlibrary_OL28948399W,All mixed up,Heather Alexander,ca,"[""Children's""]"
openlibrary_OL28953519W,5 minutes a day,Michelle Bridges,pt,"[""Health & Fitness""]"
openlibrary_OL29234059W,Just say it!,Cheryl Bauman,tl,"[""Psychology""]"
openlibrary_OL29257693W,Safe 4 retirement,Jack Tatar,fr,"[""Self-Help""]"
openlibrary_OL2941464W,Impure science,Steven Epstein,ro,"[""Cooking""]"
openlibrary_OL2963562W,A simple program,Bill W.,it,"[""Self-Help""]"
openlibrary_OL2979193W,Our endangered planet,"Suzanne Winckler, Mary M. Rodgers",da,"[""Children's""]"
openlibrary_OL3241714W,People skills,Robert Bolton,da,"[""Psychology""]"
openlibrary_OL3253469W,Fire & Spice,Jacki Passmore,ro,"[""Cooking""]"
openlibrary_OL3335290W,Nine Stories,J. D. Salinger,de,"[""General Fiction""]"
openlibrary_OL3472762W,Flying solo,"Carol M. Anderson, Susan Stewart",no,"[""Romance""]"
openlibrary_OL3473415W,Queen bee moms & kingpin dads,"Rosalind Wiseman, Elizabeth Rapoport",af,"[""Young Adult""]"
openlibrary_OL3478941W,Teen mothers--citizens or dependents?,Ruth Horowitz,nl,"[""Young Adult""]"
openlibrary_OL3543585W,No excuse!,"Jay Rifenbary, Mike Markowski, Marjie Markowski",pt,"[""Psychology""]"
openlibrary_OL35456W,"Apples, apples, apples",Nancy Elizabeth Wallace,fr,"[""General Fiction""]"
openlibrary_OL3764136W,99 days & a get up,Ned Rollo,fr,"[""Psychology""]"
openlibrary_OL4082607W,Uncertain Masculinities,Mike O'Donnell,ro,"[""Young Adult""]"
openlibrary_OL4127813W,Facing codependence,"Pia Mellody, Andrea Wells Miller, Keith Miller",es,"[""Psychology""]"
openlibrary_OL4286071W,Boiling point,Jane Middelton-Moz,tl,"[""General Fiction""]"
openlibrary_OL4305180W,Toussaint L'Ouverture,"Thomas Hoobler, Dorothy Hoobler",fr,"[""Children's""]"
openlibrary_OL43873023W,Mental Resilience,Sage Lifestyle Press,es,"[""Self-Help""]"
openlibrary_OL440445W,Green gravy,Beverly Lewis,af,"[""General Fiction""]"
openlibrary_OL446843W,Breakfast blast,Bobbie Kalman,no,"[""Cooking""]"
openlibrary_OL463111W,Vegetal Como Eres,"Saxton Freymann, Joost Elffers",es,"[""Children's""]"
openlibrary_OL4645618W,"Drinking, driving & drugs",Jean McBee Knox,af,"[""Children's""]"
openlibrary_OL48907W,Local Girls,Alice Hoffman,ca,"[""General Fiction""]"
openlibrary_OL5051279W,Dieting makes you fat,Geoffrey Cannon,af,"[""Health & Fitness""]"
openlibrary_OL515687W,Broken China,Lori Aurelia Williams,nl,"[""General Fiction""]"
openlibrary_OL518128W,"I, Crocodile",Fred Marcellino,it,"[""General Fiction""]"
openlibrary_OL538750W,Simple steps,Arthur Caliandro,ro,"[""Business & Economics""]"
openlibrary_OL556900W,Media Sex,Barrie Gunter,es,"[""Psychology""]"
openlibrary_OL5701567W,Apples away!,Megan E. Bryant,tl,"[""General Fiction""]"
openlibrary_OL5725782W,"Move on, move up",Paula White,sl,"[""Psychology""]"
openlibrary_OL5735641W,Bananas (Food),Louise Spilsbury,tl,"[""Children's""]"
openlibrary_OL5735714W,Milk and dairy,Louise Spilsbury,tr,"[""Cooking""]"
openlibrary_OL57513W,Halloween Pie,Michael O. Tunnell,nl,"[""General Fiction""]"
openlibrary_OL5841046W,Mean girls,Hayley DiMarco,tr,"[""Psychology""]"
openlibrary_OL5968703W,Rosie & Skate,Beth Ann Bauman,af,"[""General Fiction""]"
openlibrary_OL5972462W,Awakening (Chasing Yesterday #1),Robin Wasserman,id,"[""Children's"", ""Sci-Fi""]"
openlibrary_OL6029752W,Alcoholica Esoterica,Ian Lendler,it,"[""Cooking""]"
openlibrary_OL691433W,"Cocina Futurista, La - Una Comida Que Evito El Suicidio","Filippo Tommaso Marinetti, Fillìa",es,"[""Literary Fiction""]"
openlibrary_OL8140119W,Staying Sane,Raj Persaud,tl,"[""Health & Fitness""]"
openlibrary_OL8196241W,Vegetarian cooking,Carole Handslip,nl,"[""Cooking""]"
openlibrary_OL8692899W,Privileged presense,"Liz Crocker, Bev Johnson",no,"[""Health & Fitness""]"
openlibrary_OL8699636W,BEING DEAD IS NO EXCUSE,Gayden Metcalfe,de,"[""Humor""]"
openlibrary_OL8732366W,Open Mind Zen,Al Rapaport,de,"[""Self-Help""]"
openlibrary_OL8889994W,When Your Pet Dies,Alan D. Wolfelt,de,"[""General Fiction""]"
openlibrary_OL8897249W,I ♥ female orgasm,"Dorian Solot, Marshall Miller",no,"[""Self-Help""]"
openlibrary_OL8899834W,Help Yourself,Unbearables,nl,"[""Literary Fiction""]"
openlibrary_OL8982457W,Codependent Forevermore,Leslie Irvine,nl,"[""Psychology""]"
openlibrary_OL9622600W,Maiden USA,Kathleen Sweeney,de,"[""Young Adult""]"
openlibrary_OL102743W,Israel Potter,Herman Melville,it,"[""Historical Fiction""]"
openlibrary_OL1054923W,Soil not oil,Vandana Shiva,fi,"[""Cooking""]"
openlibrary_OL11802497W,Les Arabes riches de Marbella,Rita El Khayat,de,"[""General Fiction""]"
openlibrary_OL11802965W,Bell's Star,Alison Hart,sv,"[""General Fiction""]"
openlibrary_OL11885760W,Poisons on our plates,Michele Morrone,fr,"[""Cooking""]"
openlibrary_OL11935W,Smallpox strikes!,Norma Jean Lutz,et,"[""General Fiction""]"
openlibrary_OL11962708W,Diagnosis mercury,Jane M. Hightower,lt,"[""Politics""]"
openlibrary_OL121004W,Strudel stories,Joanne Rocklin,ro,"[""Children's""]"
openlibrary_OL12300723W,I am grateful,"Terces Engelhart, Terces Engelhart, Orchid",ro,"[""Cooking""]"
openlibrary_OL12835420W,A day at elBulli,Ferran Adrià,tr,"[""Cooking""]"
openlibrary_OL13589W,Dark eagle,John Ensor Harr,da,"[""General Fiction""]"
openlibrary_OL13604638W,"Diners, drive-ins, and dives",Guy Fieri,af,"[""Cooking""]"
openlibrary_OL13657012W,Girl in a blue dress,Gaynor Arnold,ca,"[""General Fiction""]"
openlibrary_OL13674809W,BEANS: A HISTORY,"Ken Albala, Ken Albala",hu,"[""Cooking""]"
openlibrary_OL137085W,Love for Sale,Barbara Cartland,da,"[""General Fiction"", ""romance""]"
openlibrary_OL137282W,Little Big Man,"Thomas Berger, Gilda Berger, T. Berger, Thomas Berger, Thomas BERGER",de,"[""Historical Fiction""]"
openlibrary_OL13736588W,Dietas y recetas de María Antonieta,"María Antonieta Collins, Maria Antonieta Collins",es,"[""Cooking""]"
openlibrary_OL1386692W,Malayan trilogy,Anthony Burgess,tl,"[""Historical Fiction""]"
openlibrary_OL1417793W,Frontier wolf,Rosemary Sutcliff,af,"[""General Fiction""]"
openlibrary_OL145032W,Mapa del creador,Emilio Calderón,es,"[""General Fiction""]"
openlibrary_OL14851829W,Jalapeño Bagels,Natasha Wing,es,"[""General Fiction""]"
openlibrary_OL14865291W,Imagining Argentina,Lawrence Thornton,tl,"[""General Fiction""]"
openlibrary_OL14872325W,Inside Laura's little house,Carolyn Strom Collins,fr,"[""Cooking""]"
openlibrary_OL14932003W,Darkest Hour,James Holland,no,"[""General Fiction""]"
openlibrary_OL14949698W,Fries Alive!,David Baldacci,fr,"[""Science & Nature""]"
openlibrary_OL14951088W,An Impossible Attraction,Brenda Joyce,fr,"[""Romance""]"
openlibrary_OL14992157W,Murder at Mansfield Park,Lynn Shepherd,de,"[""General Fiction"", ""Mystery"", ""crime""]"
openlibrary_OL15066964W,Gingerbread friends,Jan Brett,da,"[""General Fiction""]"
openlibrary_OL15092185W,Under heaven,Guy Gavriel Kay,da,"[""General Fiction""]"
openlibrary_OL15158716W,Almost Innocent,Jane Feather,it,"[""General Fiction"", ""romance""]"
openlibrary_OL15167719W,"Black Butler, Vol. 2",Yana Toboso,de,"[""Graphic Novel""]"
openlibrary_OL15179475W,"Tiger, Tiger",Lynne Reid Banks,da,"[""General Fiction""]"
openlibrary_OL15181490W,Revenge Wears Rubies,Renee Bernard,af,"[""General Fiction"", ""romance""]"
openlibrary_OL15184840W,Cook Food,Lisa Jervis,nl,"[""Cooking""]"
openlibrary_OL15192095W,A Western Winter Wonderland,"Cheryl St. John, Jenna Kernan, Pam Crooks",de,"[""General Fiction"", ""romance""]"
openlibrary_OL15199731W,Wonder horse,Emily Arnold McCully,nl,"[""General Fiction""]"
openlibrary_OL15284642W,Murder's Art,Alan Savage,de,"[""Historical Fiction""]"
openlibrary_OL15297758W,Angel of Doom,Christopher Nicole,af,"[""Historical Fiction""]"
openlibrary_OL15411651W,Plum pudding murder,Joanne Fluke,id,"[""Mystery"", ""romantic suspense""]"
openlibrary_OL15435265W,His Last Duchess,Gabrielle Kimm,de,"[""Biography & Memoir""]"
openlibrary_OL15611884W,Private life,Jane Smiley,ro,"[""General Fiction""]"
openlibrary_OL15692485W,4 Ingredients,Kim McCosker,af,"[""Cooking""]"
openlibrary_OL15840232W,A sundial in a grave--1610,Mary Gentle,it,"[""General Fiction"", ""romance"", ""Romantasy""]"
openlibrary_OL15946536W,Spirit's princess,Esther M. Friesner,fr,"[""Fantasy"", ""fantasy romance""]"
openlibrary_OL15958475W,Virgin Widow,Anne O'Brien,af,"[""General Fiction"", ""romance""]"
openlibrary_OL15980617W,Reshaping it all,"Candace Cameron-Bure, Darlene Schacht",tl,"[""Psychology""]"
openlibrary_OL16002107W,Dangerous waters,Gregory Mone,af,"[""General Fiction""]"
openlibrary_OL16005491W,Stagger Lee,"Derek McCulloch, Derek McCulloch, Shepherd Hendrix",da,"[""Graphic Novel""]"
openlibrary_OL16040010W,"Say yes, Samantha",Barbara Cartland,tl,"[""General Fiction"", ""romance""]"
openlibrary_OL16070823W,Prairie Brides,"Linda Ford, Linda Goodnight",fr,"[""Romance""]"
openlibrary_OL16105668W,Kitten's Autumn,Eugenie Fernandes,fi,"[""Children's""]"
openlibrary_OL16151341W,Pepperoni pizza can be murder,Chris Cavender,it,"[""Cooking"", ""Mystery"", ""crime""]"
openlibrary_OL16182800W,Cooking well,Marie-Annick Courtier,af,"[""Cooking""]"
openlibrary_OL16183562W,Souin Gyokusai seyo!,Shigeru Mizuki,fi,"[""Graphic Novel""]"
openlibrary_OL16484583W,Bake sale,Sara Varon,id,"[""Graphic Novel""]"
openlibrary_OL16557761W,Julia's cats,Patricia Barey,ca,"[""Cooking""]"
openlibrary_OL16618095W,Planet taco,Jeffrey M. Pilcher,ca,"[""Cooking""]"
openlibrary_OL16618158W,My Berlin kitchen,Luisa Weiss,de,"[""Cooking""]"
openlibrary_OL16639860W,Evil é́clairs,Jessica Beck,fr,"[""Cooking""]"
openlibrary_OL16793640W,I am Canada - Deadly Voyage,Hugh Brewster,so,"[""Children's""]"
openlibrary_OL16812741W,Taco Table,Lois Ellen Frank,es,"[""Cooking""]"
openlibrary_OL16812918W,Seven Fires,Francis Mallmann,no,"[""Cooking""]"
openlibrary_OL16923002W,Agricultural standards,"R. James Bingen, Lawrence Busch",ro,"[""Cooking""]"
openlibrary_OL17091684W,Arka Czasu,Marcin Szczygielski,pl,"[""Historical Fiction""]"
openlibrary_OL17304552W,Prairie Brides,"Linda Ford, Linda Goodnight, JoAnn A. Grote, Amy Rognlie",fr,"[""General Fiction"", ""romance""]"
openlibrary_OL1732353W,Cocaine Blues,Kerry Greenwood,fr,"[""Mystery""]"
openlibrary_OL17330101W,Tricky Vic,Greg Pizzoli,sk,"[""Children's""]"
openlibrary_OL17335116W,A Fine Dessert,"Emily Jenkins, Sophie Blackall",de,"[""History""]"
openlibrary_OL17420736W,"Berlin, Vol. 2",Jason Lutes,de,"[""Graphic Novel""]"
openlibrary_OL17495205W,Total Diet Studies,Gerald G. Moy,af,"[""Cooking""]"
openlibrary_OL17517892W,Prince Valiant                            Prince Valiant  Reprints,Hal Foster,ro,"[""Fantasy""]"
openlibrary_OL17584927W,Against All Grain,"Walker, Danielle (Chef)",fr,"[""Health & Fitness""]"
openlibrary_OL17697326W,Finger lickin' dead,Riley Adams,de,"[""Business & Economics"", ""Mystery"", ""crime""]"
openlibrary_OL17783529W,Beside still waters,Tricia Goyer,af,"[""General Fiction"", ""romance""]"
openlibrary_OL17824531W,Groom by Design,Christine Johnson,af,"[""Religion & Spirituality"", ""romance""]"
openlibrary_OL17865998W,Kid soldier,Jennifer Maruno,af,"[""Historical Fiction""]"
openlibrary_OL17875733W,Danny Blackgoat,Tim Tingle,cy,"[""General Fiction""]"
openlibrary_OL17877848W,Between two worlds,Katherine Kirkpatrick,nl,"[""Historical Fiction""]"
openlibrary_OL17880881W,Forbidden (Forbidden #1),Kimberley Griffiths Little,da,"[""Young Adult"", ""romance""]"
openlibrary_OL17905873W,Kitchen chaos,Deborah A. Levine,de,"[""Children's""]"
openlibrary_OL17916418W,Blood rubies,Jane K. Cleland,af,"[""Mystery"", ""crime""]"
openlibrary_OL17916987W,Prairie friends,Nancy Smiler Levinson,fr,"[""Historical Fiction""]"
openlibrary_OL18013565W,Mending horses,M. P. Barker,af,"[""Children's""]"
openlibrary_OL1804680W,Lady Macbeth,"King Susan Fraser, Susan Fraser King",cy,"[""General Fiction"", ""romance""]"
openlibrary_OL18151000W,"Apple, apple, alligator",William Accorsi,it,"[""General Fiction""]"
openlibrary_OL18164818W,Gertrude and Claudius,John Updike,ro,"[""Historical Fiction""]"
openlibrary_OL18165213W,A fine passion,Stephanie Laurens,it,"[""Romance""]"
openlibrary_OL18178948W,Skinny-size it,Molly Morgan,pl,"[""Health & Fitness""]"
openlibrary_OL1829448W,The Raj quartet,Paul Scott,sq,"[""Historical Fiction""]"
openlibrary_OL18328427W,"William Faulkner's Absalom, Absalom!",Harold Bloom,sv,"[""Literary Fiction""]"
openlibrary_OL183989W,My Lord Essex,Olive Eckerson,ca,"[""History"", ""romance""]"
openlibrary_OL18820664W,All I Want,Lynsay Sands,it,"[""Romance""]"
openlibrary_OL1891707W,Pale Male,Janet Schulman,fr,"[""Historical Fiction""]"
openlibrary_OL18978829W,Sugar busters!,"H. Leighton Steward, Morrison Md Bethea, Sam Md Andrews, Luis Md Balart",id,"[""Cooking""]"
openlibrary_OL1905356W,Inés del alma mía,Isabel Allende,ca,"[""General Fiction""]"
openlibrary_OL19357709W,A little prairie house,"Renee Graef, Laura Ingalls Wilder",fr,"[""Children's""]"
openlibrary_OL1944811W,Papa's latkes,Jane Breskin Zalben,id,"[""General Fiction""]"
openlibrary_OL1946520W,Minnie's Diner,Dayle Ann Dodds,de,"[""Cooking""]"
openlibrary_OL1963250W,Black Hills,Dan Simmons,sv,"[""General Fiction""]"
openlibrary_OL1963630W,Top secret restaurant recipes,Todd Wilbur,ca,"[""Cooking""]"
openlibrary_OL1963634W,Top secret recipes,Todd Wilbur,ca,"[""Cooking""]"
openlibrary_OL19654549W,Yankee in Atlanta,Jocelyn Green,af,"[""History""]"
openlibrary_OL1966196W,Mississippi morning,Ruth Vander Zee,fi,"[""General Fiction""]"
openlibrary_OL1970435W,Laura Ingalls Wilder and Rose Wilder Lane,John E. Miller,de,"[""Historical Fiction""]"
openlibrary_OL19706425W,Bite-sized magic,Kathryn Littlewood,it,"[""Children's""]"
openlibrary_OL19729769W,La carta del abuelo,Diego Gaspar,es,"[""History""]"
openlibrary_OL19967368W,Night letter,Meghan Nuttall Sayres,no,"[""Children's""]"
openlibrary_OL19970955W,Ivan Ramen,Ivan Orkin,nl,"[""Cooking""]"
openlibrary_OL19981593W,Hidden Tuscany,John Keahey,nl,"[""Art""]"
openlibrary_OL19988951W,Jingle bells,Cathy Hapka,da,"[""Historical Fiction""]"
openlibrary_OL19988961W,Our daily poison,Marie-Monique Robin,fr,"[""Cooking""]"
openlibrary_OL19988974W,Sweet damage,Rebecca James,af,"[""Cooking"", ""romance""]"
openlibrary_OL19994513W,The Adrenal Reset Diet,Alan Christianson,de,"[""Health & Fitness""]"
openlibrary_OL20000071W,Yo sí como y estoy delgada,Patricia Pérez,es,"[""Cooking""]"
openlibrary_OL20007296W,Yukarism volume 2,Chika Shiomi,et,"[""Young Adult""]"
openlibrary_OL20013390W,The 8-week blood sugar diet,Michael Mosley,af,"[""Health & Fitness""]"
openlibrary_OL20015106W,Paleo takeout,Russ Crandall,fi,"[""Cooking""]"
openlibrary_OL20023028W,"Desayuno, comida y cena",Alonso Núñez,es,"[""Cooking""]"
openlibrary_OL20038345W,A lady unrivaled,Roseanna M. White,ca,"[""Religion & Spirituality"", ""romance""]"
openlibrary_OL20045501W,Django Unchained,Reginald Hudlin,sw,"[""Graphic Novel""]"
openlibrary_OL20054931W,A Rising Man,Abir Mukherjee,tl,"[""General Fiction""]"
openlibrary_OL20327195W,Vanessa and Her Sister,Priya Parmar,de,"[""General Fiction""]"
openlibrary_OL20364170W,Burial Rites,Hannah Kent,ro,"[""Historical Fiction"", ""Mystery"", ""crime""]"
openlibrary_OL20625869W,Delicioso y sano,Jessica Seinfeld,es,"[""Cooking""]"
openlibrary_OL2071845W,O manual dos inquisidores,António Lobo Antunes,pt,"[""Politics""]"
openlibrary_OL20798219W,Infant formula,Firmino F. Rubaltelli,ro,"[""Health & Fitness""]"
openlibrary_OL20828965W,DEATH OF KINGS,RENNIE AIRTH,de,"[""Mystery"", ""crime""]"
openlibrary_OL20842596W,Báró Wenckheim hazatér,László Krasznahorkai,hu,"[""General Fiction""]"
openlibrary_OL20872807W,Golden Fruit,Christina Mazzoni,nl,"[""History""]"
openlibrary_OL20885390W,Riverside Drive,Michael Januska,da,"[""History""]"
openlibrary_OL20894475W,Jamie Oliver,Stephanie Watson,af,"[""Cooking""]"
openlibrary_OL20901051W,Nuestra parte de noche,Mariana Enríquez,es,"[""Horror"", ""paranormal romance"", ""Romantasy""]"
openlibrary_OL20940335W,The Hunger Type Diet,Lowri Turner,de,"[""Health & Fitness""]"
openlibrary_OL20980556W,Trente minutes de courage,Josée Ouimet,fr,"[""Historical Fiction""]"
openlibrary_OL21093939W,Unending Hunger,Megan A. Carney,de,"[""Cooking""]"
openlibrary_OL21135861W,"Pancakes, Level 2","Karra McFarlane, Janet Cheeseman, Nikki Gamble",ca,"[""Cooking""]"
openlibrary_OL21149274W,Modern Hungers,Alice Weinreb,de,"[""Cooking""]"
openlibrary_OL21187520W,Old Baggage,Lissa Evans,tl,"[""General Fiction""]"
openlibrary_OL21284054W,Remaking History,Jerome De Groot,tl,"[""Historical Fiction""]"
openlibrary_OL21554529W,Fatal Harvest,Catherine Palmer,et,"[""Romance""]"
openlibrary_OL21585631W,Ken Saro-Wiwa,"Roy Doron, Toyin Falola",sw,"[""Art""]"
openlibrary_OL2161976W,Kosher light,"Zillah Bahar, Maria Mayr",sq,"[""Cooking""]"
openlibrary_OL21887182W,"Animal, Vegetable, Junk",Mark Bittman,et,"[""Cooking""]"
openlibrary_OL22292W,Pete's a Pizza,William Steig,it,"[""General Fiction""]"
openlibrary_OL22646055W,Darker still,Leanna Renee Hieber,da,"[""Fantasy"", ""fantasy romance""]"
openlibrary_OL23243W,Sword Song,Bernard Cornwell,af,"[""General Fiction""]"
openlibrary_OL2385350W,Mazurka. Roman,James A. Michener,sw,"[""History""]"
openlibrary_OL24189515W,Laid Waste,Julia Gfrorer,et,"[""Fantasy"", ""Romantasy""]"
openlibrary_OL24247759W,Amande Lavande,Anne Renaud,nl,"[""Children's""]"
openlibrary_OL24284217W,Make you mine,Macy Beckett,sw,"[""General Fiction"", ""romance""]"
openlibrary_OL24340959W,Seeking Persephone,Sarah M. Eden,id,"[""Romance""]"
openlibrary_OL24686489W,Tên của đóa hồng,Umberto Eco,vi,"[""General Fiction""]"
openlibrary_OL24743756W,Le scandale de la faim,Michelle Fravega,fr,"[""Cooking""]"
openlibrary_OL24790721W,Praying mantises,Aaron Carr,tl,"[""Children's""]"
openlibrary_OL25480250W,Magical Habits,Monica Huerta,ca,"[""Cooking""]"
openlibrary_OL25572W,Thunder Cake,Patricia Polacco,de,"[""General Fiction""]"
openlibrary_OL2577468W,Boży bojownicy,Andrzej Sapkowski,pl,"[""Historical Fiction""]"
openlibrary_OL258363W,Lenin in Zurich,Александр Солженицын,de,"[""General Fiction""]"
openlibrary_OL2620726W,"Amarcord, Marcella remembers",Marcella Hazan,ca,"[""Cooking""]"
openlibrary_OL26433951W,Castillos en el aire,Christina Dodd,es,"[""General Fiction""]"
openlibrary_OL2666719W,Pasta e verdura,Jack Bishop,pt,"[""Cooking""]"
openlibrary_OL2700073W,Famine crimes,Alexander De Waal,it,"[""Cooking""]"
openlibrary_OL272570W,The Best Life Diet,Bob Greene,de,"[""Health & Fitness""]"
openlibrary_OL2729120W,Full Circle,Michael Thomas Ford,it,"[""General Fiction""]"
openlibrary_OL2730119W,Silicone spills,Mary White Stewart,it,"[""Cooking""]"
openlibrary_OL27304324W,Sugar bugs,Sam Weisz,id,"[""Cooking""]"
openlibrary_OL2744708W,Alice's tulips,Sandra Dallas,ro,"[""Mystery""]"
openlibrary_OL2755009W,Leon Uris,Kathleen Shine Cain,fr,"[""General Fiction""]"
openlibrary_OL27678060W,Beirt bhan mhisniúla,Pádraig Ó Siadhail,de,"[""General Fiction""]"
openlibrary_OL27961576W,Nuestro mero mole,Jesús Flores y Escalante,es,"[""History""]"
openlibrary_OL28019984W,In Her Highlander's Bed,Lynsay Sands,de,"[""General Fiction"", ""romance""]"
openlibrary_OL28175206W,No more dieting!,Shauna Collins,af,"[""Health & Fitness""]"
openlibrary_OL28177275W,Danger in disguise,"Mary Alice Downie, John Downie",af,"[""Children's""]"
openlibrary_OL282074W,First Fruit,Belinda Martineau,nl,"[""General Fiction""]"
openlibrary_OL28759275W,Cocina y ciencia,Alberto Douglas Scotti,es,"[""Cooking""]"
openlibrary_OL28941011W,Grognon ou glouton?,Andrée Poulin,fr,"[""Cooking""]"
openlibrary_OL2909277W,Grandma's latkes,Malka Drucker,et,"[""Cooking""]"
openlibrary_OL29242708W,"Quel dégât, Sun Yu!",Sally Rippin,fr,"[""Cooking""]"
openlibrary_OL3336403W,Star Keeper,Patricia Potter,id,"[""History"", ""romance""]"
openlibrary_OL3388558W,Wild Splendor,Cassie Edwards,nl,"[""Romance""]"
openlibrary_OL34122W,Poor butterfly,Stuart M. Kaminsky,no,"[""Mystery""]"
openlibrary_OL3453397W,Murder Most Royal,Eleanor Burford,de,"[""General Fiction""]"
openlibrary_OL3453414W,Madame Du Barry,Eleanor Burford,so,"[""History""]"
openlibrary_OL3517198W,A Palestine affair,Jonathan Wilson,fr,"[""General Fiction"", ""romance""]"
openlibrary_OL3528052W,Crusading liberal,Roger Biles,id,"[""Biography & Memoir""]"
openlibrary_OL3749657W,Dark Angels,Karleen Koen,da,"[""General Fiction""]"
openlibrary_OL3783025W,Histoire naturelle & morale de la nourriture,Maguelonne Toussaint-Samat,fr,"[""Cooking""]"
openlibrary_OL3906336W,The King Must Die,Mary Renault,de,"[""General Fiction""]"
openlibrary_OL3951330W,Liquid pleasures,"Burnett, John",fr,"[""History""]"
openlibrary_OL4058258W,An Independent Woman,Candace Camp,nl,"[""General Fiction"", ""romance""]"
openlibrary_OL40863W,Mississippi Bridge,Mildred D. Taylor,fi,"[""Children's""]"
openlibrary_OL4109906W,Sofie's role,Amy Heath,af,"[""General Fiction"", ""Cooking"", ""Romance""]"
openlibrary_OL41342W,Ms. LaGrange is strange!,Dan Gutman,af,"[""General Fiction""]"
openlibrary_OL4136360W,Nora (Sunfire #26),Jeffie Ross Gordon,ro,"[""Art"", ""romance""]"
openlibrary_OL4273024W,McIlhenny's Gold,Jeffrey Rothfeder,cy,"[""History""]"
openlibrary_OL4297774W,Anno's USA,Mitsumasa Anno,tl,"[""Travel""]"
openlibrary_OL4331779W,Because You're Mine,Lisa Kleypas,fr,"[""General Fiction"", ""romance""]"
openlibrary_OL4331836W,Stranger in My Arms,Lisa Kleypas,de,"[""General Fiction"", ""romance""]"
openlibrary_OL4457012W,Little Nino's Pizzeria,Karen Barbour,it,"[""General Fiction""]"
openlibrary_OL452988W,Among friends,M. F. K. Fisher,da,"[""Biography & Memoir""]"
openlibrary_OL4627751W,Nightsong (Song #3),Valerie Sherwood,tl,"[""Romance""]"
openlibrary_OL464653W,Between meals,A. J. Liebling,nl,"[""Travel""]"
openlibrary_OL467871W,Bluebonnet Belle,Lori Copeland,fr,"[""General Fiction"", ""romance""]"
openlibrary_OL4797921W,Angel from Hell,Christopher Nicole,da,"[""Historical Fiction""]"
openlibrary_OL4797923W,Angel in Red,Christopher Nicole,de,"[""Historical Fiction""]"
openlibrary_OL489123W,Mrs. Greenberg's messy Hanukkah,Linda Glaser,af,"[""Cooking""]"
openlibrary_OL496147W,Jamie at Home,Jamie Oliver,af,"[""Cooking""]"
openlibrary_OL506904W,Europe central,William T. Vollmann,ro,"[""General Fiction""]"
openlibrary_OL5091350W,Larousse gastronomique,"Montagné, Prosper, Prosper Montagu, Larousse Gastronomique, Larousse, Prosper Montagne & Dr.Gottschalk, Varios",fr,"[""Cooking""]"
openlibrary_OL5261618W,Our Yanks,Margaret Mayhew,tr,"[""General Fiction"", ""romance""]"
openlibrary_OL53024W,"Pancakes, pancakes!",Eric Carle,id,"[""General Fiction""]"
openlibrary_OL540337W,Vivaldi's Virgins,Barbara Quick,et,"[""Music""]"
openlibrary_OL548334W,A Reckless Beauty,Kasey Michaels,de,"[""General Fiction"", ""romance""]"
openlibrary_OL54833W,Gourmet diet,Craig Claiborne,af,"[""Cooking""]"
openlibrary_OL553723W,Black Silk,Judith Ivory,sv,"[""General Fiction"", ""romance""]"
openlibrary_OL554650W,Under Your Spell,Lois Greiman,de,"[""Fantasy"", ""Romantasy""]"
openlibrary_OL5603262W,Sebastian Darke,Philip Caveney,id,"[""General Fiction""]"
openlibrary_OL56561W,Sweet Everlasting,Patricia Gaffney,af,"[""General Fiction"", ""romance""]"
openlibrary_OL568638W,Niccolò rising,Dorothy Dunnett,it,"[""General Fiction""]"
openlibrary_OL5713246W,Wintering well,Lea Wait,de,"[""Children's""]"
openlibrary_OL5714597W,Five little gefiltes,Dave Horowitz,no,"[""Humor""]"
openlibrary_OL5718640W,Surprise soup,Mary Ann Rodman,fr,"[""General Fiction""]"
openlibrary_OL5719527W,Sweetgrass basket,Marlene Carvell,af,"[""Children's""]"
openlibrary_OL5723395W,Mumbo gumbo,Jerrilyn Farmer,sw,"[""Cooking""]"
openlibrary_OL5725481W,Espresso shot,Cleo Coyle,pt,"[""General Fiction"", ""romance""]"
openlibrary_OL5734164W,Dark fire,C. J. Sansom,da,"[""General Fiction""]"
openlibrary_OL5805370W,Klondike Wedding,Kate Bridges,af,"[""General Fiction"", ""romance""]"
openlibrary_OL5827360W,Julie and Julia,Julie Powell,af,"[""Cooking""]"
openlibrary_OL5914848W,Before Silent spring,James C. Whorton,no,"[""Cooking""]"
openlibrary_OL5969283W,Dear Papa,Anne Ylvisaker,id,"[""General Fiction""]"
openlibrary_OL5969501W,I Like You,Amy Sedaris,no,"[""Cooking""]"
openlibrary_OL6026575W,Moby Dick,"Donna Carlson, Herman Melville",cs,"[""General Fiction""]"
openlibrary_OL6208913W,Alexander Hamilton,Helen Boyd Higgins,de,"[""General Fiction""]"
openlibrary_OL6520525W,Must Write,Edna Staebler,de,"[""Biography & Memoir""]"
openlibrary_OL6567459W,"Nine Buck's Row = Susannah, Beware",Jennifer Wilde,de,"[""General Fiction"", ""romance""]"
openlibrary_OL67178W,Meet Kaya,Janet Beeler Shaw,id,"[""General Fiction""]"
openlibrary_OL695672W,Pour l'amour de Philae,Christian Jacq,fr,"[""General Fiction""]"
openlibrary_OL74137W,To Die For,Janet Neel,de,"[""Cooking""]"
openlibrary_OL78256W,Remembering Babylon,David Malouf,id,"[""General Fiction""]"
openlibrary_OL78941W,Underground Man,Milton Meltzer,de,"[""Historical Fiction""]"
openlibrary_OL810246W,Velvet Angel,Jude Deveraux,no,"[""Romance""]"
openlibrary_OL8117437W,Bagels from Benny,Aubrey Davis,no,"[""Children's""]"
openlibrary_OL817126W,Fatal lies,Frank Tallis,it,"[""General Fiction"", ""Mystery"", ""crime""]"
openlibrary_OL8347664W,Bendigo Shafter,Louis L'Amour,de,"[""Young Adult""]"
openlibrary_OL83647W,Hello Kitty,Ellen Weiss,fi,"[""Cooking""]"
openlibrary_OL8378317W,Fragrant Rice,Janet De Neefe,fr,"[""Cooking""]"
openlibrary_OL83891W,Gone for soldiers,Jeff Shaara,da,"[""General Fiction""]"
openlibrary_OL83892W,Rise to Rebellion,Jeff Shaara,it,"[""General Fiction""]"
openlibrary_OL83966W,JUICE FASTING AND DETOXIFICATION,Steve Meyerowitz,de,"[""Cooking""]"
openlibrary_OL8571227W,Berlin: Cuidad de piedras/ Berlin,Jason Lutes,nl,"[""Historical Fiction""]"
openlibrary_OL8671730W,Stolen Figs,Mark Rotella,no,"[""Cooking""]"
openlibrary_OL8783807W,"Vagabond, Vol. 6",井上雄彦 (Takehiko Inoue),et,"[""Graphic Novel""]"
openlibrary_OL8856787W,Remembering Grandma,Teresa Armas,id,"[""Children's""]"
openlibrary_OL892249W,Klondike gold,Alice Provensen,af,"[""General Fiction""]"
openlibrary_OL895192W,A Rogue's Proposal,Stephanie Laurens,pt,"[""General Fiction"", ""romance""]"
openlibrary_OL9064931W,Tod und Teufel,Frank Schätzing,de,"[""Mystery""]"
openlibrary_OL9347696W,Strange Music,Laura Fish,de,"[""General Fiction""]"
openlibrary_OL963762W,Elegy for Kosovo,Ismail Kadare,hu,"[""General Fiction""]"
openlibrary_OL9822578W,Young samurai,Chris Bradford,id,"[""General Fiction""]"
openlibrary_OL98660W,Chicago confidential,Max Allan Collins,it,"[""Mystery""]"
openlibrary_OL99567W,Oliver Wiswell,"Roberts, Kenneth Lewis",de,"[""History""]"
openlibrary_OL1003890W,Para leer al Pato Donald,"Ariel Dorfman, Armand Mattelart, Ariel Dorfmann, Ariel Dorfman",it,"[""Graphic Novel""]"
openlibrary_OL102746W,Billy Budd,Herman Melville,cy,"[""Literary Fiction""]"
openlibrary_OL10587369W,"No Deals, Mr. Bond",John Gardner,nl,"[""General Fiction""]"
openlibrary_OL111651W,Mr. Paradise,Elmore Leonard,id,"[""Mystery"", ""crime""]"
openlibrary_OL111667W,Pagan Babies,Elmore Leonard,tl,"[""General Fiction""]"
openlibrary_OL111696W,Rum Punch,Elmore Leonard,de,"[""General Fiction""]"
openlibrary_OL111944W,Verdict unsafe,Jill McGown,de,"[""General Fiction"", ""Mystery"", ""crime""]"
openlibrary_OL11661688W,Dragon ball Z,鳥山 明 [Akira Toriyama],tl,"[""Graphic Novel""]"
openlibrary_OL11661689W,Dragon Ball vol 13,鳥山 明 [Akira Toriyama],it,"[""Graphic Novel""]"
openlibrary_OL11967425W,A decent ransom,Ivana Hrubá,pt,"[""Thriller""]"
openlibrary_OL12049027W,Die Therapie,Sebastian Fitzek,de,"[""General Fiction""]"
openlibrary_OL12067898W,Tenjho tenge,Oh! Great.,id,"[""General Fiction""]"
openlibrary_OL12272379W,NHK ni yōkoso,"滝本竜彦, Kendi Oiwa, Tatsuhiko Takimoto",sw,"[""Fantasy"", ""Romantasy""]"
openlibrary_OL12686W,Time bomb,Jonathan Kellerman,sq,"[""General Fiction""]"
openlibrary_OL13428851W,"Santo, el enmascarado de plata",Alvaro A. Fernández Reyes,es,"[""Fantasy""]"
openlibrary_OL13604666W,America libre,Raúl Ramos y Sánchez,es,"[""General Fiction""]"
openlibrary_OL13642W,Damage control,J. A. Jance,it,"[""General Fiction""]"
openlibrary_OL13664568W,Blue Yonder,Alan Savage,fr,"[""Historical Fiction""]"
openlibrary_OL13668602W,Paradise kiss,Yazawa Aï,et,"[""Graphic Novel"", ""romance""]"
openlibrary_OL13723652W,My sassy girl,"Ho-sik Kim, Ho Sik Kim, Hong Min Dae, Dae Hong Min",tl,"[""General Fiction"", ""romance""]"
openlibrary_OL137404W,Blindfold game,Dana Stabenow,da,"[""General Fiction""]"
openlibrary_OL13748300W,Houkago hokenshitsu,Setona Mizushiro,fi,"[""Graphic Novel""]"
openlibrary_OL13752574W,Shekhar Kapur's Devi,"Shekhar Kapur, Samit Basu, Siddharth Kotian, Shekhar Kapur, Mukesh Singh",sq,"[""Graphic Novel""]"
openlibrary_OL13780179W,Deep Creek,Dana Hand,nl,"[""History""]"
openlibrary_OL13850748W,"Pecos Bill, colossal cowboy",Sean Tulien,es,"[""Children's""]"
openlibrary_OL14661W,Point Blank,Catherine Coulter,fi,"[""Thriller"", ""General Fiction"", ""Adventure"", ""Mystery"", ""crime""]"
openlibrary_OL14854268W,Batman's dark secret,Kelley Puckett,id,"[""Graphic Novel""]"
openlibrary_OL14860481W,Louis Armstrong,"Patricia McKissack, Fredrick McKissack",fr,"[""Children's""]"
openlibrary_OL14871627W,Life Support,Tess Gerritsen,it,"[""General Fiction"", ""Mystery"", ""crime""]"
openlibrary_OL14914149W,The vendetta defense,Lisa Scottoline,no,"[""General Fiction""]"
openlibrary_OL14920138W,Don't blink,"James Patterson, Howard Roughan",no,"[""General Fiction""]"
openlibrary_OL14949682W,Deliver us from evil,David Baldacci,da,"[""General Fiction""]"
openlibrary_OL14958621W,Blood ties,"Kay Hooper, Joyce Bean",af,"[""General Fiction""]"
openlibrary_OL14980950W,Blood Harvest,S. J. Bolton,et,"[""General Fiction"", ""Mystery"", ""crime""]"
openlibrary_OL14987779W,Four Freedoms,John Crowley,nl,"[""General Fiction""]"
openlibrary_OL14990820W,Ben Franklin For Beginners,Tim Ogline,de,"[""Graphic Novel""]"
openlibrary_OL15037076W,Nat Turner's Slave Rebellion,Michael Burgan,da,"[""Children's""]"
openlibrary_OL15039562W,Kickoff blitz,"Blake A. Hoena, Jose Ruiz, Jorge Gonzalez",de,"[""Graphic Novel""]"
openlibrary_OL15049160W,Jane Goodall,Katherine E. Krohn,so,"[""General Fiction""]"
openlibrary_OL15074687W,Golden Eagle,"Mercer Mayer, Erica Farber",da,"[""Children's""]"
openlibrary_OL15090796W,Medikidz explain depression,Kim Chilman-Blair,fr,"[""Graphic Novel""]"
openlibrary_OL151066W,Coke en stock,Hergé,sv,"[""Graphic Novel""]"
openlibrary_OL151079W,Tintin et les Picaros,Hergé,fr,"[""Humor""]"
openlibrary_OL15153831W,Teenage wasteland,Brian K. Vaughan,nl,"[""Young Adult""]"
openlibrary_OL15163035W,Night falls like silk,Kathleen Eagle,no,"[""Art""]"
openlibrary_OL152102W,Sudden prey,John Sandford,da,"[""General Fiction""]"
openlibrary_OL152103W,Certain prey,John Sandford,fr,"[""Mystery""]"
openlibrary_OL15220949W,Stargazer Volume One,Von Allan,de,"[""Graphic Novel""]"
openlibrary_OL15297759W,Angel Rising,Christopher Nicole,tl,"[""Historical Fiction""]"
openlibrary_OL15451853W,Amelia Earhart,Sarah Stewart Taylor,id,"[""Graphic Novel""]"
openlibrary_OL15517896W,Skateboard sonar,Eric Stevens,sv,"[""Graphic Novel""]"
openlibrary_OL15537520W,My girlfriend's a geek,Pentabu,af,"[""General Fiction""]"
openlibrary_OL15588291W,Deka Kyoshi,Tamio Baba,sw,"[""Mystery""]"
openlibrary_OL15596245W,Brave story,Miyuki Miyabe,sk,"[""General Fiction""]"
openlibrary_OL15597713W,Blood Feud,David Robbins,cy,"[""General Fiction""]"
openlibrary_OL15598556W,Tick Tock,"James Patterson, Michael Ledwidge",sv,"[""Mystery"", ""crime""]"
openlibrary_OL15683134W,Geheime Nachrichtendienste und Funkaufklärung im Zweiten Weltkrieg,Günther K. Weisse,de,"[""Thriller""]"
openlibrary_OL157283W,Bad Company,Henry Patterson,tl,"[""General Fiction""]"
openlibrary_OL157331W,Thunder Point,Henry Patterson,de,"[""General Fiction""]"
openlibrary_OL157457W,Luciano's Luck,Henry Patterson,es,"[""General Fiction""]"
openlibrary_OL15836705W,Grave goods,Ariana Franklin,hr,"[""General Fiction""]"
openlibrary_OL15841057W,Wickett's Remedy,Myla Goldberg,sv,"[""Literary Fiction""]"
openlibrary_OL15980918W,Bleed for me,Michael Robotham,da,"[""Thriller"", ""Mystery"", ""crime""]"
openlibrary_OL16151848W,Looking for me,Betsy R. Rosenthal,no,"[""History""]"
openlibrary_OL16152993W,Alger Hiss,Christina Shelton,de,"[""Thriller""]"
openlibrary_OL16213895W,Sarah Palin,Nelson Yomtov,id,"[""Graphic Novel""]"
openlibrary_OL16298664W,Summertime blues,Julien Neel,fr,"[""Graphic Novel""]"
openlibrary_OL16316422W,Tricky Raven tales,Chris Schweizer,sk,"[""Graphic Novel""]"
openlibrary_OL16340940W,Manga high,"Bitz, Michael EdD",tl,"[""Graphic Novel""]"
openlibrary_OL16486385W,When Fairies Go Bad,Ursula Vernon,de,"[""Humor""]"
openlibrary_OL16558065W,Bad Little Falls,Paul Doiron,de,"[""General Fiction"", ""Mystery"", ""crime""]"
openlibrary_OL16637179W,No asylum,Ty Templeton,tl,"[""Children's""]"
openlibrary_OL16645879W,Men of steel,Paul Dini,af,"[""Children's""]"
openlibrary_OL16654296W,Eye to eye,Scott McCloud,tr,"[""Children's""]"
openlibrary_OL16681758W,Tiger Moth,Scott Sonneborn,de,"[""Children's""]"
openlibrary_OL16689764W,Flex Mentallo,"Grant Morrison, Bob Kahan, Frank Quitely",ca,"[""Graphic Novel""]"
openlibrary_OL16704644W,Victoria rebels,Carolyn Meyer,ca,"[""Children's""]"
openlibrary_OL16705016W,Distant Thunder,Scott McCloud,de,"[""General Fiction""]"
openlibrary_OL16715020W,Costume craziness,Dustin Evans,it,"[""Children's""]"
openlibrary_OL16715021W,Dinosaur drama,Dustin Evans,lt,"[""Children's""]"
openlibrary_OL167156W,You've Been Warned,"James Patterson, Howard Roughan",nl,"[""General Fiction""]"
openlibrary_OL1673261W,Fools Die,Mario Puzo,af,"[""General Fiction""]"
openlibrary_OL16769305W,Tier One Wild,Dalton Fury,de,"[""General Fiction""]"
openlibrary_OL16947437W,In denial,John Earl Haynes,id,"[""Art""]"
openlibrary_OL17052W,Duchess in Love,Eloisa James,de,"[""Romance"", ""historical romance""]"
openlibrary_OL1706340W,Muertos incómodos,"Subcomandante Marcos, Paco Ignacio Taibo II",es,"[""General Fiction""]"
openlibrary_OL1707632W,Wrong About Japan,Peter Carey,tl,"[""Travel""]"
openlibrary_OL17082314W,Deep Shelter,Oliver Harris,nl,"[""Mystery"", ""crime""]"
openlibrary_OL17271831W,Antiques con,Barbara Allan,fr,"[""General Fiction""]"
openlibrary_OL17306488W,Bone Deep,Randy Wayne White,nl,"[""Thriller""]"
openlibrary_OL17308089W,Defending Jacob,William Landay,de,"[""General Fiction"", ""Mystery"", ""crime""]"
openlibrary_OL17313360W,Critical mass,Sara Paretsky,it,"[""Mystery""]"
openlibrary_OL17318413W,Dark Invasion,Howard Blum,af,"[""Thriller""]"
openlibrary_OL17358368W,Virgins (Outlander 0.5),Diana Gabaldon,de,"[""General Fiction""]"
openlibrary_OL17377019W,Big Nate Genius Mode,Lincoln Peirce,de,"[""General Fiction""]"
openlibrary_OL17390850W,Frankensteins Monster And Scientific Methods,Christopher L. Harbo,de,"[""Graphic Novel""]"
openlibrary_OL17427932W,Mortensens Escapades,Lars Jakobsen,pt,"[""General Fiction""]"
openlibrary_OL17461287W,Comics Versus Art,Bart Beaty,ca,"[""Graphic Novel""]"
openlibrary_OL17470522W,"Daredevil, Vol. 19",Clay Mann,da,"[""Graphic Novel""]"
openlibrary_OL17478017W,Private #1 Suspect,"James Patterson, Maxine Paetro",ro,"[""Thriller""]"
openlibrary_OL17498247W,Best Sellers,Adam Gragg,de,"[""Biography & Memoir""]"
openlibrary_OL17580245W,Wonder Woman Blood,Brian Azzarello,nl,"[""Graphic Novel""]"
openlibrary_OL17580632W,Bazooka Joe,Topps Company,sw,"[""Graphic Novel""]"
openlibrary_OL17599565W,La calavera de cristal,Juan Villoro,ca,"[""Graphic Novel""]"
openlibrary_OL17635403W,Secrets & Sequences,Gene Luen Yang,ca,"[""General Fiction""]"
openlibrary_OL17639753W,Forget me not,Fern Michaels,no,"[""Art""]"
openlibrary_OL17679808W,Standup guy,Stuart Woods,id,"[""General Fiction""]"
openlibrary_OL17689169W,No way back,Andrew Gross,so,"[""Mystery""]"
openlibrary_OL17710110W,On Tyranny,"Timothy Snyder, Núria Parés Sellarés",cy,"[""Politics""]"
openlibrary_OL17728395W,Bake Gyamon,Mitsuhisa Tamura,sw,"[""Graphic Novel""]"
openlibrary_OL17795119W,Vicious circle,Wilbur Smith,ca,"[""General Fiction""]"
openlibrary_OL17812652W,Real Friends,Shannon Hale,de,"[""Children's""]"
openlibrary_OL17826879W,"Sing, Unburied, Sing",Jesmyn Ward,de,"[""General Fiction""]"
openlibrary_OL17845209W,Heike monogatari,the unknown authors of Heike monogatari,hr,"[""General Fiction""]"
openlibrary_OL17865913W,Mission Impossible,Steve Honeywell,fr,"[""Thriller""]"
openlibrary_OL17872388W,Why I killed Peter,Olivier Ka,da,"[""Graphic Novel""]"
openlibrary_OL17875402W,Frank 'n' Beans,Amy J. Lemke,af,"[""Children's""]"
openlibrary_OL17876932W,The Clique,Lisi Harrison,fr,"[""General Fiction""]"
openlibrary_OL17880854W,August moon,Diana Thung,et,"[""Graphic Novel""]"
openlibrary_OL17881167W,Comic relief,Kenny Abdo,ro,"[""Graphic Novel""]"
openlibrary_OL17881402W,Ernest & Rebecca,Guillaume Bianco,de,"[""Graphic Novel""]"
openlibrary_OL17893234W,Muddy Max,Elizabeth Rusch,so,"[""Graphic Novel""]"
openlibrary_OL17900319W,Big star Otto,Bill Slavin,sv,"[""Children's""]"
openlibrary_OL17915458W,One fine day,Sirial (Author),fr,"[""Graphic Novel""]"
openlibrary_OL17926350W,Teenage Mutant Ninja Turtles,Joshua Sternin,et,"[""Fantasy""]"
openlibrary_OL17929307W,"Daredevil, Vol. 3","Brian Michael Bendis, David W. Mack",da,"[""General Fiction""]"
openlibrary_OL17941283W,Dance class,Beka,fr,"[""Graphic Novel""]"
openlibrary_OL17969599W,Reptile rumble!,Billy Wrecks,ro,"[""Graphic Novel""]"
openlibrary_OL18020232W,Escape Clause,John Sandford,ca,"[""General Fiction""]"
openlibrary_OL1807144W,Kane & Abel,Jeffrey Archer,de,"[""Historical Fiction""]"
openlibrary_OL1810255W,"Nora, Nora","Anne Rivers Siddons, (none)",pt,"[""Literary Fiction"", ""romance""]"
openlibrary_OL18165947W,Cape Disappointment,Earl W. Emerson,fr,"[""General Fiction""]"
openlibrary_OL18181793W,Jail bait,June Hampson,id,"[""General Fiction""]"
openlibrary_OL18185112W,Deep Freeze,John Sandford,nl,"[""General Fiction"", ""Mystery"", ""crime""]"
openlibrary_OL1823718W,Black Ajax,George MacDonald Fraser,sv,"[""Historical Fiction""]"
openlibrary_OL18294929W,Schubert studies,Brian Newbould,de,"[""Biography & Memoir""]"
openlibrary_OL1845132W,Louis Armstrong,Sam Tanenhaus,fr,"[""Children's""]"
openlibrary_OL18712884W,Big fat Little lit,"Françoise Mouly, Art Spiegelman",no,"[""Humor""]"
openlibrary_OL1871514W,Moby Dick,Will Eisner,cs,"[""Graphic Novel""]"
openlibrary_OL1871603W,Comics & sequential art,Will Eisner,ca,"[""Graphic Novel""]"
openlibrary_OL18742W,No friends,"James Stevenson, James Stevenson",da,"[""Graphic Novel""]"
openlibrary_OL1904175W,Dark voyage,Alan Furst,af,"[""General Fiction"", ""Thriller"", ""History"", ""Adventure"", ""Romance"", ""historical""]"
openlibrary_OL1917805W,"Superman Chronicles, Vol. 1",Jerry Siegel,ca,"[""Graphic Novel""]"
openlibrary_OL1929686W,Maestoso Petra,Jane F. Kendall,pt,"[""General Fiction""]"
openlibrary_OL1931470W,"You want women to vote, Lizzie Stanton?",Jean Fritz,nl,"[""Children's""]"
openlibrary_OL19347681W,Criminal Vol. 5,"Ed Brubaker, Sean Phillips",it,"[""Thriller""]"
openlibrary_OL19356364W,Private Paris,"James Patterson, Mark T. Sullivan",ro,"[""Mystery""]"
openlibrary_OL19635823W,Sita's Ramayana,Samhita Arni,tl,"[""Children's""]"
openlibrary_OL19663720W,DC Super Hero Girls,Shea Fontana,de,"[""Graphic Novel""]"
openlibrary_OL19664590W,Lies we tell ourselves,Robin Talley,af,"[""General Fiction""]"
openlibrary_OL19665142W,Cleopatra in space,Mike Maihack,ro,"[""Children's""]"
openlibrary_OL19667108W,I am Gandhi,"Brad Meltzer, Christopher Eliopoulos",so,"[""Children's""]"
openlibrary_OL19671618W,Lumberjanes Vol. 6,"N.D. Stevenson, Shannon Watters, Grace Ellis, Gus Allen, Kat Leyh, Carey Pietsch, Maarta Laiho, Nate Diana Stevenson",et,"[""General Fiction""]"
openlibrary_OL19704781W,Teen Titans go!,J. Torres,nl,"[""Children's""]"
openlibrary_OL19705356W,"Lego Ninjago, masters of Spinjitzu",Greg Farshtey,sl,"[""Graphic Novel""]"
openlibrary_OL19708359W,Villa triste,Lucretia W. Grindle,it,"[""General Fiction""]"
openlibrary_OL19712733W,Are you sleeping,Kathleen Barber,af,"[""General Fiction""]"
openlibrary_OL19715168W,A simple favor,Darcey Bell,it,"[""General Fiction""]"
openlibrary_OL19716718W,Code girls,Liza Mundy,ca,"[""Art""]"
openlibrary_OL19717336W,Louis undercover,Fanny Britt,fr,"[""Graphic Novel""]"
openlibrary_OL19719466W,Cucumber quest,Gigi D. G. (Artist),ca,"[""General Fiction""]"
openlibrary_OL19720010W,The LEGO ninjago movie,Kate Howard,hr,"[""General Fiction""]"
openlibrary_OL19721133W,Cici's journal,Joris Chamblain,fr,"[""General Fiction""]"
openlibrary_OL19729822W,Seeking refuge,Irene N. Watts,af,"[""Children's""]"
openlibrary_OL19730364W,Astérix et la Transitalique,Jean-Yves Ferri,fr,"[""Graphic Novel""]"
openlibrary_OL19732909W,"Twinkle Stars, Vol. 3 (Omnibus)",高屋奈月,af,"[""Young Adult""]"
openlibrary_OL19732910W,"Twinkle Stars, Vol. 4 (Omnibus)",高屋奈月,af,"[""Young Adult""]"
openlibrary_OL1973609W,HMS Unseen,Patrick Robinson,nl,"[""General Fiction""]"
openlibrary_OL19737639W,Heavy vinyl,Carly Usdin,cs,"[""Young Adult""]"
openlibrary_OL19737758W,Peter & Ernesto,Graham Annable,de,"[""Graphic Novel""]"
openlibrary_OL19739915W,"Kimi no Na wa., Vol. 3","新海誠, 琴音らんまる",sw,"[""Young Adult""]"
openlibrary_OL19740949W,Marvel Guardianes de la Galaxia,Nick Jones,ca,"[""Graphic Novel""]"
openlibrary_OL19763878W,ゾゾゾ ゾンビーくん [Zozozo Zombī-kun] (1),ながとしやすなり [Yasunari Nagatoshi],ja,"[""Graphic Novel""]"
openlibrary_OL19764684W,Manga Dogs,Ema Toyama,tl,"[""Art""]"
openlibrary_OL1978004W,Remote Control,"Andy McNab, Ric Jerrom",it,"[""General Fiction""]"
openlibrary_OL1982415W,Jackie Robinson,"Jason Glaser, Bob Lentz",pl,"[""General Fiction""]"
openlibrary_OL19941745W,Special exits,Joyce Farmer,ca,"[""Health & Fitness""]"
openlibrary_OL19956293W,Como borregos,Kiko Pérez,pt,"[""Humor""]"
openlibrary_OL19957985W,"Arisa, Volume 9",Natsumi Ando,et,"[""Graphic Novel""]"
openlibrary_OL19962345W,Frankie's letter,Dolores Gordon-Smith,af,"[""General Fiction""]"
openlibrary_OL19964631W,Beautiful creatures,Cassandra Jean,ro,"[""Graphic Novel""]"
openlibrary_OL19968069W,Adventure time,Ryan North,ro,"[""Children's""]"
openlibrary_OL19969853W,Battling Boy,Paul Pope,tl,"[""Graphic Novel"", ""Sci-Fi""]"
openlibrary_OL19970539W,We won't see Auschwitz,Jérémie Dres,de,"[""Travel""]"
openlibrary_OL19971899W,Archie comics spectacular,"Archie Comic Publications, Inc",ro,"[""Young Adult""]"
openlibrary_OL19972722W,Going dark,James W. Hall,id,"[""General Fiction""]"
openlibrary_OL19973271W,Ariol volume 3,Emmanuel Guibert,ro,"[""General Fiction""]"
openlibrary_OL19973424W,Adventure time,Danielle Corsetto,ro,"[""Graphic Novel""]"
openlibrary_OL19980415W,Don't talk to strangers,Amanda Kyle Williams,no,"[""Mystery""]"
openlibrary_OL19982578W,Juliet's nurse,Lois Leveen,af,"[""History""]"
openlibrary_OL19983651W,Barbarian Lord,Matt Smith,id,"[""Children's""]"
openlibrary_OL19988992W,No fortunate son,Brad Taylor,it,"[""Science & Nature""]"
openlibrary_OL19989304W,Snoopy's Thanksgiving,Charles M. Schulz,af,"[""Humor""]"
openlibrary_OL19992876W,Robert Moses,Pierre Christin,de,"[""Biography & Memoir""]"
openlibrary_OL19999433W,Terrible lizard,Cullen Bunn,es,"[""General Fiction""]"
openlibrary_OL20000272W,Dragons beware!,Jorge Aguirre,af,"[""Graphic Novel""]"
openlibrary_OL20000784W,A good killing,Allison Leotta,et,"[""General Fiction"", ""Mystery"", ""crime""]"
openlibrary_OL20003046W,I saw a man,Owen Sheers,tl,"[""Psychology""]"
openlibrary_OL20008531W,Front runner,Felix Francis,no,"[""General Fiction""]"
openlibrary_OL20009816W,"Saga, Volume Five",Brian K. Vaughan,et,"[""Graphic Novel""]"
openlibrary_OL20011901W,Marina está en la luna,Rubén Varillas,es,"[""Graphic Novel""]"
openlibrary_OL20021778W,Monster Musume,Okayado (Comic book artist),de,"[""Graphic Novel""]"
openlibrary_OL20032895W,Broken trust,William E. Butterworth III,no,"[""General Fiction""]"
openlibrary_OL20033584W,"Monstress, Vol. 1","Marjorie M. Liu, Sana Takeda",ca,"[""Graphic Novel""]"
openlibrary_OL20043548W,Never never,"James Patterson, Candice Fox",no,"[""Mystery""]"
openlibrary_OL20050194W,Spook street,Mick Herron,af,"[""General Fiction""]"
openlibrary_OL20051023W,One perfect lie,Lisa Scottoline,ro,"[""General Fiction"", ""Thriller"", ""Mystery"", ""Adventure"", ""Romance"", ""contemporary""]"
openlibrary_OL20055150W,Where dead men meet,"Mark Mills, Mark Mills",nl,"[""General Fiction""]"
openlibrary_OL20056853W,Rolling Thunder,"Kate Messner, Greg Ruth",de,"[""Children's""]"
openlibrary_OL20056887W,Teenage Mutant Ninja Turtles,Erik Burnham,et,"[""Young Adult""]"
openlibrary_OL20151551W,EC Comics,Qiana Whitted,ca,"[""Graphic Novel""]"
openlibrary_OL20153512W,Lost Roses,Martha Hall Kelly,fr,"[""General Fiction""]"
openlibrary_OL20157055W,Dark Tribute,Iris Johansen,id,"[""Thriller""]"
openlibrary_OL20190519W,Herding Cats,Sarah Andersen,nl,"[""Graphic Novel""]"
openlibrary_OL20210503W,Wonder Woman,Noah Berlatsky,de,"[""General Fiction""]"
openlibrary_OL20230065W,Luisa (Band 4),Janne Nilsson (Pseudonym),tl,"[""Graphic Novel""]"
openlibrary_OL20324383W,Marx's Capital Illustrated,David Smith,ca,"[""Business & Economics""]"
openlibrary_OL20326786W,Making friends,Kristen Gudsnuk,da,"[""Fantasy"", ""fantasy romance""]"
openlibrary_OL20354659W,Drachenreich Dragonia,Amelie Benn,de,"[""Graphic Novel""]"
openlibrary_OL20458019W,"Captain America, Vol. 1",Ed Brubaker,ro,"[""Graphic Novel""]"
openlibrary_OL20459296W,Lost Animals,David Orme,et,"[""Children's""]"
openlibrary_OL20493412W,Dear Daughter,Elizabeth Little,de,"[""Mystery""]"
openlibrary_OL20612936W,Doraemon 3 Nobita no Machi SOS!,"Hiroaki Nagata, Maki Takigawa, Ayako Isogai, Junko Fukuda, Kunio Takayama",it,"[""Graphic Novel""]"
openlibrary_OL20642129W,Consent (for kids!),Rachel Brian,no,"[""Psychology""]"
openlibrary_OL20725102W,Good Talk,Mira Jacob,so,"[""Biography & Memoir""]"
openlibrary_OL20794698W,Desert Boys,Chris McCormick,no,"[""Graphic Novel""]"
openlibrary_OL20820248W,Invisible Men,Ken Quattro,fr,"[""Literary Fiction""]"
openlibrary_OL20828734W,Never die alone,"Lisa Jackson, Natalie Ross",af,"[""Mystery""]"
openlibrary_OL20847713W,Open Borders,"Bryan Caplan, Zach Weinersmith",nl,"[""Graphic Novel""]"
openlibrary_OL20905445W,New kid in school,Ruth McNally Barshaw,nl,"[""Art""]"
openlibrary_OL20906528W,Piece by piece,Chris Eliopoulos,pl,"[""Art""]"
openlibrary_OL21177268W,Guantanamo Voices,"Sarah Mirk, Various, Omar El Akkad",it,"[""Graphic Novel""]"
openlibrary_OL21191943W,Angola Janga,Marcelo D'Salete,tl,"[""Graphic Novel""]"
openlibrary_OL21227908W,Anne Frank,"Etsuo Suzuki, Yoko Miyawaki",de,"[""General Fiction""]"
openlibrary_OL21984140W,Devil's Hand,Jack Carr,da,"[""General Fiction"", ""Mystery"", ""crime""]"
openlibrary_OL2212375W,Elephants never forget!,Diane L. Burns,no,"[""Humor""]"
openlibrary_OL22321264W,Dawn horse,"West, David",cy,"[""Children's""]"
openlibrary_OL22950113W,Suite française,Moynot,fr,"[""Graphic Novel""]"
openlibrary_OL23184405W,Sand spider,Carl Bowen,da,"[""Science & Nature""]"
openlibrary_OL23184410W,Dark agent,Carl Bowen,da,"[""Science & Nature""]"
openlibrary_OL23291W,Sharpe's Escape,Bernard Cornwell,ca,"[""General Fiction""]"
openlibrary_OL2385270W,Bahía de Chesapeake,James A. Michener,es,"[""General Fiction""]"
openlibrary_OL2385522W,Stuck Rubber Baby,Howard Cruse,de,"[""Graphic Novel""]"
openlibrary_OL23992348W,Double Cross,Betsy Brannon Green,fr,"[""General Fiction""]"
openlibrary_OL2405062W,George III,"Baker, Kenneth, Kenneth Baker",de,"[""Art""]"
openlibrary_OL241909W,Bulldog Drummond,H. C. McNeile,no,"[""General Fiction""]"
openlibrary_OL24208538W,La odisea,Federico Alonso Villalobos Goyarrola,it,"[""Fantasy""]"
openlibrary_OL24216463W,Clan in Need,"Erin Hunter, Dan Jolley",nl,"[""Fantasy""]"
openlibrary_OL2486917W,Het Diner,Herman Koch,nl,"[""Literary Fiction""]"
openlibrary_OL26450956W,Little Klein,Anne Ylvisaker,de,"[""General Fiction""]"
openlibrary_OL26451207W,"Ma mère est Tutsi, mon père Hutu",Pierre Roy,fr,"[""Children's""]"
openlibrary_OL2666617W,Battleground Berlin,David E. Murphy,de,"[""Thriller""]"
openlibrary_OL267611W,Astérix chez les Belges,"René Goscinny, Albert Uderzo",fr,"[""Graphic Novel""]"
openlibrary_OL2735951W,Spies Beneath Berlin,David Stafford,de,"[""Thriller""]"
openlibrary_OL27368412W,Manga in America,Casey Brienza,id,"[""Graphic Novel""]"
openlibrary_OL2750502W,Clara Barton,"Allison Lassieur, Brian Bascle",es,"[""Graphic Novel""]"
openlibrary_OL280295W,License Renewed,John Gardner,nl,"[""General Fiction""]"
openlibrary_OL28099744W,Pedro & Daniel,Federico Erebia,pl,"[""General Fiction""]"
openlibrary_OL28762952W,Basile et professeure Boule de poils,Ashley Spires,fr,"[""Children's""]"
openlibrary_OL28767273W,Presidential material,Jeff Mariotte,it,"[""Graphic Novel""]"
openlibrary_OL2881150W,Little lightning,Marc Tyler Nobleman,no,"[""Graphic Novel""]"
openlibrary_OL2944339W,Schoolchildren's Blizzard,Marty Rhodes Figley,de,"[""General Fiction""]"
openlibrary_OL2946524W,Thân phận của tình yêu,Bảo Ninh,vi,"[""General Fiction""]"
openlibrary_OL2958861W,Most Outrageous,Bob Levin,fr,"[""Art""]"
openlibrary_OL3004214W,Homicidal psycho jungle cat,Bill Watterson,es,"[""Children's""]"
openlibrary_OL3366051W,Green Arrow,"Judd Winick, J. Calafiore",nl,"[""General Fiction""]"
openlibrary_OL36356W,Miracle Cure,Michael Palmer,ro,"[""Art""]"
openlibrary_OL36462W,Vingt ans apres̀,Alexandre Dumas,sv,"[""General Fiction""]"
openlibrary_OL36854W,La tulipe noire,Alexandre Dumas,fr,"[""General Fiction""]"
openlibrary_OL3951580W,A simple plan,Scott Smith,fr,"[""General Fiction"", ""Thriller"", ""Mystery"", ""crime""]"
openlibrary_OL4092591W,Royal Escape,Georgette Heyer,ca,"[""General Fiction"", ""romance""]"
openlibrary_OL41914W,Mischief in Maggody,Joan Hess,de,"[""General Fiction""]"
openlibrary_OL41927W,A conventional corpse,Joan Hess,it,"[""Mystery""]"
openlibrary_OL4321195W,Nursery village,"Colin Maclean, Moira Maclean",sv,"[""Literary Fiction""]"
openlibrary_OL4529305W,Chant grégorien et musique médiévale,Michel Huglo,fr,"[""History""]"
openlibrary_OL45408275W,"Daredevil, Vol. 7","Brian Michael Bendis, Alex Maleev",da,"[""Graphic Novel""]"
openlibrary_OL45408375W,"Daredevil, Vol. 9","Brian Michael Bendis, Alex Maleev",da,"[""Graphic Novel""]"
openlibrary_OL456051W,Accordion Crimes,Annie Proulx,it,"[""General Fiction""]"
openlibrary_OL461807W,Essential X-Men,Chris Claremont,ca,"[""General Fiction""]"
openlibrary_OL463337W,Trial run,Dick Francis,ro,"[""Mystery""]"
openlibrary_OL472189W,Dumb Witness,Agatha Christie,de,"[""General Fiction"", ""Mystery"", ""crime""]"
openlibrary_OL478560W,Ike's spies,"Stephen E. Ambrose, Richard H. Immerman",af,"[""Politics""]"
openlibrary_OL486656W,Killing me softly,Nicci French,da,"[""General Fiction"", ""romance""]"
openlibrary_OL491194W,Orchid Beach,Stuart Woods,de,"[""Mystery"", ""crime""]"
openlibrary_OL503492W,Ogniem i mieczem,"Henryk Sienkiewicz, Jeremiah Curtin",pl,"[""General Fiction""]"
openlibrary_OL5429008W,Louis Riel,"Chester Brown, Chester Brown",fr,"[""Graphic Novel""]"
openlibrary_OL55940W,Talking God,Tony Hillerman,tl,"[""Mystery"", ""crime""]"
openlibrary_OL5703142W,Winner takes all!,Jodi Carse,no,"[""Graphic Novel""]"
openlibrary_OL5706767W,Executive Secrets,William J. Daugherty,ro,"[""Thriller""]"
openlibrary_OL5710272W,John F. Kennedy,Nathan Olson,de,"[""Biography & Memoir""]"
openlibrary_OL5712470W,Samuel Adams,"Matt Doeden, Tod Smith, Charles Barnett III, Keith Wilson, Dave Hoover",ca,"[""Biography & Memoir""]"
openlibrary_OL5725323W,Autumn bridge,Takashi Matsuoka,ro,"[""General Fiction"", ""Historical Fiction"", ""History"", ""Fantasy"", ""Adventure"", ""Romance"", ""historical romance"", ""Romantasy""]"
openlibrary_OL5727587W,Black Order,James Rollins,de,"[""Adventure""]"
openlibrary_OL5734167W,Winter in Madrid,C. J. Sansom,de,"[""General Fiction""]"
openlibrary_OL5735038W,Franklin's bear,Chris D'Lacey,af,"[""Children's""]"
openlibrary_OL5735184W,Pollo con ciruelas,"Marjane Satrapi, Mireia Alegre Clanxet, Carlos Mayor Ortega",es,"[""Biography & Memoir""]"
openlibrary_OL5748325W,Fables Vol. 2,Bill Willingham,ca,"[""General Fiction""]"
openlibrary_OL5751076W,"xxxHOLiC, Volume 3",CLAMP,ro,"[""Graphic Novel""]"
openlibrary_OL5753175W,Criminal Vol. 2,"Ed Brubaker, Sean Phillips, Val Staples",it,"[""Graphic Novel"", ""Mystery"", ""crime""]"
openlibrary_OL5757091W,Sweet Poison,David Roberts,af,"[""Mystery""]"
openlibrary_OL5855038W,Wild Adapter Volume 5 (Wild Adapter),Kazuya Minekura,de,"[""Graphic Novel""]"
openlibrary_OL5876900W,Safe area Goražde,Joe Sacco,ro,"[""Graphic Novel""]"
openlibrary_OL5955492W,Silent night,Sandy Turner,de,"[""Graphic Novel""]"
openlibrary_OL6026081W,Moby Dick,"Steve Urbon, Lew Sayre Schwartz, Dick Giordano",cs,"[""Graphic Novel""]"
openlibrary_OL695692W,Nefer le silencieux,Christian Jacq,fr,"[""History""]"
openlibrary_OL6984973W,No room for errors,"John T. Carney, John T. Col Carney, Benjamin F. Schemmer",no,"[""History""]"
openlibrary_OL71317W,Adult manga,Sharon Kinsella,tl,"[""History""]"
openlibrary_OL7153717W,Aboriginal Culture,Anna Rutherford,ro,"[""Literary Fiction""]"
openlibrary_OL7266525W,Dear Papa,Thyra Ferré Bjorn,id,"[""Religion & Spirituality""]"
openlibrary_OL735336W,A long long way,Sebastian Barry,tl,"[""General Fiction""]"
openlibrary_OL74210W,Roman Blood,Steven Saylor,so,"[""History""]"
openlibrary_OL74254W,Jim's lion,"Russell Hoban, Ian Andrew",lt,"[""General Fiction""]"
openlibrary_OL76598W,Mr. Standfast,John Buchan,de,"[""General Fiction""]"
openlibrary_OL77056W,Hemlock at Vespers,Peter Berresford Ellis,sv,"[""Mystery""]"
openlibrary_OL7920703W,HUMAN TRACES,Sebastian Faulks,vi,"[""General Fiction""]"
openlibrary_OL7922389W,Corsarios de Levante,Arturo Pérez-Reverte,es,"[""General Fiction""]"
openlibrary_OL79479W,Dead silence,Randy Wayne White,es,"[""Politics""]"
openlibrary_OL8053015W,Blind Spot,Terri Persons,de,"[""Mystery""]"
openlibrary_OL8125268W,"Ringside, 1925",Jen Bryant,da,"[""General Fiction""]"
openlibrary_OL8134931W,Asterios polyp,David Mazzucchelli,lt,"[""Graphic Novel"", ""romance"", ""Romantasy""]"
openlibrary_OL81972W,No safe place,Richard North Patterson,es,"[""General Fiction""]"
openlibrary_OL82928W,"Absalom, Absalom!",William Faulkner,so,"[""General Fiction""]"
openlibrary_OL8355246W,Space cops,Stephen Bowkett,ro,"[""Graphic Novel""]"
openlibrary_OL84880W,Flood Tide,"Clive Cussler, J. Charles",et,"[""General Fiction""]"
openlibrary_OL84898W,Inca Gold,Clive Cussler,it,"[""General Fiction""]"
openlibrary_OL8548211W,Satchel Paige,James Sturm,de,"[""Graphic Novel""]"
openlibrary_OL8548259W,Amazing Agent Luna: Volume 3,"Nunzio DeFilippis, Christina Weir, Shiei",tl,"[""Humor""]"
openlibrary_OL8571580W,Fushigi yûgi,"John D. Rateliff, John Rateliff",sw,"[""Fantasy""]"
openlibrary_OL8756406W,Tokyo Shonen Shojo,Miki Aihara,fi,"[""Young Adult"", ""romance""]"
openlibrary_OL8782227W,Sugar princess,中条 比紗也,pt,"[""Young Adult"", ""romance"", ""Romantasy""]"
openlibrary_OL8783725W,"Slam Dunk, Vol. 1",井上雄彦 (Takehiko Inoue),af,"[""Children's""]"
openlibrary_OL880819W,Bitter Eden,Tatumkhulu Afrika,de,"[""General Fiction""]"
openlibrary_OL8860969W,Rebel Visions,Patrick Rosenkranz,de,"[""Graphic Novel""]"
openlibrary_OL891930W,Wonder Woman,"Jodi Picoult, Terry Dodson, Drew Johnson",de,"[""Graphic Novel""]"
openlibrary_OL8956231W,Aquarian Age,Sakurako Gokurakuin,ca,"[""General Fiction""]"
openlibrary_OL9062871W,Sukippu bīto,Yoshiki Nakamura,lv,"[""Graphic Novel"", ""romance""]"
openlibrary_OL9078752W,A faraway island,Annika Thor,so,"[""Children's""]"
openlibrary_OL94736W,Killer summer,"Ridley Pearson, Phil Gigante",da,"[""General Fiction""]"
openlibrary_OL9914153W,Understanding Manga and Anime,Robin E. Brenner,tl,"[""Young Adult""]"
openlibrary_OL9915396W,Translucent Volume 3,Kazuhiro Okamoto,ro,"[""Psychology"", ""romance"", ""Romantasy""]"
openlibrary_OL102742W,Piazza Tales,Herman Melville,it,"[""Short Stories""]"
openlibrary_OL1072218W,Mongolian Rock Pop Mongolyn rok pop ȯȯriĭn duu khooloĭgoor,"Marsh, Peter.",af,"[""Music""]"
openlibrary_OL1130400W,Daniel Boone,Stewart Edward White,af,"[""Children's""]"
openlibrary_OL114374W,Made in Mexico,Peter Laufer,es,"[""Children's""]"
openlibrary_OL11625212W,Witold Lutosławski,"Stanisław Będkowski, Stanislaw Bedkowski, Stanislaw Hrabia",pl,"[""Music""]"
openlibrary_OL11722523W,Cerpen Mahua dan cerpen Melayu,Zhuang Huaxing,id,"[""Literary Fiction""]"
openlibrary_OL11967191W,Arcade Mania,Brian Ashcraft,pt,"[""Music""]"
openlibrary_OL12057659W,Singing in my soul,Jerma A Jackson,tl,"[""Music""]"
openlibrary_OL1259806W,Poète assassiné,Guillaume Apollinaire,fr,"[""General Fiction""]"
openlibrary_OL131607W,Gratie d'amore,Cesare Negri,fr,"[""Music""]"
openlibrary_OL13301574W,Musical life in Biedermeier Vienna,Alice M. Hanson,de,"[""History""]"
openlibrary_OL134582W,Still Wild,Larry McMurtry,sv,"[""Short Stories""]"
openlibrary_OL13608321W,Good vibes,"Terry Gibbs, Cary Ginell",af,"[""Biography & Memoir""]"
openlibrary_OL13639339W,CHRISTIAN MARCLAY,"JENNIFER GONZALEZ, Jennifer Gonzalez, Kim Gordon, Matthew Higgs",so,"[""Art""]"
openlibrary_OL13664291W,"JESUS DUB: THEOLOGY, MUSIC AND SOCIAL CHANGE",ROBERT BECKFORD,de,"[""Religion & Spirituality""]"
openlibrary_OL13671292W,VIVALDI'S MUSIC FOR FLUTE AND RECORDER; TRANS. BY MICHAEL TALBOT,FEDERICO MARIA SARDELLI,de,"[""Music""]"
openlibrary_OL13691941W,Race and curriculum,Ruth Iana Gustafson,ro,"[""History""]"
openlibrary_OL13752009W,Baga Jaga je snijela jaje,Dubravka Ugrešić,hr,"[""General Fiction""]"
openlibrary_OL1375839W,Interpreting Mozart,Eva Badura-Skoda,it,"[""Music""]"
openlibrary_OL13806281W,Just Desserts,Hallie Durand,de,"[""General Fiction""]"
openlibrary_OL13816549W,Bad vibes,Luke Haines,af,"[""Music""]"
openlibrary_OL14280W,"Stille Nacht, heilige Nacht",Joseph Mohr,de,"[""Music""]"
openlibrary_OL146892W,Code complet de la danse,Carlo Blasis,fr,"[""History""]"
openlibrary_OL14867507W,"Mahler, Das Lied von der Erde =",Stephen E. Hefling,de,"[""History""]"
openlibrary_OL14871878W,Looking for Jake,China Miéville,no,"[""Fantasy""]"
openlibrary_OL14906887W,Friend is not a verb,"Parker, Daniel",af,"[""General Fiction""]"
openlibrary_OL14921321W,Capital Crimes,"Jonathan Kellerman, Faye Kellerman, Jonathan Kellerman",ca,"[""General Fiction""]"
openlibrary_OL14959154W,Hallucination Orbit,"Isaac Asimov, Martin H. Greenberg, Charles G. Waugh, Jerome Bixby, Roald Dahl, J. T. McIntosh, Donald E. Westlake, Christopher Anvil, Robert Silverberg, Henry Kuttner, C. L. Moore, Fred Saberhagen, Randall Garrett, John Brunner, Edward W. Ludwig",it,"[""Sci-Fi""]"
openlibrary_OL14959792W,Killer Year,Lee Child,tr,"[""General Fiction""]"
openlibrary_OL14988726W,Gente así,Vicente Leñero,pt,"[""Drama""]"
openlibrary_OL15056130W,"Schoenberg, Berg, and Webern",Bryan R. Simms,de,"[""History""]"
openlibrary_OL15305682W,WALLS OF SOUND,Oz Almog,de,"[""Music""]"
openlibrary_OL15420222W,Deep Trouble,Franklin W. Dixon,nl,"[""General Fiction""]"
openlibrary_OL15421763W,Lucky stars,Lucy Frank,cs,"[""Music""]"
openlibrary_OL15476234W,Erótica mix,Pep Blay,ca,"[""General Fiction""]"
openlibrary_OL15567266W,Singing for Mrs. Pettigrew,"Michael Morpurgo, Peter Bailey",no,"[""Children's""]"
openlibrary_OL15596127W,Musical gestures,Rolf Inge Godøy,ca,"[""Music""]"
openlibrary_OL15615939W,"Adios, nirvana",Conrad Wesselhoeft,lt,"[""General Fiction""]"
openlibrary_OL1577597W,Perush Rashi ʻal ha-Torah,Rashi,id,"[""Short Stories""]"
openlibrary_OL15837313W,Invisible allies,Jeanette Farrell,fr,"[""Children's""]"
openlibrary_OL15847035W,Paganini's Ghost,Paul Adam,tl,"[""Mystery""]"
openlibrary_OL15865290W,Band geeked out,Josie Bloss,af,"[""Music""]"
openlibrary_OL15884152W,Same difference,Derek Kirk Kim,it,"[""Humor""]"
openlibrary_OL16003214W,Beginning Iphone 4 development,Dave Mark,nl,"[""Art""]"
openlibrary_OL16052795W,Shania Twain,Dwayne E. Pickels,sw,"[""Music""]"
openlibrary_OL16125858W,Haiti noir,"Edwidge Danticat, Collectif",fi,"[""Mystery""]"
openlibrary_OL16126179W,"Yes, yes, Yaul!",Jef Czekaj,tr,"[""Music""]"
openlibrary_OL16132631W,Xavier Ox's xylophone experiment,Barbara DeRubertis,fr,"[""General Fiction""]"
openlibrary_OL16142308W,Los Angeles Stories,Ry Cooder,af,"[""General Fiction""]"
openlibrary_OL16148755W,¡Olé! flamenco,George Ancona,fr,"[""History""]"
openlibrary_OL16211522W,Sister mischief,"L. Goode, Laura Goode",de,"[""Music""]"
openlibrary_OL16239932W,Eleven pipers piping,C. C. Benison,ca,"[""General Fiction""]"
openlibrary_OL16262090W,Auf den Inseln des letzten Lichts,Rolf Lappert,de,"[""General Fiction""]"
openlibrary_OL16299864W,Redeeming waters,Vanessa Davis Griggs,af,"[""General Fiction"", ""romance""]"
openlibrary_OL16320757W,RMS titanic,Yvonne Hume,it,"[""Music""]"
openlibrary_OL16320947W,Stormy skies,Summer Waters,pl,"[""Children's""]"
openlibrary_OL16450762W,Norman Granz,Tad Hershorn,de,"[""Music""]"
openlibrary_OL16461720W,Robot zombie Frankenstein,Annette Simon,nl,"[""General Fiction""]"
openlibrary_OL16651486W,DJ rising,Love Maia,af,"[""General Fiction""]"
openlibrary_OL16810596W,Play It Again,Alan Rusbridger,tl,"[""Music""]"
openlibrary_OL16962060W,Instant Vegas Movie Studio +DVD,Douglas Spotted Eagle,af,"[""Music""]"
openlibrary_OL17138529W,"Murder, My Dear Watson","Martin H. Greenberg, John Lellenberg, Daniel Stashower, Colin Bruce, Bill Crider, Sharyn McCrumb, Jon L. Breen, Carolyn Wheat, Anne Perry, Malachi Saxon, Loren D. Estleman, Barry Day, Lenore Carroll, Philip A. Shreffler, Christopher Redmond, Jon L. Lellenberg",de,"[""Mystery""]"
openlibrary_OL17186661W,Miss Me When I'm Gone,Emily Arsenault,de,"[""Mystery""]"
openlibrary_OL17188733W,EL TROMPETISTA LATINO AMERICANO,Gabriel Rosati,ca,"[""Music""]"
openlibrary_OL17272047W,Impossible Princess,Kevin Killian,fr,"[""General Fiction""]"
openlibrary_OL17349817W,Stone mattress,Margaret Atwood,it,"[""Sci-Fi"", ""sci-fi romance"", ""Romantasy""]"
openlibrary_OL17377426W,Nitty Winnie,Laura Owen,fi,"[""General Fiction""]"
openlibrary_OL17492709W,"Accent on Achievement, Book 3","John O'Reilly, Mark Williams",nl,"[""Music""]"
openlibrary_OL17560352W,The Leonard Bernstein Letters,Nigel Simeone,de,"[""Music""]"
openlibrary_OL17580631W,PUNK PRESS,Vincent Bernie,tl,"[""Music""]"
openlibrary_OL17734216W,Borderlands 5,"Elizabeth E. Monteleone, Thomas F. Monteleone, Gary Braunbeck, John R. Platt, Holly Newstein, Barry Hoffman, Barry Hoffman, Jon F. Merz, Michael Canfield, John Farris, Brian Freeman, Dominick Cancilla, Whitley Strieber, Bentley Little, John McIlveen, David J. Schow, Brett Alexander Savory, Gene O'Neill, Lon Prater, Tom Piccirilli, Bev Vincent, Stephen King",nl,"[""Short Stories""]"
openlibrary_OL17743004W,Please kill me,"Legs McNeil, Gillian McCain",et,"[""Music""]"
openlibrary_OL17743109W,Justin Bieber,Mary Boone,de,"[""Children's""]"
openlibrary_OL17824506W,Detroit noir,John Hocking,fr,"[""Short Stories""]"
openlibrary_OL17825545W,OMG queer,"Radclyffe, Katie Lynch",ca,"[""General Fiction""]"
openlibrary_OL17828248W,Girl in a band,Kim Gordon,tr,"[""Music""]"
openlibrary_OL17873732W,Strange sweet song,Adi Rule,af,"[""Music""]"
openlibrary_OL17878734W,Freda plans a picnic,Stuart J. Murphy,ca,"[""Children's""]"
openlibrary_OL17892857W,Sing for me,Karen Halvorsen Schreck,da,"[""General Fiction"", ""romance""]"
openlibrary_OL17907838W,Bad Singer,"Tim Falconer, Tim Falconer",de,"[""Psychology""]"
openlibrary_OL17915378W,Material girls,Elaine Dimopoulos,ca,"[""Children's"", ""Sci-Fi""]"
openlibrary_OL17927611W,Jingle bells,Jeffrey Ebbeler,da,"[""Music""]"
openlibrary_OL17927944W,Café Tacvba : bailando por nuestra cuenta - 1. edición,Enrique Blanc,es,"[""Music""]"
openlibrary_OL18184057W,Young Star Travelers,"Isaac Asimov, Martin H. Greenberg, Charles G. Waugh, Arthur C. Clarke, Fred Saberhagen, Edward Wellen, Andre Norton, Katherine MacLean, Theodore Cogswell, Arthur Sellings, Pauline Ashwell, Ray Bradbury",no,"[""Sci-Fi""]"
openlibrary_OL18220863W,New Beginnings,"Margaret Atwood, J. M. Coetzee, Stephen King, Ian McEwan, Scott Turow",de,"[""General Fiction""]"
openlibrary_OL1829028W,Frock rock,Mavis Bayton,sv,"[""Music""]"
openlibrary_OL18385673W,Olivier Messiaen,Nigel Simeone,af,"[""Art""]"
openlibrary_OL18403847W,Doug Aitken,"Klaus Biesenbach, Peter Eleey, Doug Aitken",af,"[""Art""]"
openlibrary_OL1842559W,Welcome to Zanzibar Road,Niki Daly,it,"[""General Fiction""]"
openlibrary_OL1843680W,Blues lessons,Robert Hellenga,fr,"[""Young Adult""]"
openlibrary_OL18575457W,Seiobo járt odalent,László Krasznahorkai,hu,"[""Philosophy""]"
openlibrary_OL1868014W,Healing Songs,Ted Gioia,tl,"[""Music""]"
openlibrary_OL1869458W,To die like a gentleman,Robert Barnard,af,"[""General Fiction""]"
openlibrary_OL1872403W,Harrison Birtwistle,Jonathan Cross,de,"[""History""]"
openlibrary_OL1878536W,"Keep on sewing, Betsy Ross!",Michael Dahl,af,"[""Music""]"
openlibrary_OL18801654W,Musicological identities,"Susan McClary, Raymond Knapp",it,"[""History""]"
openlibrary_OL1882838W,Our stories,Marion Dane Bauer,af,"[""Children's""]"
openlibrary_OL1887010W,Broken music,"Sting (Musician), Sting",fi,"[""Music""]"
openlibrary_OL18922721W,MUSIC AND GESTURE; ED. BY ANTHONY GRITTEN,"Anthony Gritten, Elaine King",de,"[""Music""]"
openlibrary_OL1897468W,Alice Herz-Sommer,Melissa Müller,de,"[""Biography & Memoir""]"
openlibrary_OL1913862W,Jingle Bells,"James Pierpont, James Lord Pierpont",de,"[""Children's""]"
openlibrary_OL19168450W,Charlemagne Palestine,"Antonio Guzmán, Charlemagne Palestine, Antonio Guzman",fr,"[""Art""]"
openlibrary_OL19225746W,Canto d'amore,"Gottfried Boehm, Ulrich Mosch, Schmidt, Katharina Dr",it,"[""Art""]"
openlibrary_OL19666472W,Astral weeks,Ryan H. Walsh,af,"[""Music""]"
openlibrary_OL19714785W,New Haven noir,Amy Bloom,nl,"[""Short Stories""]"
openlibrary_OL19714814W,Art sex music,Cosey Fanni Tutti,ca,"[""Music""]"
openlibrary_OL19716706W,Tell tale,Jeffrey Archer,it,"[""Short Stories""]"
openlibrary_OL19717350W,Giant pumpkin suite,Melanie Heuiser Hill,fi,"[""Children's""]"
openlibrary_OL19721960W,Megy a világ,László Krasznahorkai,hu,"[""Short Stories""]"
openlibrary_OL19752524W,Bluestone & vine,Donna Kauffman,fr,"[""Music"", ""romance""]"
openlibrary_OL1975640W,Virtual music,William Duckworth,ca,"[""Music""]"
openlibrary_OL19801603W,Annual Report,"Perkins School for the Blind., New England Institution for the Education of the Blind",ro,"[""Music""]"
openlibrary_OL19833366W,Carrie Underwood,Vernell Hackett,nl,"[""Art""]"
openlibrary_OL19929669W,Historia de la música popular mexicana,Yolanda Moreno Rivas,es,"[""Music""]"
openlibrary_OL19948118W,Ticket masters,Dean Budnick,sv,"[""Art""]"
openlibrary_OL19957350W,Punk rock,John Robb,pl,"[""Music""]"
openlibrary_OL19969085W,Traveling sprinkler,Nicholson Baker,no,"[""General Fiction"", ""romance""]"
openlibrary_OL19969086W,"Happiness, like water","Chinelo Okparanta, Onyenzeukwu Emma Okpareke",af,"[""Short Stories""]"
openlibrary_OL19970409W,Paul Robeson,Jordan Goodman,ro,"[""Politics""]"
openlibrary_OL19971858W,"Legends, icons & rebels",Robbie Robertson,nl,"[""Music""]"
openlibrary_OL19973022W,Lola Bensky,Lily Brett,sv,"[""Music""]"
openlibrary_OL19977306W,Maybe someday,Colleen Hoover,so,"[""General Fiction"", ""romance""]"
openlibrary_OL1998514W,Lennon remembers,"John Lennon, Jann Wenner",fr,"[""Music""]"
openlibrary_OL20004082W,Bowie on Bowie,Sean Egan,pl,"[""Music""]"
openlibrary_OL20007181W,Jesse's girl,Miranda Kenneally,fr,"[""Children's"", ""romance""]"
openlibrary_OL20009072W,Hunger Makes Me a Modern Girl,Carrie Brownstein,de,"[""Music""]"
openlibrary_OL20009267W,Rhythm ride,Andrea Davis Pinkney,cy,"[""Music""]"
openlibrary_OL20015422W,Sam Phillips,Peter Guralnick,tl,"[""Biography & Memoir""]"
openlibrary_OL20015511W,Girl singer,Mick Carlon,de,"[""Music""]"
openlibrary_OL20016284W,Voice studies,"Konstantinos Thomaidis, Ben Macpherson",ro,"[""History""]"
openlibrary_OL20018443W,Aleister Crowley,Gary Lachman,de,"[""History""]"
openlibrary_OL20019601W,Jack & Louisa,Andrew Keenan-Bolger,fr,"[""Drama""]"
openlibrary_OL20025201W,Barbra Streisand,Neal Gabler,de,"[""Biography & Memoir""]"
openlibrary_OL20029678W,Elige tus fantasías,Nicola Jane,es,"[""General Fiction""]"
openlibrary_OL20041471W,Punk rock entrepreneur,Caroline Moore,fr,"[""Art""]"
openlibrary_OL20043066W,Rhythm & clues,Sue Ann Jaffarian,cy,"[""Mystery""]"
openlibrary_OL20049989W,Taduno's song,Odafe Atogun,tl,"[""Music""]"
openlibrary_OL2005021W,Winnie & Ernst,Gina Freschet,de,"[""General Fiction""]"
openlibrary_OL20050687W,Lucky Jim,"Hart, James (Executive)",cs,"[""Business & Economics""]"
openlibrary_OL20050806W,Living stereo,"Paul Théberge, Kyle Devine, Tom Everrett",no,"[""Music""]"
openlibrary_OL20055289W,Talking guitar,Jas Obrecht,tl,"[""Music""]"
openlibrary_OL20056013W,Dis mem ber,Joyce Carol Oates,af,"[""Thriller""]"
openlibrary_OL20056726W,Trinidad noir,"Earl Lovelace, Robert Antoni",pt,"[""Mystery""]"
openlibrary_OL20084585W,Lieder des Ghetto – jiddische Freiheitslieder,Heiner Jestrabek,de,"[""Music""]"
openlibrary_OL20128032W,Passionate Spirit,Cate Haste,it,"[""Biography & Memoir""]"
openlibrary_OL2015298W,A Prairie Year,Jo Bannatyne-Cugnet,ro,"[""Children's""]"
openlibrary_OL20165510W,When Angels Sing,Michael Mahin,de,"[""Children's""]"
openlibrary_OL20313491W,Modern Moves,Danielle Robinson,da,"[""History""]"
openlibrary_OL20314940W,"Cape Verde, Let's Go",Derek Pardue,nl,"[""Music""]"
openlibrary_OL20331570W,Cairo Pop,Daniel Gilman,pt,"[""Music""]"
openlibrary_OL20631492W,Christmas Eve Kittens,"Cathleen Clare, Wilma Counts, Debbie Raleigh",de,"[""Short Stories"", ""romance""]"
openlibrary_OL20644533W,Buena Vista Social Club,"Wim Wenders, Donata Wenders",es,"[""Music""]"
openlibrary_OL20658138W,Def Leppard,Ross Halfin,nl,"[""Biography & Memoir""]"
openlibrary_OL20836098W,Verzeichnis einiger Verluste,Judith Schalansky,de,"[""Literary Fiction""]"
openlibrary_OL20856821W,Supreme Glamour,"Mary Wilson, Mark Bego",fr,"[""Music""]"
openlibrary_OL20871350W,Crooked Hallelujah,Kelli Jo Ford,et,"[""General Fiction""]"
openlibrary_OL21053851W,Pierrot Ensembles,"Christopher Dromey, Christopher Wintle",fr,"[""History""]"
openlibrary_OL21126341W,Allah's Automata,"Siegfried Zielinski, Ulrich Alertz, Mohammed Abattouy, Salim Al-Hassani, Ayhan Aytes",id,"[""Art""]"
openlibrary_OL21182819W,Miley Cyrus,Posy Edwards,cy,"[""Music""]"
openlibrary_OL21253413W,Sepulcros de vaqueros,Roberto Bolaño,es,"[""General Fiction""]"
openlibrary_OL21270100W,Singing Dante,Elena Abramov-Van Rijk,tl,"[""Literary Fiction""]"
openlibrary_OL21315102W,Double Bass Blues,"Andrea J. Loney, Rudy Gutierrez",fr,"[""General Fiction""]"
openlibrary_OL21506579W,Survival Songs,Stephanie Sieburth,et,"[""History""]"
openlibrary_OL21909283W,Hollywood Eden,Joel Selvin,cy,"[""Music""]"
openlibrary_OL221792W,"Mongolian music, dance, & oral narrative",Carole Pegg,it,"[""Music""]"
openlibrary_OL222289W,Blues traveling,Steve Cheseborough,fr,"[""Music""]"
openlibrary_OL222884W,Linda McCartney,Danny Fields,tr,"[""Music""]"
openlibrary_OL22638439W,Rock star style,Mari Bolte,sv,"[""Music""]"
openlibrary_OL22642709W,Sweet dreams,Jewel,af,"[""Music""]"
openlibrary_OL23267651W,Beach socks,Michael J. Daley,sv,"[""Children's""]"
openlibrary_OL23311264W,Sacramento renaissance,William Burg,pt,"[""Politics""]"
openlibrary_OL2344309W,Plantation pageants,Joel Chandler Harris,fr,"[""Children's""]"
openlibrary_OL23502328W,Paisajes sonoros del retorno,María del Pilar Ramírez Gröbli,es,"[""Science & Nature""]"
openlibrary_OL2388351W,Beethoven's Hair,Russell Martin,nl,"[""Music""]"
openlibrary_OL24175851W,You are not alone,Jermaine Jackson,fr,"[""Biography & Memoir""]"
openlibrary_OL24192800W,Billie Holiday,"Michael V. Perez, Jessica McKee",tr,"[""Biography & Memoir""]"
openlibrary_OL2426432W,"Blues & gospel records, 1890-1943",Robert M. W. Dixon,ca,"[""Music""]"
openlibrary_OL24267193W,Girls Aloud,Posy Edwards,ca,"[""Biography & Memoir""]"
openlibrary_OL24282574W,Lion fables,Jan Ormerod,fr,"[""Children's""]"
openlibrary_OL24298608W,Silent night,Vicki Howie,de,"[""Children's""]"
openlibrary_OL24729996W,Accord de puissance,Ted Staunton,fr,"[""Music""]"
openlibrary_OL24912442W,"Drum, Chavi, drum!",Mayra L. Dole,hr,"[""Children's""]"
openlibrary_OL2576054W,La Nilsson,"Birgit Nilsson, Georg Solti, Peggy Tuller",fr,"[""Biography & Memoir""]"
openlibrary_OL2626206W,Louis Armstrong,James Lincoln Collier,fr,"[""Children's""]"
openlibrary_OL26433932W,Paraíso rosa y otras aventuras,Emma Thomson,es,"[""General Fiction""]"
openlibrary_OL2644427W,Listening to salsa,Frances R. Aparicio,tl,"[""Music""]"
openlibrary_OL2646017W,Encyclopédie du blues,Gérard Herzhaft,fr,"[""Music""]"
openlibrary_OL265586W,Take That,Martin Roach,sw,"[""Biography & Memoir""]"
openlibrary_OL26665W,Goldkorn tales,Leslie Epstein,da,"[""General Fiction""]"
openlibrary_OL2668789W,"Tuning, timbre, spectrum, scale",William A. Sethares,ro,"[""Music""]"
openlibrary_OL2673014W,BURN BEFORE READING,Stansfield Turner,de,"[""General Fiction""]"
openlibrary_OL2674931W,Renaissance music,Allan W. Atlas,fr,"[""History""]"
openlibrary_OL267560W,Francis Bacon,Francis Bacon,es,"[""Philosophy""]"
openlibrary_OL26826216W,Classical Music,"Michael Beckerman, Paul Boghossian",it,"[""Music""]"
openlibrary_OL2698949W,Ella Fitzgerald,Stuart Nicholson,ca,"[""Music""]"
openlibrary_OL2712107W,Solo variations,Cassandra Garbus,it,"[""General Fiction"", ""romance""]"
openlibrary_OL2727442W,Popular music,Roy Shuker,ro,"[""Music""]"
openlibrary_OL27281066W,"Oh no, Annie!","Tony Payne, Jan Payne",pl,"[""Children's""]"
openlibrary_OL275685W,"Hello, Mrs. Piggle-Wiggle (Mrs. Piggle-Wiggle #4)","Betty MacDonald, Hilary Knight, Chad Henry",da,"[""Fantasy"", ""fantasy romance""]"
openlibrary_OL275943W,I'll Sleep When I'm Dead,Crystal Zevon,nl,"[""Biography & Memoir""]"
openlibrary_OL278117W,Punk Rock Dad,Jim Lindberg,de,"[""Music""]"
openlibrary_OL2797410W,"Diccionario de compositores mexicanos de música de concierto, siglo XX",Eduardo Soto Millán,es,"[""Music""]"
openlibrary_OL2828591W,Selena's secret,María Celeste Arrarás,ca,"[""Biography & Memoir""]"
openlibrary_OL28642392W,"Tracatuli, Excerpta et Fragmenta de Musica S. XI et XII","C. Meyer, S. Nishimagi",ca,"[""History""]"
openlibrary_OL2864807W,Gangsta Rap,Benjamin Zephaniah,tl,"[""Music""]"
openlibrary_OL2874161W,Wer nicht mit dem Wolf heult,"Gottfried Wagner, Della Couling",de,"[""Biography & Memoir""]"
openlibrary_OL2875550W,Salsa mexicana,Rafael Figueroa Hernández,ca,"[""Music""]"
openlibrary_OL28770270W,Ludwig van Beethoven,Yann Walcker,nl,"[""Children's""]"
openlibrary_OL2882000W,Led Zeppelin,Robert Godwin,nl,"[""History""]"
openlibrary_OL28942694W,"Row, row, row your waka",Rebecca Larsen,pl,"[""Music""]"
openlibrary_OL2912942W,Elevator music,Joseph Lanza,ca,"[""Music""]"
openlibrary_OL2921709W,Bruce Springsteen,Ron Frankl,nl,"[""Children's""]"
openlibrary_OL2921712W,Miles Davis,Ron Frankl,fr,"[""Biography & Memoir""]"
openlibrary_OL2929488W,Keyboard duets,Howard Ferguson,af,"[""History""]"
openlibrary_OL2971100W,Stage to studio,James P. Kraft,it,"[""Music""]"
openlibrary_OL3000827W,Popular cultures,"Rowe, David",ro,"[""Music""]"
openlibrary_OL3013855W,"Accent on Achievement, Book 1","Mark Williams, John O'Reilly",nl,"[""Music""]"
openlibrary_OL31194709W,Nashville noir,Jessica Fletcher,fr,"[""General Fiction""]"
openlibrary_OL31211069W,Walking among giants,Bobby Wood,tl,"[""Music""]"
openlibrary_OL3244940W,Rock music in American popular culture II,B. Lee Cooper,ro,"[""History""]"
openlibrary_OL3267653W,Engendering song,Jane C. Sugarman,da,"[""Music""]"
openlibrary_OL3271802W,Remembering Buddy,"John Goldrosen, John Beecher, John J. Goldrosen",id,"[""Music""]"
openlibrary_OL3296310W,David gets his drum,"Panama Francis, Robert Reiser, David Francis, Larry Johnson",nl,"[""General Fiction""]"
openlibrary_OL3297432W,Jazz in American culture,Burton W. Peretti,ro,"[""History""]"
openlibrary_OL3341197W,Zen guitar,Philip Toshio Sudo,nl,"[""Music""]"
openlibrary_OL3344771W,Tuba lessons,T. C. Bartlett,fr,"[""General Fiction""]"
openlibrary_OL3358658W,Rock star superstar,Blake Nelson,sv,"[""Music""]"
openlibrary_OL3369162W,Music in Bulgaria,Timothy Rice,ro,"[""Music""]"
openlibrary_OL3454738W,Angry management,Chris Crutcher,tl,"[""Short Stories""]"
openlibrary_OL3470816W,Biographie universelle des musiciens et bibliographie générale de la musique. Supplément et complément,"François-Joseph Fétis, Arthur Pougin",fr,"[""Music""]"
openlibrary_OL34739032W,"Literatura comparada, canon y traducción",María Isabel Hernández González,es,"[""Short Stories""]"
openlibrary_OL3484117W,Yeah! Yeah! Yeah!,Bob Spitz,id,"[""Biography & Memoir""]"
openlibrary_OL34973501W,Origen e historia íntima del flamenco,José Ruiz Mata,es,"[""History""]"
openlibrary_OL3499938W,To be loved,"Gordy, Berry.",sl,"[""Biography & Memoir""]"
openlibrary_OL3526250W,Junglee Girl,Ginu Kamani,de,"[""General Fiction""]"
openlibrary_OL3684491W,Joséphine and Emilie,"Dudley Cheke, Richard Bonynge",fr,"[""Biography & Memoir""]"
openlibrary_OL38078170W,Mr. Mulliner Stories,P. G. Wodehouse,de,"[""Humor""]"
openlibrary_OL3837846W,Goldene Truhe,"Bauer, Wolfgang",de,"[""Short Stories""]"
openlibrary_OL3937528W,Yankee Doodle,"Richard Schackburg, Richard Shackburg, Ed Emberley",so,"[""History""]"
openlibrary_OL3952790W,Nicholas Lanier,Michael I. Wilson,de,"[""Art""]"
openlibrary_OL3982693W,Ben Webster,"Jeroen de Valk, Jeroen De Valk",de,"[""Biography & Memoir""]"
openlibrary_OL41343W,Ms. Todd Is Odd!,Dan Gutman,cy,"[""Children's""]"
openlibrary_OL4149430W,Retuning Culture,Mark Slobin,ro,"[""History""]"
openlibrary_OL4184463W,Astor Piazzolla,Astor Piazzolla,it,"[""Biography & Memoir""]"
openlibrary_OL4236964W,Nine to ninety,Susan Ioannou,fi,"[""General Fiction""]"
openlibrary_OL443411W,Set your voice free,Roger Love,fr,"[""Music""]"
openlibrary_OL4437233W,"Accent on Achievement, Book 2","John O'Reilly, Mark Williams",nl,"[""Music""]"
openlibrary_OL4480597W,F. Scott Fitzgerald,"Kuehl, John Richard",de,"[""General Fiction""]"
openlibrary_OL463799W,Bech is back,John Updike,de,"[""General Fiction""]"
openlibrary_OL46568W,Willful Creatures,Aimee Bender,ro,"[""Short Stories""]"
openlibrary_OL46949W,One-hit wonder,Lisa Jewell,nl,"[""Literary Fiction"", ""romance""]"
openlibrary_OL477242W,Ella Fitzgerald,Andrea Davis Pinkney,ca,"[""Music""]"
openlibrary_OL4791137W,Hedwig and Berti,Frieda Arkin,de,"[""General Fiction""]"
openlibrary_OL4793934W,Steinway & Sons,"Ronald V. Ratcliffe, Ronald Ratcliffe, Stuart Isacoff",de,"[""History""]"
openlibrary_OL48334W,Hit Man (John Keller Mysteries (Audio)),Lawrence Block,de,"[""General Fiction""]"
openlibrary_OL488556W,Meeting Jimmie Rodgers,Barry Mazor,af,"[""Music""]"
openlibrary_OL4887883W,Lettres portugaises,"Gabriel de Guilleragues, Mariana Alcoforado",fr,"[""General Fiction""]"
openlibrary_OL4922361W,Barbara Klemm,Barbara Klemm,id,"[""Art""]"
openlibrary_OL498781W,Erzählungen und kleine Prosa,Franz Kafka,de,"[""Short Stories""]"
openlibrary_OL4998412W,Versuch einer Anweisung die Flöte traversiere zu spielen,Johann Joachim Quantz,de,"[""Music""]"
openlibrary_OL51138W,Kingsblood royal,Sinclair Lewis,tl,"[""General Fiction""]"
openlibrary_OL525665W,Fanny Crosby,Bernard Ruffin,cy,"[""Biography & Memoir""]"
openlibrary_OL5478556W,Old Indian legends,Zitkála-Šá,nl,"[""General Fiction""]"
openlibrary_OL556683W,Georgia music,Helen V. Griffith,it,"[""General Fiction""]"
openlibrary_OL56039W,Gloria Estefan,Rebecca Stefoff,ro,"[""Music""]"
openlibrary_OL5685292W,Sweet talk,Susan Mallery,af,"[""Romance""]"
openlibrary_OL5701670W,Frog wars,Cindy Kenney,af,"[""General Fiction""]"
openlibrary_OL5701946W,Jazz baby,Lisa Wheeler,hu,"[""General Fiction""]"
openlibrary_OL5716738W,Golden spirit,Stephanie Perry Moore,da,"[""Religion & Spirituality""]"
openlibrary_OL5746430W,Blue Monday,Chynna Clugston Flores,fr,"[""General Fiction""]"
openlibrary_OL5814818W,Beyond subculture,Rupa Huq,ro,"[""Music""]"
openlibrary_OL5819025W,Jackie Wilson,Tony Douglas,pl,"[""Music""]"
openlibrary_OL5833899W,NOBODY LIKES YOU,Marc Spitz,cy,"[""Music""]"
openlibrary_OL5838421W,Handmade electronic music,Nicolas Collins,es,"[""Music""]"
openlibrary_OL59233W,Babu's song,Stephanie Stuve-Bodeen,tl,"[""Music""]"
openlibrary_OL5961393W,I like growing up =,"Rosa Sardà, Rosa Sarda, Rosa Maria Curto, Bernice Randall",af,"[""General Fiction""]"
openlibrary_OL5968868W,Such sweet thunder,Vincent O. Carter,de,"[""Music""]"
openlibrary_OL5970980W,No more prisons,William Upski Wimsatt,it,"[""Music""]"
openlibrary_OL5973826W,Tori Amos,Tori Amos,lt,"[""Biography & Memoir""]"
openlibrary_OL5974861W,Altered state,"Matthew Collin, John Godfrey",da,"[""Art""]"
openlibrary_OL6034405W,Deaf side story,Mark Rigney,da,"[""Music""]"
openlibrary_OL611003W,A Fiddle for Angus,Budge Wilson,da,"[""Music""]"
openlibrary_OL619700W,Kolymskie rasskazy,Varlam Tikhonovich Shalamov,pl,"[""Politics""]"
openlibrary_OL6213867W,James Arness,"James Arness, James E. Wise",de,"[""Biography & Memoir""]"
openlibrary_OL6214214W,Stevie Wonder,Tenley Williams,af,"[""General Fiction""]"
openlibrary_OL6214509W,"Mirror, mirror",Silverman.,sq,"[""Children's""]"
openlibrary_OL6442622W,Kangaroo Christmas,M. E. Rose,tl,"[""General Fiction""]"
openlibrary_OL64848W,Final girl,Daphne Gottlieb,tr,"[""Literary Fiction""]"
openlibrary_OL65441W,Bayou Folk,Kate Chopin,so,"[""General Fiction""]"
openlibrary_OL6606568W,Big star fallin' mama,Hettie Jones,sv,"[""Music""]"
openlibrary_OL66207W,Leaping Beauty,Gregory Maguire,tl,"[""Fantasy""]"
openlibrary_OL66919W,Hollywood Songsters,"James Robert Parish, Michael R. Pitts",af,"[""Biography & Memoir""]"
openlibrary_OL67023W,Been here and gone,Frederic Ramsey,nl,"[""History""]"
openlibrary_OL672376W,Polka happiness,Charles Keil,fi,"[""History""]"
openlibrary_OL67320W,Mein Jahrhundert,Günter Grass,de,"[""General Fiction""]"
openlibrary_OL6885573W,Music Legends,Martin Keller,de,"[""Music""]"
openlibrary_OL689685W,La africanía de la musica folklórica de Cuba,"Ortiz, Fernando, Fernando Ortiz",es,"[""Music""]"
openlibrary_OL735474W,Ladies' night at Finbar's Hotel,"Dermot Bolger, Maeve Binchy, Clare Boylan, Emma Donoghue, Anne Haverty, Kate O'Riordan, Deirdre Purcell, Various Authors, Dermot Bolger",af,"[""General Fiction""]"
openlibrary_OL74654W,Zuckerman Bound,Philip Roth,de,"[""General Fiction""]"
openlibrary_OL7512424W,The Hidden Agenda,"Jan Voerman, Jan Voerman",nl,"[""Religion & Spirituality""]"
openlibrary_OL7733910W,De Garĕbĕg's te Ngajogyåkartå,"Isaac Groneman, Koninklijk Instituut voor de Taal-, Land- en Volkenkunde van Nederlandsch-Indië.",no,"[""Music""]"
openlibrary_OL7991015W,Merry Murder,"Cynthia Manson, Arthur Conan Doyle",de,"[""General Fiction""]"
openlibrary_OL8026049W,Contents Under Pressure,Martin Popoff,fr,"[""Biography & Memoir""]"
openlibrary_OL8275803W,Magic Circles,Devin McKinney,ca,"[""History""]"
openlibrary_OL82896W,Big Woods,William Faulkner,af,"[""General Fiction""]"
openlibrary_OL8343130W,Virtual apprentice,Don Rauf,it,"[""History""]"
openlibrary_OL8450143W,Reel Terror,Sebastian Wolfe,nl,"[""Short Stories""]"
openlibrary_OL8452835W,A Celestial Omnibus,"J.P. Maney, J. P Maney, Tom Hazuka, نجيب محفوظ",ro,"[""General Fiction""]"
openlibrary_OL846512W,A Relíquia,Eça de Queiroz,pt,"[""General Fiction"", ""romance""]"
openlibrary_OL8497648W,Essential Bierce,Ambrose Bierce,ca,"[""General Fiction""]"
openlibrary_OL8621722W,Deep Listeners,Judith Becker,nl,"[""Music""]"
openlibrary_OL8705900W,Listening For A Life,Patricia Sawin,de,"[""Biography & Memoir""]"
openlibrary_OL8843582W,Go Ask Ogre,Jolene Siana,no,"[""Music""]"
openlibrary_OL8906725W,London Noir,Cathi Unsworth,fr,"[""General Fiction""]"
openlibrary_OL8971526W,Historias de cronopios y de famas,Julio Cortázar,es,"[""General Fiction""]"
openlibrary_OL8971528W,Todos los fuegos el fuego,Julio Cortázar,es,"[""Literary Fiction""]"
openlibrary_OL9242655W,Hip-Hop Japan,Ian Condry,tl,"[""Music""]"
openlibrary_OL92902W,Moses goes to a concert,Isaac Millman,es,"[""General Fiction""]"
openlibrary_OL9388707W,Counterculture Kaleidoscope,Nadya Zimmerman,ro,"[""History""]"
openlibrary_OL953034W,Cuando fui mortal,Javier Marías,pt,"[""Short Stories"", ""romance""]"
openlibrary_OL95303W,Lehre von den Tonempfindungen,Hermann von Helmholtz,de,"[""Music""]"
openlibrary_OL9582554W,Essential Song,Lynn Whidden,ca,"[""History""]"
openlibrary_OL9866882W,Being Young,Astrid Young,de,"[""Music""]"
openlibrary_OL10423420W,Směšné lásky,Milan Kundera,cs,"[""General Fiction"", ""romance""]"
openlibrary_OL1057177W,Malgudi days,Rasipuram Krishnaswamy Narayan,so,"[""General Fiction""]"
openlibrary_OL1064287W,L' aiguille creuse,Maurice Leblanc,fr,"[""General Fiction"", ""romance""]"
openlibrary_OL108092W,Sea hunter,Paul Garrison,id,"[""General Fiction""]"
openlibrary_OL1099693W,Robur le conquérant,Jules Verne,fr,"[""Literary Fiction""]"
openlibrary_OL11100883W,Æsop's fables,Aesop,ca,"[""Literary Fiction""]"
openlibrary_OL11106583W,Ten again,"Ibrāhīm ʻAbd al-Qādir Māzinī, William M. Hutchins, Ibrahim Al-Mazini",id,"[""History""]"
openlibrary_OL1157372W,Elephant adventure,Willard Price,ca,"[""Children's""]"
openlibrary_OL12000146W,Paradise rules,Beth Kery,et,"[""General Fiction"", ""romance""]"
openlibrary_OL12188W,Blood Lines,Ruth Rendell,et,"[""General Fiction""]"
openlibrary_OL13783956W,Flame seeker,Kay Danella,af,"[""General Fiction"", ""romance""]"
openlibrary_OL14861326W,Mister Johnson,Joyce Cary,de,"[""General Fiction""]"
openlibrary_OL14916772W,Jerusalem's Lot,Stephen King,id,"[""Short Stories""]"
openlibrary_OL14959772W,Smells like dog,Suzanne Selfors,no,"[""General Fiction""]"
openlibrary_OL15004717W,Dark Prince Volume 1 (Yaoi) (Dark Prince),Yamila Abraham,tr,"[""Fantasy""]"
openlibrary_OL15004724W,Winter Demon Volume 2 (Yaoi) (Winter Demon),Yamila Abraham,de,"[""Fantasy""]"
openlibrary_OL15004725W,Winter Demon Volume 3 (Yaoi) (Winter Demon),Yamila Abraham,de,"[""Fantasy""]"
openlibrary_OL15004727W,"Yaoi Hentai, Volume 1",Yamila Abraham,fi,"[""Graphic Novel""]"
openlibrary_OL15004728W,Yaoi Hentai Volume 2,Yamila Abraham,fi,"[""Graphic Novel""]"
openlibrary_OL15004730W,Yaoi Hentai Volume 3,Yamila Abraham,fi,"[""Graphic Novel""]"
openlibrary_OL15004731W,Yaoi Hentai Volume 4,Yamila Abraham,fi,"[""Graphic Novel""]"
openlibrary_OL15004735W,Zesty! Volume 2 (Yaoi) (Zesty),Studio Kosaru,fi,"[""Graphic Novel""]"
openlibrary_OL15065221W,Two Friends,Susan Koppelman Cornillon,nl,"[""General Fiction""]"
openlibrary_OL15105786W,Deepwater challenge,Frank Bonham,nl,"[""Children's""]"
openlibrary_OL15109810W,Last dance,Melody Carlson,fr,"[""General Fiction""]"
openlibrary_OL15128404W,One Small Secret,Meagan McKinney,it,"[""Romance""]"
openlibrary_OL15170003W,Hot in Here,Susan Lyons,nl,"[""Literary Fiction"", ""romance""]"
openlibrary_OL15172219W,Lust Call,Ray Gordon,fr,"[""General Fiction"", ""romance""]"
openlibrary_OL15172965W,Red Velvet,Noelle Mack,no,"[""Literary Fiction"", ""romance""]"
openlibrary_OL15175683W,Tempt Me Again,Wendy Etherington,id,"[""General Fiction"", ""romance""]"
openlibrary_OL15175753W,Magnate's Make-Believe Mistress,Bronwyn Jameson,nl,"[""General Fiction"", ""romance""]"
openlibrary_OL15176006W,THE MERRY WIDOW,KOKO BROWN,sw,"[""Literary Fiction"", ""romance""]"
openlibrary_OL15176253W,Amanda's Young Men,Madeline Moore,id,"[""Literary Fiction""]"
openlibrary_OL15176282W,Skin on Skin,Sunny,fi,"[""Literary Fiction"", ""romance""]"
openlibrary_OL15177202W,Boning Up,Summer Alan,tl,"[""Literary Fiction"", ""romance""]"
openlibrary_OL15177815W,True Passion,Ann Summers,fr,"[""General Fiction"", ""romance""]"
openlibrary_OL15178537W,THE HOT-BLOODED HUSBAND,ALICE GAINES,vi,"[""Literary Fiction"", ""romance""]"
openlibrary_OL15180441W,Ayude a sus Hijos a Tener Exito en la Escuela Guia Especial para Padres Latinos,Mariela Dabbah,es,"[""General Fiction""]"
openlibrary_OL15181808W,Sexual Secrets,Melissa MacNeal,ca,"[""Literary Fiction""]"
openlibrary_OL15181890W,L.A. Cinderella,Amanda Berry,it,"[""General Fiction"", ""romance""]"
openlibrary_OL15182164W,"Billionaire, M.D.",Olivia Gates,fr,"[""General Fiction"", ""romance""]"
openlibrary_OL15185619W,SEDUCING THE SUCCUBUS,JENNIFER BARLOWE,de,"[""Literary Fiction"", ""romance"", ""Romantasy""]"
openlibrary_OL15186798W,Sweet and Dirty,Christina Crooks,af,"[""Literary Fiction""]"
openlibrary_OL15188798W,Men On Fire,Rachelle Chase,de,"[""Literary Fiction""]"
openlibrary_OL15189069W,Darkness Burning,Delilah Devlin,de,"[""Literary Fiction"", ""romance""]"
openlibrary_OL15194816W,Lawn to lawn,Dan Yaccarino,cy,"[""General Fiction""]"
openlibrary_OL15202027W,Travailleurs de la mer,Victor Hugo,fr,"[""Literary Fiction"", ""romance""]"
openlibrary_OL15335813W,Kept for Her Baby,Kate Walker,da,"[""Romance""]"
openlibrary_OL15383375W,Tracker's Sin,Sarah McCarty,de,"[""Romance""]"
openlibrary_OL15397182W,Smart dog,Vivian Vande Velde,pt,"[""Adventure""]"
openlibrary_OL15449030W,Saving midnight,Emma Holly,et,"[""Paranormal"", ""romance"", ""Romantasy""]"
openlibrary_OL15572017W,Palo Alto,James Franco,tl,"[""Short Stories""]"
openlibrary_OL15601883W,Mission unstoppable,Dan Gutman,fr,"[""General Fiction""]"
openlibrary_OL15715441W,"Sheikh Boss, Hot Desert Nights",Susan Stephens,de,"[""General Fiction"", ""romance""]"
openlibrary_OL15715444W,Virgin For Sale,Susan Stephens,de,"[""Romance""]"
openlibrary_OL157604W,Violent Enemy,Henry Patterson,fr,"[""Thriller""]"
openlibrary_OL15832364W,Nora Jane,Ellen Gilchrist,pt,"[""Short Stories""]"
openlibrary_OL15836243W,Ferret Island,"Jennings, Richard W.",da,"[""Adventure""]"
openlibrary_OL159217W,Sinister shorts,Perri O'Shaughnessy,de,"[""Thriller"", ""Mystery"", ""crime""]"
openlibrary_OL15926873W,Women on women 3,"Joan Nestle, Naomi Holoch",nl,"[""Short Stories""]"
openlibrary_OL15944121W,Simply Forbidden,Kate Pearce,no,"[""General Fiction"", ""romance""]"
openlibrary_OL15951632W,Virtue and vice,Megan Hart,fr,"[""Romance""]"
openlibrary_OL16000848W,I love my mom,Sophie Piper,sk,"[""Children's""]"
openlibrary_OL16011673W,Tierra del fuego,Francisco Coloane,es,"[""Adventure""]"
openlibrary_OL16067780W,Pirate treasure,Justin Spelvin,ro,"[""Children's""]"
openlibrary_OL16177047W,War dances,Sherman Alexie,fr,"[""Short Stories""]"
openlibrary_OL16305890W,"En ballon, les Passiflore !",Geneviève Huriet,fr,"[""Adventure""]"
openlibrary_OL16341341W,Visible lives,Terrance Dean,fr,"[""General Fiction"", ""romance""]"
openlibrary_OL16454903W,Dakota marshal,Jenna Ryan,so,"[""General Fiction"", ""romance""]"
openlibrary_OL16461539W,Forbidden embers,Tessa Adams,da,"[""General Fiction""]"
openlibrary_OL16495655W,Dangerous master,Tawny Taylor,af,"[""General Fiction""]"
openlibrary_OL16509162W,With my body,Nikki Gemmell,cy,"[""Erotica"", ""romance""]"
openlibrary_OL16599304W,Animal jamboree,Judith Ortiz Cofer,et,"[""Children's""]"
openlibrary_OL16641252W,Imaginary Lands,"Robin McKinley, James P. Blaylock, Patricia A. McKillip, Robert Westall, Peter Dickinson, Jane Yolen, P. C. Hodgell, Michael De Larrabeiti, Joan D. Vinge",tl,"[""Fantasy""]"
openlibrary_OL16701777W,An inconvenient obsession,Natasha Tate,fr,"[""Business & Economics"", ""romance""]"
openlibrary_OL16705067W,Hide and seek,Kate Messner,af,"[""Art""]"
openlibrary_OL16707518W,His virgin acquisition,Maisey Yates,fr,"[""Business & Economics"", ""romance""]"
openlibrary_OL16772683W,Forbidden or for bedding?,Julia James,da,"[""General Fiction"", ""romance""]"
openlibrary_OL16794726W,Sarah's Girlfriend,Olivia M. Ravensworth,de,"[""Erotica""]"
openlibrary_OL16796934W,Vespers Rising,"Rick Riordan, Peter Lerangis, Jude Watson, Gordon Korman",af,"[""Children's""]"
openlibrary_OL16798489W,Sexto viaje al reino de la fantasía,Elisabetta Dami,es,"[""Children's""]"
openlibrary_OL16798490W,Séptimo viaje al reino de la fantasía,"Elisabetta Dami, David Nel·lo",es,"[""Children's""]"
openlibrary_OL16805302W,Le Club d'Esclavage,Jennifer Cole,ca,"[""Erotica"", ""romance""]"
openlibrary_OL16954081W,Billionaire's contract engagement,Maya Banks,fr,"[""Business & Economics"", ""romance""]"
openlibrary_OL17016993W,Missile Mouse,Jake Parker,fr,"[""Children's""]"
openlibrary_OL17020160W,Gettin' buck wild,Zane,de,"[""General Fiction""]"
openlibrary_OL17021848W,F. Scott Fitzgerald,Harold Bloom,de,"[""Short Stories""]"
openlibrary_OL17063347W,Grande Ritorno Nel Regno Della Fantasia,Elisabetta Dami,it,"[""Children's""]"
openlibrary_OL17188144W,La prima chiave (Ulysses Moore #6),Pierdomenico Baccalario,it,"[""Children's""]"
openlibrary_OL17308309W,Fortune Smiles,Adam Johnson,fr,"[""Literary Fiction""]"
openlibrary_OL1734794W,Spectacular Spain,Lisa Thompson,ro,"[""General Fiction""]"
openlibrary_OL1734799W,Tokyo techno,Lisa Thompson,cs,"[""General Fiction""]"
openlibrary_OL17393860W,Quantum Of Solace,Ian Fleming,pt,"[""General Fiction""]"
openlibrary_OL17417353W,Anaconda Ambush,Justin D'Ath,pt,"[""Children's""]"
openlibrary_OL17441535W,Forest Of Skulls,Nick Ward,no,"[""Children's""]"
openlibrary_OL17453216W,None Faster,Jake Douglas,de,"[""Western""]"
openlibrary_OL17464134W,Christmas Gifts,"Brenda Minton, Gail Gaymer Martin",de,"[""General Fiction"", ""romance""]"
openlibrary_OL17480582W,Skull Island,"Steve Barlow, Steve Skidmore",sv,"[""Children's""]"
openlibrary_OL17526921W,Feels Like Home,Vicki Lewis Thompson,af,"[""General Fiction"", ""romance""]"
openlibrary_OL17549247W,Forbidden To His Touch,Natasha Tate,nl,"[""Romance""]"
openlibrary_OL175559W,Extreme denial,David Morrell,ca,"[""General Fiction""]"
openlibrary_OL17578501W,Yokohama Threeway,Beth Lisick,sw,"[""Short Stories""]"
openlibrary_OL17635725W,Suburban Souls,Anonymous,id,"[""Erotica""]"
openlibrary_OL17736478W,Hot island nights,Sarah Mayberry,af,"[""General Fiction"", ""romance""]"
openlibrary_OL17739367W,Under His Spell,Kathy Lyons,de,"[""General Fiction"", ""romance""]"
openlibrary_OL17772276W,Taking aim,Michael Cart,tl,"[""Short Stories""]"
openlibrary_OL17819498W,I am Baymax,Billy Wrecks,so,"[""Children's""]"
openlibrary_OL17820959W,I take you,Nikki Gemmell,sw,"[""General Fiction""]"
openlibrary_OL17830023W,Il maestro di fulmini (Ulysses Moore #8),Pierdomenico Baccalario,it,"[""Children's""]"
openlibrary_OL17843751W,Opening Moves,Phil Lollar,no,"[""Children's""]"
openlibrary_OL17848092W,Philan's Way,David J Warren,tl,"[""General Fiction""]"
openlibrary_OL17870864W,Teenage mutant ninja turtles,Victoria Shelley,et,"[""Young Adult""]"
openlibrary_OL17872258W,Fire storm,Colin Bateman,it,"[""Children's""]"
openlibrary_OL17891941W,Because you are mine,Beth Kery,fr,"[""General Fiction""]"
openlibrary_OL17906377W,Full circle,Allan Frewin Jones,it,"[""Children's""]"
openlibrary_OL17906718W,Lunar strike,H. I Larry,sv,"[""Children's""]"
openlibrary_OL17912316W,Making nice,Matt Sumell,tl,"[""Short Stories""]"
openlibrary_OL18011164W,A girl walks into a bar,Helena S. Paige,so,"[""Humor""]"
openlibrary_OL18146024W,Orgullo y placer,Elizabeth Power,es,"[""General Fiction"", ""romance""]"
openlibrary_OL18157477W,Hidden Paradise,Janet Mullany,nl,"[""Romance""]"
openlibrary_OL18172975W,Mendoza's return,Susan Crosby,hr,"[""Romance""]"
openlibrary_OL18179160W,Solo seis meses,Cat Schield,et,"[""Adventure"", ""romance""]"
openlibrary_OL1819829W,Seven Wild Sisters,"Charles de Lint, Charles Vess",de,"[""Children's""]"
openlibrary_OL18256285W,Naked lies,Ray Gordon,af,"[""Erotica""]"
openlibrary_OL18611195W,Historias de princesas y hadas,Cathy Delanssay,es,"[""General Fiction""]"
openlibrary_OL18758758W,Yaoi hentai,"Yamila Abraham, Laila Reimoz",fi,"[""Graphic Novel""]"
openlibrary_OL18863997W,Women on Women 2,"Joan Nestle, Naomi Holoch",nl,"[""Short Stories""]"
openlibrary_OL1892451W,A West quartet,Morris West,fr,"[""Adventure""]"
openlibrary_OL18951984W,Sitka Rose,Shelley Gill,fi,"[""General Fiction""]"
openlibrary_OL19360408W,Dov'e sparito Falco Rosso?,Elisabetta Dami,it,"[""Humor""]"
openlibrary_OL19617294W,Venus in Furs,Leopold Ritter von Sacher-Masoch,de,"[""Erotica""]"
openlibrary_OL19693850W,Lavender mansions,Irene Zahava,da,"[""Short Stories""]"
openlibrary_OL19708902W,Dark moon,Kate Douglas,af,"[""General Fiction""]"
openlibrary_OL19714293W,Continental Crimes,Martin Edwards,it,"[""General Fiction""]"
openlibrary_OL19715506W,Kiss me someone,Karen Shepard,no,"[""Short Stories""]"
openlibrary_OL19735876W,De Gorgels,Jochem Myjer,nl,"[""Children's""]"
openlibrary_OL19748974W,Shadow Tyrants,"Clive Cussler, Boyd Morrison, Boyd Morrison",so,"[""Thriller""]"
openlibrary_OL1976837W,Elijah visible,Thane Rosenbaum,sl,"[""General Fiction""]"
openlibrary_OL1989508W,Injury Time,Catherine Aird,id,"[""General Fiction""]"
openlibrary_OL1992712W,Disaster island,Roger Elwood,af,"[""General Fiction""]"
openlibrary_OL19931696W,Radical encounters,Radclyffe,es,"[""Erotica"", ""romance""]"
openlibrary_OL19974659W,Dora in Wonderland,Mary Tillworth,nl,"[""Fantasy""]"
openlibrary_OL19974852W,Lost covenant,Ari Marmell,fr,"[""Fantasy""]"
openlibrary_OL19974997W,Max viaja a la estación espacial,Jeffrey O. Bennett,es,"[""Children's""]"
openlibrary_OL19984424W,No man's land,Pete Ayrton,tl,"[""Literary Fiction""]"
openlibrary_OL19987487W,Man v. nature,Diane Cook,sl,"[""Short Stories""]"
openlibrary_OL20007408W,Escape from Baxter's barn,Rebecca Bond,ca,"[""Adventure""]"
openlibrary_OL20009014W,Mission Hindenburg,C. Alexander London,de,"[""Adventure""]"
openlibrary_OL20011544W,Dangerously broken,Eden Bradley,af,"[""General Fiction""]"
openlibrary_OL20011547W,Falling under,Lauren Dane,de,"[""General Fiction""]"
openlibrary_OL20016584W,Alistair Grim's odd Aquaticum,Gregory Funaro,ca,"[""Children's""]"
openlibrary_OL20018912W,Sweet home Alaska,Carole Estby Dagg,af,"[""Children's""]"
openlibrary_OL20028206W,Somebody stop Ivy Pocket,Caleb Krisp,sk,"[""Humor""]"
openlibrary_OL20039340W,Making mistakes on purpose,Elise Primavera,et,"[""General Fiction""]"
openlibrary_OL20040448W,Troll overboard,Rob Harrell,no,"[""Humor""]"
openlibrary_OL20040635W,Shaken and stirred,"Diana Secker Tesdell, Roald Dahl",da,"[""General Fiction""]"
openlibrary_OL20051365W,Hattie Peck,Emma Levey,de,"[""Adventure""]"
openlibrary_OL20060467W,Annie and Simon,Catharine O'Neill,de,"[""Children's""]"
openlibrary_OL2008568W,Tarzan forever,John Taliaferro,da,"[""Adventure""]"
openlibrary_OL20129340W,Refuge for Masterminds (Stranje House #3),Kathleen Baldwin,da,"[""General Fiction""]"
openlibrary_OL20336725W,Far from Home,Km Peyton,sv,"[""Children's""]"
openlibrary_OL20489703W,Make Me Sin,J.T. Geissinger,sw,"[""Erotica""]"
openlibrary_OL20637578W,Dead man walking,Ethan Flagg,so,"[""Western"", ""romance""]"
openlibrary_OL20640558W,19 love songs,David Levithan,no,"[""General Fiction"", ""romance""]"
openlibrary_OL2093183W,La route d'Altamont,Gabrielle Roy,fr,"[""Literary Fiction""]"
openlibrary_OL20947641W,Black tide,Caroline E. Clough,sv,"[""Children's""]"
openlibrary_OL20974875W,Talos claims his virgin,Michelle Smart,lt,"[""Romance""]"
openlibrary_OL21037503W,Significant Objects,"Joshua Glenn, Rob Walker, Kurt Andersen, Nicholson Baker, Meg Cabot",ca,"[""Short Stories""]"
openlibrary_OL21077122W,Jungle Trek,Chase Wilder,de,"[""General Fiction""]"
openlibrary_OL21178588W,Doom lagoon,Chase Wilder,so,"[""Children's""]"
openlibrary_OL21263861W,Adventure Stories,Anita Ganeri,ro,"[""General Fiction""]"
openlibrary_OL21265524W,Shark Bait,Justin D'Ath,id,"[""Children's""]"
openlibrary_OL21400271W,Prentice Hall Literature Portfolio,"Christy Desmet, Deborah Church Miller, Chinua Achebe, Margaret Atwood, Lewis Carroll, Антон Павлович Чехов, Kate Chopin",it,"[""Literary Fiction""]"
openlibrary_OL21413338W,Montana mistress,Sara Orwig,it,"[""General Fiction"", ""romance""]"
openlibrary_OL22323425W,Darkest ecstasy,Tawny Taylor,no,"[""General Fiction"", ""romance""]"
openlibrary_OL2252881W,Evil companions,Michael Perkins,it,"[""Erotica""]"
openlibrary_OL22717135W,How we were,Teddy Jam,pl,"[""Children's""]"
openlibrary_OL23133W,A letter to Harvey Milk,Lesléa Newman,no,"[""General Fiction""]"
openlibrary_OL23223771W,Infinite possibilities,Lisa Renee Jones,it,"[""Romance""]"
openlibrary_OL24189127W,Rebel bride,Elizabeth Moss,da,"[""General Fiction"", ""romance""]"
openlibrary_OL24247440W,Alien attack,Jack D. Clifford,sv,"[""Children's""]"
openlibrary_OL24265688W,Forever man,A. J. DeWall,da,"[""General Fiction""]"
openlibrary_OL24271626W,Indiana Jones's great escapes,W. Rathbone,ca,"[""Children's""]"
openlibrary_OL24285156W,Max Flash,Jonny Zucker,so,"[""Children's""]"
openlibrary_OL24292142W,Pirate attack,Paul Dowswell,it,"[""Children's""]"
openlibrary_OL24443030W,A cosmic comic,Trina Robbins,pt,"[""Graphic Novel""]"
openlibrary_OL2454409W,Edades de Lulu,Almudena Grandes,es,"[""General Fiction""]"
openlibrary_OL2459824W,Missee Lee,Arthur Michell Ransome,nl,"[""General Fiction""]"
openlibrary_OL24690704W,Papa Karlo iz Monte-Karlo,Дарья Александровна Калинина,hr,"[""General Fiction""]"
openlibrary_OL24805220W,Hell's angels,Charles Whiting,da,"[""General Fiction""]"
openlibrary_OL24852146W,"Spasaĭsi͡a, kto mozhet!",Christian Jolibois,sq,"[""Children's""]"
openlibrary_OL25072182W,Szymek w krainie nudzimisiów,Rafał Klimczak,pl,"[""Children's""]"
openlibrary_OL25421292W,Montana Fire,Vanessa Vale,it,"[""Romance""]"
openlibrary_OL257689W,Caravan to Vaccares,Alistair MacLean,it,"[""General Fiction""]"
openlibrary_OL2577482W,Ostatnie Życzenie,"Andrzej Sapkowski, Danusia Stok",pl,"[""Fantasy""]"
openlibrary_OL25830182W,Suburbian Orgy,"Ramble House, Edward D. Wood, Jr., Gavin O'Keefe",id,"[""Erotica""]"
openlibrary_OL26169567W,Opération Zoridium,Joshua Mowll,fr,"[""Children's""]"
openlibrary_OL26177056W,Plundering paradise,Geraldine McCaughrean,id,"[""General Fiction""]"
openlibrary_OL2630219W,Made for Sex,Joan Elizabeth Lloyd,pt,"[""Romance""]"
openlibrary_OL2635599W,Jake & Mimi,Frank Baldwin,sw,"[""General Fiction""]"
openlibrary_OL2637993W,Skrawek czasu,Ida Fink,pl,"[""General Fiction""]"
openlibrary_OL26441682W,Bats past midnight,Sharon Jennings,et,"[""Children's""]"
openlibrary_OL26449336W,Brick Brannigan is knee-deep in peril!,Eric Bonkowski,nl,"[""General Fiction""]"
openlibrary_OL26534517W,Trauma Room Two,Philip Allen Green,pt,"[""General Fiction""]"
openlibrary_OL2669026W,Butterflies for Kiri,Cathryn Falwell,no,"[""General Fiction""]"
openlibrary_OL27013557W,Trinadt͡satʹ zhadnosteĭ,Grigoriĭ Oster,sl,"[""Adventure""]"
openlibrary_OL27056405W,Aventura en la biblioteca,Kašmir Huseinović,es,"[""Children's""]"
openlibrary_OL27059090W,Wielki wyścig,Elżbieta Wójcik,pl,"[""Children's""]"
openlibrary_OL2712159W,Imaginary parents,Sheila Ortiz Taylor,tl,"[""Biography & Memoir""]"
openlibrary_OL27291777W,Elen's island,Eloise Williams,nl,"[""Children's""]"
openlibrary_OL278035W,Pretty Little Mistakes,Heather Mcelhatton,fi,"[""General Fiction""]"
openlibrary_OL27962420W,Fire fish,Davy Liu,sq,"[""Adventure""]"
openlibrary_OL27962493W,Bromas de hadas y otras aventuras,Emma Thomson,es,"[""General Fiction""]"
openlibrary_OL28167469W,Warrior quest,Jason McCammon,es,"[""Adventure""]"
openlibrary_OL28170723W,Dora va al paque,Leslie Valdes,ca,"[""Children's""]"
openlibrary_OL2821567W,Double Or Die (Young Bond #3),Charles Higson,de,"[""Children's""]"
openlibrary_OL2843164W,Gabrielle Roy,"Linda M. Clemente, William A. Clemente",fr,"[""Biography & Memoir""]"
openlibrary_OL2849155W,Risky Business,Lisette Allen,fi,"[""General Fiction"", ""romance""]"
openlibrary_OL28600194W,Jungle hunters,Roland Smith,de,"[""Children's""]"
openlibrary_OL2861289W,Happy blanket,Tony Ross,no,"[""Children's""]"
openlibrary_OL28757807W,Adventure time,Sheila Sweeny Higginson,ro,"[""Children's""]"
openlibrary_OL28772338W,Ostrov sokrovishch,Robert Louis Stevenson,sk,"[""Adventure""]"
openlibrary_OL28944497W,Ma dernière cenne,Johanne Mercier,fr,"[""Children's""]"
openlibrary_OL28953458W,"Snumriki, drugai͡a storona pugovit͡sy",Kati͡a Mati͡ushkina,hr,"[""Children's""]"
openlibrary_OL29268660W,Black tarantula,Kevin Smith,id,"[""Children's""]"
openlibrary_OL2931419W,Verhaaltjes en gebeurtenissen uit het Achterhuis,Anne Frank,nl,"[""Literary Fiction""]"
openlibrary_OL29317218W,Gold fever,Angela Dorsey,da,"[""Children's""]"
openlibrary_OL2934268W,Erotic faculties,Joanna Frueh,ro,"[""Erotica""]"
openlibrary_OL2943952W,Myrna never sleeps,Beth Peterson,no,"[""General Fiction""]"
openlibrary_OL31211002W,Wer ist da an der Tür?,Franz Sales Sklenitzka,de,"[""General Fiction""]"
openlibrary_OL3234966W,Lassie Come-Home,Eric Knight,fr,"[""General Fiction""]"
openlibrary_OL3263808W,Elijah's tears,Sydelle Pearl,sl,"[""Children's""]"
openlibrary_OL33855062W,Star Wars Rebels,Jennifer Heddle,de,"[""Children's""]"
openlibrary_OL3481160W,Quiller's Run,Adam Hall,fr,"[""Thriller""]"
openlibrary_OL34964012W,Prozrachniy Mir,Ekaterina Yakovina,pl,"[""Literary Fiction""]"
openlibrary_OL36745W,La comtesse de Salisbury,Alexandre Dumas,fr,"[""History""]"
openlibrary_OL3927346W,Jessie's island,"Sheryl McFarlane, Sheryl MacFarlane",af,"[""Children's""]"
openlibrary_OL4076191W,Sweet Silken Bondage,Bobbi Smith,af,"[""Romance""]"
openlibrary_OL4086576W,Raven Rise (Pendragon #9),D. J. MacHale,nl,"[""General Fiction"", ""Sci-Fi""]"
openlibrary_OL41782W,Fabian escapes,Peter McCarty,es,"[""Children's""]"
openlibrary_OL4442543W,Caius ist ein Dummkopf,"Henry Winterfeld (Manfred Michael), Clara Winston, Richard Winston, Harcourt Brace Publishing",de,"[""General Fiction""]"
openlibrary_OL444704W,Borges Esencial,Jorge Luis Borges,es,"[""General Fiction""]"
openlibrary_OL4456252W,Finding Papa,Laura Leonard,tl,"[""General Fiction""]"
openlibrary_OL4459273W,Fifteen rabbits,Felix Salten,nl,"[""Children's""]"
openlibrary_OL448353W,John Henry,"Stephen Krensky, Mark Oldroyd",de,"[""Children's""]"
openlibrary_OL448395W,Mike Fink,Stephen Krensky,no,"[""General Fiction""]"
openlibrary_OL448405W,Paul Bunyan,Stephen Krensky,id,"[""General Fiction""]"
openlibrary_OL448408W,Pecos Bill,"Stephen Krensky, Paul Tong",es,"[""General Fiction""]"
openlibrary_OL466128W,Tim and Ginger (Little Tim),Edward Ardizzone,de,"[""General Fiction""]"
openlibrary_OL483743W,"Good Hanging, A",Ian Rankin,tl,"[""Mystery"", ""crime""]"
openlibrary_OL485199W,Falcon Of Abydos,Richard Trout,cy,"[""General Fiction""]"
openlibrary_OL4976793W,Struggle down under,Shannon Gilligan,de,"[""Adventure""]"
openlibrary_OL5006947W,Wedding birds,Jutta Ash,cy,"[""General Fiction""]"
openlibrary_OL567299W,Cap'n Smudge,Stephen Cosgrove,af,"[""General Fiction""]"
openlibrary_OL5685742W,Married By Accident,Christine Rimmer,es,"[""Romance""]"
openlibrary_OL5692483W,In Too Deep,Lori Foster,nl,"[""General Fiction"", ""romance""]"
openlibrary_OL5726955W,Time trap,Ian Bone,sq,"[""General Fiction""]"
openlibrary_OL5749508W,Freddy Lombard,Yves Chaland,cy,"[""Graphic Novel""]"
openlibrary_OL5755786W,Aleppo tales,"Hayim Sabato, Philip Simpson",it,"[""General Fiction""]"
openlibrary_OL5806693W,Elaine Cox,Richard Manton,fr,"[""Erotica""]"
openlibrary_OL5808493W,One dark night,Jaid Black,af,"[""General Fiction"", ""romance""]"
openlibrary_OL5828112W,Suite fantasy,Janice Maynard,af,"[""General Fiction""]"
openlibrary_OL5828115W,Improper Etiquette,Janice Maynard,fr,"[""Romance""]"
openlibrary_OL5836492W,Aggie and Ben,Lori Ries,de,"[""Children's""]"
openlibrary_OL5839311W,Lorenzo's secret mission,"Lila Guzmán, Lila Guzmán, Rick Guzmán",it,"[""General Fiction""]"
openlibrary_OL5961392W,I like getting dirty =,"Rosa Sardà, Rosa Sarda, Rosa Maria Curto, Bernice Randall",af,"[""General Fiction""]"
openlibrary_OL6094770W,Venture at midsummer,Eva-Lis Wuorio,da,"[""General Fiction""]"
openlibrary_OL626369W,Nonsense novels,"Stephen Leacock, Stephen Leacock, . Stephen",no,"[""Humor""]"
openlibrary_OL6589443W,Runaway Raft,Ruth Peabody Harnden,so,"[""General Fiction""]"
openlibrary_OL7088670W,Potawatomi Indian summer,E. William Oldenburg,id,"[""General Fiction""]"
openlibrary_OL7269610W,Suburban Souls,Jacky S.,id,"[""Erotica""]"
openlibrary_OL727670W,Hooking up,Randi Reisfeld,tl,"[""Young Adult""]"
openlibrary_OL736188W,Märchenmonds Erben,"Wolfgang Hohlbein, Heike Hohlbein",de,"[""Adventure""]"
openlibrary_OL736189W,Märchenmonds Kinder,"Wolfgang Hohlbein, Heike Hohlbein",de,"[""Adventure""]"
openlibrary_OL74488W,Lost Face (collection),Jack London,fr,"[""Adventure""]"
openlibrary_OL800804W,Vendredi ou les Limbes du Pacifique (Folio Series Number 959),Michel Tournier,fr,"[""General Fiction""]"
openlibrary_OL8110210W,Ellora's Cavemen,Lora Leigh,ca,"[""Erotica""]"
openlibrary_OL8110389W,Riding wild,Jaci Burton,af,"[""General Fiction"", ""romance""]"
openlibrary_OL8110502W,Forbidden fruit,Eden Bradley,da,"[""General Fiction""]"
openlibrary_OL8120367W,Emma und der blaue Dschinn,"Cornelia Funke, Oliver Latsch, Kerstin Meyer",de,"[""Fantasy""]"
openlibrary_OL83617W,Good news,"Barbara Brenner, Kate Duke",cy,"[""General Fiction""]"
openlibrary_OL8369338W,Cyber Hacker,"Anson Montgomery, A. C. Montgomery",de,"[""General Fiction""]"
openlibrary_OL8454188W,A Bona Fide Gold Digger,Allison Hobbs,da,"[""General Fiction""]"
openlibrary_OL8472252W,Lust under Leo,Maria Lyonesse,de,"[""Literary Fiction""]"
openlibrary_OL8488804W,Black Silk,Sharon Page,sv,"[""Romance""]"
openlibrary_OL8488818W,Barenaked Jane,Deanna Lee,id,"[""Literary Fiction"", ""romance""]"
openlibrary_OL8488851W,Pleasure Planet,Evangeline Anderson,ro,"[""Literary Fiction""]"
openlibrary_OL84894W,Black Wind,"Clive Cussler, Dirk Cussler",de,"[""General Fiction""]"
openlibrary_OL8552948W,Relative Danger,Charles Benoit,da,"[""Mystery""]"
openlibrary_OL8871040W,Rocket girl,Valerie Grey,sv,"[""Erotica""]"
openlibrary_OL8879467W,Hot Valley,James Lear,fi,"[""General Fiction""]"
openlibrary_OL8917334W,Painful Pleasures,Lynn Paula Russell,ro,"[""Art""]"
openlibrary_OL8931816W,Julien Parme,Florian Zeller,de,"[""General Fiction""]"
openlibrary_OL8935453W,Forbidden Reading,Lisette Ashton,da,"[""General Fiction"", ""romance""]"
openlibrary_OL8935489W,Being a Girl,Chloe Thurlow,de,"[""General Fiction"", ""romance""]"
openlibrary_OL8959384W,Treasure Volume 2 (Yaoi) (Treasure),Studio Kawaii,ro,"[""Graphic Novel""]"
openlibrary_OL8959389W,Cain Volume 1,Le Peruggine,ro,"[""Graphic Novel""]"
openlibrary_OL8959390W,Cain Volume 2,Le Peruggine,ro,"[""Graphic Novel""]"
openlibrary_OL8990142W,Radiant Days,Michael A. FitzGerald,id,"[""General Fiction""]"
openlibrary_OL9003547W,Mine Over Matter (Mind Games),Kai Andersen,de,"[""Romance""]"
openlibrary_OL9102950W,La Biblia De Barro,Julia Navarro Fernandez,es,"[""General Fiction""]"
openlibrary_OL9211628W,A Rose for Danger,Barbara Rowan,da,"[""General Fiction"", ""romance""]"
openlibrary_OL9265451W,Sweet as Sin,Felix Baron,af,"[""General Fiction"", ""romance""]"
openlibrary_OL9418031W,Zen Shorts,Jon J. Muth,de,"[""Children's""]"
openlibrary_OL9449547W,Agent Provocateur,Faith Bleasdale,fr,"[""General Fiction""]"
openlibrary_OL9467187W,Zellie's Weakness,Jean Aveline,de,"[""General Fiction"", ""romance""]"
openlibrary_OL9467229W,Carnal Possession,Jacqueline Bellevois,pt,"[""General Fiction"", ""romance""]"
openlibrary_OL9467237W,Driven by Desire,Savannah Smythe,no,"[""General Fiction"", ""romance""]"
openlibrary_OL1000506W,Sixguns and double eagles,Ralph Compton,fr,"[""General Fiction""]"
openlibrary_OL1061660W,Vor egen stamme,"Bojer, Johan",da,"[""General Fiction""]"
openlibrary_OL118354W,Soldier in buckskin,Ray Hogan,af,"[""General Fiction""]"
openlibrary_OL1184845W,Pur et l'impur,Colette,fr,"[""General Fiction""]"
openlibrary_OL12006925W,Border ambush,Melody Groves,de,"[""History""]"
openlibrary_OL121773W,And One Rode West,Heather Graham,de,"[""Western"", ""romance""]"
openlibrary_OL13054848W,Valčík na rozloučenou,Milan Kundera,cs,"[""Health & Fitness""]"
openlibrary_OL13676200W,ONE FOR THE GIRLS!: THE PLEASURES AND PRACTICES OF READING WOMEN'S PORN,CLARISSA SMITH,de,"[""Literary Fiction""]"
openlibrary_OL1442911W,Histoire de l'oeil,"Georges Bataille, J. Neugroschel",fr,"[""Erotica""]"
openlibrary_OL14848301W,Silver Desert,Ernest Haycox,no,"[""Western""]"
openlibrary_OL14848322W,Deep West,Ernest Haycox,nl,"[""Western""]"
openlibrary_OL14848942W,Drifter's vengeance,Frederick Faust,da,"[""General Fiction""]"
openlibrary_OL14860041W,Blue Sage,Anne Stuart,fr,"[""Western"", ""romance""]"
openlibrary_OL14860093W,Gunman's rhapsody,Robert B. Parker,cy,"[""General Fiction""]"
openlibrary_OL15021546W,Vampire mistress,Joey W. Hill,fr,"[""Paranormal"", ""romance"", ""Romantasy""]"
openlibrary_OL15021547W,Beloved vampire,Joey W. Hill,sl,"[""Romance"", ""Romantasy""]"
openlibrary_OL15021639W,Bret Harte,Axel Nissen,no,"[""Biography & Memoir""]"
openlibrary_OL15024474W,Secrets Vol. 9,"Lisa Marie Rice, Bonnie Hamre, Kathryn Anne Dubois, Kimberly Dean",ca,"[""Romance""]"
openlibrary_OL15144178W,Kept by Her Greek Boss,Kathryn Ross,af,"[""Romance""]"
openlibrary_OL15145287W,Lone star prince,Cindy Gerard,it,"[""General Fiction"", ""romance""]"
openlibrary_OL15174324W,APHRODITE'S FIRE,MIA VARANO,de,"[""Literary Fiction"", ""romance""]"
openlibrary_OL15174495W,In too Deep,Portia Da Costa,nl,"[""Literary Fiction"", ""romance""]"
openlibrary_OL15176863W,MAGGIE’S ANGEL,K.C SEHLHORST,de,"[""Literary Fiction"", ""romance""]"
openlibrary_OL15178408W,"I Love You, But ...",Colm Liddy,fr,"[""General Fiction"", ""romance""]"
openlibrary_OL15178792W,Her Last Line of Defense,Marie Donovan,de,"[""General Fiction"", ""romance""]"
openlibrary_OL15179191W,Body Check,Elle Kennedy,pl,"[""General Fiction"", ""romance""]"
openlibrary_OL15179284W,Hot Spell,Michelle Rowen,sv,"[""General Fiction"", ""romance""]"
openlibrary_OL15180057W,Kama Surtra of Vatsayayana,Richard Francis Burton,tl,"[""Literary Fiction""]"
openlibrary_OL15181323W,Claiming King's Baby,Maureen Child,tl,"[""General Fiction"", ""romance""]"
openlibrary_OL15182839W,DARK ANGEL,NATASHA MOORE,de,"[""Literary Fiction"", ""romance""]"
openlibrary_OL15186810W,Surprise Me...,Isabel Sharpe,af,"[""General Fiction"", ""romance""]"
openlibrary_OL15187007W,BOOTY CALL,FIONA JAYDE,cy,"[""Literary Fiction"", ""romance""]"
openlibrary_OL15187118W,HER DARK MASTER,JENNIFER AUGUST,de,"[""Literary Fiction"", ""romance""]"
openlibrary_OL15187909W,Kiss Between My Lines,Anne Tourney,de,"[""Literary Fiction"", ""romance""]"
openlibrary_OL15188367W,"BRIBES, BLACKMAIL & BONDAGE",LYNNE LOGAN,de,"[""Literary Fiction"", ""romance""]"
openlibrary_OL15188615W,Bedded by Blackmail,Robyn Grady,cy,"[""General Fiction"", ""romance""]"
openlibrary_OL15189067W,PROMISE OF FOREVER,Calista Fox,pt,"[""Literary Fiction"", ""romance""]"
openlibrary_OL15190839W,Lone Star Lover,Debbi Rawlins,no,"[""General Fiction"", ""romance""]"
openlibrary_OL15321614W,Good or Bad?,Barbara Cartland,so,"[""Historical Fiction"", ""romance""]"
openlibrary_OL15403245W,"Powerful Greek, Housekeeper Wife",Robyn Donald,af,"[""Romance""]"
openlibrary_OL15436375W,Rendezvous in Tripoli,Caroline Gayet,nl,"[""Romance""]"
openlibrary_OL15553130W,Triple cross,J. R. Roberts,fr,"[""Western""]"
openlibrary_OL15565445W,Texas Jade,Holly Harte,pt,"[""General Fiction"", ""romance""]"
openlibrary_OL15588211W,Backstage pass,Olivia Cunning,sv,"[""Music"", ""romance""]"
openlibrary_OL15837970W,Losing it,Alan Cumyn,tl,"[""General Fiction""]"
openlibrary_OL15861483W,Ride west into danger,Billy Warren,nl,"[""Western""]"
openlibrary_OL15875409W,Walking west,Noëlle Sickels,af,"[""General Fiction""]"
openlibrary_OL15991851W,Dulcie Crowder gets her man,Sarah Richmond,nl,"[""Romance""]"
openlibrary_OL16041835W,The Mélendez Forgotten Marriage,Melanie Milburne,de,"[""Romance""]"
openlibrary_OL16054262W,Canyon Moon,Carol Finch,tl,"[""General Fiction"", ""romance""]"
openlibrary_OL16070156W,Tanner's scheme,Lora Leigh,de,"[""General Fiction"", ""romance"", ""Romantasy""]"
openlibrary_OL16289263W,"Big river, big man",Thomas W. Duncan,da,"[""Historical Fiction""]"
openlibrary_OL16368397W,Ranger Daddy,Rebecca Winters,cy,"[""General Fiction"", ""romance""]"
openlibrary_OL16454925W,Savage vengeance,Jory Sherman,nl,"[""General Fiction""]"
openlibrary_OL16454928W,Bitterroot Valley,J. R. Roberts,fi,"[""General Fiction""]"
openlibrary_OL16457723W,Set in stone,Angela Brown,nl,"[""General Fiction""]"
openlibrary_OL16474351W,Jump start,Lisa Renee Jones,id,"[""General Fiction"", ""romance""]"
openlibrary_OL1648289W,St. Agnes' Stand,Tom Eidson,de,"[""General Fiction""]"
openlibrary_OL16485879W,Seven days to die,J. A. Johnstone,af,"[""Western""]"
openlibrary_OL16587231W,Outlaw Pass,"West, Charles",tl,"[""General Fiction""]"
openlibrary_OL16643943W,Fallen angel,Logan Belle,no,"[""Drama""]"
openlibrary_OL16690657W,Deadwood Gulch,William W. Johnstone,cy,"[""General Fiction""]"
openlibrary_OL16707512W,"Boardroom rivals, bedroom fireworks!",Kimberly Lang,af,"[""General Fiction"", ""romance""]"
openlibrary_OL16714297W,Abnormal lives,Rae,ca,"[""General Fiction""]"
openlibrary_OL16772687W,Giselle's choice,Penny Jordan,fr,"[""General Fiction"", ""romance""]"
openlibrary_OL1692343W,Private Pleasures,Bertrice Small,ro,"[""Romance""]"
openlibrary_OL17043312W,Dark Valley,Jackson Gregory,tr,"[""Western""]"
openlibrary_OL1713496W,Rounders 3,Max Evans,de,"[""Western""]"
openlibrary_OL17188271W,Chicago confidential,J. R. Roberts,it,"[""General Fiction""]"
openlibrary_OL17188544W,Slocum's snake oil,Jake Logan,hr,"[""General Fiction""]"
openlibrary_OL17197182W,Érotiques Suprèmes,Miodrag Kojadinović,fr,"[""Erotica""]"
openlibrary_OL17312909W,Savage guns,William W. Johnstone,no,"[""General Fiction""]"
openlibrary_OL17357279W,Best Lesbian Erotica 2000,"Tristan Taormino, Joan Nestle",ca,"[""Erotica""]"
openlibrary_OL17389529W,Libertines Kiss,Judith James,de,"[""General Fiction"", ""romance""]"
openlibrary_OL17399555W,Stranger In Thunder Basin,John D. Nesbitt,de,"[""General Fiction""]"
openlibrary_OL17404287W,Nauti Temptress,Lora Leigh,fr,"[""General Fiction"", ""romance""]"
openlibrary_OL17411284W,Silver Express,Gillian F. Taylor,no,"[""Western""]"
openlibrary_OL17435899W,Strangers In The Desert,Lynn Raye Harris,de,"[""Romance""]"
openlibrary_OL17443457W,His Majesty's Mistake,Jane Porter,fi,"[""Romance""]"
openlibrary_OL17471122W,Alessandro's Prize,Helen Bianchin,pt,"[""Romance""]"
openlibrary_OL17488403W,La Mujer Del Coronel,Carlos Alberto Montaner,es,"[""General Fiction""]"
openlibrary_OL17498795W,A Thunder Of Guns,Clay Starmer,de,"[""General Fiction""]"
openlibrary_OL17502028W,Kill Or Be Killed,Corba Sunman,de,"[""Western""]"
openlibrary_OL17504921W,Nautier And Wilder,"Lora Leigh, Jaci Burton",de,"[""General Fiction"", ""romance""]"
openlibrary_OL17531371W,Weddings under a Western Sky,"Elizabeth Lane, Kate Welsh, Lisa Plumley",de,"[""Romance""]"
openlibrary_OL17538692W,"Hero Heel Volume 3
            
                Hero Heel",Makoto Tateno,nl,"[""Graphic Novel""]"
openlibrary_OL17542121W,Surrendering All But Her Heart,Melanie Milburne,de,"[""Romance""]"
openlibrary_OL17577323W,Hang Em High Law And Disorder In Western Films And Literature,Bob Herzberg,de,"[""History""]"
openlibrary_OL17685316W,Big sky summer,Linda Lael Miller,da,"[""General Fiction"", ""romance""]"
openlibrary_OL17729988W,Canyon Diablo,Max McCoy,tl,"[""General Fiction""]"
openlibrary_OL17730730W,"Yours, mine & ours",Jennifer Greene,fr,"[""General Fiction"", ""romance""]"
openlibrary_OL17741044W,Rattlesnake Valley,J. A. Johnstone,et,"[""General Fiction""]"
openlibrary_OL17744528W,Dead man's gold,J. A. Johnstone,cy,"[""General Fiction""]"
openlibrary_OL17745375W,Sweet Memories / Her Sister's Baby,LaVyrle Spencer,af,"[""Romance""]"
openlibrary_OL17769536W,I brake for bad boys,"Lori Foster, Janelle Denison, Shannon McKenna, Janelle Dennison, Shannon Mckenna",no,"[""General Fiction"", ""romance""]"
openlibrary_OL17797455W,Full figured,"Brenda Hampton, La Jill Hunt",it,"[""General Fiction"", ""romance""]"
openlibrary_OL17804248W,Sometimes a Rogue,Mary Jo Putney,pt,"[""General Fiction"", ""romance""]"
openlibrary_OL17807003W,No desire denied,Cara Summers,es,"[""General Fiction"", ""romance""]"
openlibrary_OL17825931W,Nude awakening II,Victor L. Martin,id,"[""General Fiction""]"
openlibrary_OL17855214W,Vengeance ride,J. R. Roberts,it,"[""General Fiction""]"
openlibrary_OL17857978W,Solamente suya,Ann Major,es,"[""General Fiction"", ""romance""]"
openlibrary_OL17861148W,Beecher Island,Tim Champlin,de,"[""General Fiction""]"
openlibrary_OL17864486W,Six-gun inferno,Jon Sharpe,ca,"[""General Fiction""]"
openlibrary_OL17870409W,Secreto vergonzoso,Susanna Carr,it,"[""General Fiction"", ""romance""]"
openlibrary_OL17872452W,Tonopah Range,Alan Le May,id,"[""Western""]"
openlibrary_OL17872795W,Dollar a day,Chuck Tyrell,tr,"[""General Fiction""]"
openlibrary_OL17873408W,Posse guns,"Dawson, Peter",pt,"[""Western""]"
openlibrary_OL17875315W,Silver galore,John Dyson,no,"[""Western""]"
openlibrary_OL17880985W,Handle me,Kira Sinclair,da,"[""Romance""]"
openlibrary_OL17881563W,A distant dawn,Jane Peart,id,"[""General Fiction""]"
openlibrary_OL17882984W,Black ransom,Stone Wallace,sv,"[""General Fiction""]"
openlibrary_OL17883301W,Wade's war,Chet Cunningham,so,"[""General Fiction""]"
openlibrary_OL17883399W,Caleb Blood,P. McCormac,so,"[""Western""]"
openlibrary_OL17891634W,Dark prairie,John D. Nesbitt,lt,"[""General Fiction""]"
openlibrary_OL17913439W,Sidewinder Flats,Walt Masterson,de,"[""Western""]"
openlibrary_OL17915681W,Tormenta de escandalo,Kim Lawrence,es,"[""General Fiction"", ""romance""]"
openlibrary_OL17915821W,No going back,Karen Foley,tl,"[""Romance""]"
openlibrary_OL17921280W,Pasados borrascosos,Lynn Raye Harris,pt,"[""General Fiction"", ""romance""]"
openlibrary_OL17922248W,Powdersmoke justice,William Colt MacDonald,hr,"[""Western""]"
openlibrary_OL17939738W,Un cambio inesperado,Robyn Grady,es,"[""General Fiction"", ""romance""]"
openlibrary_OL17940474W,Last chance saloon,Ross Morton,fr,"[""General Fiction""]"
openlibrary_OL18021691W,Amor bajo sospecha,Cathy Williams,es,"[""General Fiction"", ""romance""]"
openlibrary_OL18024357W,Delucca's Marriage Contract,Abby Green,ca,"[""General Fiction"", ""romance""]"
openlibrary_OL18081903W,Lord Savage,Mia Gabriel,no,"[""Romance""]"
openlibrary_OL18145254W,Esperanzas ocultas,Heidi Rice,es,"[""General Fiction"", ""romance""]"
openlibrary_OL18159527W,En un mundo de jeques,Sarah Morgan,es,"[""General Fiction"", ""romance""]"
openlibrary_OL18165W,Hotel Girl,Anne Worboys,nl,"[""Erotica"", ""romance""]"
openlibrary_OL18166150W,Yuletide baby surprise,Catherine Mann,fr,"[""General Fiction"", ""romance""]"
openlibrary_OL18166187W,Her last best fling,Candace Havens,da,"[""General Fiction"", ""romance""]"
openlibrary_OL18175759W,Apache vendetta,Jon Sharpe,de,"[""General Fiction""]"
openlibrary_OL18177112W,℗Quien seduce a quien?,Kate Carlisle,es,"[""General Fiction"", ""romance""]"
openlibrary_OL18182429W,Viviendo un cuento,Jennifer Lewis,es,"[""General Fiction"", ""romance""]"
openlibrary_OL18792534W,In deep waters 2,"Radclyffe, Karin Kallmaker",af,"[""General Fiction""]"
openlibrary_OL18811304W,Stolen moments,Stacia Seaman,no,"[""Erotica""]"
openlibrary_OL19098764W,100 Jahre Schwulenbewegung,Manfred Herzer,de,"[""History""]"
openlibrary_OL19292749W,"Best lesbian erotica, 2004","Michelle Tea, Tristan Taormino",ca,"[""General Fiction""]"
openlibrary_OL1969727W,Butler's Wager,Robert J. Randisi,de,"[""General Fiction""]"
openlibrary_OL1969729W,Denver Draw,Robert J. Randisi,de,"[""General Fiction""]"
openlibrary_OL19716693W,Louis L'Amour's lost treasures,Louis L'Amour,fr,"[""Mystery""]"
openlibrary_OL19884908W,Lux's practical erotica adventure,Beth Kovetz,ca,"[""General Fiction""]"
openlibrary_OL1988748W,The six-gun mystique sequel,John G. Cawelti,fr,"[""History""]"
openlibrary_OL19906185W,Tell me lies,Jennifer Crusie,it,"[""General Fiction"", ""romance""]"
openlibrary_OL19939840W,A family affair,Caro Peacock,cy,"[""Mystery""]"
openlibrary_OL19943681W,Marble range,Robert J. Horton,no,"[""General Fiction""]"
openlibrary_OL19947269W,An indecent proposition,Emma Wildes,it,"[""General Fiction"", ""romance""]"
openlibrary_OL19959305W,Man swappers,Cairo,af,"[""General Fiction""]"
openlibrary_OL19961986W,Divine intervention,Lutishia Lovely,it,"[""General Fiction""]"
openlibrary_OL19965076W,What do women want?,Daniel Bergner,nl,"[""Erotica"", ""romance""]"
openlibrary_OL19972336W,Slow Surrender,"Cecilia M. Tan, Lucy Rivers",de,"[""General Fiction""]"
openlibrary_OL19981724W,Nauti Enchantress,Lora Leigh,fr,"[""General Fiction"", ""romance""]"
openlibrary_OL19985216W,No in between,Lisa Renee Jones,nl,"[""General Fiction"", ""romance""]"
openlibrary_OL20000192W,Gakuen polizi volume 1,Milk Morinaga,hr,"[""Graphic Novel""]"
openlibrary_OL20005375W,Blue Mondays,Emily Dubberley,fr,"[""General Fiction""]"
openlibrary_OL20008302W,Opening up,Lauren Dane,id,"[""General Fiction"", ""romance""]"
openlibrary_OL20009131W,Deeper in sin,Sharon Page,nl,"[""General Fiction"", ""romance""]"
openlibrary_OL20009135W,Hard love,Meredith Wild,no,"[""Business & Economics"", ""romance""]"
openlibrary_OL20012019W,Stone cold liar,Noire,it,"[""General Fiction"", ""romance""]"
openlibrary_OL20012026W,You are mine,Jackie Ashenden,fr,"[""General Fiction"", ""romance""]"
openlibrary_OL20032539W,Winchester: 1887,William W. Johnstone,de,"[""General Fiction""]"
openlibrary_OL20032936W,Hottest mess,Julie Kenner,no,"[""General Fiction"", ""romance""]"
openlibrary_OL20048793W,Damage control,Lisa Renee Jones,it,"[""General Fiction""]"
openlibrary_OL20051322W,An eye for an eye,Mark C. Jackson,tr,"[""General Fiction""]"
openlibrary_OL20056723W,Smoke wagon,Brett Cogburn,sw,"[""General Fiction""]"
openlibrary_OL20155969W,Buying Gay,David K. Johnson,tl,"[""History""]"
openlibrary_OL20371404W,Hidden Gold,Steve Frazee,nl,"[""Western""]"
openlibrary_OL20487792W,The Jezebel,Saskia Walker,de,"[""General Fiction"", ""romance""]"
openlibrary_OL20864995W,Dalton's valley,Ed Law,fi,"[""Western""]"
openlibrary_OL20865016W,Misfit Lil cleans up,Chap O'Keefe,fr,"[""General Fiction""]"
openlibrary_OL20865018W,Gunslinger breed,Corba Sunman,no,"[""General Fiction""]"
openlibrary_OL20868625W,Snake oil,Fenton Sadler,fi,"[""General Fiction""]"
openlibrary_OL20872178W,Bad blood,Corba Sunman,so,"[""General Fiction""]"
openlibrary_OL20872432W,Quincy's quest,Jay Clanton,fr,"[""General Fiction""]"
openlibrary_OL20880543W,Dakota skies,Logan Winters,pl,"[""Western""]"
openlibrary_OL20889278W,No molestar,Anna Cleary,it,"[""General Fiction"", ""romance""]"
openlibrary_OL20892579W,Arizona gold,Dean Ashton,hr,"[""Western""]"
openlibrary_OL20897873W,Sólo para su placer,Abby Green,es,"[""Business & Economics"", ""romance""]"
openlibrary_OL20900420W,Outlaw trackdown,Jon Sharpe,pl,"[""General Fiction""]"
openlibrary_OL20916143W,Die this day,Dempsey Clay,af,"[""Western""]"
openlibrary_OL20942416W,Quarter Miles,Devney Perry,de,"[""Romance""]"
openlibrary_OL20975976W,Latimer's justice,Terrell L. Bowers,fr,"[""General Fiction""]"
openlibrary_OL21180808W,Coyote deadly,Lance Howard,es,"[""General Fiction""]"
openlibrary_OL21181968W,Bare Essentials,"Jill Shalvis, Leslie Kelly",ca,"[""General Fiction"", ""romance""]"
openlibrary_OL21411720W,Long ridin' man,Jake Douglas,tl,"[""Western""]"
openlibrary_OL21447223W,Arizona showdown,Corba Sunman,pl,"[""Western""]"
openlibrary_OL21536176W,A bullet for Ben McCabe,Peter Wilson,da,"[""General Fiction""]"
openlibrary_OL21575649W,Killer's kingdom,Greg Mitchell,da,"[""Western""]"
openlibrary_OL21621990W,Dead man draw,Walt Keene,cy,"[""General Fiction""]"
openlibrary_OL21627029W,Wheels roll west,Wayne D. Overholser,nl,"[""Western""]"
openlibrary_OL21713735W,Guns at Chinooga Peak,Hal Jons,tl,"[""Western""]"
openlibrary_OL21717225W,Logan's gun,Jack MacLeod,tl,"[""Western""]"
openlibrary_OL21770859W,Wild Meddow,Caleb Rand,cy,"[""Western""]"
openlibrary_OL21807190W,Murdering Wells,Greg Mitchell,de,"[""General Fiction""]"
openlibrary_OL22058655W,Her cold revenge,Erin Johnson,da,"[""Children's""]"
openlibrary_OL22076106W,Range Boss,Jack Edwardes,de,"[""General Fiction""]"
openlibrary_OL22304274W,"Vice, virtue & video",Bianca Giovanni,fr,"[""General Fiction""]"
openlibrary_OL22318594W,Furnace flat,Frank Bonham,ro,"[""Western""]"
openlibrary_OL22320028W,Arizona territory,Dusty Richards,it,"[""Western""]"
openlibrary_OL22420902W,"Virgil Earp, private detective",J. R. Roberts,ro,"[""General Fiction""]"
openlibrary_OL22425362W,Wolf lawman,Ray Hogan,cy,"[""General Fiction""]"
openlibrary_OL22963035W,Mexico mayhem,J. R. Roberts,es,"[""General Fiction""]"
openlibrary_OL23183779W,Massacre canyon,William W. Johnstone,ca,"[""General Fiction""]"
openlibrary_OL24155878W,Montana skies,Jake Shipley,pl,"[""General Fiction""]"
openlibrary_OL24175703W,Arizona showdown,Les Savage,pl,"[""Western""]"
openlibrary_OL24179505W,Crooked Creek,Greg Mitchell,nl,"[""General Fiction""]"
openlibrary_OL24180108W,Winter grass,Richard S. Wheeler,de,"[""General Fiction""]"
openlibrary_OL24180603W,Poison pass,Lance Howard,fi,"[""General Fiction""]"
openlibrary_OL24251210W,Bitter blood,Clint Ryker,no,"[""General Fiction""]"
openlibrary_OL24251434W,Blue coat renegade,Dale Graham,ca,"[""Western""]"
openlibrary_OL24251469W,Blue Wells,Abe Dancer,de,"[""General Fiction""]"
openlibrary_OL24251708W,Border fury,Corba Sunman,da,"[""Western""]"
openlibrary_OL24252187W,Broken arrow,Dale Mike Rogers,nl,"[""General Fiction""]"
openlibrary_OL24254424W,Choking gap,Joseph John McGraw,tl,"[""General Fiction""]"
openlibrary_OL24255822W,Colorado clean-up,Corba Sunman,es,"[""General Fiction""]"
openlibrary_OL24258810W,Cut-price lawman,Tyler Hatch,ro,"[""Western""]"
openlibrary_OL24259192W,Danger Valley,Richard Poole,da,"[""General Fiction""]"
openlibrary_OL24260321W,Desperate men,Corba Sunman,nl,"[""Mystery""]"
openlibrary_OL24260478W,Devil's deal,Lee Walker,da,"[""General Fiction""]"
openlibrary_OL24261958W,Duel at Del Norte,Ethan Flagg,nl,"[""General Fiction""]"
openlibrary_OL24265757W,Fort Revenge,Ralph Hayes,no,"[""General Fiction""]"
openlibrary_OL24266303W,Full circle,Thomas A. Chown,it,"[""General Fiction""]"
openlibrary_OL24268426W,Gun storm,Corba Sunman,it,"[""Western""]"
openlibrary_OL24272291W,Invitation to a funeral,Jethro Kyle,it,"[""General Fiction""]"
openlibrary_OL24274735W,Johnny Dollar,Tony Masero,cy,"[""General Fiction""]"
openlibrary_OL24277862W,Last day in paradise,Paul Green,id,"[""General Fiction""]"
openlibrary_OL24284898W,Más que perfecta,Day Leclaire,es,"[""General Fiction"", ""romance""]"
openlibrary_OL24286308W,Misfit Lil gets even,Chap O'Keefe,nl,"[""Western""]"
openlibrary_OL24286833W,Montana vengeance,Jake Shipley,it,"[""General Fiction""]"
openlibrary_OL24295235W,Renegade's legacy,Rick Dalmas,ca,"[""General Fiction""]"
openlibrary_OL24296630W,Saloon justice,Jay Clanton,et,"[""General Fiction""]"
openlibrary_OL24296889W,Savage rides west,Sydney J. Bounds,af,"[""Western""]"
openlibrary_OL24297873W,Shadow horse,Steve Hayes,so,"[""Western""]"
openlibrary_OL24298404W,Shotgun messenger,Colin Bainbridge,no,"[""General Fiction""]"
openlibrary_OL24298663W,Silver track,Caleb Rand,sv,"[""General Fiction""]"
openlibrary_OL24299399W,¿Solo por honor?,Maureen Child,es,"[""General Fiction"", ""romance""]"
openlibrary_OL24302951W,Time after happily-ever-after,Maxine Sue Feller,da,"[""General Fiction"", ""romance""]"
openlibrary_OL24303251W,Tom Rider's reckoning,Rob Hill,sv,"[""Western""]"
openlibrary_OL24304936W,Two gun marshal,John Saunders,so,"[""Western""]"
openlibrary_OL24307243W,War smoke,Michael D. George,sv,"[""Western""]"
openlibrary_OL24446157W,Hell come calling,Josh Lockwood,it,"[""General Fiction""]"
openlibrary_OL24571821W,Reluctant Tin Star,Dale Graham,ro,"[""Western""]"
openlibrary_OL24689825W,Isla de pasión,Chantelle Shaw,es,"[""Business & Economics"", ""romance""]"
openlibrary_OL24691320W,Cárcel de amor,Carol Marinelli,es,"[""Romance""]"
openlibrary_OL24712824W,Best Lesbian Erotica 2003,"Tristan Taormino, Cheryl Clarke",ca,"[""General Fiction""]"
openlibrary_OL24739210W,No coward,Lee Clinton,pl,"[""General Fiction""]"
openlibrary_OL24766407W,Bitter blood,Clint Ryder,no,"[""Western""]"
openlibrary_OL24823965W,Dulce rendición,Kate Carlisle,es,"[""General Fiction"", ""romance""]"
openlibrary_OL24852782W,Stage raider,Luther Chance,da,"[""General Fiction""]"
openlibrary_OL24991121W,Gunsmoke in Vegas,J. .William Allen,sl,"[""General Fiction""]"
openlibrary_OL25070285W,Un acuerdo íntimo,Maureen Child,es,"[""General Fiction"", ""romance""]"
openlibrary_OL2554888W,Historia de Un Deseo,Leopoldo Brizuela,es,"[""Short Stories""]"
openlibrary_OL25647208W,Angel Peak,"Dawson, Peter",tl,"[""General Fiction""]"
openlibrary_OL25649769W,Wild Borders,Cheyenne McCray,de,"[""Romance""]"
openlibrary_OL25850254W,Mind Fields,Dylan Madrid,de,"[""Erotica""]"
openlibrary_OL26188683W,Sabinas kid,Steve Ritchie,tl,"[""Western""]"
openlibrary_OL2626582W,Redeye - A Western,Clyde Edgerton,de,"[""General Fiction""]"
openlibrary_OL26285370W,Bitter range,Jim Lawless,no,"[""General Fiction""]"
openlibrary_OL2630209W,Bedtime stories for lovers,Joan Elizabeth Lloyd,da,"[""Literary Fiction""]"
openlibrary_OL2630220W,Midnight Butterfly,Joan Elizabeth Lloyd,de,"[""Horror""]"
openlibrary_OL2651450W,Mr. Benson,John Preston,de,"[""General Fiction""]"
openlibrary_OL27060964W,Drifter's end,Ray Hogan,da,"[""Western""]"
openlibrary_OL272382W,Tropical Animal,"Pedro Juan Gutiérrez, Néstor Gutiérrez, Genaro Martínez-Gutiérrez, Bernard Cohen",ro,"[""Erotica""]"
openlibrary_OL27422544W,Call Me Daddy,Jade West,cy,"[""Romance""]"
openlibrary_OL27705248W,Magnificent Mendozas,Ross Morton,it,"[""General Fiction""]"
openlibrary_OL27741208W,Ronicky Doone,Max Brand,cs,"[""General Fiction""]"
openlibrary_OL278313W,Little Birds,Anaïs Nin,de,"[""Short Stories""]"
openlibrary_OL28171642W,"Love, stock, & barrel",Crystal L. Barnes,sv,"[""General Fiction""]"
openlibrary_OL2866507W,Singing an Indian song,Dorothy R. Parker,tl,"[""Biography & Memoir""]"
openlibrary_OL28715395W,Rhett's Make-Believe Marriage,Liz Isaacson,nl,"[""Romance""]"
openlibrary_OL289066W,Salah asuhan,Abdoel Moeis,id,"[""Western""]"
openlibrary_OL28942973W,Buffalo wolf,Colin Bainbridge,cy,"[""General Fiction""]"
openlibrary_OL2947757W,Nueva Granada,Robert Gish,es,"[""Western""]"
openlibrary_OL2958795W,Bret Harte,Gary Scharnhorst,no,"[""Western""]"
openlibrary_OL31866609W,Archer's Luck (A Black Horse Western),Ed Roberts,de,"[""Western""]"
openlibrary_OL3270195W,Montana Red,Ralph W. Cotton,it,"[""General Fiction""]"
openlibrary_OL3278568W,Joe Cinders,Marianne Mitchell,nl,"[""Children's""]"
openlibrary_OL3282218W,Windward West (Brannocks 2),Matt Braun,de,"[""General Fiction""]"
openlibrary_OL3419968W,Erotic fantasies,"Phyllis Kronhausen, Eberhard Kronhausen",ca,"[""Literary Fiction""]"
openlibrary_OL3457550W,Technicolor pulp,Arty Nelson,ro,"[""General Fiction""]"
openlibrary_OL3465597W,YANKEE ROGUE,Noel B. Gerson,cy,"[""General Fiction""]"
openlibrary_OL3743738W,Bad Day at Riverbend,Chris Van Allsburg,da,"[""Children's""]"
openlibrary_OL3775425W,Forbidden Surrender,Carole Mortimer,da,"[""Romance""]"
openlibrary_OL3834316W,En la ciudad no llueve todos los días,Fabio Lozano Uribe,es,"[""Literary Fiction"", ""romance""]"
openlibrary_OL4043086W,Powder River,Jack Ballas,de,"[""General Fiction""]"
openlibrary_OL4059948W,Ranch Stud (Wild West Weddings),Cathy Gillen Thacker,de,"[""Romance""]"
openlibrary_OL4290087W,"I, Quantrill",Max McCoy,it,"[""General Fiction""]"
openlibrary_OL446224W,Western Movies,"Elmore Leonard, Louis L'Amour, Peter Haining",de,"[""Western""]"
openlibrary_OL4644504W,Quantrell's Raiders,Frank Gruber,ca,"[""Western""]"
openlibrary_OL4646055W,Louis L'Amour,Halbert W. Hall,fr,"[""Western""]"
openlibrary_OL4776599W,Blaze Allan,Lillian Bos Ross,tr,"[""History""]"
openlibrary_OL485422W,Desert Heritage,Zane Grey,de,"[""General Fiction""]"
openlibrary_OL485455W,Horse Heaven Hill,Zane Grey,nl,"[""Western""]"
openlibrary_OL485557W,Western legends,Zane Grey,de,"[""Western""]"
openlibrary_OL492445W,Jack Schaefer,Gerald W. Haslam,de,"[""Biography & Memoir""]"
openlibrary_OL495494W,Mramorna koža,Slavenka Drakulić,hr,"[""General Fiction""]"
openlibrary_OL500754W,Venus im Pelz,Leopold Ritter von Sacher-Masoch,de,"[""General Fiction""]"
openlibrary_OL50804W,One more sunrise,Al Lacy,fr,"[""General Fiction"", ""romance""]"
openlibrary_OL51037W,Utah Blaine,Louis L'Amour,id,"[""General Fiction""]"
openlibrary_OL55926W,Listening Woman,Tony Hillerman,de,"[""General Fiction"", ""Mystery"", ""crime""]"
openlibrary_OL5681874W,Broken blossoms,Pam Crooks,no,"[""General Fiction"", ""romance""]"
openlibrary_OL5684829W,Forbidden Fantasy,Cheryl Holt,no,"[""Romance""]"
openlibrary_OL5685285W,Sweet spot,Susan Mallery,af,"[""General Fiction"", ""romance""]"
openlibrary_OL5686648W,A few good men,Tori Carrington,cy,"[""General Fiction"", ""romance""]"
openlibrary_OL5689317W,Mob Mistress,Sheri Whitefeather,ca,"[""General Fiction"", ""romance""]"
openlibrary_OL5728498W,Santa Fe passage,Jon R. Bauman,it,"[""General Fiction""]"
openlibrary_OL5737565W,Ladies Listen Up,Darren Coleman,de,"[""General Fiction""]"
openlibrary_OL5751937W,Extreme Danger,Shannon McKenna,da,"[""Romance""]"
openlibrary_OL5806086W,Her sexiest surprise,Dawn Atkins,fr,"[""General Fiction"", ""romance""]"
openlibrary_OL5806139W,Yule be mine,Jennifer LaBrecque,tr,"[""General Fiction"", ""romance""]"
openlibrary_OL5825282W,Desert justice,Paul S. Powers,nl,"[""Western""]"
openlibrary_OL5830595W,Storm Riders,Edward Gorman,da,"[""General Fiction""]"
openlibrary_OL5836964W,Captive desires,Diane Whiteside,fr,"[""General Fiction"", ""romance""]"
openlibrary_OL5887639W,Blood Lands,Ralph Cotton,nl,"[""General Fiction""]"
openlibrary_OL5887640W,Border Dogs (Ranger (Signet)),Ralph Cotton,da,"[""General Fiction""]"
openlibrary_OL6021396W,Missouri son,Henry E. Kershaw,fr,"[""General Fiction""]"
openlibrary_OL68935W,Full Exposure,Susie Bright,ca,"[""Psychology""]"
openlibrary_OL7122701W,Frank Waters,"Lyon, Thomas J.",af,"[""Literary Fiction""]"
openlibrary_OL7587603W,Tender secrets,Ann Christopher,da,"[""General Fiction"", ""romance""]"
openlibrary_OL8032255W,Risqué business,Tawny Weber,fr,"[""General Fiction"", ""romance""]"
openlibrary_OL8108727W,Wild Dawn,Cait Logan,cy,"[""Romance""]"
openlibrary_OL8110223W,Megan's Mark,Lora Leigh,id,"[""General Fiction"", ""romance"", ""Romantasy""]"
openlibrary_OL8110454W,A vampire's claim,Joey W. Hill,ca,"[""Romance"", ""Romantasy""]"
openlibrary_OL8110459W,Hard to get,Alyssa Brooks,nl,"[""Literary Fiction"", ""romance""]"
openlibrary_OL8165469W,Cruel Rider,Charles G. West,es,"[""Western""]"
openlibrary_OL8266882W,Dead Ringer,J. R. Roberts,nl,"[""General Fiction""]"
openlibrary_OL8267013W,Shadow Walker,J. R. Roberts,so,"[""General Fiction""]"
openlibrary_OL8267042W,Ride For Revenge,J. R. Roberts,da,"[""Western""]"
openlibrary_OL8269256W,Angel Creek,Linda Howard,nl,"[""General Fiction"", ""romance""]"
openlibrary_OL8366652W,Pagan voyager,Simon Finch,tl,"[""General Fiction"", ""romance"", ""Romantasy""]"
openlibrary_OL8384939W,Adult Origami,Nick Robinson,et,"[""Erotica""]"
openlibrary_OL8488690W,Pack Challenge,Shelly Laurenston,de,"[""Paranormal"", ""romance"", ""Romantasy""]"
openlibrary_OL8488800W,Moon Shadow,Lucinda Betts,so,"[""Literary Fiction""]"
openlibrary_OL8488816W,Body moves,Jodi Lynn Copeland,sk,"[""Literary Fiction"", ""romance""]"
openlibrary_OL8488823W,Dark Master,Tawny Taylor,de,"[""Paranormal"", ""romance""]"
openlibrary_OL8898187W,June pride,"Shinobu Gotoh, Kazumi Ohya, Shinobu Goto",fr,"[""Graphic Novel""]"
openlibrary_OL8908418W,Big Big Love,Hanne Blank,da,"[""General Fiction""]"
openlibrary_OL8912311W,Home Wrecker,Dwayne S. Joseph,de,"[""General Fiction""]"
openlibrary_OL9003525W,Dirty Deeds,Lorelei James,af,"[""General Fiction"", ""romance""]"
openlibrary_OL9013808W,Double-Dealing at Dirtville,Clay More,no,"[""Western""]"
openlibrary_OL9027639W,Rustler Roundup,George J. Prescott,de,"[""Western""]"
openlibrary_OL9033206W,Vocational Girl,Rosa Mundi,it,"[""General Fiction""]"
openlibrary_OL9258745W,Forbidden Fruit,Susie Raymond,nl,"[""Literary Fiction"", ""romance""]"
openlibrary_OL999562W,Bloody Brazos,Robert J. Randisi,pl,"[""General Fiction""]"
openlibrary_OL999568W,California Camel Corps,Robert J. Randisi,ca,"[""General Fiction""]"
openlibrary_OL999578W,Colorado Claim Jumpers,Robert J. Randisi,pt,"[""General Fiction""]"
openlibrary_OL999579W,Colorado Corpse,Robert J. Randisi,pt,"[""General Fiction""]"
openlibrary_OL999650W,Seven devils slaughter,Jon Sharpe,nl,"[""General Fiction""]"
openlibrary_OL999654W,Silver hooves,"Jon Sharpe, Jon Messmann",no,"[""General Fiction""]"
openlibrary_OL999939W,Dakota danger,Jon Sharpe,id,"[""General Fiction""]"
hardcover_10086,Doomsday Book,"Connie Willis, Daniel Dos Santos",so,"[""Sci-Fi""]"
hardcover_10598,Sweet Bean Paste,"Durian Sukegawa, Alison  Watts",af,"[""Literary Fiction"", ""Romance"", ""contemporary""]"
hardcover_1083149,Lady Macbeth,Ava Reid,cy,"[""Fantasy""]"
hardcover_1086196,Horror Movie,Paul Tremblay,nl,"[""Horror""]"
hardcover_1196066,We Solve Murders,Richard Osman,de,"[""Mystery"", ""crime""]"
hardcover_1217638,All Fours,Miranda July,fr,[]
hardcover_163387,Wide Sargasso Sea,"Jean Rhys, Andrea Ashworth",pt,"[""Romance""]"
hardcover_173,Mr Mercedes,Stephen King,es,"[""Thriller"", ""Mystery"", ""crime""]"
hardcover_176970,Requiem for a Dream,"Hubert Selby, Jr.",pt,"[""Psychology""]"
hardcover_188248,"Ask Again, Yes","Mary Beth Keane, Molly Pope",id,"[""Romance"", ""Mystery"", ""romantic suspense""]"
hardcover_192533,Felix Ever After,Kacen Callender,da,"[""Young Adult""]"
hardcover_197775,Dragon Haven,Robin Hobb,sv,"[""Fantasy""]"
hardcover_198682,Count Zero,William Gibson,nl,"[""Fantasy"", ""Sci-Fi""]"
hardcover_20318,Foucault's Pendulum,Umberto Eco,ro,"[""Fantasy""]"
hardcover_213831,Small Favor,Jim Butcher,it,"[""Mystery"", ""crime""]"
hardcover_220998,Bad Science,Ben Goldacre,es,"[""Science & Nature""]"
hardcover_24171,John Adams,David McCullough,de,"[""Biography & Memoir""]"
hardcover_255623,Poison Study,"Maria V. Snyder, Kristin Atherton",fi,"[""Fantasy"", ""Romantasy""]"
hardcover_262000,China Rich Girlfriend,Kevin Kwan,de,"[""Romance""]"
hardcover_313034,Senlin Ascends,Josiah Bancroft,de,"[""Fantasy"", ""Sci-Fi""]"
hardcover_328618,Cutting for Stone,Abraham Verghese,no,[]
hardcover_33148,Einstein: His Life and His Universe ,Walter Isaacson,de,"[""History""]"
hardcover_33868,A Longa Viagem a um Pequeno Planeta Hostil,"Flora Pinheiro, Becky Chambers",pt,"[""Sci-Fi"", ""sci-fi romance"", ""Romantasy""]"
hardcover_351712,Oedipus Rex,"Sophocles, Alphonse Dain, J.E. Thomas, Paul Mazon",ca,"[""History""]"
hardcover_376783,Anna Karenina,"Leo Tolstoy, Richard Pevear, Larissa Volokhonsky, John Bayley",tl,"[""Romance""]"
hardcover_377018,Wayward Son,"Rainbow Rowell, Jim Tierney",so,"[""Romance"", ""paranormal romance"", ""Romantasy""]"
hardcover_377712,Know My Name,Chanel Miller,pl,"[""Biography & Memoir""]"
hardcover_379497,Gulliver's Travels,"Jonathan Swift, Malvina G. Vogel",no,"[""Fantasy""]"
hardcover_379529,Madame Bovary,"Gustave Flaubert, Sérgio Duarte",hr,"[""Romance""]"
hardcover_381729,Woken Furies,Richard K. Morgan,de,"[""Sci-Fi""]"
hardcover_384937,Dance Dance Dance,"Haruki Murakami, Alfred Birnbaum",fr,"[""Fantasy""]"
hardcover_386180,Jane Eyre,Charlotte Brontë,de,"[""Romance""]"
hardcover_427397,Kushiel's Dart,Jacqueline Carey,de,"[""Fantasy""]"
hardcover_427537,Artificial Condition,Martha Wells,it,"[""Sci-Fi""]"
hardcover_427882,"Monstress, Vol. 1: Awakening","Marjorie M. Liu, Sana Takeda, Rus Wooton, Jennifer M. Smith",af,"[""Fantasy"", ""Sci-Fi""]"
hardcover_427934,Summer Frost,Blake Crouch,da,"[""Sci-Fi""]"
hardcover_427983,We Are Legion,Dennis E. Taylor,de,"[""Fantasy"", ""Sci-Fi""]"
hardcover_428559,Such a Fun Age,Kiley Reid,de,"[""Romance"", ""contemporary romance""]"
hardcover_428738,Serpent & Dove,Shelby Mahurin,nl,"[""Fantasy"", ""Romantasy""]"
hardcover_428863,Neon Gods,Katee Robert,nl,"[""Fantasy"", ""Romantasy""]"
hardcover_428943,"Good Girl, Bad Blood",Holly Jackson,so,"[""Thriller""]"
hardcover_428986,Fracture Me,Tahereh Mafi,fr,"[""Young Adult"", ""Sci-Fi""]"
hardcover_429164,A Separate Peace,"John Knowles, David Levithan",ro,"[""Young Adult""]"
hardcover_429410,Transcendent Kingdom,Yaa Gyasi,nl,[]
hardcover_429633,Patriot Games,Tom Clancy,ca,"[""Thriller"", ""Mystery"", ""crime""]"
hardcover_430976,Abaddon's Gate,James S. A. Corey,cy,"[""Sci-Fi""]"
hardcover_431017,Strange Dogs,James S. A. Corey,da,"[""Fantasy"", ""Sci-Fi""]"
hardcover_431209,Harlem Shuffle,Colson Whitehead,de,"[""Mystery""]"
hardcover_431682,Den of Vipers,K.A. Knight,nl,"[""Romance"", ""Romantasy""]"
hardcover_432474,Invisible Monsters,Chuck Palahniuk,fr,"[""Romance"", ""contemporary romance""]"
hardcover_432534,Whispers Under Ground,Ben Aaronovitch,de,"[""Mystery"", ""crime""]"
hardcover_432571,Leonardo da Vinci,Walter Isaacson,pt,"[""Biography & Memoir"", ""Romance"", ""historical""]"
hardcover_432608,Magpie Murders,Anthony Horowitz,de,"[""Mystery"", ""crime""]"
hardcover_432651,Home Before Dark,Riley Sager,da,"[""Thriller"", ""Mystery"", ""crime""]"
hardcover_432930,Fix Her Up,Tessa Bailey,de,"[""Romance"", ""contemporary romance""]"
hardcover_433114,Still Alice,"Lisa Genova, Christine Mary Dunford",it,"[""contemporary""]"
hardcover_433457,Writers & Lovers,Lily King,nl,"[""Romance""]"
hardcover_433769,Olga Dies Dreaming,Xóchitl González,af,"[""contemporary""]"
hardcover_434434,Caliban's War,James S. A. Corey,so,"[""Sci-Fi""]"
hardcover_434870,Real Life,Brandon  Taylor,ro,[]
hardcover_435322,Are Prisons Obsolete?,"Angela Y. Davis, Micah S. Cottingham",fr,[]
hardcover_435465,Aesop's Fables,"Aesop, Jack D. Zipes, Sam Pickering",ca,"[""Short Stories""]"
hardcover_435531,Emotional Intelligence,Daniel Goleman,it,"[""Self-Help""]"
hardcover_435613,Play it as it lays,Joan Didion,tl,[]
hardcover_435685,V for Vendetta,Alan Moore,no,"[""Graphic Novel"", ""Mystery"", ""Sci-Fi""]"
hardcover_435927,Meddling Kids,Edgar Cantero,da,"[""Horror""]"
hardcover_436870,To Paradise,Hanya Yanagihara,id,"[""Fantasy"", ""Sci-Fi""]"
hardcover_437611,One True Loves,Taylor Jenkins Reid,fr,"[""Romance"", ""contemporary romance""]"
hardcover_438047,Pedro Páramo,"Juan Rulfo, Douglas J. Weatherford, Gabriel García Márquez",pt,"[""Fantasy""]"
hardcover_438306,Remote Control,"Nnedi Okorafor, Adjoa Andoh",it,"[""Sci-Fi""]"
hardcover_438318,"Fables, Vol. 1: Legends in Exile","Bill Willingham, Lan Medina",de,"[""Graphic Novel""]"
hardcover_438401,Imaginary Friend,Stephen Chbosky,tl,"[""Horror"", ""Mystery"", ""Thriller"", ""Young Adult"", ""Fantasy"", ""Romance"", ""contemporary""]"
hardcover_440985,Enchanters' End Game,David Eddings,de,"[""Fantasy""]"
hardcover_440987,Magician's Gambit,David Eddings,ca,"[""Fantasy"", ""fantasy romance""]"
hardcover_445499,Dead Poets Society,"N.H. Kleinbaum, Tom Schulman",nl,"[""Young Adult""]"
hardcover_446775,Atlantis Saga,A.G. Riddle,tl,"[""Fantasy""]"
hardcover_447217,Inherent Vice,Thomas Pynchon,de,"[""History"", ""Mystery"", ""crime""]"
hardcover_451042,Open Water,Caleb Azumah Nelson,nl,"[""Romance""]"
hardcover_453591,Elder Race,Adrian Tchaikovsky,de,"[""Sci-Fi""]"
hardcover_455707,Delilah Green Doesn't Care,Ashley Herring Blake,nl,"[""Young Adult""]"
hardcover_456231,Summer Sons,"Lee Mandelo, Will Damron",da,"[""Fantasy""]"
hardcover_463729,Razorblade Tears,S. A. Cosby,es,"[""Thriller"", ""Mystery"", ""crime""]"
hardcover_465142,When Women Were Dragons,Kelly Barnhill,de,"[""Fantasy""]"
hardcover_469393,When He Was Wicked,Julia Quinn,de,"[""Romance"", ""historical romance""]"
hardcover_475214,Legends & Lattes,Travis Baldree,de,"[""Fantasy"", ""Romantasy""]"
hardcover_482996,Between Two Fires,Christopher Buehlman,nl,"[""Horror""]"
hardcover_506421,Haunting Adeline,H. D. Carlton,de,"[""Romance"", ""Romantasy""]"
hardcover_509292,Hidden Pictures,Jason Rekulak,nl,"[""Horror"", ""Mystery"", ""crime""]"
hardcover_514299,Spells for Forgetting,Adrienne Young,no,"[""Fantasy""]"
hardcover_520106,"Witch Hat Atelier, Vol. 1","Kamome Shirahama, Stephen Kohler",de,"[""Fantasy"", ""fantasy romance""]"
hardcover_52407,Stranger in a Strange Land,"Robert A. Heinlein, James Warhola",de,"[""Sci-Fi""]"
hardcover_524963,Game Changer,Rachel Reid,de,"[""Romance"", ""sports romance""]"
hardcover_526036,Broken Bonds,J.  Bree,nl,"[""Romance"", ""Romantasy""]"
hardcover_572355,Never Lie,Freida McFadden,nl,"[""Thriller""]"
hardcover_574300,Bad Feminist,"Roxane Gay, Laurel Lefkow",de,[]
hardcover_60229,Grey Sister,Mark Lawrence,de,"[""Fantasy"", ""Sci-Fi""]"
hardcover_603191,Monstrilio: A Novel,Gerardo Sámano Córdova,pt,"[""Horror""]"
hardcover_6153,Red Sister,Mark Lawrence,de,"[""Fantasy"", ""fantasy romance""]"
hardcover_626730,Silver Nitrate,Silvia Moreno-Garcia,no,"[""Horror""]"
hardcover_654399,Big Swiss,Jen Beagin,de,"[""Literary Fiction"", ""Romance"", ""contemporary""]"
hardcover_66710,Five Little Pigs,Agatha Christie,no,"[""Mystery"", ""crime""]"
hardcover_68920,And I Darken,Kiersten White,da,"[""Fantasy""]"
hardcover_703299,Blue Sisters,Coco Mellors,de,"[""contemporary""]"
hardcover_715023,Mister Magic,Kiersten White,de,"[""Fantasy""]"
hardcover_75337,Geek Love,Katherine Dunn,nl,"[""Fantasy""]"
hardcover_77736,Space Opera,Catherynne M. Valente,ro,"[""Sci-Fi""]"
hardcover_781958,Batman: Year One,"Frank Miller, David Mazzucchelli, Richmond Lewis, Todd Klein, Denny O'Neil",tr,"[""Fantasy""]"
hardcover_794802,Blood & Steel,Helen Scheuerer,af,"[""Fantasy"", ""Romantasy""]"
hardcover_833733,Battle Royale,"Koushun Takami, Urszula Knap, Maciej Kamuda",tr,"[""Horror"", ""Sci-Fi""]"
hardcover_8533,Green Mars,Kim Stanley Robinson,nl,"[""Sci-Fi""]"
hardcover_880916,First Lie Wins,Ashley Elston,de,"[""Mystery"", ""Thriller"", ""Romance"", ""contemporary""]"
hardcover_887303,Elon Musk,Walter Isaacson,fi,"[""Biography & Memoir"", ""Sci-Fi""]"
hardcover_90461,Sandman Slim,"Richard Kadrey, MacLeod Andrews",id,"[""Fantasy"", ""fantasy romance""]"
hardcover_92337,Spinning Silver,Naomi Novik,no,"[""Fantasy"", ""Romantasy""]"
hardcover_959904,Butcher & Blackbird,Brynne Weaver,de,"[""Romance"", ""Romantasy""]"
moodreads_10675,"Rhythm, Chord & Malykhin",Mariana Zapata,cy,"[""Romance""]"
moodreads_15,Great Big Beautiful Life,Emily Henry,ro,"[""Romance""]"
moodreads_4659,Divine Blood,Beck Michaels,af,"[""Romance""]"
moodreads_4663,Dark Wizard,Jeffe Kennedy,tr,"[""Romance""]"
moodreads_4668,King Hall,Scarlett Dawn,tl,"[""Romance""]"
moodreads_5551,A Hunger Like No Other,Kresley Cole,de,"[""Romance""]"
moodreads_5558,Carnal Secrets,Suzanne Wright,ca,"[""Romance""]"
moodreads_5560,Savage Urges,Suzanne Wright,no,"[""Romance""]"
moodreads_7877,Aberrant Monsters,Debbie Cassidy,de,"[""Romance""]"
openlibrary_OL1127970W,Mrs. Skaggs's Husbands,Bret Harte,sv,"[""Western""]"
openlibrary_OL1128021W,Gabriel Conroy,Bret Harte,es,"[""Western""]"
openlibrary_OL114715W,Humbug Mountain,Sid Fleischman,id,"[""Humor""]"
openlibrary_OL115572W,Sarah's Quilt,Nancy E. Turner,id,"[""General Fiction""]"
openlibrary_OL14848892W,"Farewell, Thunder Moon",Frederick Faust,de,"[""General Fiction""]"
openlibrary_OL14862482W,Green Calder grass,Janet Dailey,nl,"[""General Fiction""]"
openlibrary_OL15191158W,West Wandering Wind,Bill Garwood,de,"[""General Fiction""]"
openlibrary_OL15521666W,Buffalo stampede,Zane Grey,it,"[""General Fiction""]"
openlibrary_OL15859239W,Monument Rock,Louis L'Amour,ro,"[""Western""]"
openlibrary_OL16214281W,You'll never hang me,Lee Leighton,no,"[""General Fiction""]"
openlibrary_OL16342577W,Wide open,Larry Bjornson,nl,"[""Western""]"
openlibrary_OL16457002W,Max Brand,Robert Olney Easton,so,"[""Western""]"
openlibrary_OL16566072W,Arizona ambush,William W. Johnstone,sw,"[""General Fiction""]"
openlibrary_OL16664705W,Tucker's reckoning,Matthew P. Mayo,sv,"[""General Fiction""]"
openlibrary_OL1690137W,Mountain time,Bernard Augustine De Voto,fi,"[""General Fiction""]"
openlibrary_OL17797411W,Thunder Valley,David Robbins,de,"[""History""]"
openlibrary_OL17887499W,Outlaw canyon,Jack Sheriff,tl,"[""General Fiction""]"
openlibrary_OL17905361W,Eagle talons,Robert Lee Murphy,tl,"[""Western""]"
openlibrary_OL17921270W,Magic man,J. R. Roberts,tl,"[""Western""]"
openlibrary_OL17940395W,Range of golden hoofs,John Trace,af,"[""General Fiction""]"
openlibrary_OL18079902W,Blood feud,John Dyson,cy,"[""General Fiction""]"
openlibrary_OL18166576W,The long hunt,Cameron Judd,vi,"[""Western""]"
openlibrary_OL1819961W,Aurora crossing,Karl H. Schlesier,pt,"[""General Fiction""]"
openlibrary_OL1852649W,The Diezmo,Rick Bass,de,"[""General Fiction""]"
openlibrary_OL1902380W,Rogue Stallion,Diana Palmer,it,"[""General Fiction"", ""Romance"", ""Western"", ""Mystery"", ""romantic suspense""]"
openlibrary_OL1926352W,Hannah Mae O'Hannigan's Wild West Show,Lisa Campbell Ernst,de,"[""General Fiction""]"
openlibrary_OL19717252W,Slate Creek,Wallace J. Swenson,nl,"[""Psychology""]"
openlibrary_OL19724227W,Stony Mesa sagas,Chip Ward,tl,"[""Western""]"
openlibrary_OL19740685W,Snake oil,Marcus Galloway,fi,"[""General Fiction""]"
openlibrary_OL20044702W,Good water,John D. Nesbitt,af,"[""General Fiction""]"
openlibrary_OL20049939W,Big Lonesome,Joseph Scapellato,no,"[""Western""]"
openlibrary_OL20282909W,A good day to kill,Dusty Richards,so,"[""General Fiction""]"
openlibrary_OL2044945W,Moving Serafina,Bob Cherry,id,"[""General Fiction""]"
openlibrary_OL20649548W,Tombstone lullaby,Walt Masterson,it,"[""General Fiction""]"
openlibrary_OL21620648W,Lawless guns,M. Duggan,ca,"[""General Fiction""]"
openlibrary_OL21714984W,Trouble at Mesquite Flats,Will Keen,fr,"[""General Fiction""]"
openlibrary_OL21731004W,Nine dead men,Walter L. Bryant,nl,"[""Western""]"
openlibrary_OL22312798W,Peck's trail mix mix-up,Annie Auerbach,fr,"[""Children's""]"
openlibrary_OL2265749W,Signede dag,O. E. Rølvaag,da,"[""Western""]"
openlibrary_OL2294109W,Savage Rendezvous (Wilderness #3),"Thompson, David., David Thompson",de,"[""General Fiction""]"
openlibrary_OL23612616W,WESTERN ET LES MYTHES DE L OUEST,"GUILLAUD, Lauric Guillaud, Gilles Menegaldo",de,"[""Art""]"
openlibrary_OL2385281W,Centennial 1,James A. Michener,it,"[""General Fiction""]"
openlibrary_OL24157397W,Double cross trail drive,Chet Cunningham,fr,"[""General Fiction""]"
openlibrary_OL24184878W,Marshal Law,Corba Sunman,so,"[""General Fiction""]"
openlibrary_OL24268667W,Hanging day,Rob Hill,tl,"[""General Fiction""]"
openlibrary_OL24270176W,Horse soldier's return,James Del Marr,da,"[""General Fiction""]"
openlibrary_OL24285221W,McBride rides out,John Dyson,pt,"[""General Fiction""]"
openlibrary_OL24292987W,Powder River,Jack Edwardes,de,"[""General Fiction""]"
openlibrary_OL24298616W,Silent wolf,Jake Douglas,nl,"[""General Fiction""]"
openlibrary_OL24303322W,Toots McGee,J. W. Trogmorton,nl,"[""General Fiction""]"
openlibrary_OL24646161W,Savage's quest,Sydney J. Bounds,fr,"[""General Fiction""]"
openlibrary_OL24718759W,Nolan's Law,Lee Lejeune,tl,"[""General Fiction""]"
openlibrary_OL2621754W,Buffalo woman,Dorothy M. Johnson,so,"[""General Fiction""]"
openlibrary_OL265010W,St. Agnes' Stand,Thomas Eidson,de,"[""General Fiction""]"
openlibrary_OL2657126W,Sarah Canary,"Karen Joy Fowler, Karen Joy Fowler",id,"[""History""]"
openlibrary_OL2695218W,"Tiger, tiger, burning bright",Ronald Koertge,da,"[""Children's""]"
openlibrary_OL28599855W,Rogue's run,Tyler Hatch,fr,"[""General Fiction""]"
openlibrary_OL3002202W,Understanding James Welch,Ronald E. McFarland,de,"[""Western""]"
openlibrary_OL3388690W,Fang & claw,David  L. Robbins,tl,"[""General Fiction""]"
openlibrary_OL34044198W,Long Trail,John Armstrong,vi,"[""Western""]"
openlibrary_OL3939124W,Max Brand,William A. Bloodworth,so,"[""History""]"
openlibrary_OL485408W,Black Mesa,Zane Grey,de,"[""General Fiction""]"
openlibrary_OL489884W,Louis L'Amour,Robert L. Gale,fr,"[""Western""]"
openlibrary_OL508291W,Medicine Hat,Don Coldsmith,it,"[""General Fiction""]"
openlibrary_OL50926W,Mustang Man,Louis L'Amour,tl,"[""General Fiction""]"
openlibrary_OL50933W,Sackett's Land,Louis L'Amour,sv,"[""General Fiction""]"
openlibrary_OL50981W,Mojave crossing,Louis L'Amour,hr,"[""General Fiction""]"
openlibrary_OL50988W,Bowdrie's Law,Louis L'Amour,af,"[""General Fiction""]"
openlibrary_OL51028W,Kiowa Trail,Louis L'Amour,sw,"[""General Fiction""]"
openlibrary_OL5274677W,Magnum fault,Raboo Rodgers,ro,"[""Mystery""]"
openlibrary_OL5684473W,Indigo moon,Lori Morgan,tl,"[""History"", ""romance""]"
openlibrary_OL5695889W,Lakota Love Song,Madeline Baker,sl,"[""General Fiction"", ""romance""]"
openlibrary_OL59170W,Thunder Rose,Jerdine Nolen,de,"[""Children's""]"
openlibrary_OL73403W,Gap Creek,Robert Morgan,nl,"[""General Fiction"", ""romance""]"
openlibrary_OL8149686W,Ride to Raton,Marsha Ward,it,"[""Romance""]"
openlibrary_OL8266934W,Dakota Guns,J. R. Roberts,id,"[""General Fiction""]"
openlibrary_OL8584376W,Arizona War,Melody Groves,pl,"[""Western""]"
openlibrary_OL8724830W,Our Savage,Matt Pavelich,fr,"[""Psychology""]"
openlibrary_OL8848984W,Ambush at Mustang Canyon,Mike Kearby,tl,"[""General Fiction""]"
openlibrary_OL9481193W,Different Dreams,Tory Cates,de,"[""Romance""]"
openlibrary_OL999553W,Badland Bloodbath,Robert J. Randisi,so,"[""General Fiction""]"
openlibrary_OL999565W,Border bravados,Jon Sharpe,pt,"[""General Fiction""]"
hardcover_102314,Beautiful Ruins,"Jess Walter, Edoardo Ballerini",ro,"[""Romance"", ""contemporary romance""]"
hardcover_105267,Bad Blood,Jennifer Lynn Barnes,so,"[""Fantasy""]"
hardcover_1061528,Glorious Exploits,Ferdia  Lennon,fr,"[""Fantasy""]"
hardcover_1084145,Wandering Stars,Tommy Orange,de,"[""Historical Fiction""]"
hardcover_1088297,A Magical Girl Retires,"Seolyeon Park, Anton Hur, Kim Sanho",it,"[""Fantasy"", ""fantasy romance""]"
hardcover_1133023,"Saga, Book One","Brian K. Vaughan, Fiona Staples",tl,"[""Fantasy"", ""Sci-Fi""]"
hardcover_113853,Pippi Longstocking,"Astrid Lindgren, Michael Chesworth, Florence Lamborn, Nancy Seligsohn",tl,"[""Young Adult""]"
hardcover_1234488,Evenings and Weekends,Oisín McKenna,af,"[""Literary Fiction""]"
hardcover_127888,Dear John,Nicholas Sparks,de,"[""Young Adult"", ""romance""]"
hardcover_128455,Bleeding Edge,Thomas Pynchon,af,"[""Sci-Fi"", ""Mystery"", ""crime""]"
hardcover_1343134,One Golden Summer,Carley Fortune,da,"[""Romance""]"
hardcover_1352752,Restless Stars,"Caroline Peckham, Susanne Valenti",de,"[""Fantasy"", ""Romantasy""]"
hardcover_1403055,Grave Empire,Richard Swan,pt,"[""Fantasy""]"
hardcover_1443,Jitterbug Perfume,Tom Robbins,de,"[""Fantasy""]"
hardcover_1470151,Tiny Experiments,Anne-Laure Le Cunff,ca,"[""Self-Help""]"
hardcover_1491282,Metal Slinger,Rachel   Schneider,da,"[""Fantasy""]"
hardcover_1540,Pirate Latitudes,Michael Crichton,fr,"[""Adventure"", ""Historical Fiction"", ""Fantasy"", ""Thriller"", ""History"", ""Romance"", ""historical""]"
hardcover_156787,At Bertram's Hotel,Agatha Christie,de,"[""Mystery"", ""crime""]"
hardcover_1628011,Don't Let Him In,Lisa Jewell,de,[]
hardcover_1746100,London Rules,Mick Herron,fr,"[""Mystery"", ""crime""]"
hardcover_176448,Prodigal Summer,Barbara Kingsolver,id,[]
hardcover_183907,Past Tense,Lee Child,de,"[""Mystery"", ""crime""]"
hardcover_184304,Devil in Winter,Lisa Kleypas,nl,"[""Romance""]"
hardcover_187281,Erak's Ransom,John Flanagan,sv,"[""Fantasy"", ""fantasy romance""]"
hardcover_187536,Martin Eden,"Jack London, Andrew Sinclair",de,"[""Adventure""]"
hardcover_1878970,We Who Will Die,Stacia Stark,de,"[""Romance"", ""Romantasy""]"
hardcover_188992,Left Behind,"Tim LaHaye, Jerry B. Jenkins",de,"[""Fantasy"", ""Sci-Fi""]"
hardcover_189706,Finding Audrey,Sophie Kinsella,de,"[""Young Adult"", ""Romance"", ""contemporary""]"
hardcover_192942,Burnt Offerings,Laurell K. Hamilton,de,"[""Fantasy""]"
hardcover_193236,Dom Casmurro,"Machado de Assis, Luís Augusto Fischer, Homero Viseu Araújo",pt,"[""History""]"
hardcover_1960841,Dire Bound,Sable Sorensen,de,"[""Romance"", ""Romantasy""]"
hardcover_202748,Emerald Green,"Kerstin Gier, Anthea Bell",nl,"[""Fantasy"", ""Romantasy""]"
hardcover_2034493,Dear Debbie,Freida McFadden,nl,"[""crime""]"
hardcover_214308,Seven Surrenders,Ada Palmer,da,"[""Fantasy"", ""Sci-Fi""]"
hardcover_224043,Warm Bodies,"Isaac Marion, Kevin Kenerly",af,"[""Fantasy"", ""Sci-Fi""]"
hardcover_224965,Cyrano de Bergerac,"Edmond Rostand, Eteel Lawson, Lowell Bair",es,"[""Romance""]"
hardcover_2256105,Eight Perfect Murders,Peter Swanson,de,"[""Mystery"", ""crime""]"
hardcover_225872,"Alas, Babylon",Pat Frank,tl,"[""Adventure"", ""Sci-Fi""]"
hardcover_228092,Finnegans Wake,"James Joyce, Seamus Deane",no,[]
hardcover_233025,Dear Evan Hansen,"Val Emmich, Steven Levenson, Benj Pasek, Justin Paul",nl,"[""Young Adult""]"
hardcover_234907,Stand on Zanzibar,John Brunner,de,"[""Fantasy"", ""Sci-Fi""]"
hardcover_246923,Deadeye Dick,Kurt Vonnegut,de,"[""Fantasy""]"
hardcover_24912,Broken Harbor,Tana French,sv,"[""Mystery"", ""crime""]"
hardcover_250401,Underground Airlines,Ben H. Winters,de,"[""Fantasy"", ""Sci-Fi""]"
hardcover_259400,Silas Marner,"George Eliot, David Carroll, Q. D. Leavis",tl,"[""Young Adult""]"
hardcover_261833,Sapphire Blue,"Kerstin Gier, Anthea Bell",fr,"[""Fantasy""]"
hardcover_290508,Deal Breaker,Harlan Coben,no,"[""Mystery"", ""crime""]"
hardcover_300243,Mythago Wood,Robert Holdstock,cy,"[""Fantasy"", ""fantasy romance""]"
hardcover_301326,Cruel Beauty,Rosamund Hodge,fr,"[""Young Adult"", ""Fantasy"", ""Adventure"", ""Romance"", ""Sci-Fi""]"
hardcover_314560,Broken Monsters,Lauren Beukes,nl,"[""Mystery"", ""crime""]"
hardcover_327710,Never Fade,Alexandra Bracken,da,"[""Fantasy"", ""Romantasy""]"
hardcover_3307,Our Dark Duet,V. E. Schwab,af,"[""Sci-Fi""]"
hardcover_333638,Winter Garden,Kristin Hannah,de,"[""History"", ""romance""]"
hardcover_342059,One Plus One,Jojo Moyes,fr,"[""Romance""]"
hardcover_343116,Trunk Music,Michael Connelly,de,"[""Mystery"", ""crime""]"
hardcover_351689,Outer Dark,Cormac McCarthy,de,"[""Adventure""]"
hardcover_362433,Skippy Dies,Paul Murray,af,"[""Young Adult""]"
hardcover_373518,Assata: An Autobiography,Assata Shakur,tl,"[""Biography & Memoir""]"
hardcover_376601,To Green Angel Tower,Tad Williams,nl,"[""Fantasy""]"
hardcover_377978,Remember Me?,Sophie Kinsella,de,"[""Young Adult"", ""romance""]"
hardcover_378009,An Unquiet Mind,Kay Redfield Jamison,fr,"[""Biography & Memoir""]"
hardcover_384710,Shadow and Betrayal,Daniel Abraham,so,"[""Fantasy"", ""fantasy romance""]"
hardcover_384741,Das Kainsmal,"Chuck Palahniuk, Werner Schmitz",lt,"[""Fantasy"", ""Sci-Fi""]"
hardcover_384781,Green Rider,Kristen Britain,nl,"[""Fantasy""]"
hardcover_427371,"Zen Mind, Beginner's Mind",Shunryū Suzuki,de,[]
hardcover_427486,Design Patterns,"Erich Gamma, Richard Helm, Ralph Johnson, John Vlissides",da,"[""Science & Nature""]"
hardcover_427792,Laziness Does Not Exist,"Devon Price, Em Grosland",de,[]
hardcover_428310,"Paper Girls, Vol. 3","Brian K. Vaughan, Cliff Chiang, Matt Wilson, Jared K. Fletcher",ca,"[""Sci-Fi""]"
hardcover_428317,Batman: Hush,"Jeph Loeb, Jim Lee, Scott Williams",id,"[""Sci-Fi""]"
hardcover_428686,Dear Edward,Ann Napolitano,cy,"[""Young Adult""]"
hardcover_428761,In Deeper Waters,F. T. Lukens,nl,"[""Fantasy"", ""Romantasy""]"
hardcover_428958,Tweet Cute,Emma Lord,nl,"[""Young Adult"", ""romance""]"
hardcover_428982,Shadow Me,Tahereh Mafi,so,"[""Sci-Fi""]"
hardcover_429036,Love & Gelato,Jenna Evans Welch,it,"[""Young Adult"", ""romance""]"
hardcover_429064,Black Water Sister,Zen Cho,de,"[""Fantasy""]"
hardcover_429103,Reveal Me,Tahereh Mafi,ro,"[""Fantasy"", ""Sci-Fi""]"
hardcover_429896,Pilgrim at Tinker Creek,Annie Dillard,nl,"[""Biography & Memoir""]"
hardcover_430140,Ink & Sigil,"Kevin Hearne, Luke Daniels",tl,"[""Fantasy""]"
hardcover_430158,Strange Planet,Nathan W. Pyle,de,"[""Graphic Novel""]"
hardcover_430208,Written in Red,Anne Bishop,de,"[""Fantasy"", ""Young Adult"", ""Adventure"", ""Romance"", ""Sci-Fi""]"
hardcover_430685,Life Debt,"Chuck Wendig, Marc Thompson",de,"[""Adventure"", ""Sci-Fi""]"
hardcover_430815,Kings Rising,C.S. Pacat,tl,"[""Romance"", ""Romantasy""]"
hardcover_431046,Our Man in Havana,"Graham Greene, Tom Jupp",nl,"[""Adventure"", ""Mystery"", ""crime""]"
hardcover_431970,Delivering Happiness,"Tony Hsieh, David C. Cohen, Corey Michael Blake, Rob Ten Pas, Mike Dimotta, Sunny Dimartino",no,[]
hardcover_431975,Super Pumped,"Mike Isaac, Holter Graham",id,[]
hardcover_432262,Empire Falls,Richard Russo,ca,[]
hardcover_432331,Utopia Avenue,David Mitchell,ro,"[""Fantasy""]"
hardcover_432531,Lies Sleeping,"Ben Aaronovitch, Kobna Holdbrook-Smith",af,"[""Mystery"", ""crime""]"
hardcover_432544,Einstein's Dreams,Alan Lightman,de,"[""Sci-Fi""]"
hardcover_432684,Beautiful Bastard,Christina Lauren,ro,"[""Romance""]"
hardcover_432745,Nine Lives,Peter Swanson,fr,"[""Mystery""]"
hardcover_432783,Live and Let Die,"Ian Fleming, Fay Dalton",de,"[""Mystery"", ""crime""]"
hardcover_434234,Stuff Matters,Mark Miodownik,de,"[""History""]"
hardcover_434744,How to Walk Away,"Katherine Center, Thérèse Plummer",so,"[""Romance""]"
hardcover_434745,Trust Exercise,"Susan Choi, Suehyla El-Attar, Jennifer Lim, Adina Verson",ca,"[""Young Adult""]"
hardcover_434998,Magic Lessons,Alice Hoffman,fr,"[""Fantasy"", ""fantasy romance""]"
hardcover_435110,On Stranger Tides,Tim Powers,de,"[""Fantasy""]"
hardcover_435421,A Single Man,Christopher Isherwood,tl,"[""Psychology""]"
hardcover_435692,Jesus' Son,Denis Johnson,et,[]
hardcover_435816,Being and Time,"Martin Heidegger, John MacQuarrie, Edward Schouten Robinson, Taylor Carman",de,"[""Poetry""]"
hardcover_435853,Sawkill Girls,Claire Legrand,tr,"[""Fantasy""]"
hardcover_435867,Frankenstein in Baghdad,"Ahmed Saadawi, Jonathan Wright",de,"[""Fantasy""]"
hardcover_435995,My Policeman,Bethan Roberts,pl,"[""Romance""]"
hardcover_436263,"Paper Girls, Vol. 2","Brian K. Vaughan, Cliff Chiang, Matt Wilson, Jared K. Fletcher",ca,"[""Fantasy"", ""Sci-Fi""]"
hardcover_437054,Afterparties: Stories,Anthony Veasna So,af,[]
hardcover_437064,Beyond Order,"Jordan B. Peterson, Juliette Fogra",de,[]
hardcover_437326,Blue Moon,Lee Child,fr,"[""Mystery"", ""crime""]"
hardcover_437606,"Forever, Interrupted",Taylor Jenkins Reid,da,"[""Psychology""]"
hardcover_437774,False Witness,Karin Slaughter,de,"[""Thriller"", ""Mystery"", ""crime""]"
hardcover_437884,Desperate Measures,Katee Robert,ro,"[""Fantasy"", ""Romantasy""]"
hardcover_437963,Domain-Driven Design,Eric Evans,nl,"[""Science & Nature""]"
hardcover_438735,Big Mushy Happy Lump,Sarah Andersen,tl,"[""Young Adult""]"
hardcover_439294,Sailing to Sarantium,Guy Gavriel Kay,tl,"[""Fantasy""]"
hardcover_439930,Star Maker,Olaf Stapledon,sv,"[""Fantasy"", ""Sci-Fi""]"
hardcover_440688,Love Her or Lose Her,Tessa Bailey,da,"[""Romance""]"
hardcover_441153,Women Talking,Miriam Toews,fi,"[""Literary Fiction"", ""Historical Fiction"", ""History"", ""Biography & Memoir"", ""Romance"", ""contemporary""]"
hardcover_443204,Change Agent,"Daniel Suarez, Jeff Gurner",nl,"[""Sci-Fi"", ""Mystery"", ""crime""]"
hardcover_445554,"Descender, Vol. 1: Tin Stars","Jeff Lemire, Dustin Nguyen",de,"[""Sci-Fi""]"
hardcover_445709,Never Die,Rob J. Hayes,af,"[""Fantasy""]"
hardcover_445955,Shadow Games,"Glen Cook, Keith Berdak",so,"[""Fantasy""]"
hardcover_446284,Absolution Gap,Alastair Reynolds,fr,"[""Sci-Fi""]"
hardcover_446310,Singularity Sky,Charles Stross,tl,"[""Sci-Fi""]"
hardcover_446544,Dungeon Born,Dakota Krout,de,"[""Fantasy"", ""fantasy romance""]"
hardcover_447603,When Nietzsche Wept,Irvin D. Yalom,de,"[""historical""]"
hardcover_447962,Beren and Lúthien,"J.R.R. Tolkien, Christopher Tolkien, Alan Lee",de,"[""Fantasy""]"
hardcover_449043,Fireheart Tiger,Aliette de Bodard,de,"[""Fantasy"", ""fantasy romance""]"
hardcover_449669,Blood Like Magic,Liselle Sambury,et,"[""Fantasy""]"
hardcover_450518,Winter in Sokcho,"Elisa Shua Dusapin, Aneesa Abbas Higgins",de,"[""Romance"", ""contemporary romance""]"
hardcover_451194,Pizza Girl,Jean Kyoung Frazier,it,"[""Young Adult"", ""Romance"", ""contemporary""]"
hardcover_451619,Here There Be Gerblins,"Clint McElroy, Griffin McElroy, Justin McElroy, Travis McElroy, Carey Pietsch",de,"[""Fantasy""]"
hardcover_453214,Dragon Rider,Cornelia Funke,de,"[""Fantasy""]"
hardcover_454849,A Far Wilder Magic,Allison Saft,de,"[""Fantasy""]"
hardcover_454859,Still Life,Sarah Winman,sv,[]
hardcover_455648,Small Favors,Erin A. Craig,it,"[""Fantasy""]"
hardcover_45565,Falling Kingdoms,Morgan Rhodes,no,"[""Fantasy"", ""fantasy romance""]"
hardcover_458538,Magic Triumphs,Ilona Andrews,ro,"[""Fantasy"", ""Adventure"", ""Sci-Fi""]"
hardcover_462018,Gods & Monsters,Shelby Mahurin,nl,"[""Fantasy""]"
hardcover_463058,Bullet Train,"Kōtarō Isaka, Sam Malissa",fr,"[""Mystery"", ""crime""]"
hardcover_463365,Year zero a novel,Rob  Reid,cs,"[""Sci-Fi""]"
hardcover_463710,Mr Salary,Sally Rooney,tl,"[""Young Adult"", ""Short Stories"", ""Romance"", ""contemporary""]"
hardcover_464890,"Chainsaw Man, Vol. 3: Kill Denji",Tatsuki Fujimoto,sw,"[""Graphic Novel""]"
hardcover_465025,Invisible Girl,Lisa Jewell,fr,"[""Thriller""]"
hardcover_465143,Fevered Star,Rebecca Roanhorse,da,"[""Fantasy"", ""fantasy romance""]"
hardcover_466085,Wonder Woman: Warbringer,Leigh Bardugo,de,"[""Young Adult""]"
hardcover_467622,Saturn Run,"John Sandford, Ctein",de,"[""Fantasy"", ""Sci-Fi""]"
hardcover_467642,Zero Hour,Craig Alanson,nl,"[""Fantasy"", ""Sci-Fi""]"
hardcover_469778,Artifact Space,Miles Cameron,ro,"[""Sci-Fi""]"
hardcover_470369,On Palestine,"Noam Chomsky, Ilan Pappé",fr,[]
hardcover_470875,Be Here Now,Ram Dass,de,[]
hardcover_476288,Better Off Dead,"Andrew Child, Lee Child",de,"[""Mystery"", ""crime""]"
hardcover_476553,Point Blank,Anthony Horowitz,fi,"[""Mystery""]"
hardcover_477246,Deep Down,Lee Child,nl,"[""Adventure"", ""Mystery"", ""crime""]"
hardcover_478779,Revenge: Eleven Dark Tales,"Stephen    Snyder, Yoko Ogawa",da,"[""Horror""]"
hardcover_480119,Before We Were Strangers,Renee Carlino,de,"[""Young Adult"", ""romance""]"
hardcover_482418,Galaxy in Flames,Ben Counter,so,"[""Sci-Fi""]"
hardcover_482691,A Half-Built Garden,Ruthanna Emrys,de,"[""Fantasy"", ""Sci-Fi""]"
hardcover_484830,Mr. Wrong Number,Lynn Painter,id,"[""Romance"", ""contemporary romance""]"
hardcover_484911,True Believer,Jack Carr,nl,"[""Mystery"", ""crime""]"
hardcover_496439,Harrison Bergeron,Kurt Vonnegut,de,"[""Sci-Fi""]"
hardcover_498078,Brutal Prince,Sophie Lark,ro,"[""Romance"", ""Romantasy""]"
hardcover_50149,Fevre Dream,George R.R. Martin,ro,"[""Adventure""]"
hardcover_502345,Yerba Buena,Nina LaCour,id,"[""Young Adult""]"
hardcover_502353,Take My Hand,"Dolen Perkins-Valdez, Lauren J. Daggett",sw,"[""Historical Fiction""]"
hardcover_505229,Reckless Girls,"Rachel Hawkins, Barrie Kreinik",de,"[""Adventure""]"
hardcover_512403,Sirens & Muses,Antonia Angress,de,"[""Romance""]"
hardcover_513759,Lavender House,Lev AC Rosen,da,"[""Mystery"", ""crime""]"
hardcover_514468,Pure Colour,Sheila Heti,fr,"[""Fantasy""]"
hardcover_524099,Água Viva,"Clarice Lispector, Stefan Tobler, Benjamin Moser",pt,"[""Literary Fiction""]"
hardcover_525050,Barbarian Alien,Ruby Dixon,id,"[""Sci-Fi"", ""sci-fi romance"", ""Romantasy""]"
hardcover_525996,Blood Bonds,J.  Bree,nl,"[""Romance"", ""Romantasy""]"
hardcover_526035,Savage Bonds,J.  Bree,nl,"[""Romance"", ""Romantasy""]"
hardcover_527435,Radiant Sin,Katee Robert,id,"[""Romance"", ""Romantasy""]"
hardcover_531621,A Broken Blade,Melissa Blair,sv,"[""Fantasy""]"
hardcover_53978,Dragon's Egg,Robert L. Forward,tl,"[""Fantasy"", ""Sci-Fi""]"
hardcover_544836,Teen Titans: Raven,Kami Garcia,nl,"[""Young Adult""]"
hardcover_548917,Believe Me,Tahereh Mafi,nl,"[""Fantasy"", ""Sci-Fi""]"
hardcover_552135,Sign Here,Claudia  Lux,da,"[""Fantasy""]"
hardcover_55361,Independent People,"Halldór Laxness, James Anderson Thompson",nl,[]
hardcover_558202,"Witch Hat Atelier, Vol. 3",Kamome Shirahama,de,"[""Fantasy"", ""fantasy romance""]"
hardcover_565393,Barbarian Lover,Ruby Dixon,id,"[""Sci-Fi"", ""sci-fi romance"", ""Romantasy""]"
hardcover_584716,"Sister, Maiden, Monster",Lucy A. Snyder,de,"[""Fantasy"", ""Sci-Fi""]"
hardcover_588597,Elena Knows,"Claudia Piñeiro, Frances Riddle",pl,"[""crime""]"
hardcover_591277,Zeno's Conscience,"Italo Svevo, William Weaver, Claudio Carini, Beryl de Zoete, Michael Hoffman",es,"[""Biography & Memoir""]"
hardcover_592059,Hello Stranger,Katherine Center,no,"[""Romance""]"
hardcover_622739,"Georgie, All Along",Kate Clayborn,de,"[""Romance"", ""contemporary romance""]"
hardcover_624926,"Witch Hat Atelier, Vol. 2","Kamome Shirahama, Stephen Kohler, Kamome Shirahama, Kamome Shirahama, Ajani Oloye",de,"[""Fantasy"", ""fantasy romance""]"
hardcover_625784,Camp Zero,Michelle Min Sterling,nl,"[""Sci-Fi""]"
hardcover_629298,My Murder,Katie Williams,de,"[""Sci-Fi""]"
hardcover_646120,Travel by Bullet,John Scalzi,no,"[""Sci-Fi""]"
hardcover_64993,Halting State,Charles Stross,de,"[""Sci-Fi""]"
hardcover_65211,"Little, Big","John Crowley, Donatella Rizzati",de,"[""Fantasy"", ""Romantasy""]"
hardcover_652427,I Keep My Exoskeletons to Myself,Mac Crane,af,[]
hardcover_65446,Magic Burns,Ilona Andrews,ro,"[""Fantasy"", ""Romantasy""]"
hardcover_655540,Ask for Andrea,Noelle W. Ihli,da,"[""Fantasy""]"
hardcover_671259,Things We Left Behind,Lucy Score,de,"[""Romance""]"
hardcover_677757,Angels Before Man,rafael nicolás,da,"[""Fantasy""]"
hardcover_679823,Spice Road,Maiya Ibrahim,ro,"[""Fantasy"", ""fantasy romance""]"
hardcover_684012,Zero Days,Ruth Ware,de,"[""Thriller"", ""Mystery"", ""crime""]"
hardcover_689705,Love Redesigned,Lauren Asher,da,[]
hardcover_71671,Black Hawk Down,"Mark Bowden, Joe Morton, Alan Sklar",pl,"[""History""]"
hardcover_722049,Greek Lessons,"Han Kang, Deborah     Smith, Emily Yae Won",af,[]
hardcover_734929,Time Shelter,"Georgi Gospodinov, Angela Rodel",de,"[""Sci-Fi""]"
hardcover_735648,"You, Again",Kate Goldbeck,id,"[""Romance""]"
hardcover_73780,In Watermelon Sugar,Richard Brautigan,id,"[""Fantasy"", ""Sci-Fi""]"
hardcover_746652,Our Hideous Progeny,C.E. McGill,de,"[""Fantasy""]"
hardcover_763455,Mirrored Heavens,Rebecca Roanhorse,da,"[""Fantasy"", ""fantasy romance""]"
hardcover_78154,Heroes Die,Matthew Woodring Stover,af,"[""Fantasy"", ""fantasy romance""]"
hardcover_794953,"Goodnight Punpun Omnibus, Vol. 1",Inio Asano,et,"[""Graphic Novel""]"
hardcover_807820,Murder Road,Simone St. James,de,"[""Fantasy""]"
hardcover_836598,Mother-Daughter Murder Night,Nina Simon,de,"[""Mystery""]"
hardcover_861965,Talking at Night,Claire Daverley,tl,"[""Literary Fiction"", ""romance""]"
hardcover_872003,Don't Let Her Stay,Nicola Sanders,de,"[""Horror""]"
hardcover_951253,Ankle Snatcher,Grady Hendrix,de,"[""Fantasy""]"
hardcover_95487,Tortilla Flat,"John Steinbeck, Thomas Fensch",it,"[""Literary Fiction""]"
hardcover_974343,Play Along,Liz Tomforde,tl,"[""Romance""]"
hardcover_977997,DallerGut Dream Department Store,Lee Mi-ye,no,"[""Fantasy""]"
hardcover_996212,Little Stranger,Leigh Rivers,de,"[""Romance"", ""erotica""]"
hardcover_99659,I Let You Go,Clare Mackintosh,fr,"[""Mystery""]"
hardcover_1000582,Vows & Ruins,Helen Scheuerer,af,"[""Fantasy"", ""Romantasy""]"
hardcover_1013995,Dragon Rider,Taran Matharu,de,"[""Fantasy""]"
hardcover_104137,Happiness for Beginners,Katherine Center,no,"[""Romance""]"
hardcover_1054463,Cascade Failure,L.M. Sagas,pt,"[""Sci-Fi""]"
hardcover_1061526,Fourteen Days,"Margaret Atwood, Douglas Preston, Charlie Jane Anders, Joseph Cassara, Angie Cruz, Pat Cummings, Sylvia Day, Emma Donoghue, Dave Eggers, Diana Gabaldon, Jennine Capo Crucet, Tess Gerritsen, John Grisham, María Hinojosa, Mira Jacob, Erica Jong, C.J. Lyons, Celeste Ng, Tommy Orange, Mary Pope Osborne, Alice Randall, Ishmael Reed, Roxana Robinson, Nelly Rosario, James Shapiro, Hampton Sides, R. L. Stine, Nafissa Thompson-Spires, Monique Truong, Scott Turow, Luis Alberto Urrea, Rachel Vail, Weike Want, Caroline Randall Williams, De'Shawn Charles Winslow, Meg Wolitzer",nl,"[""Fantasy""]"
hardcover_1070365,Salt & Broom,Sharon Lynn Fisher,nl,"[""Fantasy""]"
hardcover_1086104,"One Piece, Vol. 8: I Won’t Die","Eiichiro Oda, Eiichiro Oda, Eiichiro Oda, Naoko Amemiya, Megan Bates",de,"[""Adventure""]"
hardcover_1093027,Fate & Furies,Helen Scheuerer,de,"[""Fantasy""]"
hardcover_1157733,"One Piece, Vol. 18: Ace Arrives","Eiichiro Oda, JN Productions, Lance Caselman, Eiichiro Oda, Eiichiro Oda",ro,"[""Fantasy"", ""fantasy romance""]"
hardcover_1170787,No-Drama Discipline,"Daniel J. Siegel, MD, Tina Payne Bryson",it,[]
hardcover_1173850,Us Dark Few,Alexis Patton,de,"[""Fantasy"", ""Romantasy""]"
hardcover_121049,Seabiscuit: An American Legend,Laura Hillenbrand,nl,"[""History"", ""Biography & Memoir"", ""Romance""]"
hardcover_1213383,"Witch Hat Atelier, Vol. 6","Kamome Shirahama, Kamome Shirahama, Kamome Shirahama, Stephen Kohler, Haruko Hashimoto",de,"[""Fantasy"", ""fantasy romance""]"
hardcover_122798,Art Matters,"Neil Gaiman, Chris Riddell",de,"[""Young Adult""]"
hardcover_1230339,My Vampire Plus-One,Jenna Levine,fr,"[""Fantasy""]"
hardcover_123645,Castle Roogna,Piers Anthony,et,"[""Fantasy""]"
hardcover_1284428,"Jujutsu Kaisen, Vol. 7",Gege Akutami,et,"[""Fantasy""]"
hardcover_1293240,In Too Deep,"Lee Child, Andrew Child",nl,"[""Adventure""]"
hardcover_130029,Lucky Jim,Kingsley Amis,cs,"[""Literary Fiction""]"
hardcover_137617,Martian Time-Slip,"Philip K. Dick, Chris     Moore",id,"[""Sci-Fi""]"
hardcover_1386425,Never Keep,"Caroline Peckham, Susanne Valenti",nl,"[""Fantasy"", ""Romantasy""]"
hardcover_139933,Real Murders,"Thérèse Plummer, Charlaine Harris",de,"[""Mystery""]"
hardcover_147314,My Friend Dahmer,Derf Backderf,de,"[""Graphic Novel"", ""Biography & Memoir"", ""History"", ""Young Adult"", ""Mystery"", ""crime""]"
hardcover_154457,Her Smoke Rose Up Forever,"James Tiptree Jr., Viktor Janiš, Richard Podaný",da,"[""Fantasy"", ""Sci-Fi""]"
hardcover_1545310,Queen Demon,Martha Wells,nl,"[""Fantasy""]"
hardcover_1587738,Deep Cuts,Holly Brickley,nl,"[""contemporary""]"
hardcover_165663,Almost Transparent Blue,"Ryū Murakami, Nancy Andrew",fr,[]
hardcover_167883,Winter Tide,Ruthanna Emrys,de,"[""Fantasy""]"
hardcover_167906,Home Front,Kristin Hannah,nl,"[""History""]"
hardcover_1761456,Girl Dinner,Olivie Blake,de,"[""Fantasy""]"
hardcover_1786778,Small Boat,"Vincent Delecroix, Helen Stevenson, Jeremy Harding",it,[]
hardcover_1838380,1% Lifesteal,Robert Blaise,ro,"[""Fantasy"", ""fantasy romance""]"
hardcover_187586,Say Cheese and Die!,R. L. Stine,af,"[""Fantasy""]"
hardcover_188626,Esio Trot ,"Roald Dahl, Quentin Blake",es,"[""Fantasy"", ""Romantasy""]"
hardcover_1907898,Waste Tide,"Chen Qiufan, Ken Liu",de,"[""Sci-Fi""]"
hardcover_1995759,Best Offer Wins,Marisa Kashino,de,"[""Thriller""]"
hardcover_2038773,Dexter é delicios,Jeff Lindsay,pt,[]
hardcover_205539,Cuentos de Eva Luna,Isabel Allende,es,"[""Fantasy""]"
hardcover_206371,Maniac Magee,"Jerry Spinelli, Sigrid Heath",sw,"[""Young Adult""]"
hardcover_207658,Make Room! Make Room!,"Harry Harrison, Eric Michael Summerer",af,"[""Fantasy"", ""Sci-Fi""]"
hardcover_213819,"Bud, Not Buddy",Christopher Paul Curtis,cy,"[""Young Adult""]"
hardcover_2156505,Strange Buildings,"Uketsu, Jim Rion",de,"[""Mystery"", ""crime""]"
hardcover_218180,Cordelia's Honor,Lois McMaster Bujold,es,"[""Sci-Fi""]"
hardcover_2250534,Witch & Wizard,"James Patterson, Gabrielle Charbonnet, Spencer Locke, Elijah Wood",pl,"[""Fantasy"", ""Sci-Fi""]"
hardcover_240754,Coin Locker Babies,"Ryū Murakami, Stephen    Snyder",de,"[""Fantasy"", ""Sci-Fi""]"
hardcover_294725,Vile Bodies,Evelyn Waugh,af,"[""Literary Fiction""]"
hardcover_296728,Avogadro Corp,William Hertling,pt,"[""Sci-Fi""]"
hardcover_299191,Here Be Dragons,Sharon Kay Penman,de,"[""Fantasy""]"
hardcover_312755,Tiger Lily,Jodi Lynn Anderson,da,"[""Fantasy"", ""Romantasy""]"
hardcover_31818,L.A. Confidential,"James Ellroy, José Luís Luna",it,"[""Mystery"", ""crime""]"
hardcover_324242,Blue Like Jazz,Donald Miller,de,"[""Biography & Memoir""]"
hardcover_328230,Murder is Easy,Agatha Christie,de,"[""Mystery"", ""crime""]"
hardcover_33015,Daja's Book,Tamora Pierce,hr,"[""Fantasy"", ""fantasy romance""]"
hardcover_331669,Blockade Billy,Stephen King,sv,"[""Horror"", ""Fantasy"", ""Thriller"", ""Mystery"", ""crime""]"
hardcover_347967,Gunmetal Gray,Mark Greaney,tr,"[""Thriller"", ""Mystery"", ""crime""]"
hardcover_373615,Prince Lestat,Anne Rice,fr,"[""Fantasy""]"
hardcover_374496,Understanding power,"Noam Chomsky, Peter R. Mitchell, John Schoeffel",af,"[""Politics""]"
hardcover_374500,A Rule Against Murder,Louise Penny,de,"[""Mystery"", ""crime""]"
hardcover_379420,Invisible Monsters Remix,Chuck Palahniuk,fr,"[""Adventure""]"
hardcover_379489,Em defesa de Cristo,Lee Strobel,pt,[]
hardcover_381062,No Easy Day,"Mark Owen, Kevin Maurer, Sara Crimi, Laura Tasso",tl,"[""Adventure""]"
hardcover_383449,Size 12 Is Not Fat,Meg Cabot,de,"[""Young Adult"", ""Mystery"", ""crime""]"
hardcover_383549,Renegade's Magic,Robin Hobb,ca,"[""Fantasy"", ""fantasy romance""]"
hardcover_386496,Succubus Blues,Richelle Mead,ca,"[""Fantasy"", ""Romantasy""]"
hardcover_3938,40 sonetti di Shakespeare,"William Shakespeare, Giuseppe Ungaretti",it,"[""Romance""]"
hardcover_39909,Genuine Fraud,E. Lockhart,de,"[""Young Adult"", ""Mystery"", ""crime""]"
hardcover_427394,Hit Makers,Derek   Thompson,nl,"[""Business & Economics""]"
hardcover_427615,Old Drift,Namwali Serpell,de,"[""Fantasy""]"
hardcover_427808,Proper Gauge,Hugh Howey,de,"[""Sci-Fi""]"
hardcover_427927,Dispel Illusion,Mark Lawrence,it,"[""Fantasy"", ""fantasy romance""]"
hardcover_428604,"Hunter x Hunter, Vol. 1","Yoshihiro Togashi, Yoshihiro Togashi, Yoshihiro Togashi, Lillian Olsen, Pancha Diaz",de,"[""Adventure""]"
hardcover_428987,Five ​Dark Fates,Kendare Blake,da,"[""Fantasy""]"
hardcover_429860,Centaur Aisle,Piers Anthony,fr,"[""Fantasy""]"
hardcover_430205,Smoke Bitten,Patricia Briggs,no,"[""Fantasy"", ""fantasy romance""]"
hardcover_430966,Cat Diary: Yon & Muu; 猫日記よん&むー; Neko Nikki Yon to Mū,Junji Itō,fi,"[""Graphic Novel""]"
hardcover_430989,A Stranger in Olondria,Sofia Samatar,de,"[""Fantasy""]"
hardcover_431065,Wonder Boys,Michael Chabon,de,[]
hardcover_431586,Dark Harmony,Laura Thalassa,tr,"[""Fantasy"", ""Romantasy""]"
hardcover_432310,The Other Bennet Sister,Janice Hadlow,de,"[""Romance""]"
hardcover_433350,Love Lettering,Kate Clayborn,no,"[""Romance""]"
hardcover_433706,Joan Is Okay,Weike Wang,tl,[]
hardcover_433707,Watch Over Me,Nina LaCour,de,"[""Fantasy""]"
hardcover_434213,"Winesburg, Ohio","Sherwood Anderson, Malcolm Cowley",de,"[""Young Adult""]"
hardcover_434707,Salt Houses,Hala Alyan,et,[]
hardcover_434886,How Beautiful We Were,"Imbolo Mbue, Prentice Onayemi, Janina Edwards, Dion Graham, J.D. Jackson, Allyson Johnson, Lisa Reneé Pitts",de,[]
hardcover_435031,Never Have I Ever,Joshilyn Jackson,no,"[""Thriller""]"
hardcover_435039,Big Summer,Jennifer Weiner,da,[]
hardcover_435255,Critical Failures,Robert Bevan,ro,"[""Fantasy""]"
hardcover_435804,Love Medicine,Louise Erdrich,it,[]
hardcover_436174,"Paper Girls, Vol. 6","Brian K. Vaughan, Cliff Chiang, Matt Wilson",ca,"[""Sci-Fi""]"
hardcover_436283,Experimental Film,Gemma Files,ca,"[""Fantasy""]"
hardcover_436556,"Paper Girls, Volume 5","Brian K. Vaughan, Cliff Chiang, Matt  Wilson, Jared K. Fletcher",ca,"[""Sci-Fi""]"
hardcover_437455,You Are Not Alone,"Greer Hendricks, Sarah Pekkanen",fr,"[""Thriller""]"
hardcover_437636,Code Name Hélène,Ariel Lawhon,fr,"[""Historical Fiction""]"
hardcover_438141,La révolte,Suzanne Collins,hu,[]
hardcover_438161,Dexter By Design,Jeff Lindsay,da,"[""Thriller""]"
hardcover_438538,Dead Moon,"Peter Clines, Ray Porter",nl,"[""Sci-Fi""]"
hardcover_439052,Fire from Heaven,"Mary Renault, Tom Holland",no,"[""Fantasy""]"
hardcover_439125,Loki: Where Mischief Lies,Mackenzi Lee,de,"[""Fantasy""]"
hardcover_439239,Smoke & Summons,Charlie N. Holmberg,fi,"[""Fantasy"", ""Sci-Fi""]"
hardcover_439444,"Arsène Lupin, Gentleman-Thief","Maurice Leblanc, Michael Sims, Alexander Teixeira de Mattos",de,"[""Adventure""]"
hardcover_440418,Meet Cute,Helena Hunting,nl,"[""Romance""]"
hardcover_441170,Unnatural Magic,C. M. Waggoner,it,"[""Fantasy""]"
hardcover_441180,Trading in Danger,Elizabeth Moon,id,"[""Sci-Fi""]"
hardcover_444063,Codename Villanelle,Luke Jennings,it,"[""Adventure""]"
hardcover_444644,Akata Warrior,Nnedi Okorafor,sw,"[""Fantasy""]"
hardcover_445213,"Vagabond, Vol. 1","Takehiko Inoue, Eiji Yoshikawa, Yuki Oniki",et,"[""Fantasy""]"
hardcover_445947,Prador Moon,Neal Asher,pt,"[""Sci-Fi""]"
hardcover_446051,Elven Star,"Margaret Weis, Tracy Hickman",sv,"[""Fantasy""]"
hardcover_446081,Water Sleeps,"Glen Cook, Patrick Nielsen Hayden, Nicholas Jainschigg",af,"[""Fantasy"", ""fantasy romance""]"
hardcover_446113,Soldiers Live,"Glen Cook, Nicholas Jainschigg",af,"[""Fantasy""]"
hardcover_446259,Hidden Empire,Kevin J. Anderson,nl,"[""Fantasy"", ""Sci-Fi""]"
hardcover_446405,Dungeon Madness,Dakota Krout,de,"[""Fantasy"", ""fantasy romance""]"
hardcover_447477,Poor Folk,"Fyodor Dostoevsky, C.J. Hogarth",nl,"[""History""]"
hardcover_447707,Fifth Business,"Robertson Davies, Marc Vietor",de,"[""Fantasy""]"
hardcover_448123,Jay's Gay Agenda,Jason June,tl,"[""Young Adult"", ""romance""]"
hardcover_448131,Jade Fire Gold,June C.L. Tan,pt,"[""Fantasy""]"
hardcover_448324,Shadow Scale,Rachel Hartman,so,"[""Fantasy""]"
hardcover_448665,Empire Games,"Charles Stross, Kate Reading",ca,"[""Sci-Fi""]"
hardcover_448848,Words in Deep Blue,Cath Crowley,nl,"[""Young Adult"", ""romance""]"
hardcover_449676,All Our Hidden Gifts,Caroline O'Donoghue,de,"[""Fantasy""]"
hardcover_450412,Phoenix Extravagant,"Yoon Ha Lee, Emily Woo Zeller",ca,"[""Fantasy""]"
hardcover_450773,Tolkien On Fairystories,J.R.R. Tolkien,af,"[""Fantasy""]"
hardcover_450892,Divergent Mind,Jenara Nerenberg,de,"[""Psychology""]"
hardcover_450982,Murder Most Unladylike,Robin Stevens,de,"[""Young Adult"", ""Mystery"", ""crime""]"
hardcover_451625,Dark and Deepest Red,Anna-Marie McLemore,nl,"[""Fantasy""]"
hardcover_451688,"Again, but Better",Christine Riccio,id,"[""Fantasy""]"
hardcover_451961,Book Love,Debbie Tung,nl,"[""Young Adult""]"
hardcover_452344,When We Were Magic,Sarah Gailey,de,"[""Fantasy""]"
hardcover_453733,Queen's Shadow,E. K. Johnston,so,"[""Young Adult"", ""Sci-Fi""]"
hardcover_454292,Signal to Noise,Silvia Moreno-Garcia,it,"[""Fantasy""]"
hardcover_455256,As Muitas Mortes de Laila Starr,Ram V,es,"[""Fantasy""]"
hardcover_456660,Girls Against God,"Jenny Hval, Marjam Idriss",de,"[""Fantasy""]"
hardcover_457729,Sweet Silver Blues,Glen Cook,af,"[""Fantasy""]"
hardcover_458726,A Local Habitation,Seanan McGuire,it,"[""Fantasy""]"
hardcover_458728,Late Eclipses,Seanan McGuire,ca,"[""Fantasy""]"
hardcover_458966,Spider's Bite,Jennifer Estep,de,"[""Fantasy"", ""Romantasy""]"
hardcover_459238,Emerald Blaze,Ilona Andrews,de,"[""Romance"", ""paranormal romance"", ""Romantasy""]"
hardcover_460686,Curtsies & Conspiracies,Gail Carriger,ca,"[""Fantasy""]"
hardcover_461243,Sacré Bleu,Christopher Moore,fr,"[""Fantasy""]"
hardcover_463786,Savage Fae,"Caroline Peckham, Susanne Valenti",no,"[""Fantasy""]"
hardcover_465139,Under Fortunate Stars,Ren Hutchings,de,"[""Fantasy"", ""Sci-Fi""]"
hardcover_466040,The Other Einstein,"Marie Benedict, Mozhan Marnò",de,[]
hardcover_467528,"Fables, Vol. 6: Homelands","Bill Willingham, David Hahn, Mark Buckingham, Lan Medina, Steve Leialoha",da,"[""Fantasy""]"
hardcover_467708,As Yet Unsent,Tamsyn Muir,fr,"[""Sci-Fi""]"
hardcover_468404,Ajax Penumbra 1969,Robin Sloan,ro,"[""Fantasy""]"
hardcover_469835,When We Were Birds,Ayanna Lloyd Banwo,de,"[""Fantasy""]"
hardcover_473809,Only Forward,Michael Marshall Smith,cy,"[""Sci-Fi""]"
hardcover_473832,Más que palabras,"Alice Oseman, Victoria Simó",es,"[""Young Adult""]"
hardcover_474270,Tuf Voyaging,"George R.R. Martin, Janet Aulisio",tl,"[""Sci-Fi""]"
hardcover_474651,A Hunger Artist,Franz Kafka,de,[]
hardcover_477435,"Someday, Someday, Maybe",Lauren Graham,so,"[""Young Adult"", ""romance""]"
hardcover_479853,Pacific Vortex!,"Clive Cussler, Michael Pritchard",ca,"[""Adventure""]"
hardcover_482473,De Stad van de Dromende Boeken,"Walter Moers, Erica van Rijsewijk",nl,"[""Fantasy"", ""fantasy romance""]"
hardcover_483241,A Murder in Time,Julie McElwain,de,"[""Fantasy"", ""Mystery"", ""crime""]"
hardcover_484869,Savage Son,Jack Carr,no,"[""Mystery"", ""crime""]"
hardcover_485171,Lesser Evil,Timothy Zahn,fr,"[""Sci-Fi""]"
hardcover_487560,Indian Horse,Richard Wagamese,id,"[""Young Adult""]"
hardcover_501024,Under Locke,Mariana Zapata,de,[]
hardcover_505217,Blood Sugar,Sascha Rothchild,so,[]
hardcover_510469,Desert Star,Michael Connelly,de,"[""Thriller""]"
hardcover_510536,One Good Deed,David Baldacci,nl,"[""Thriller""]"
hardcover_511351,Poster Girl,Veronica Roth,de,"[""Fantasy"", ""Sci-Fi""]"
hardcover_512630,Blood Mercy,Vela Roth,cy,"[""Romance"", ""Romantasy""]"
hardcover_514394,When We Lost Our Heads,Heather O'Neill,de,"[""historical""]"
hardcover_514706,Run Rose Run,"Dolly Parton, James Patterson",ro,"[""Mystery"", ""romantic suspense""]"
hardcover_519134,To Be Devoured,Sara Tantlinger,nl,"[""Fantasy""]"
hardcover_522709,Making Movies,Sidney Lumet,af,[]
hardcover_526393,"Kaiju No. 8, Vol. 1","Naoya Matsumoto, David Evelyn",hr,"[""Fantasy"", ""fantasy romance""]"
hardcover_526667,"Girl, Forgotten",Karin Slaughter,it,"[""Mystery"", ""crime""]"
hardcover_543111,Blind Side,Kandi Steiner,de,"[""Romance""]"
hardcover_554687,Homo Faber,Max Frisch,pt,"[""Mystery"", ""romantic suspense""]"
hardcover_558199,"Witch Hat Atelier, Vol. 4","Kamome Shirahama, 白浜鷗, Stephen Kohler, Lys Blakeslee, Ajani Oloye",de,"[""Fantasy"", ""fantasy romance""]"
hardcover_558200,"Witch Hat Atelier, Vol. 5",Kamome Shirahama,de,"[""Fantasy"", ""fantasy romance""]"
hardcover_562042,Enemies With Benefits,Roxie Noir,de,"[""Romance"", ""small-town romance""]"
hardcover_563299,Brain Damage,Freida McFadden,id,"[""Thriller""]"
hardcover_564396,Small Game,Blair Braverman,it,"[""Adventure""]"
hardcover_565271,Barbarian Mine,Ruby Dixon,id,"[""Sci-Fi"", ""sci-fi romance"", ""Romantasy""]"
hardcover_565390,Barbarian's Mate,Ruby Dixon,id,"[""Sci-Fi"", ""sci-fi romance"", ""Romantasy""]"
hardcover_565392,Barbarian's Prize,Ruby Dixon,id,"[""Sci-Fi"", ""sci-fi romance"", ""Romantasy""]"
hardcover_568568,Dark Days,Derek Landy,so,"[""Fantasy""]"
hardcover_575377,Daisy Haites,Jessa Hastings,fi,"[""Romance"", ""contemporary romance"", ""Romantasy""]"
hardcover_584889,Berserk Deluxe Edition Volume 1,"Kentaro Miura, Jason DeAngelis",de,"[""Fantasy""]"
hardcover_585563,Unbroken Bonds,J.  Bree,nl,"[""Sci-Fi"", ""sci-fi romance"", ""Romantasy""]"
hardcover_585735,Stolen Heir,Sophie Lark,de,"[""Romance""]"
hardcover_58834,Not Even Bones,Rebecca Schaeffer,nl,"[""Fantasy"", ""Sci-Fi""]"
hardcover_589811,"Witch Hat Atelier, Vol. 7","Kamome Shirahama, Stephen Kohler, Lys Blakeslee, Haruko Hashimoto, Phil Balsman, Kamome Shirahama",de,"[""Fantasy"", ""fantasy romance""]"
hardcover_590874,Nuestra parte de noche,Mariana Enriquez,es,"[""Fantasy""]"
hardcover_603626,Descent of Angels,Mitchel Scanlon,nl,"[""Sci-Fi""]"
hardcover_606637,Life Reset,Shemer Kuznits,de,"[""Fantasy""]"
hardcover_617029,Dark Water Daughter,H.M. Long,de,"[""Fantasy""]"
hardcover_619230,Quantum Radio,A.G. Riddle,id,[]
hardcover_638220,System Change,SunriseCV,de,"[""Fantasy"", ""Sci-Fi""]"
hardcover_638817,Vector Prime,R. A. Salvatore,ro,"[""Fantasy"", ""Sci-Fi""]"
hardcover_678202,"One Piece, Vol. 14: Instinct","Eiichiro Oda, JN Productions, Lance Caselman, Eiichiro Oda, Eiichiro Oda, Urian Brown",ro,"[""Fantasy"", ""fantasy romance""]"
hardcover_68645,Strengths Finder 2.0,Tom Rath,de,"[""Business & Economics""]"
hardcover_69331,Raven Black,"Ann Cleeves, Kenny Blyth",sv,"[""Mystery""]"
hardcover_701084,"Jujutsu Kaisen, Vol. 4",Gege Akutami,et,"[""Fantasy""]"
hardcover_701085,"Jujutsu Kaisen, Vol. 3",Gege Akutami,et,"[""Fantasy""]"
hardcover_701089,"Jujutsu Kaisen, Vol. 1",Gege Akutami,et,"[""Young Adult""]"
hardcover_708634,Forget Me Not,Alyson Derrick,no,"[""Young Adult""]"
hardcover_714857,Boys Weekend,Mattie Lubchansky,af,"[""Graphic Novel"", ""Sci-Fi""]"
hardcover_745514,Banyan Moon,Thao Thai,tl,[]
hardcover_746704,"Knock Knock, Open Wide",Neil Sharpson,sv,"[""Fantasy""]"
hardcover_766165,"One Piece, Vol. 21: Utopia","Eiichiro Oda, Eiichiro Oda, Eiichiro Oda",ro,"[""Fantasy"", ""fantasy romance""]"
hardcover_773828,Murder at Spindle Manor,Morgan Stang,de,"[""Fantasy"", ""fantasy romance""]"
hardcover_793916,Dark Heir,C.S. Pacat,de,"[""Fantasy""]"
hardcover_80109,Esperanza Rising,Pam Muñoz Ryan,es,"[""Young Adult""]"
hardcover_831257,Same Bed Different Dreams,Ed Park,de,"[""Fantasy"", ""Sci-Fi""]"
hardcover_861510,Enter Ghost,Isabella Hammad,de,"[""paranormal""]"
hardcover_865369,Kristin Lavransdatter,"Sigrid Undset, Tiina Nunnally, Brad Leithauser",sv,"[""Romance"", ""Romantasy""]"
hardcover_880560,Lies and Weddings,Kevin Kwan,af,[]
hardcover_89464,Of Poseidon,Anna Banks,pt,"[""Fantasy"", ""Romantasy""]"
hardcover_908348,"Jujutsu Kaisen, Vol. 18",Gege Akutami,et,"[""Fantasy""]"
hardcover_931588,"Jujutsu Kaisen, Vol. 8",Gege Akutami,et,"[""Fantasy""]"
hardcover_942907,"Dandadan, Vol. 1","Yukinobu Tatsu, Kumar Sivasubramanian",id,"[""Young Adult"", ""Sci-Fi""]"
hardcover_965791,Good Girls Don't Die,Christina Henry,af,"[""Fantasy"", ""Sci-Fi""]"
hardcover_980291,Once You're Mine,Morgan Bridges,fr,"[""Mystery"", ""romantic suspense""]"
hardcover_990548,"Witch Hat Atelier, Vol. 8","Kamome Shirahama, Stephen Kohler, Lys Blakeslee, Haruko Hashimoto, Phil Balsman, Kamome Shirahama",de,"[""Fantasy"", ""fantasy romance""]"
hardcover_1010828,Cahokia Jazz,Francis Spufford,sw,"[""Fantasy"", ""Sci-Fi""]"
hardcover_101571,Fire Logic,Laurie J. Marks,it,"[""Fantasy""]"
hardcover_102592,"Mirror, Mirror",Jen Calonita,pt,"[""Fantasy""]"
hardcover_103932,Natchez Burning,"Greg Iles, David LeDoux",de,"[""Mystery"", ""crime""]"
hardcover_104128,Girl Online,"Zoe Sugg, Siobhan Curham",tr,"[""Young Adult"", ""romance""]"
hardcover_1064993,Don't Believe It,Charlie Donlea,nl,"[""Mystery"", ""crime""]"
hardcover_1083832,Keep Your Friends Close,Lucinda Berry,nl,"[""Thriller""]"
hardcover_1084087,Camino Ghosts,John Grisham,pt,"[""Thriller""]"
hardcover_109425,Our Magnificent Bastard Tongue,John McWhorter,fr,"[""History""]"
hardcover_1097006,Winter Lost,Patricia Briggs,de,"[""Fantasy""]"
hardcover_1098743,Murder Mindfully,"Karsten Dusse, Florian Duijsens",de,[]
hardcover_110551,Every Man Dies Alone,"Hans Fallada, Michael Hofmann",af,[]
hardcover_1113247,Pucking Sweet,Emily Rath,af,"[""Romance""]"
hardcover_11290,Markens Grøde,Knut Hamsun,da,"[""History""]"
hardcover_1135624,"To Green Angel Tower, Part 1",Tad Williams,nl,"[""Fantasy"", ""fantasy romance""]"
hardcover_114140,Hope Never Dies,Andrew Shaffer,af,"[""Fantasy""]"
hardcover_114218,Dangerous girls,"Abigail Haas, Abby McDonald",af,"[""Young Adult"", ""Mystery"", ""crime""]"
hardcover_1170101,When Haru Was Here,Dustin Thao,de,"[""Fantasy""]"
hardcover_1178256,"One Piece, Vol. 23: Vivi’s Adventure","Eiichiro Oda, JN Productions, Lance Caselman, Eiichiro Oda, Eiichiro Oda, Yuki Murashige",ro,"[""Adventure"", ""Graphic Novel"", ""Fantasy"", ""fantasy romance""]"
hardcover_1195220,"Sailor Moon, Vol. 1",Naoko Takeuchi,et,"[""Fantasy""]"
hardcover_124303,Bitter Orange,Claire Fuller,de,[]
hardcover_1251307,Fire Exit,Morgan Talty,ro,[]
hardcover_1283909,Rest Stop,Nat Cassidy,de,"[""Horror""]"
hardcover_1289061,Not in My Book,Katie    Holt,af,[]
hardcover_132477,"Billy Budd, Sailor","Herman Melville, Frederick Busch",cy,"[""History""]"
hardcover_1391181,"Vampire Knight, Vol. 1","Matsuri Hino, Tomo Kimura",af,"[""Young Adult"", ""romance"", ""Romantasy""]"
hardcover_1414583,Beautiful Venom,Rina Kent,ro,"[""Romance"", ""sports romance""]"
hardcover_1423463,Small Rain,Garth Greenwell,fi,[]
hardcover_1426998,Under Loch and Key,Lana Ferguson,de,"[""Romance"", ""paranormal romance"", ""Romantasy""]"
hardcover_143055,"Sex Criminals, Vol. 2: Due Piccioncini, Una Fava",Matt Fraction,ca,"[""Fantasy""]"
hardcover_1443858,Little Liar,Leigh Rivers,it,"[""Romance"", ""erotica""]"
hardcover_1449984,Reservoir Bitches,"Dahlia de la Cerda, Julia Sanches, Heather Cleary",de,[]
hardcover_145790,My Horizontal Life,Chelsea Handler,it,"[""Romance""]"
hardcover_1539767,All by My Elf,Olivia Dade,cy,"[""Romance"", ""contemporary romance""]"
hardcover_1568928,Marble Hall Murders,Anthony Horowitz,de,"[""Mystery""]"
hardcover_1624456,"Oathbringer, Part 2",Brandon Sanderson,de,"[""Fantasy""]"
hardcover_1667375,Mark Twain,Ron Chernow,sw,[]
hardcover_1673993,What Hunger,Catherine Dang,de,[]
hardcover_1683608,Bourbon & Lies,Victoria   Wilder,fr,"[""Romance"", ""small-town romance""]"
hardcover_1699008,"Jujutsu Kaisen, Vol. 12",Gege Akutami,et,"[""Fantasy""]"
hardcover_170711,Rebel Spring,Morgan Rhodes,de,"[""Fantasy""]"
hardcover_179486,"PLUTO: Urasawa x Tezuka, Vol. 1","Takashi Nagasaki, Naoki Urasawa",sw,"[""Sci-Fi"", ""Mystery"", ""crime""]"
hardcover_1837861,Never Ever After,Sue Lynn Tan,da,"[""Fantasy""]"
hardcover_1859491,Such Quiet Girls,Noelle W. Ihli,de,"[""Thriller""]"
hardcover_1908605,Gone Before Goodbye,"Reese Witherspoon, Harlan Coben",da,[]
hardcover_1931960,God’s Junk Drawer,Peter Clines,af,"[""Adventure"", ""Sci-Fi""]"
hardcover_201295,Feral Sins,Suzanne Wright,de,"[""Romance"", ""paranormal romance"", ""Romantasy""]"
hardcover_2022736,Mad Mabel,Sally Hepworth,so,[]
hardcover_204856,Jarka Ruus,Terry Brooks,so,"[""Fantasy""]"
hardcover_20816,"Chew, Vol. 3: Just Desserts","John Layman, Rob Guillory",de,"[""Fantasy"", ""Sci-Fi""]"
hardcover_20823,Little Monsters,Kara Thomas,de,"[""Young Adult""]"
hardcover_209182,Tick Tock,Dean Koontz,sv,"[""Fantasy""]"
hardcover_211493,"One Piece, Vol. 22: Hope!!","Eiichiro Oda, JN Productions, Lance Caselman, Eiichiro Oda, Eiichiro Oda, Yuki Murashige",ro,"[""Fantasy"", ""fantasy romance""]"
hardcover_212596,Zombies vs. Unicorns,"Holly Black, Justine Larbalestier",es,"[""Fantasy"", ""Sci-Fi""]"
hardcover_232241,Goblin Market,"Christina Rossetti, Arthur Rackham",no,"[""Fantasy""]"
hardcover_239537,Heechee Rendezvous,Frederik Pohl,nl,"[""Fantasy"", ""Sci-Fi""]"
hardcover_240310,Wedding Night,Sophie Kinsella,cy,"[""Romance""]"
hardcover_240864,Prentice Alvin,Orson Scott Card,it,"[""Fantasy""]"
hardcover_243770,Darkest Hour,"Jenny Carroll, Meg Cabot",no,"[""Fantasy"", ""Young Adult"", ""Adventure"", ""Sci-Fi"", ""Romance"", ""paranormal""]"
hardcover_252330,Artificial intelligence,"Stuart Russell, Peter Norvig",it,[]
hardcover_252714,Last Call,Tim Powers,fr,"[""Fantasy""]"
hardcover_273410,"Yotsuba&!, Vol. 1","Kiyohiko Azuma, あずま きよひこ, Amy Forsyth",et,"[""Young Adult""]"
hardcover_287673,Mister B. Gone,Clive Barker,de,"[""Young Adult""]"
hardcover_297969,Live Free or Die,"John Ringo, Dan John Miller, Mark Boyett",af,"[""Sci-Fi""]"
hardcover_303037,Daniel Deronda,"George Eliot, Edmund White",de,[]
hardcover_308672,Black Klansman,Ron Stallworth,sv,"[""crime""]"
hardcover_308677,The Dinner List,Rebecca Serle,de,"[""Fantasy"", ""Romantasy""]"
hardcover_309536,Malgudi Days,"R.K. Narayan, Jhumpa Lahiri",so,[]
hardcover_319996,Bayou Moon,"Ilona Andrews, Renée Raudman",tl,"[""Fantasy""]"
hardcover_324138,Four Quartets,T.S. Eliot,fr,"[""Poetry""]"
hardcover_346712,10 Blind Dates,Ashley Elston,de,"[""Young Adult"", ""romance""]"
hardcover_357224,Gun Machine,Warren Ellis,de,"[""Mystery"", ""crime""]"
hardcover_357703,Dime Store Magic,Kelley Armstrong,it,"[""Fantasy""]"
hardcover_36653,Please Ignore Vera Dietz,A. S. King,de,"[""Young Adult""]"
hardcover_371115,Monster Hunter Legion,Larry Correia,de,"[""Sci-Fi"", ""Fantasy"", ""Horror"", ""Romance"", ""paranormal""]"
hardcover_372346,Vampire Hunter D,"Hideyuki Kikuchi, Yoshitaka Amano, Kevin Leahy",no,"[""Fantasy"", ""fantasy romance""]"
hardcover_373481,Gargantua and Pantagruel,"François Rabelais, M.A. Screech",id,"[""Fantasy"", ""fantasy romance""]"
hardcover_379684,Summer Sisters,Judy Blume,de,"[""Young Adult"", ""romance""]"
hardcover_428693,A Peculiar Peril,"Jeff VanderMeer, Raphael Corkhill",ro,"[""Fantasy""]"
hardcover_429808,Crewel Lye,Piers Anthony,cy,"[""Fantasy"", ""fantasy romance""]"
hardcover_429869,"Ogre, Ogre",Piers Anthony,no,"[""Fantasy"", ""fantasy romance""]"
hardcover_429937,Burnt Offerings,Robert Marasco,de,"[""Fantasy""]"
hardcover_432369,In Patagonia,"Bruce Chatwin, Nicholas Shakespeare",tl,"[""Adventure""]"
hardcover_433223,El médico,Noah Gordon,ca,"[""Fantasy""]"
hardcover_434451,Managing Oneself,Peter F. Drucker,tl,"[""Psychology""]"
hardcover_435139,Night Soldiers,Alan Furst,af,"[""Adventure""]"
hardcover_436084,Broken Stars,Ken Liu,sv,"[""Fantasy"", ""Sci-Fi""]"
hardcover_437627,I'll Never Tell,Catherine McKenzie,no,[]
hardcover_437862,Devil in Spring,Lisa Kleypas,nl,"[""Romance"", ""historical romance""]"
hardcover_438377,The Underwater Welder,"Jeff Lemire, Steve Wands",de,"[""Fantasy""]"
hardcover_438723,Mit Feuer geschrieben,"Marcus Sakey, Olaf Knechten",de,"[""Fantasy"", ""Sci-Fi""]"
hardcover_439017,"Naoki Urasawa's Monster, Volume 1: Herr Dr. Tenma","Naoki Urasawa, Satch Watanabe",de,"[""Graphic Novel""]"
hardcover_439620,Eiger Dreams: Ventures Among Men and Mountains,Jon Krakauer,de,"[""History"", ""Adventure"", ""Romance""]"
hardcover_439874,Culture and Imperialism,Edward W. Said,ro,"[""History""]"
hardcover_440645,Losing It,Cora Carmack,tl,"[""Romance""]"
hardcover_440964,Open Book,"Jessica Simpson, Kevin Carr O'Leary",nl,[]
hardcover_441708,Fin De Partie,Samuel Beckett,nl,[]
hardcover_441898,Julius Caesar,Suetonius,ca,"[""History""]"
hardcover_442219,"Look Homeward, Angel",Thomas Wolfe,af,"[""Young Adult""]"
hardcover_442773,Vernon Subutex 1,"Virginie Despentes, Frank Wynne",de,"[""Graphic Novel""]"
hardcover_444899,Distant Star,"Roberto Bolaño, Chris    Andrews",de,"[""History""]"
hardcover_445301,"Blue Exorcist, Vol. 1","Kazue Kato, John Werry",ca,"[""Fantasy""]"
hardcover_445972,Murder in LaMut,"Raymond E. Feist, Joel Rosenberg",de,"[""Fantasy"", ""fantasy romance""]"
hardcover_446018,White Gold Wielder,Stephen R. Donaldson,de,"[""Fantasy"", ""fantasy romance""]"
hardcover_446564,Rexus: Side Quest,Dakota Krout,fr,"[""Fantasy"", ""fantasy romance""]"
hardcover_446602,Dungeon Eternium,Dakota Krout,de,"[""Fantasy"", ""fantasy romance""]"
hardcover_447646,Baltasar and Blimunda,"José Saramago, Giovanni Pontiero",id,"[""Fantasy""]"
hardcover_447893,Train to Pakistan,"Khushwant Singh, Pramod Kapoor, Margaret Bourke-White",fi,[]
hardcover_447942,Changing Planes,"Ursula K. Le Guin, Eric Beddow",tl,"[""Fantasy"", ""Sci-Fi""]"
hardcover_448472,What Strange Paradise,Omar El Akkad,id,[]
hardcover_449167,Mister Miracle,"Tom King, Mitch Gerads",de,"[""Graphic Novel""]"
hardcover_449885,Fatale Volume 1,"Ed Brubaker, Sean Phillips, Dave Stewart",it,[]
hardcover_449998,Never Have I Ever,Isabel Yap,no,[]
hardcover_450718,We Are Satellites,Sarah Pinsker,de,"[""Sci-Fi""]"
hardcover_450733,Gold Diggers,Sanjena Sathian,da,[]
hardcover_454657,The Gender Game,Bella Forrest,de,"[""Fantasy"", ""Sci-Fi""]"
hardcover_455390,We Deserve Monuments,"Jas Hammonds, Tamika Katon-Donegal",nl,"[""Young Adult""]"
hardcover_456528,Fault Lines,"Emily Itami, Lydia Wilson",de,"[""Romance""]"
hardcover_458171,Stalking Darkness,Lynn Flewelling,no,"[""Fantasy""]"
hardcover_459193,Taming Demons for Beginners,"Annette Marie, Cris Dukehart",no,"[""Fantasy"", ""Romantasy""]"
hardcover_459301,Wild Sign,Patricia Briggs,de,"[""Fantasy""]"
hardcover_459303,Inside Out,"Maria V. Snyder, Sofia Engelsman",pt,"[""Sci-Fi"", ""sci-fi romance"", ""Romantasy""]"
hardcover_460541,A Hidden Fire,Elizabeth   Hunter,nl,"[""Fantasy""]"
hardcover_461308,Hello Stranger,Lisa Kleypas,no,"[""Romance"", ""historical romance""]"
hardcover_461382,Killman Creek,Rachel Caine,fi,"[""Mystery""]"
hardcover_463034,Servant Mage,Kate Elliott,nl,"[""Fantasy""]"
hardcover_463751,Eternal Reign,Caroline Peckham,de,"[""Fantasy"", ""Romance"", ""Young Adult"", ""Sci-Fi"", ""sci-fi romance"", ""Romantasy""]"
hardcover_468155,Terminal Alliance,"Jim C. Hines, Rebecca Mitchell",it,"[""Sci-Fi""]"
hardcover_468626,Monster Hunter Nemesis,Larry Correia,de,"[""Fantasy"", ""fantasy romance""]"
hardcover_468943,Monster Hunter Alpha,Larry Correia,de,"[""Fantasy"", ""fantasy romance""]"
hardcover_469341,Love & Luck,Jenna Evans Welch,cs,"[""Young Adult""]"
hardcover_480583,People Like Her,Ellery Lloyd,da,[]
hardcover_481888,"Horimiya, Vol. 1","Hero, Daisuke Hagiwara",tr,"[""Young Adult""]"
hardcover_482873,"Yes, Daddy",Jonathan Parks-Ramage,cy,[]
hardcover_483407,Unraveling Oliver,Liz Nugent,no,"[""Thriller"", ""romantic suspense""]"
hardcover_485197,Shadow Fall,Alexander Freed,so,"[""Sci-Fi""]"
hardcover_487813,Love Your Life,Sophie Kinsella,fr,"[""Romance""]"
hardcover_487980,Dark Tales,Shirley Jackson,tr,"[""Fantasy""]"
hardcover_489722,Torto Arado,Itamar Vieira Junior,pt,"[""Fantasy""]"
hardcover_491272,"Love, Creekwood",Becky Albertalli,nl,"[""Young Adult""]"
hardcover_4963,"One Piece, Vol. 29: Oratorio","Eiichiro Oda, HC Language Solutions, Megan Bates, Masumi Matsumoto, Eiichiro Oda, Eiichiro Oda",it,"[""Fantasy"", ""fantasy romance""]"
hardcover_498080,Savage Lover,Sophie Lark,no,"[""Romance""]"
hardcover_498081,Broken Vow,Sophie Lark,nl,"[""Romance""]"
hardcover_503762,Dear Wendy,Ann Zhao,de,"[""Young Adult"", ""Romance"", ""contemporary""]"
hardcover_503888,Begin Again,Emma Lord,id,"[""Young Adult"", ""romance""]"
hardcover_503906,Never Been Kissed,Timothy Janovsky,nl,"[""Young Adult""]"
hardcover_506319,Fallen in Love,Lauren Kate,nl,"[""Romance"", ""Romantasy""]"
hardcover_506323,Sugar Daddies,Jade West,af,[]
hardcover_508840,Steel Scars,Victoria Aveyard,nl,"[""Sci-Fi"", ""sci-fi romance"", ""Romantasy""]"
hardcover_510447,Sierra Six,"Mark Greaney, Jay Snyder",de,"[""Thriller""]"
hardcover_511645,Suburban Hell,Maureen Kilmer,id,"[""Fantasy""]"
hardcover_512315,One Of Our Kind,Nicola Yoon,de,"[""Sci-Fi""]"
hardcover_525849,Highest Bidder,Sara Cate,da,"[""Romance"", ""erotica""]"
hardcover_550421,"Blame!, Vol. 1",Tsutomu Nihei,ca,"[""Fantasy"", ""Sci-Fi""]"
hardcover_558815,Rebel Rising,Beth Revis,de,"[""Fantasy"", ""Sci-Fi""]"
hardcover_561998,Signal Moon,Kate Quinn,tl,[]
hardcover_565257,Chaos & Flame,"Justina Ireland, Tessa Gratton",pt,"[""Fantasy""]"
hardcover_567819,Sinister Magic,Lindsay Buroker,de,"[""Fantasy""]"
hardcover_568640,Less Is Lost,Andrew Sean Greer,fr,"[""Romance""]"
hardcover_571344,Fine Structure,qntm,ro,"[""Sci-Fi""]"
hardcover_57406,Feel Free: Essays,Zadie Smith,nl,"[""History""]"
hardcover_583972,Mutual Aid,Pyotr Kropotkin,ca,"[""History""]"
hardcover_584824,Black Paradox,Junji Itō,es,"[""Fantasy""]"
hardcover_584888,Berserk Deluxe Edition Volume 2,"Kentaro Miura, Jason DeAngelis, Duane Johnson",de,"[""Fantasy""]"
hardcover_585740,Ryan Rule,Sadie Kincaid,id,"[""Romance""]"
hardcover_587576,Fruiting Bodies: Stories,Kathryn  Harlan,af,"[""Fantasy""]"
hardcover_587664,Spider-Man: Blue,"Jeph Loeb, Tim Sale",de,"[""Graphic Novel""]"
hardcover_589807,"Witch Hat Atelier, Vol. 10","Kamome Shirahama, Stephen Kohler, Lys Blakeslee, Phil Balsman, Haruko Hashimoto, Kamome Shirahama",de,"[""Fantasy"", ""fantasy romance""]"
hardcover_589812,"Witch Hat Atelier, Vol. 11","Kamome Shirahama, Stephen Kohler, Lys Blakeslee, Haruko Hashimoto, Phil Balsman, Kamome Shirahama",de,"[""Fantasy"", ""fantasy romance""]"
hardcover_589813,"Witch Hat Atelier, Vol. 9","Kamome Shirahama, Stephen Kohler",de,"[""Fantasy"", ""fantasy romance""]"
hardcover_590742,Lunar Love,Lauren Kung Jessen,es,[]
hardcover_614235,Uncle Vanya,Anton Chekhov,ca,[]
hardcover_615269,Inside Out,Demi Moore,pt,[]
hardcover_617032,Between Us,Mhairi McFarlane,nl,"[""Romance""]"
hardcover_622058,Barbarian's Taming,Ruby Dixon,id,"[""Fantasy"", ""Sci-Fi""]"
hardcover_627302,"One Piece, Vol. 27: Overture","Eiichiro Oda, JN Productions, Lance Caselman, Eiichiro Oda, Eiichiro Oda",ro,"[""Adventure"", ""Graphic Novel"", ""Fantasy"", ""fantasy romance""]"
hardcover_629006,Full Tilt,Emma Scott,it,"[""Young Adult"", ""romance""]"
hardcover_636544,Signal Fires,Dani Shapiro,it,[]
hardcover_646486,Noob Game Plus,Ryan Rimmel,et,"[""Fantasy""]"
hardcover_651377,Small Miracles,Olivia Atwater,ca,"[""Fantasy""]"
hardcover_653433,Frendo Lives,Adam Cesare,pt,"[""Young Adult""]"
hardcover_681073,"Fire Punch, Vol. 1","Tatsuki Fujimoto, Christine Dashiell",de,"[""Graphic Novel"", ""Sci-Fi""]"
hardcover_681174,"Jujutsu Kaisen, Vol. 9",Gege Akutami,et,"[""Fantasy""]"
hardcover_681292,"One Piece, Vol. 54: Unstoppable","Eiichiro Oda, Eiichiro Oda, Eiichiro Oda, Laabaman, HC Language Solutions, Yuki Murashige, Alexis Kirsch, John Bae",fr,"[""Fantasy"", ""fantasy romance""]"
hardcover_681298,"One Piece, Vol. 42: Pirates vs. CP9","Eiichiro Oda, JN Productions, Jason Thompson, Alexis Kirsch, Eiichiro Oda, Eiichiro Oda",fr,"[""Fantasy"", ""fantasy romance""]"
hardcover_681304,"One Piece, Vol. 37: Tom","Eiichiro Oda, HC Language Solutions, Taylor Eagle, Jake Forbes, Megan Bates, Eiichiro Oda, Eiichiro Oda",ro,"[""Fantasy"", ""fantasy romance""]"
hardcover_681309,"One Piece, Vol. 30: Capriccio","Eiichiro Oda, HC Language Solutions, Megan Bates, Masumi Matsumoto, Eiichiro Oda, Eiichiro Oda",it,"[""Fantasy"", ""fantasy romance""]"
hardcover_701007,"Jujutsu Kaisen, Vol. 6",Gege Akutami,et,"[""Fantasy""]"
hardcover_701083,"Jujutsu Kaisen, Vol. 5","Gege Akutami, Carlos Mingo, Irene Tellería",et,"[""Fantasy""]"
hardcover_723217,"Someday, Maybe",Onyi Nwabineli,so,[]
hardcover_730315,"Saga, Compendium One","Brian K. Vaughan, Fiona Staples",pt,"[""Fantasy"", ""Sci-Fi""]"
hardcover_735536,Suddenly a Murder,Lauren Muñoz,cy,[]
hardcover_742447,Black Butterflies,Priscilla Morris,de,"[""Literary Fiction""]"
hardcover_763195,Vespers Rising,"Rick Riordan, Peter Lerangis, Gordon Korman, Jude Watson",af,"[""Fantasy""]"
hardcover_78584,Back Spin,"Harlan Coben, Jonathan Marosz",de,"[""Thriller"", ""Mystery"", ""crime""]"
hardcover_791977,Lucky Red,Claudia Cravens,cs,"[""Historical Fiction"", ""Western"", ""Romance"", ""historical""]"
hardcover_799921,Winter's Gifts,Ben Aaronovitch,de,"[""Fantasy"", ""Mystery"", ""crime""]"
hardcover_81052,Dark Water,Kōji Suzuki,de,"[""Fantasy""]"
hardcover_817491,Pucking Wild,Emily Rath,de,"[""Romance""]"
hardcover_817545,Broken Whispers,Neva Altaj,nl,"[""Romance""]"
hardcover_822816,Dark Triumph,Robin LaFevers,id,"[""Fantasy"", ""Romantasy""]"
hardcover_880031,Machine Vendetta,Alastair Reynolds,de,"[""Sci-Fi""]"
hardcover_908349,"Jujutsu Kaisen, Vol. 17",Gege Akutami,et,"[""Fantasy""]"
hardcover_908350,"Jujutsu Kaisen, Vol. 16",Gege Akutami,et,"[""Fantasy""]"
hardcover_908352,"Jujutsu Kaisen, Vol. 14",Gege Akutami,et,"[""Fantasy""]"
hardcover_908353,"Jujutsu Kaisen, Vol. 13",Gege Akutami,et,"[""Fantasy""]"
hardcover_908355,"Jujutsu Kaisen, Vol. 11",Gege Akutami,et,"[""Fantasy""]"
hardcover_931599,"Jujutsu Kaisen, Vol. 10",Gege Akutami,et,"[""Fantasy""]"
hardcover_931644,"Jujutsu Kaisen, Vol. 22",Gege Akutami,et,"[""Fantasy""]"
hardcover_965784,At First Spite,Olivia Dade,de,"[""romance""]"
hardcover_995214,Vox Machina: Kith & Kin,"Marieke Nijkamp, Critical Role",sw,"[""Fantasy"", ""fantasy romance""]"
hardcover_106022,Historischer Atlas von Mittelerde,Karen Wynn Fonstad,de,"[""Fantasy""]"
hardcover_1061557,Poor Deer,Claire Oshetsky,nl,"[""Fantasy""]"
hardcover_1100007,Tout le bleu du ciel,Mélissa Da Costa,fr,[]
hardcover_1134081,Sweet Nightmare,Tracy Wolff,af,"[""Fantasy""]"
hardcover_1147697,Best Hex Ever,Nadia El-Fassi,de,"[""Fantasy"", ""Romantasy""]"
hardcover_1152479,"Dandadan, Vol. 2","Yukinobu Tatsu, Kumar Sivasubramanian",id,"[""Young Adult"", ""Adventure"", ""Fantasy"", ""Graphic Novel"", ""Sci-Fi"", ""Romance"", ""paranormal""]"
hardcover_1192682,Haunt Sweet Home,Sarah Pinsker,nl,"[""Fantasy""]"
hardcover_1204816,Bad Habit,"Alana S. Portero, Mara Faye Lethem",so,[]
hardcover_1226624,Forge Master,Seth Ring,no,"[""Fantasy"", ""fantasy romance""]"
hardcover_1291,Eragon & Eldest,Christopher Paolini,ca,"[""Fantasy""]"
hardcover_136583,Mr. Murder,Dean Koontz,de,"[""Fantasy"", ""Mystery"", ""crime""]"
hardcover_1427064,When We Were Real,Daryl Gregory,de,"[""Sci-Fi""]"
hardcover_1461055,To Die For,David Baldacci,de,"[""Thriller""]"
hardcover_1509423,Constituent Service,John Scalzi,fr,"[""Sci-Fi""]"
hardcover_1547258,Sleep Donation,Karen Russell,nl,"[""Fantasy"", ""Sci-Fi""]"
hardcover_156874,Firestar's Quest,Erin Hunter,fr,"[""Fantasy""]"
hardcover_157057,Murder is Binding,Lorna Barrett,de,"[""Mystery""]"
hardcover_1576138,Hell's Wardens,pirateaba,sv,"[""Fantasy""]"
hardcover_158737,Annie John,Jamaica Kincaid,de,"[""Young Adult""]"
hardcover_1588452,Volatile Memory,Seth Haddon,it,"[""Fantasy"", ""Sci-Fi""]"
hardcover_1624454,"Oathbringer, Part 1",Brandon Sanderson,de,"[""Fantasy""]"
hardcover_1673635,"Open, Heaven",Seán Hewitt,nl,[]
hardcover_1710976,Black Flame,Gretchen Felker-Martin,sv,[]
hardcover_1714111,Strangers in Time,David Baldacci,de,"[""Historical Fiction"", ""Adventure"", ""Romance"", ""historical""]"
hardcover_1758372,Ladies in Hating,Alexandra Vasti,af,[]
hardcover_1807804,Cello's Gate,Maurice Africh,it,"[""Fantasy""]"
hardcover_181594,Girl Meets Boy,Ali Smith,nl,"[""Fantasy"", ""Romantasy""]"
hardcover_1879363,Bee Speaker,Adrian Tchaikovsky,nl,"[""Sci-Fi""]"
hardcover_1886438,Original Sin,"Jake Tapper, Alex Thompson",tl,[]
hardcover_1894526,A Stage Set for Villains,Shannon J. Spann,da,"[""Fantasy""]"
hardcover_198679,Santa Olivia,Jacqueline Carey,it,"[""Fantasy"", ""Sci-Fi""]"
hardcover_2039317,Broken Dove,Dani Francis,nl,"[""Fantasy"", ""Sci-Fi""]"
hardcover_2049031,Space Vampire,Ruby Dixon,ro,"[""Fantasy"", ""Romantasy""]"
hardcover_217209,A Winter Haunting,"Dan Simmons, Bronson Pinchot",de,"[""Fantasy""]"
hardcover_22245,SuperMutant Magic Academy,Jillian Tamaki,ca,"[""Fantasy"", ""fantasy romance""]"
hardcover_223563,Space Cadet,Robert A. Heinlein,ro,"[""Fantasy"", ""Sci-Fi""]"
hardcover_223728,Månen tur och retur Del 1,"Hergé, Björn Wahlberg",sv,"[""Fantasy"", ""Sci-Fi""]"
hardcover_226633,Trojan Odyssey,Clive Cussler,fi,"[""Thriller""]"
hardcover_2327396,BLAME! MASTER EDITION 1,"Tsutomu Nihei, Melissa Tanaka",de,"[""Graphic Novel"", ""Sci-Fi""]"
hardcover_23461,Calico Joe,John Grisham,pt,"[""Young Adult"", ""Romance""]"
hardcover_252847,True Blue,David Baldacci,fr,"[""Mystery"", ""crime""]"
hardcover_258652,Being There,Jerzy Kosiński,de,"[""Fantasy""]"
hardcover_26945,Murder Must Advertise,"Dorothy L. Sayers, John Franklin-Robbins",de,"[""Mystery"", ""crime""]"
hardcover_27304,Codependent No More & Beyond Codependency,Melody Beattie,nl,"[""Self-Help""]"
hardcover_278961,"Assassins: Assignment Jerusalem, Target Antichrist","Tim LaHaye, Jerry B. Jenkins",de,"[""Fantasy"", ""Sci-Fi""]"
hardcover_285355,Cari Mora,Thomas Harris,ro,"[""Thriller""]"
hardcover_288449,Ayoade on Ayoade,Richard Ayoade,tl,[]
hardcover_290331,Burning For Revenge,John Marsden,da,"[""Fantasy"", ""Sci-Fi""]"
hardcover_292057,When Did You See Her Last?,Lemony Snicket,de,"[""Fantasy""]"
hardcover_293251,Enna Burning,Shannon Hale,sv,"[""Fantasy""]"
hardcover_316444,"Compilers: Principles, Techniques and Tools","Alfred V. Aho, Ravi Sethi, Jeffrey D. Ullman",fr,[]
hardcover_319995,Bad Blood,John Sandford,so,"[""Thriller""]"
hardcover_323437,Solar Lottery,Philip K. Dick,sv,"[""Sci-Fi""]"
hardcover_32458,Postcapitalism: A Guide to Our Future,Paul Mason,pt,"[""History""]"
hardcover_336434,Better Off Friends,Elizabeth Eulberg,de,"[""Young Adult""]"
hardcover_341364,When We Were Very Young,"Ernest H. Shepard, A.A. Milne",de,"[""Fantasy""]"
hardcover_342409,"Saga, Book Two","Brian K. Vaughan, Fiona Staples",tl,"[""Fantasy"", ""Sci-Fi""]"
hardcover_344031,Nobody Knows My Name,"James Baldwin, Richard Wright, Norman Mailer",pl,[]
hardcover_375490,Gods and Generals,Jeff Shaara,de,"[""History""]"
hardcover_377101,Shadow Souls,L. J. Smith,so,"[""Young Adult"", ""romance"", ""Romantasy""]"
hardcover_37714,Dark Desires After Dusk,Kresley Cole,af,"[""Romance"", ""paranormal romance"", ""Romantasy""]"
hardcover_377894,Skin Folk,"Nalo Hopkinson, Bahni Turpin",no,"[""Fantasy""]"
hardcover_380292,Fortune Smiles,Johnson Adam,fr,"[""Sci-Fi""]"
hardcover_382751,Deep Blue,Jennifer Donnelly,nl,"[""Fantasy""]"
hardcover_384247,Malcolm X,Manning Marable,it,"[""Biography & Memoir""]"
hardcover_427976,Run Program,Scott Meyer,id,"[""Fantasy""]"
hardcover_429867,Heaven Cent,Piers Anthony,nl,"[""Fantasy""]"
hardcover_430061,Pretend I'm Dead,Jen Beagin,da,[]
hardcover_430857,Subtle Blood,KJ Charles,et,"[""Adventure""]"
hardcover_431231,Golden Hill,Francis Spufford,da,"[""Historical Fiction""]"
hardcover_431451,Alone in Berlin,"Hans Fallada, Michael Hofmann, Geoff Wilkes",de,"[""Historical Fiction""]"
hardcover_433052,Gender Outlaw,Kate Bornstein,de,"[""Biography & Memoir""]"
hardcover_433246,Solve for Happy,Mo Gawdat,no,[]
hardcover_433322,Last Tang Standing,Lauren Ho,tl,[]
hardcover_433783,My Monticello,Jocelyn Nicole Johnson,it,[]
hardcover_434805,Dr. Strange Beard,Penny Reid,de,"[""Romance""]"
hardcover_435016,In Farleigh Field,Rhys Bowen,de,"[""Thriller""]"
hardcover_437432,Let Me Lie,Clare Mackintosh,fr,"[""Thriller""]"
hardcover_437750,Dark Reunion,L. J. Smith,de,"[""Fantasy"", ""Romantasy""]"
hardcover_438816,Galaxy Outlaws,"J.S. Morin, Mikael Naramore",so,"[""Fantasy"", ""Sci-Fi""]"
hardcover_439372,An Excess Male,Maggie Shen King,ca,"[""Fantasy"", ""Sci-Fi""]"
hardcover_440291,Sushi for Beginners,Marian Keyes,no,"[""Romance""]"
hardcover_440500,Frozen Heat,Richard Castle,nl,"[""Mystery"", ""romantic suspense""]"
hardcover_441744,Les Chants de Maldoror,Comte de Lautréamont,ca,"[""Fantasy""]"
hardcover_444171,Feral Creatures,Kira Jane Buxton,ro,"[""Fantasy"", ""Sci-Fi""]"
hardcover_445290,"Kimi ni Todoke: From Me to You, Vol. 1","Karuho Shiina, Tomo Kimura",hr,"[""Young Adult"", ""romance""]"
hardcover_445678,Planet Adyn,M.L. Wang,cy,"[""Fantasy""]"
hardcover_446858,Archangel One,Evan Currie,de,"[""Sci-Fi""]"
hardcover_446877,Alien Arcana,Glynn Stewart,es,"[""Sci-Fi""]"
hardcover_446965,Ark Royal,Christopher G. Nuttall,tr,"[""Sci-Fi""]"
hardcover_447275,Eleven Rings,Phil Jackson,da,"[""Biography & Memoir""]"
hardcover_447618,Closing Time,Joseph Heller,tl,"[""History""]"
hardcover_448139,Black Girls Must Die Exhausted,Jayne Allen,de,[]
hardcover_448242,We Contain Multitudes,Sarah Henstra,fr,"[""Young Adult"", ""romance""]"
hardcover_448245,"your name. (Manga), Vol. 1","Makoto Shinkai, Ranmaru Kotone",tl,"[""Fantasy"", ""Romantasy""]"
hardcover_448771,Doors of Sleep,Tim Pratt,af,[]
hardcover_449385,Summer Bird Blue,Akemi Dawn Bowman,de,"[""Young Adult""]"
hardcover_449747,Deaf Republic,Ilya Kaminsky,ro,"[""Poetry""]"
hardcover_450157,"Descender, Vol. 3: Singularities","Jeff Lemire, Dustin Nguyen",de,"[""Sci-Fi""]"
hardcover_450294,Heavy Vinyl: Y2K-O!,"Carly Usdin, Nina Vakueva",cs,[]
hardcover_45209,Noli Me Tángere,"José Rizal, Harold Augenbraum",no,"[""Young Adult"", ""romance""]"
hardcover_452847,On Fragile Waves,E. Lily Yu,fr,"[""Fantasy""]"
hardcover_454682,You Better Be Lightning,Andrea Gibson,no,"[""Poetry""]"
hardcover_455666,"BRZRKR, Volume 1","Keanu Reeves, Matt Kindt, Ron Garney, Bill Crabtree, Clem Robins, Rafael Grampá",ro,"[""Sci-Fi""]"
hardcover_458511,Golden Prey,John Sandford,da,"[""Mystery"", ""crime""]"
hardcover_459046,Dark State,Charles Stross,de,"[""Sci-Fi""]"
hardcover_459421,Mercy Blade,Faith Hunter,cy,"[""Fantasy""]"
hardcover_459423,Grave Dance,Kalayna Price,fr,"[""Fantasy"", ""Romantasy""]"
hardcover_459836,Dream Dark,"Kami Garcia, Margaret Stohl",de,[]
hardcover_460256,Murder at the Kinnen Hotel,Brian McClellan,de,"[""Fantasy""]"
hardcover_461088,Spider's Revenge,Jennifer Estep,da,"[""Fantasy"", ""Romantasy""]"
hardcover_461482,Dawn Study,Maria V. Snyder,cy,"[""Fantasy""]"
hardcover_461579,Akata Woman,Nnedi Okorafor,sw,"[""Fantasy""]"
hardcover_463561,Fair Play,"Tove Jansson, Thomas Teal, Ali Smith",tr,[]
hardcover_463706,Lore & Lust,Karla Nikole,fr,[]
hardcover_463843,Mage Errant (Books 1-2),John Bierce,nl,"[""Fantasy""]"
hardcover_464050,Seeing Voices,Oliver Sacks,de,"[""History""]"
hardcover_464915,"Chobits, Vol. 1",CLAMP,ca,"[""Fantasy""]"
hardcover_465366,Meet Cute Club,"Jack Harbon, Brent Billings",nl,[]
hardcover_465450,Superman: Dawnbreaker,Matt de la Peña,id,"[""Sci-Fi""]"
hardcover_467382,Moshi Moshi,"Banana Yoshimoto, Asa Yoneda",sw,[]
hardcover_467661,Cast Under an Alien Sun,Olan Thorensen,de,"[""Fantasy"", ""Sci-Fi""]"
hardcover_467745,Tyrannosaur Canyon,Douglas Preston,cy,"[""Fantasy""]"
hardcover_468243,Monster Hunter Siege,"Larry Correia, Oliver Wyman",de,"[""Sci-Fi"", ""Fantasy"", ""Horror"", ""Adventure"", ""Romance"", ""paranormal""]"
hardcover_470435,Alien III,William Gibson,de,"[""Sci-Fi""]"
hardcover_470980,Devil in Disguise,Lisa Kleypas,af,"[""Romance"", ""historical romance""]"
hardcover_471018,Dear Enemy,Kristen Callihan,da,[]
hardcover_471393,Damaged Like Us,"Krista Ritchie, Becca Ritchie",da,"[""Romance""]"
hardcover_474433,Full Brutal,Kristopher Triana,it,[]
hardcover_477150,Hide & Seek,Ian Rankin,nl,"[""Children's""]"
hardcover_478609,Berlin Game,Len Deighton,de,"[""Adventure""]"
hardcover_480588,An Honest Lie,"Tarryn Fisher, Lauren Fortgang",de,[]
hardcover_481374,Silent Prey,John Sandford,de,"[""Mystery""]"
hardcover_482065,Clarissa Oakes,Patrick O'Brian,fi,"[""Adventure""]"
hardcover_482183,Jakob von Gunten,"Robert Walser, Christopher Middleton",de,[]
hardcover_482742,Messengers Legacy,Peter V. Brett,de,"[""Fantasy"", ""fantasy romance""]"
hardcover_484487,After Steve,"Tripp Mickle, Will Damron",da,"[""Biography & Memoir""]"
hardcover_484863,Russian Roulette,Anthony Horowitz,fi,"[""Young Adult""]"
hardcover_485316,Lieutenant Hornblower,C.S. Forester,de,"[""Adventure""]"
hardcover_485529,Hell Island,"Matthew Reilly, Sean Mangan",sv,"[""Adventure""]"
hardcover_485643,Phénoménologie de la perception,Maurice Merleau-Ponty,fr,"[""Psychology""]"
hardcover_492150,"Buddha, Vol. 1: Kapilavastu",Osamu Tezuka,et,"[""Graphic Novel""]"
hardcover_502524,Three Sisters,Heather   Morris,de,"[""History""]"
hardcover_503927,Golden Boys,Phil Stamper,da,"[""Young Adult""]"
hardcover_503965,Kiss & Tell,Adib Khorram,de,"[""Young Adult""]"
hardcover_504030,Real Men Knit,Kwana Jackson,de,[]
hardcover_505535,Gentlemen Prefer Blondes,"Anita Loos, Jenny McPhee",de,"[""Romance""]"
hardcover_510339,Well Traveled,Jen DeLuca,no,[]
hardcover_510388,The Murder Rule,Dervla  McTiernan,de,[]
hardcover_511237,Moon Tiger,Penelope Lively,nl,"[""History""]"
hardcover_511689,Hawk Mountain,Conner Habib,id,"[""crime""]"
hardcover_513581,Hollywood Babylon,Kenneth Anger,cy,"[""Biography & Memoir""]"
hardcover_514708,Like a Sister,Kellye Garrett,de,[]
hardcover_515328,Reluctant Immortals,Gwendolyn Kiste,ca,"[""Fantasy""]"
hardcover_517540,Line Between A Novel,Tosca Lee,nl,"[""Fantasy"", ""Sci-Fi""]"
hardcover_517895,El inmoralista,André Gide,es,[]
hardcover_524944,Passenger 23,"Sebastian Fitzek, Jamie Bulloch",de,"[""Mystery"", ""crime""]"
hardcover_524982,Win Lose Kill Die,Cynthia Murphy,de,"[""Young Adult""]"
hardcover_525831,Wild Lands,Stacey Marie Brown,de,"[""Fantasy"", ""Young Adult"", ""Adventure"", ""Sci-Fi""]"
hardcover_526051,Steel King,Devney Perry,af,"[""Fantasy""]"
hardcover_526470,"My Hero Academia, Vol. 9",Kohei Horikoshi,es,"[""Fantasy""]"
hardcover_526473,"My Hero Academia, Vol. 8: Yaoyorozu Rising","Kohei Horikoshi, 堀越耕平",es,"[""Fantasy""]"
hardcover_527438,Sweet Berries,C.M. Nascosta,af,"[""Romance"", ""Fantasy""]"
hardcover_527986,Novecento. Un monologo,Alessandro Baricco,it,[]
hardcover_529368,Gifting Me To His Best Friend,Katee Robert,de,"[""romance""]"
hardcover_536593,Sole Survivor,Dean Koontz,hr,"[""Fantasy"", ""Mystery"", ""crime""]"
hardcover_547001,Braking Day,Adam Oyebanji,tl,"[""Sci-Fi""]"
hardcover_550875,Last Violent Call,Chloe Gong,fr,"[""Fantasy""]"
hardcover_552208,Inferno Squad,Christie Golden,pt,"[""Fantasy"", ""Sci-Fi""]"
hardcover_552400,A Gambling Man,David Baldacci,tl,"[""Thriller""]"
hardcover_558935,La Celestina,"Fernando de Rojas, Eduardo Alonso",fr,[]
hardcover_559502,Under Her Care,Lucinda Berry,de,[]
hardcover_565426,"Rhythm, Chord & Malykhin","Mariana Zapata, Carly Robins",cy,[]
hardcover_581847,Forever After All,Catharina Maura,da,"[""Romance""]"
hardcover_584086,Big Panda and Tiny Dragon,"James Norbury, Insight Editions",tl,"[""Fantasy""]"
hardcover_584756,Skeleton Song,Seanan McGuire,no,"[""Fantasy""]"
hardcover_584821,"PTSD Radio, Vol. 1",Masaaki Nakayama,it,"[""Horror""]"
hardcover_585002,Mom & Me & Mom,Dr Maya Angelou,pt,[]
hardcover_585207,O Caledonia,"Elspeth Barker, Maggie O'Farrell",pt,"[""Young Adult""]"
hardcover_588006,Still Born,"Guadalupe Nettel, Rosalind Harvey",sv,[]
hardcover_591108,Sexual personae,Camille Paglia,ca,"[""History""]"
hardcover_594417,Tempest Runner,Cavan Scott,no,"[""Sci-Fi""]"
hardcover_599946,Indigenous Continent,Pekka Hämäläinen,nl,"[""History""]"
hardcover_610936,O Cortiço,"Aluísio Azevedo, Carlos Clemen",pt,[]
hardcover_621754,Mr. Masters,T.L. Swan,de,"[""Romance""]"
hardcover_622054,Barbarian's Hope,Ruby Dixon,id,"[""Fantasy"", ""Sci-Fi""]"
hardcover_625087,"Fables, Vol. 15: Rose Red","Bill Willingham, Mark Buckingham, Steve Leialoha, Inaki Miranda, Andrew Pepoy, Dan           Green",es,"[""Graphic Novel""]"
hardcover_628549,Tudo é rio,Carla Madeira,pt,[]
hardcover_637920,"Home, Siege Home",Eric Ugland,de,"[""Fantasy""]"
hardcover_641699,And Shall Machines Surrender,Benjanun Sriduangkaew,de,"[""Sci-Fi""]"
hardcover_663661,"Love, Pamela",Pamela Anderson,sl,"[""Biography & Memoir""]"
hardcover_665457,Berserk Deluxe Edition Volume 4,"Kentaro Miura, Duane Johnson",de,"[""Fantasy""]"
hardcover_665471,Berserk Deluxe Edition Volume 3,"Kentaro Miura, Duane Johnson",de,"[""Fantasy""]"
hardcover_668439,I'm Traveling Alone,Samuel Bjørk,no,"[""Mystery"", ""crime""]"
hardcover_681269,"One Piece, Vol. 80: Opening Speech","Eiichiro Oda, Eiichiro Oda, Eiichiro Oda, Stephen Paul, Alexis Kirsch",nl,"[""Fantasy"", ""fantasy romance""]"
hardcover_681271,"One Piece, Vol. 77: Smile","Eiichiro Oda, Eiichiro Oda, Eiichiro Oda, Stephen Paul, Alexis Kirsch",ro,"[""Fantasy"", ""fantasy romance""]"
hardcover_681273,"One Piece, Vol. 69: S.A.D.","Eiichiro Oda, Eiichiro Oda, Eiichiro Oda, Stephen Paul, Alexis Kirsch",ro,"[""Fantasy"", ""fantasy romance""]"
hardcover_681275,"One Piece, Vol. 70: Enter Doflamingo","Eiichiro Oda, Eiichiro Oda, Eiichiro Oda, Stephen Paul, Alexis Kirsch",de,"[""Fantasy"", ""fantasy romance""]"
hardcover_681284,"One Piece, Vol. 68: Pirate Alliance","Eiichiro Oda, Eiichiro Oda, Eiichiro Oda, Stephen Paul, Alexis Kirsch",it,"[""Fantasy"", ""fantasy romance""]"
hardcover_692915,"One Piece, Vol. 79: Lucy!!","Eiichiro Oda, Eiichiro Oda, Eiichiro Oda, Stephen Paul, Alexis Kirsch",pl,"[""Fantasy"", ""fantasy romance""]"
hardcover_701088,"Jujutsu Kaisen, Vol. 2",Gege Akutami,et,"[""Fantasy""]"
hardcover_711592,Star Wars: Padawan,Kiersten White,id,"[""Sci-Fi""]"
hardcover_722503,Roma soy yo: La verdadera historia de Julio César,Santiago Posteguillo,es,"[""Historical Fiction""]"
hardcover_735556,Bitter Medicine,Mia Tsai,it,"[""Fantasy"", ""Romantasy""]"
hardcover_74777,Rien ne s'oppose à la nuit,Delphine de Vigan,fr,[]
hardcover_75586,Er ist wieder da,Timur Vermes,de,"[""Sci-Fi""]"
hardcover_775295,Carmilla and Laura,S D Simper,it,"[""Fantasy""]"
hardcover_78416,Strangers in Death,J.D. Robb,de,"[""Mystery"", ""romantic suspense"", ""Romantasy""]"
hardcover_791289,Head Like a Hole,Andrew Van Wey,et,"[""Horror""]"
hardcover_793327,"Deadman Wonderland, Vol. 1","Jinsei Kataoka, Kazuma Kondou",nl,"[""Fantasy"", ""Sci-Fi""]"
hardcover_806456,Shubeik Lubeik,Deena Mohamed,de,"[""Fantasy""]"
hardcover_809074,Western Lane,Chetna Maroo,de,[]
hardcover_843607,Give Me Butterflies,Jillian Meadows,de,"[""Romance""]"
hardcover_847768,Misguided Angel,Melissa De La Cruz,af,"[""Fantasy"", ""fantasy romance""]"
hardcover_892272,All Her Fault,Andrea Mara,de,"[""Thriller"", ""Mystery"", ""crime""]"
hardcover_908347,"Jujutsu Kaisen, Vol. 20",Gege Akutami,et,"[""Fantasy""]"
hardcover_936504,America Fantastica,Tim O'Brien,it,"[""Adventure""]"
hardcover_1004093,Carta de una desconocida,Stefan Zweig,es,[]
hardcover_10045,Floating Dragon,Peter Straub,tl,"[""Fantasy""]"
hardcover_1010076,Murder and Mamon,Mia P. Manansala,de,"[""Mystery"", ""Thriller"", ""Romance"", ""contemporary""]"
hardcover_1024755,"My Happy Marriage (Manga) , Vol. 1","Akumi Agitogi, Rito Kohsaka",tl,"[""Fantasy""]"
hardcover_1084085,Kill Her Twice,Stacey Lee,de,"[""Young Adult""]"
hardcover_1113081,Earls Trip,Jenny Holiday,ca,"[""Romance"", ""historical romance""]"
hardcover_1113889,Desire or Defense,"Leah Brunner, Dane Anderson, Alex Picard",no,"[""Romance""]"
hardcover_1131293,Rune Seeker,"J.M. Clarke, C.J. Thompson",af,"[""Fantasy""]"
hardcover_1152471,"Dandadan, Vol. 4","Yukinobu Tatsu, Kumar Sivasubramanian",id,"[""Young Adult""]"
hardcover_1152480,"Dandadan, Vol. 3","Yukinobu Tatsu, Kumar Sivasubramanian",id,"[""Young Adult"", ""Adventure"", ""Sci-Fi"", ""Graphic Novel"", ""Fantasy"", ""Romance"", ""paranormal""]"
hardcover_1183734,Better Than Before,Lynn Painter,no,"[""Young Adult""]"
hardcover_1185168,Anyone's Ghost,August Thompson,tl,"[""Literary Fiction"", ""romance""]"
hardcover_119395,Montana Sky,Nora Roberts,tl,"[""Romance""]"
hardcover_1194233,Sister Snake,Amanda Lee   Koe,de,"[""Fantasy""]"
hardcover_1199728,"Jujutsu Kaisen, Vol. 24",Gege Akutami,et,"[""Fantasy""]"
hardcover_1238567,Henry Henry,Allen Bratton,nl,"[""Literary Fiction"", ""romance""]"
hardcover_1254829,Looking for Smoke,K.A. Cobell,no,"[""Young Adult""]"
hardcover_126768,Ramona Forever,"Beverly Cleary, Alan Tiegreen",pt,"[""Young Adult""]"
hardcover_1268106,Seeing Red,Bailey Hannah,de,"[""Romance""]"
hardcover_1293232,Deep Black,Miles  Cameron,nl,"[""Fantasy"", ""Sci-Fi""]"
hardcover_1371791,"Kagurabachi, Vol. 1","Takeru Hokazono, Camellia Nieh",sw,"[""Fantasy""]"
hardcover_1392179,Shred Sisters,Betsy Lerner,de,[]
hardcover_1446543,Murder at Gulls Nest,Jess Kidd,de,[]
hardcover_1447517,Pumpkin Spice & Poltergeist,"Ali K. Mulford, K. Elle Morrison",de,"[""Fantasy"", ""Romantasy""]"
hardcover_1451509,Pit Fighter,Plum Parrot,de,"[""Fantasy"", ""fantasy romance""]"
hardcover_1460012,Under Your Spell,Laura  Wood,de,[]
hardcover_1462158,"Fables, Vol. 2: Animal Farm","Bill Willingham, Mark Buckingham",ca,"[""Fantasy""]"
hardcover_1465279,Bog Standard Isekai: Scarred,"Miles English, Johnathan McClain",id,"[""Fantasy""]"
hardcover_15092,Lust & Wonder,Augusten Burroughs,de,"[""Biography & Memoir""]"
hardcover_157345,Against All Enemies,"Tom Clancy, Peter Telep",fr,"[""Adventure"", ""Thriller"", ""Mystery"", ""crime""]"
hardcover_1576904,Flirting Lessons,Jasmine Guillory,fr,"[""Romance""]"
hardcover_1603206,Dear Reader,Tate James,de,[]
hardcover_1644634,My Name Is Emilia del Valle,"Isabel Allende, Frances Riddle",ca,"[""Historical Fiction""]"
hardcover_1686202,Light Wielder,Rachel   Schneider,de,"[""Fantasy""]"
hardcover_169517,All Marketers Are Liars,Seth Godin,sv,"[""Business & Economics""]"
hardcover_1824634,You Belong Here,Megan Miranda,nl,"[""crime""]"
hardcover_1828276,Dark Sisters,Kristi DeMeester,de,"[""Fantasy""]"
hardcover_1905993,Crafting for Sinners,J.L. Kiefer,no,[]
hardcover_203924,Every good endeavor,Timothy J. Keller,af,"[""History""]"
hardcover_2049032,Beautiful Nightmare,Katee Robert,ro,"[""Fantasy""]"
hardcover_2073787,Making Space,R.F. Kuang,tl,"[""Sci-Fi""]"
hardcover_2102201,A Darker Shore: Letters from Ketterdam,"Leigh Bardugo, E.K. Belsher",no,"[""Fantasy""]"
hardcover_2191318,Murder Bimbo,Rebecca Novack,de,[]
hardcover_222278,"Skip Beat!, Vol. 1","Yoshiki Nakamura, Tomo Kimura",af,"[""Fantasy"", ""Romantasy""]"
hardcover_223703,Half Asleep in Frog Pajamas,Tom Robbins,af,"[""Fantasy""]"
hardcover_226372,Coyote Horizon,Allen M. Steele,es,"[""Adventure""]"
hardcover_229658,To Ride Pegasus,Anne McCaffrey,et,"[""Sci-Fi""]"
hardcover_24650,"Paradise Kiss, Vol. 1",Ai Yazawa,et,"[""Young Adult"", ""romance""]"
hardcover_255088,Captains Courageous,"Rudyard Kipling, John Seelye",fr,[]
hardcover_261778,"Drums, Girls & Dangerous Pie",Jordan Sonnenblick,de,"[""Young Adult""]"
hardcover_275862,Splinter Cell,"Tom Clancy, David  Michaels, Raymond Benson",it,"[""Fantasy"", ""Adventure"", ""Sci-Fi"", ""Thriller"", ""Mystery"", ""crime""]"
hardcover_27697,Big Machine,Victor LaValle,de,"[""Fantasy""]"
hardcover_283642,Netochka Nezvanova,"Fyodor Dostoevsky, Jane Kentish",sk,[]
hardcover_286846,"Archie, Vol. 1","Mark Waid, Fiona Staples",de,"[""Young Adult""]"
hardcover_300451,Spider's Web,"Agatha Christie, Charles Osborne",de,"[""Mystery""]"
hardcover_315726,Power Down,Ben Coes,pl,"[""Adventure""]"
hardcover_322594,Sulphuric Acid,Amélie Nothomb,ro,"[""Sci-Fi""]"
hardcover_331376,Devil's Bride,Stephanie Laurens,nl,"[""Romance"", ""historical romance""]"
hardcover_333500,Sweet Little Lies,Caz Frear,af,"[""Mystery"", ""crime""]"
hardcover_333978,Blonde Roots,Bernardine Evaristo,nl,"[""Fantasy"", ""Sci-Fi""]"
hardcover_335948,Mind Games,Carolyn Crane,de,"[""Fantasy"", ""Romantasy""]"
hardcover_337817,Fatal Revenant,Stephen R. Donaldson,it,"[""Fantasy""]"
hardcover_340834,Love You More,Lisa Gardner,fr,"[""Mystery"", ""crime""]"
hardcover_341751,Colonel Roosevelt,Edmund Morris,it,"[""Biography & Memoir""]"
hardcover_348781,Blueberry Muffin Murder,Joanne Fluke,de,"[""Mystery""]"
hardcover_353322,Private Paradise,Jami Alden,et,"[""Young Adult""]"
hardcover_355019,Evil for Evil,K.J. Parker,da,"[""Fantasy""]"
hardcover_357971,The Siege,Kathryn Lasky,de,"[""Fantasy""]"
hardcover_369356,Wilderness Tips,Margaret Atwood,de,[]
hardcover_373430,God Stalk,P.C. Hodgell,so,"[""Fantasy"", ""fantasy romance""]"
hardcover_37484,Ballet Shoes,Noel Streatfeild,no,"[""Young Adult""]"
hardcover_382509,Social Creature,Tara Isabella Burton,ro,"[""Thriller""]"
hardcover_385874,Little Star,"John Ajvide Lindqvist, Marlaine Delargy",de,"[""Fantasy""]"
hardcover_386231,Mister Pip,Lloyd Jones,de,"[""Young Adult""]"
hardcover_428300,Bitch Planet Volume 2,"Kelly Sue DeConnick, Valentine De Landro",de,"[""Sci-Fi""]"
hardcover_429127,Signal to Noise,"Neil Gaiman, Dave McKean",it,"[""Sci-Fi"", ""Graphic Novel"", ""Fantasy"", ""Biography & Memoir"", ""Romance"", ""contemporary""]"
hardcover_429179,Seven Languages in Seven Weeks,Bruce A. Tate,nl,[]
hardcover_429511,Question Quest,Piers Anthony,fr,"[""Fantasy""]"
hardcover_429696,Teacher Man,Frank McCourt,de,"[""Biography & Memoir""]"
hardcover_430223,Junkyard Dogs,Craig Johnson,no,"[""Mystery"", ""crime""]"
hardcover_431277,Poza słowami. Co myślą i czują zwierzęta,Carl Safina,pl,[]
hardcover_432542,Deep Trouble,R. L. Stine,nl,"[""Fantasy""]"
hardcover_434627,God's Smuggler,Brother Andrew,da,"[""Young Adult""]"
hardcover_434874,Golden Child,Claire Adam,nl,[]
hardcover_436947,An American Sunrise: Poems,Joy Harjo,nl,"[""History""]"
hardcover_438577,Aliens: Phalanx,Scott Sigler,de,"[""Sci-Fi""]"
hardcover_441107,Hunting Party,Elizabeth Moon,tl,"[""Fantasy"", ""Sci-Fi""]"
hardcover_442542,On Ugliness,Umberto Eco,de,"[""History""]"
hardcover_444329,Teen Titans: Robin,"Kami Garcia, Gabriel Picolo, David Calderón",nl,"[""Graphic Novel""]"
hardcover_444345,Miles Morales: Spider-Man,Jason Reynolds,de,"[""Sci-Fi""]"
hardcover_444397,Kent State,Derf Backderf,de,"[""History""]"
hardcover_446185,Merchanter's Luck,C. J. Cherryh,de,[]
hardcover_446236,Hidden Warrior,Lynn Flewelling,nl,"[""Fantasy""]"
hardcover_446783,On Silver Wings,Evan Currie,de,[]
hardcover_448090,Miss Meteor,"Anna-Marie McLemore, Tehlor Kay Mejia",de,[]
hardcover_449041,Hard Reboot,Django Wexler,af,"[""Fantasy"", ""Sci-Fi""]"
hardcover_449176,Storm Siren,Mary  Weber,de,"[""Fantasy"", ""fantasy romance""]"
hardcover_449972,"Lady Killer, Vol. 1","Joëlle Jones, Jamie S. Rich, Chelsea Cain",da,"[""Graphic Novel""]"
hardcover_450794,Sweet Venom,Tera Lynn Childs,af,"[""Young Adult""]"
hardcover_451428,Baba Yaga's Assistant,"Marika McCoola, E.M. Carroll",tl,[]
hardcover_452805,Orpheus Girl,Brynne Rebele-Henry,de,"[""Young Adult""]"
hardcover_454211,Sick kids in love,Hannah Moskowitz,sl,"[""Young Adult""]"
hardcover_455661,Drag Me Up,R.M. Virtues,de,"[""Romance""]"
hardcover_456780,"Always Human, Vol 1",Ari North,tl,"[""Fantasy""]"
hardcover_456782,You Must Not Miss,Katrina Leno,fr,"[""Fantasy""]"
hardcover_458387,Hollywood Dead,Richard Kadrey,cy,"[""Fantasy""]"
hardcover_459106,Midnight in Austenland,Shannon Hale,de,"[""Young Adult"", ""romance"", ""Romantasy""]"
hardcover_459407,Bitter Blood,Rachel Caine,de,"[""Fantasy"", ""fantasy romance""]"
hardcover_459412,Grave Visions,Kalayna Price,fr,"[""Fantasy"", ""Romantasy""]"
hardcover_459592,Under Currents,Nora Roberts,de,"[""Romance""]"
hardcover_459797,Looking Glass,"Christina Henry, Jenny Sterlin, Gildart Jackson",tl,[]
hardcover_459823,Forgotten in Death,J. D. Robb,de,"[""Sci-Fi""]"
hardcover_460076,Extracurricular Activities,Yoon Ha Lee,ro,"[""Sci-Fi""]"
hardcover_460628,New Frontiers,Joshua Dalzelle,nl,"[""Fantasy"", ""Sci-Fi""]"
hardcover_460862,Invisible Sun,Charles Stross,fr,"[""Sci-Fi""]"
hardcover_460875,Power Study,"Maria V. Snyder, Gabra Zackman",pl,"[""Fantasy"", ""Sci-Fi""]"
hardcover_463053,Diez Negritos,"Agatha Christie, Orestes Llorens",de,"[""Mystery""]"
hardcover_463607,Auto da barca do inferno,"Gil Vicente, Plinio Martins Filho",pt,"[""Fantasy""]"
hardcover_465733,Number One Chinese Restaurant,Lillian Li,de,[]
hardcover_467673,Estado de transmisión,Chris Moriarty,es,"[""Fantasy"", ""Sci-Fi""]"
hardcover_468337,Leaf by Niggle,J.R.R. Tolkien,da,"[""Fantasy""]"
hardcover_469811,Real Estate,"Deborah Levy, Cruz Rodíguez",ro,"[""Business & Economics""]"
hardcover_470993,Make It Sweet,Kristen Callihan,af,[]
hardcover_471478,Melt for You,J.T. Geissinger,no,"[""Romance"", ""contemporary romance""]"
hardcover_481847,Eggshell Skull,Bri Lee,no,"[""Mystery""]"
hardcover_484175,Angel Burn,L.A. Weatherly,de,"[""Fantasy"", ""Young Adult"", ""Adventure"", ""Sci-Fi""]"
hardcover_485037,A Questionable Client,Ilona Andrews,fr,"[""Fantasy"", ""fantasy romance""]"
hardcover_485275,Fortune's Favorites,Colleen McCullough,fr,"[""Historical Fiction""]"
hardcover_485659,Poet in New York,"Federico García Lorca, Christopher Maurer, Steven F. White",nl,"[""Poetry""]"
hardcover_485684,Our Oriental Heritage,Will Durant,de,"[""History""]"
hardcover_4868,Empire Ascendant,Kameron Hurley,pt,"[""Fantasy"", ""Sci-Fi""]"
hardcover_488204,Ghost Stories - Histórias de fantasmas de um antiquário,M.R. James,pt,"[""Fantasy""]"
hardcover_505326,"Maid-sama!, Vol. 1",Hiro Fujiwara,et,"[""Young Adult"", ""romance""]"
hardcover_512301,Little Big Man,Thomas Berger,de,"[""Adventure""]"
hardcover_514863,We Shall Be Monsters,Tara Sim,de,"[""Fantasy""]"
hardcover_514865,Belle Morte,Bella Higgin,fr,"[""Fantasy""]"
hardcover_520916,Bone Music,Christopher Rice,de,"[""Fantasy""]"
hardcover_520994,My Sister Rosa,Justine Larbalestier,de,"[""Young Adult""]"
hardcover_524110,4.48 Psychosis,Sarah Kane,pl,[]
hardcover_525018,O livro dos Baltimore,"Joël Dicker, André Telles",pt,[]
hardcover_525090,"Cuentos de amor, de locura y de muerte",Horacio Quiroga,es,"[""Fantasy""]"
hardcover_526050,Dead Lands,Stacey Marie Brown,nl,"[""Fantasy"", ""Adventure"", ""Sci-Fi""]"
hardcover_526114,Sweet Peril,Wendy Higgins,af,"[""Young Adult"", ""Adventure"", ""Fantasy"", ""Romance"", ""Sci-Fi"", ""sci-fi romance"", ""Romantasy""]"
hardcover_526115,Leaving Paradise,Simone Elkeles,id,"[""Young Adult""]"
hardcover_526545,"My Hero Academia, Vol. 14: Overhaul",Kohei Horikoshi,pt,"[""Fantasy""]"
hardcover_527488,Witches Get Stitches,Juliette Cross,de,"[""Fantasy"", ""Romantasy""]"
hardcover_532116,Forever Amber,"Kathleen Winsor, Barbara Taylor Bradford",da,"[""Adventure""]"
hardcover_537345,Best Day Ever,Kaira Rouda,de,"[""Romance""]"
hardcover_54344,Mind Games,Kiersten White,de,"[""Fantasy"", ""Sci-Fi""]"
hardcover_546377,Alias Emma,Ava Glass,pt,"[""Adventure""]"
hardcover_548551,Spilled Milk,K.L. Randis,da,"[""Young Adult""]"
hardcover_550920,Forever Wild,K.A. Tucker,da,"[""Science & Nature""]"
hardcover_552033,Blind Lake,Robert Charles Wilson,de,"[""Sci-Fi""]"
hardcover_552410,Mirror Lake,Juneau Black,nl,"[""Fantasy""]"
hardcover_552458,Meet Your Baker,Ellie Alexander,nl,"[""Mystery"", ""crime""]"
hardcover_554974,"Spider-Gwen, Vol. 1: Greater Power","Jason Latour, Robbi Rodriguez, Tom Taylor, Chris Visions, Rico Renzi, Marcio Takara",de,[]
hardcover_561555,Opposites Attract,Camilla Isley,fr,"[""Young Adult""]"
hardcover_562723,Forgotten Bones,"Vivian Barz, Julie McKay",no,"[""Fantasy""]"
hardcover_565206,Brutal Intentions,Lilith Vincent,it,"[""Romance""]"
hardcover_565254,Sizzle Reel,Carlyn Greenwald,it,"[""Young Adult""]"
hardcover_577949,Wayward Galaxy,"Jason Anspach, J.N. Chaney",so,"[""Adventure"", ""Sci-Fi""]"
hardcover_579110,Mensagem - Poemas Esotéricos,"Fernando Pessoa, Maria Helena da Rocha Pereira, Dalila L. Pereira da Costa, Maria Aliete Galhoz, José Caro Proença, Américo da Costa Ramalho, Clara Rocha, Adrien Roig, Luís Filipe B. Teixeira, António Quadros, Eduardo Lourenço, José Augusto Seabra, Onésimo Teotónio Almeida, José Edil de Lima Alves, José A. Blanco, Teresa Rita Lopes, Yvette K. Centeno",pt,"[""Poetry""]"
hardcover_581004,"Black Butler, Vol. 3",Yana Toboso,de,"[""Fantasy""]"
hardcover_584829,"Mob Psycho 100, Volume 1","ONE, Lasse Christian Christiansen",sk,"[""Fantasy""]"
hardcover_597259,Restore Me,J.L. Seegars,ro,"[""Romance""]"
hardcover_597503,"Killing Commendatore, Volume 2","Haruki Murakami, Fernando Cordobés, Yoko Ogihara",da,"[""Fantasy""]"
hardcover_597542,Luces de bohemia: Esperpento,"Ramón M. del Valle-Inclán, Alonso Zamora Vicente",es,"[""Poetry""]"
hardcover_599968,Man Made Monsters,"Andrea L. Rogers, DeLanna Studi",nl,"[""Young Adult""]"
hardcover_601285,Inciting Joy: Essays,Ross Gay,tl,[]
hardcover_601330,Escape Clause,"John Sandford, Eric Conger",ca,"[""Thriller""]"
hardcover_607006,Tengo miedo torero,Pedro Lemebel,es,"[""Romance""]"
hardcover_614165,Gender Euphoria,Laura Kate Dale,de,"[""Biography & Memoir""]"
hardcover_61509,Miracle Cure,Harlan Coben,ro,"[""Mystery""]"
hardcover_615874,Front Lines,Michael Grant,fr,"[""Fantasy"", ""Sci-Fi""]"
hardcover_62167,La Bête Humaine,"Émile Zola, Roger Pearson",fr,[]
hardcover_622048,Barbarian's Tease,Ruby Dixon,id,"[""Sci-Fi"", ""sci-fi romance"", ""Romantasy""]"
hardcover_622051,Barbarian's Lady,Ruby Dixon,id,"[""Fantasy"", ""Sci-Fi""]"
hardcover_625088,"Fables, Vol. 16: Super Team","Bill Willingham, Mark Buckingham, Eric Shanower, Terry Moore",ca,"[""Graphic Novel""]"
hardcover_625093,"Fables, Vol. 20: Camelot","Bill Willingham, Mark Buckingham, Steve Leialoha, Russ Braun, Barry Kitson, Andrew Pepoy, Gary Erskine, Lee Loughridge, Todd Klein",ca,"[""Graphic Novel""]"
hardcover_625095,"Fables, Vol. 22: Farewell","Bill Willingham, Mark Buckingham, Steve Leialoha, Andrew Pepoy, Dan           Green, José Marzán Jr., David Petersen, Russ Braun, Joëlle Jones, Mark Schultz, Lee Garbett, Teddy Kristiansen, Mike Allred, Aaron Alexovich, David Hahn, Lan Medina, Niko Henrichon, Terry Dodson, Rachel Dodson, Mark Farmer, Megan Levens, Bryan Talbot, Lee Loughridge, Andrew Dalhouse, Laura Allred, Todd Klein, Nimit Malavi",de,"[""Graphic Novel""]"
hardcover_627427,Singer Distance,Ethan Chatagnier,de,"[""Sci-Fi""]"
hardcover_63190,Last Seen Leaving,Caleb Roehrig,nl,"[""Young Adult""]"
hardcover_637949,"Super Sales on Super Heroes, Book 2",William D. Arand,af,"[""Fantasy"", ""Sci-Fi""]"
hardcover_6385,Rookie Move,Sarina Bowen,af,"[""Romance""]"
hardcover_638777,Shadow Wave,Robert Muchamore,so,"[""Young Adult"", ""Adventure"", ""Fantasy"", ""Sci-Fi""]"
hardcover_648218,Enemy Lines I: Rebel Dream,Aaron Allston,de,[]
hardcover_652648,Queen Move,Kennedy Ryan,nl,"[""Romance"", ""Romantasy""]"
hardcover_654013,Hidden in Snow,"Viveca Sten, Marlaine Delargy",nl,[]
hardcover_655777,Dead Lake,Darcy Coates,nl,[]
hardcover_661100,Murder Past Due,Miranda James,de,"[""Mystery"", ""crime""]"
hardcover_665448,Berserk Deluxe Edition Volume 6,"Kentaro Miura, Duane Johnson",de,"[""Fantasy"", ""Graphic Novel"", ""Sci-Fi""]"
hardcover_665456,Berserk Deluxe Edition Volume 5,"Kentaro Miura, Duane Johnson",de,[]
hardcover_6657,Rinkitink in Oz,"John R. Neill, L. Frank Baum",fi,"[""Fantasy""]"
hardcover_679857,A Sinister Revenge,Deanna Raybourn,de,"[""Fantasy"", ""Romantasy""]"
hardcover_693735,"Skyward, Vol. 1","Joe     Henderson, Antonio Fabela, Lee Garbett",af,"[""Graphic Novel"", ""Sci-Fi""]"
hardcover_693761,Stone Maidens,Lloyd Devereux Richards,de,"[""Mystery""]"
hardcover_699674,Bittersweet Memories,Catharina Maura,af,"[""Romance""]"
hardcover_700990,"Naruto, Vol. 22: Comrades",Masashi Kishimoto,pt,"[""Fantasy""]"
hardcover_701906,Laughable Loves,Milan Kundera,fr,"[""Romance""]"
hardcover_704135,"Kaiju No. 8, Vol. 2","Naoya Matsumoto, Naoya Matsumoto, Naoya Matsumoto",hr,"[""Fantasy"", ""fantasy romance""]"
hardcover_715479,Tastes Like Shakkar,Nisha Sharma,et,[]
hardcover_718176,Say Cheese and Die-Again!,R. L. Stine,af,"[""Young Adult""]"
hardcover_722121,Ensaio sobre a Lucidez,José Saramago,es,"[""Fantasy"", ""Sci-Fi""]"
hardcover_745511,Between Two Moons,Aisha Abdel Gawad,nl,"[""Young Adult""]"
hardcover_747325,Brain Maker,"David Perlmutter, Kristin Loberg",id,"[""History""]"
hardcover_750896,The Maze Runner Files,James Dashner,de,"[""Fantasy"", ""Sci-Fi""]"
hardcover_766815,Forbidden Notebook,"Alba de Céspedes, Ann Goldstein, Jhumpa Lahiri",af,"[""Romance""]"
hardcover_77737,Still Lives,Maria Hummel,da,"[""Thriller""]"
hardcover_805439,All Souls Lost,Dan Moren,ca,"[""Fantasy""]"
hardcover_819882,"Jujutsu Kaisen, Vol. 21",Gege Akutami,et,"[""Fantasy""]"
hardcover_844653,"Banana Fish, Vol. 1",Akimi Yoshida,tl,"[""Graphic Novel""]"
hardcover_850825,Remedial Magic,Melissa Marr,it,"[""Fantasy""]"
hardcover_852634,Tristes Tropiques,"Claude Lévi-Strauss, John Weightman, Doreen Weightman",fr,"[""History""]"
hardcover_86168,Raising Stony Mayhall,Daryl Gregory,tl,"[""Fantasy"", ""Sci-Fi""]"
hardcover_87191,Between Planets,Robert A. Heinlein,nl,"[""Fantasy"", ""Sci-Fi""]"
hardcover_880754,Witches Get Stuff Done,Molly Harper,de,"[""Fantasy"", ""Romance"", ""paranormal romance"", ""Romantasy""]"
hardcover_880902,Schrader's Chord,Scott Leeds,de,"[""Fantasy""]"
hardcover_886437,"No Game No Life, Vol. 1",Yuu Kamiya,it,"[""Young Adult""]"
hardcover_90341,Broken April,"Ismail Kadare, J. Hodgson",af,"[""Romance""]"
hardcover_908436,"One Piece. Omnibus, Vol. 1",Eiichiro Oda,ro,"[""Fantasy""]"
hardcover_92476,"Descender, Vol. 4: Orbital Mechanics","Jeff Lemire, Dustin Nguyen, Steve Wands",de,"[""Fantasy"", ""Sci-Fi""]"
hardcover_960791,"Sasaki and Miyano, Vol. 1",Shou Harusono,tl,[]
hardcover_969060,Red River Seven,A.J.   Ryan,da,"[""Fantasy"", ""Sci-Fi""]"
hardcover_974223,Kürk Mantolu Madonna,Sabahattin Ali,tr,[]
hardcover_100037,Look at Me,Jennifer Egan,af,"[""Psychology""]"
hardcover_1008456,"Kaiju No. 8, Vol. 4",Naoya Matsumoto,hr,"[""Adventure"", ""Sci-Fi"", ""Graphic Novel"", ""Fantasy"", ""fantasy romance""]"
hardcover_1011170,Roman Stories,"Jhumpa Lahiri, Todd Portnowitz",ro,"[""Short Stories""]"
hardcover_1030226,Better Run,Alina May,de,"[""Thriller""]"
hardcover_1069890,Deliver Me,Elle Nash,da,"[""Fantasy""]"
hardcover_1076454,Sistah Samurai,"Tatiana Obey, Felix Ortiz",id,"[""Fantasy"", ""fantasy romance""]"
hardcover_1095747,Better Left Buried,Mary E. Roach,de,"[""Young Adult""]"
hardcover_1112801,Cubs & Campfires,Dylan Drakes,ca,[]
hardcover_112039,Skeleton Coast,"Clive Cussler, Jack Du Brul",fi,"[""Adventure""]"
hardcover_1120926,De Camino,Anya Niewierra,nl,"[""Adventure""]"
hardcover_1133813,A Darkness Returns,Raymond E. Feist,de,"[""Fantasy"", ""fantasy romance""]"
hardcover_1152230,"Yotsuba&!, Vol. 2","Kiyohiko Azuma, Kiyohiko Azuma, Kiyohiko Azuma",et,"[""Young Adult""]"
hardcover_1155677,"Chew, Vol. 9: Chicken Tenders","John Layman, Rob Guillory",de,"[""Sci-Fi"", ""Mystery"", ""crime""]"
hardcover_1173499,Hunt Me Darling,Maree Rose,de,"[""Thriller""]"
hardcover_1178204,Silver Wings Golden Games,Evie Marceau,de,"[""Fantasy"", ""Romantasy""]"
hardcover_1178506,Divine Mortals,Amanda M. Helander,de,"[""Fantasy""]"
hardcover_1182370,Four Squares,Bobby Finger,fr,[]
hardcover_1182418,Under Ashen Skies,Selkie Myth,de,"[""Fantasy""]"
hardcover_1195699,Midnight Rooms,Donyae Coles,af,"[""Fantasy""]"
hardcover_1199801,"Jujutsu Kaisen, Vol. 25",Gege Akutami,et,"[""Fantasy""]"
hardcover_1206468,Prima Facie,Suzie Miller,es,[]
hardcover_1223774,Green Frog: Stories,Gina Chung,af,"[""Fantasy""]"
hardcover_1233510,Unfettered II,"Naomi Novik, Peter Orullian, Seanan McGuire, Jim Butcher, Bradley P. Beaulieu, John A. Pitts, Janny Wurts, David Farland, Rachel Caine, Aidan Moher, Django Wexler, Sarah Beth Durst, Scott Sigler, Anthony Ryan, Erin Lindsey, Mark Lawrence, Michael J. Sullivan, Brandon Sanderson, Shawn Speakman, Terry Brooks, Sarah Coomes, Michael Kramer, Emily Woo Zeller, Nick Podehl, Erin Mallon, Gabriel Vaughan, Charlaine Harris",no,"[""Fantasy""]"
hardcover_124813,Secret Vampire,L. J. Smith,ca,"[""Fantasy"", ""Romantasy""]"
hardcover_1266061,Ruling Sikthand,Victoria Aveline,tl,"[""Fantasy"", ""Romantasy""]"
hardcover_1267340,MateHub: Legend,Marie Reynard,de,"[""Fantasy""]"
hardcover_1289464,"Dandadan, Vol. 6","Yukinobu Tatsu, Kumar Sivasubramanian",id,"[""Young Adult""]"
hardcover_130794,A Girl's Guide to Vampires,Katie MacAlister,pt,"[""Fantasy"", ""Romantasy""]"
hardcover_131153,Sprinkle with Murder,Jenn McKinlay,de,"[""Mystery"", ""crime""]"
hardcover_1396221,"Goodnight Punpun Omnibus, Vol. 6",Inio Asano,et,"[""Young Adult""]"
hardcover_1432439,"Omniscient Reader's Viewpoint (Manhwa), Vol. 1","singNsong, Sleepy-C, Umi(REDICE STUDIO), Hye Young Im, J. Torres",de,"[""Fantasy"", ""Sci-Fi""]"
hardcover_1461856,"PLUTO: Urasawa x Tezuka, Vol. 2","Naoki Urasawa, Takashi Nagasaki, Osamu Tezuka, Makoto Tezuka, Jared Cook, Frederick L. Schodt, James Gaubatz",sw,"[""Young Adult"", ""Mystery"", ""crime""]"
hardcover_1517387,"Spell on Wheels, Vol. 1",Kate Leth,nl,[]
hardcover_1557243,Rook & Rebel,Kate Crew,af,"[""Romance""]"
hardcover_1603697,Electric Angel,Plum Parrot,ca,"[""Fantasy"", ""Sci-Fi""]"
hardcover_1619074,Hidden Nature,Nora Roberts,nl,"[""Romance""]"
hardcover_1619358,Our Winter Monster,Dennis Mahoney,de,"[""Horror""]"
hardcover_162875,Martín Fierro,"José Hernández, Luis Sainz de Medrano",es,"[""Poetry""]"
hardcover_1628853,Among Friends,Hal Ebbott,nl,[]
hardcover_1635886,New Freedoms,Shawn    Wilson,nl,"[""Fantasy""]"
hardcover_1718133,Vampires at Sea,Lindsay Merbaum,ca,"[""Fantasy""]"
hardcover_1760846,Someone Knows,Vi Keeland,pl,[]
hardcover_1828380,"»Mama, bitte lern Deutsch«",Tahsim Durgun,de,"[""Biography & Memoir""]"
hardcover_1880222,Between Two Kings,Lindsay Straube,nl,"[""Fantasy""]"
hardcover_2015401,"PLUTO: Urasawa x Tezuka, Vol. 8","Naoki Urasawa, Takashi Nagasaki",sw,"[""Sci-Fi""]"
hardcover_202471,I've Got You Under My Skin,Mary Higgins Clark,no,"[""Mystery"", ""crime""]"
hardcover_2028071,Making History,K.J. Parker,tl,"[""Fantasy"", ""Adventure"", ""Sci-Fi""]"
hardcover_203140,Rose in bloom,Louisa May Alcott,af,"[""Romance"", ""historical romance""]"
hardcover_221019,My Ántonia,"Willa Cather, Sharon O'Brien",es,"[""Young Adult""]"
hardcover_223402,Private Peaceful,Michael Morpurgo,ro,"[""Young Adult""]"
hardcover_2243179,Girl's Girl,Sonia Feldman,tr,"[""Young Adult""]"
hardcover_225249,Spring's Awakening,"Frank Wedekind, Eric Bentley",af,"[""Young Adult""]"
hardcover_228368,Desperate Duchesses,Eloisa James,de,"[""Romance"", ""historical romance""]"
hardcover_230030,Hard Spell,"Justin Gustainis, Peter Brooke",sv,"[""Fantasy"", ""Mystery"", ""crime""]"
hardcover_234917,Lorna Doone,"R.D. Blackmore, Sally Shuttleworth",it,"[""Young Adult"", ""romance""]"
hardcover_272146,Tiger Eyes,Judy Blume,da,"[""Young Adult""]"
hardcover_274320,Azure Bonds,"Kate Novak, Jeff Grubb",de,"[""Fantasy""]"
hardcover_297825,Tobacco Road,"Erskine Caldwell, Lewis Nordan, David Fredenthal",es,[]
hardcover_302154,Eyeless in Gaza,Aldous Huxley,tr,[]
hardcover_309975,Letters from Skye,Jessica Brockmole,no,"[""Historical Fiction""]"
hardcover_312291,David Boring,"Daniel Clowes, Jim Anotsu",sv,"[""Young Adult""]"
hardcover_317085,Valentine Princess,"Patricia Cabot, Meg Cabot",it,"[""Young Adult""]"
hardcover_335066,Someone to Love,Mary Balogh,it,"[""Romance""]"
hardcover_33523,The Stepsister Scheme,Jim C. Hines,de,"[""Fantasy""]"
hardcover_353799,Books Can Be Deceiving,Jenn McKinlay,nl,"[""crime""]"
hardcover_368341,Eternal Rider,Larissa Ione,da,"[""Fantasy""]"
hardcover_375495,Villa incognito,Tom Robbins,it,"[""Fantasy""]"
hardcover_381225,Hunter's Run,"George R.R. Martin, Gardner Dozois, Daniel Abraham",de,"[""Fantasy"", ""Sci-Fi""]"
hardcover_381963,Sugar Cookie Murder,Joanne Fluke,af,"[""Mystery""]"
hardcover_385122,Let It Bleed,Ian Rankin,nl,"[""Mystery"", ""crime""]"
hardcover_385670,Last Rituals,Yrsa Sigurðardóttir,ca,"[""Mystery"", ""crime""]"
hardcover_386352,Size Doesn't Matter,Meg Cabot,de,"[""Young Adult"", ""Mystery"", ""crime""]"
hardcover_386648,Dark Moon,David Gemmell,af,"[""Fantasy"", ""fantasy romance""]"
hardcover_4066,Lemon Meringue Pie Murder,Joanne Fluke,de,"[""Mystery"", ""romantic suspense""]"
hardcover_427479,Enterprise integration patterns,"Gregor Hohpe, Bobby Woolf",it,[]
hardcover_428728,Here Lies Daniel Tate,Cristin Terrill,de,"[""Young Adult""]"
hardcover_432313,Shah Of Shahs,Ryszard Kapuściński,so,"[""History""]"
hardcover_432385,Arabian Sands,"Wilfred Thesiger, Rory Stewart",id,"[""Adventure""]"
hardcover_432870,Dark Water,Robert Bryndza,de,"[""Thriller""]"
hardcover_433997,Keep Sharp,Sanjay Gupta,id,"[""Science & Nature""]"
hardcover_435148,Tolkien Bestiary,"David Day, Ian  Miller, Michael Foreman, Lidia Postma, Victor G. Ambrus, Pauline Martin, John Blanche, Sue Porter, Jaroslav Bradac, Allan Curless, Linda Garland, J.R.R. Tolkien",fi,"[""Fantasy"", ""fantasy romance""]"
hardcover_435297,Going Dark,Ann Christy,tl,"[""Fantasy"", ""Sci-Fi""]"
hardcover_438302,Stephen King's N.,"Marc Guggenheim, Alex Maleev, Stephen King",de,"[""Fantasy""]"
hardcover_441437,See No Stranger,Valarie Kaur,de,"[""History""]"
hardcover_443791,Evil Geniuses,Kurt Andersen,et,"[""History""]"
hardcover_444736,Kiss Number 8,"Colleen A.F. Venable, Ellen T. Crenshaw",de,[]
hardcover_444789,De helaasheid der dingen,Dimitri Verhulst,nl,[]
hardcover_445384,Ventos de mudança,"Beverly Jenkins, Isadora Sinay",pt,[]
hardcover_445698,Hero Forged,Josh Erikson,da,"[""Fantasy"", ""fantasy romance""]"
hardcover_446897,Odysseus Awakening,"Evan Currie, David de Vries",af,"[""Fantasy"", ""Sci-Fi""]"
hardcover_449589,"Sleepless, Vol. 1",Sarah Vaughn,et,"[""Fantasy""]"
hardcover_450042,Where We Go When All We Were Is Gone,Sequoia Nagamatsu,de,"[""Short Stories""]"
hardcover_450176,Murder in G Major,Alexia Gordon,de,"[""Fantasy"", ""fantasy romance""]"
hardcover_451357,Love After Love,Ingrid Persaud,da,"[""Romance""]"
hardcover_451591,Reborn Yesterday,Tessa Bailey,da,"[""Fantasy""]"
hardcover_452606,"Lazarus, Vol. 5","Greg Rucka, Michael Lark",lv,"[""Graphic Novel"", ""Sci-Fi""]"
hardcover_456100,An Unnatural Vice,KJ Charles,ro,"[""Adventure"", ""romance""]"
hardcover_456624,A Little Light Mischief,Cat Sebastian,de,"[""Fantasy"", ""Romantasy""]"
hardcover_456818,HTML5 for Web Designers,"Jeremy Keith, Jeffrey Zeldman",da,[]
hardcover_458158,Magi'i of Cyador,L. E. Modesitt Jr.,cy,"[""fantasy romance""]"
hardcover_458487,The Darkest Surrender,Gena Showalter,de,"[""Fantasy"", ""Romantasy""]"
hardcover_459562,Dark Road to Darjeeling,Deanna Raybourn,af,"[""Mystery"", ""romantic suspense""]"
hardcover_460501,No Life Forsaken,Steven Erikson,no,"[""Fantasy""]"
hardcover_460780,Silver Shark,Ilona Andrews,no,"[""Fantasy"", ""Sci-Fi""]"
hardcover_461185,Dark Queen,Faith Hunter,af,"[""Fantasy"", ""fantasy romance""]"
hardcover_461550,Sweet Ruin,"Kresley Cole, Robert Petkoff",af,"[""Fantasy"", ""Adventure"", ""Paranormal"", ""Romance"", ""paranormal""]"
hardcover_463622,Humble Inquiry,Edgar H. Schein,fr,[]
hardcover_465959,Dividing Eden,Joelle Charbonneau,af,"[""Fantasy"", ""Sci-Fi""]"
hardcover_466414,Sexual politics,Kate Millett,ca,"[""History""]"
hardcover_468012,Mind Fuck,Manna Francis,de,"[""Sci-Fi""]"
hardcover_468163,Last Ones Left Alive,Sarah Davis-Goff,fr,"[""Fantasy"", ""Sci-Fi""]"
hardcover_469242,Once a Villain,Vanessa Len,fr,"[""Fantasy""]"
hardcover_472546,Rock Hard,Nalini Singh,sv,[]
hardcover_474440,A Deadly Affair,Agatha Christie,cy,"[""crime""]"
hardcover_475322,Třetí stříbrná kniha snů,"Kerstin Gier, Tereza Eliášová",cs,"[""Fantasy"", ""Romantasy""]"
hardcover_477032,Set in Darkness,Ian Rankin,de,"[""Mystery"", ""crime""]"
hardcover_477210,Time Siege,Wesley Chu,de,"[""Fantasy"", ""Sci-Fi""]"
hardcover_478970,Female Masculinity,J. Jack Halberstam,ro,[]
hardcover_479833,Angel Killer,Andrew Mayne,da,"[""Fantasy"", ""Mystery"", ""crime""]"
hardcover_480098,A Different Blue,Amy Harmon,de,"[""Young Adult"", ""romance""]"
hardcover_481332,Monster Hunter Guardian,"Larry Correia, Sarah A. Hoyt",de,"[""Fantasy"", ""fantasy romance""]"
hardcover_483533,O Incêndio,Kathryn Lasky,pt,"[""Fantasy""]"
hardcover_488665,Patience & Sarah,Isabel Miller,fr,"[""Historical Fiction""]"
hardcover_500238,Expert Secrets,Russell Brunson,ca,"[""Business & Economics""]"
hardcover_506367,Places We've Never Been,Kasie West,nl,[]
hardcover_506602,Mere Mortals,David Mack,ca,"[""Fantasy"", ""Sci-Fi""]"
hardcover_507292,Forever Fantasy Online,"Rachel Aaron, Travis Bach",no,"[""Young Adult""]"
hardcover_510911,The Murder Game,Carrie Doyle,de,"[""Young Adult""]"
hardcover_511194,Sing Anyway,Anita Kelly,tl,[]
hardcover_513203,Send Nudes,Saba Sams,de,[]
hardcover_514704,My Summer Darlings,May Cobb,da,"[""Thriller""]"
hardcover_514715,Dirt Creek,Hayley Scrivenor,af,[]
hardcover_515064,Monkey Grip,Helen Garner,af,"[""Travel""]"
hardcover_515291,Vita Nuova,"Dante Alighieri, Mark Musa",fi,"[""Poetry"", ""romance""]"
hardcover_515974,My Darling Husband,Kimberly Belle,tl,[]
hardcover_520377,Halloween Fiend,C. V. Hunt,nl,[]
hardcover_520396,Jane: A Murder,Maggie Nelson,de,"[""Poetry""]"
hardcover_526003,Bad Lands,Stacey Marie Brown,de,"[""Fantasy"", ""Adventure"", ""Sci-Fi""]"
hardcover_526087,Sweet Reckoning,Wendy Higgins,af,"[""Young Adult"", ""Fantasy"", ""Romance"", ""Sci-Fi"", ""sci-fi romance"", ""Romantasy""]"
hardcover_526391,SAKAMOTO DAYS 2,"Yuto Suzuki, Yuto Suzuki",de,"[""Graphic Novel""]"
hardcover_527038,Mental Models,Indi Young,ca,[]
hardcover_528909,When Einstein Walked with Gödel,Jim Holt,de,"[""Philosophy""]"
hardcover_531470,Burning Glass,Kathryn Purdie,de,"[""Fantasy"", ""fantasy romance""]"
hardcover_534063,Maria Stuart,"Wilhelm Große, Friedrich von Schiller",id,"[""History""]"
hardcover_535603,A Viagem do Elefante,José Saramago,pt,"[""Adventure""]"
hardcover_536173,Archangel Down,C. Gockel,de,"[""Sci-Fi""]"
hardcover_536224,Saving Time,Jodi Taylor,id,"[""Fantasy""]"
hardcover_538633,Medicine Man,Saffron A. Kent,it,[]
hardcover_539066,When I'm Gone,"Emily Bleeker, Dan John Miller",de,"[""Romance"", ""contemporary romance""]"
hardcover_543852,Zero Hour,Don Bentley,nl,"[""Adventure""]"
hardcover_548050,Hollywood Dirt,Alessandra Torre,cy,"[""Romance""]"
hardcover_5604,Code Name Cassandra,"Jenny Carroll, Meg Cabot",pt,"[""Young Adult""]"
hardcover_562465,I Will Make You Pay,"Teresa Driscoll, Steve West, Elizabeth Knowelden",sw,"[""Thriller""]"
hardcover_567610,"Cómo hacer que te pasen cosas buenas: Entiende tu cerebro, gestiona tus emociones, mejora tu vida",Marian Rojas Estapé,es,[]
hardcover_569008,"Battle Angel Alita, Vol. 3: Killing Angel",Yukito Kishiro,tl,"[""Fantasy"", ""Sci-Fi""]"
hardcover_572622,Maya's notebook,Isabel Allende,tl,"[""Young Adult""]"
hardcover_576775,Was man von hier aus sehen kann,Mariana Leky,de,"[""Fantasy""]"
hardcover_577818,Hard Land,Benedict Wells,de,"[""Young Adult""]"
hardcover_578006,Under Fire,"Grant Blackwood, Tom Clancy",de,"[""Adventure""]"
hardcover_585483,Blood Like Fate,Liselle Sambury,et,"[""Fantasy""]"
hardcover_591119,Myra Breckinridge,"Gore Vidal, Camille Paglia",sv,"[""Fantasy""]"
hardcover_596451,Taal is zeg maar echt mijn ding,Paulien Cornelisse,nl,[]
hardcover_597547,La Regenta,Leopoldo Alas,de,"[""Fantasy""]"
hardcover_606965,Dime quién soy,Julia Navarro,fr,"[""Historical Fiction""]"
hardcover_61056,Pacific Edge,"Kim Stanley Robinson, Peter Elson",ca,"[""Fantasy"", ""Sci-Fi""]"
hardcover_614385,Mortal Questions,Thomas Nagel,fr,[]
hardcover_619371,Auto da Compadecida,Ariano Suassuna,pt,"[""Fantasy""]"
hardcover_628569,Pequena coreografia do adeus,Aline Bei,pt,[]
hardcover_638222,Crystal Awakening,"Andrew Rowe, Kayleigh Nicol",af,"[""Fantasy""]"
hardcover_654418,"Again, Rachel",Marian Keyes,de,[]
hardcover_665447,Berserk Deluxe Edition Volume 7,"Kentaro Miura, Duane Johnson",de,"[""Fantasy"", ""Graphic Novel"", ""Sci-Fi""]"
hardcover_668111,Beautiful Star,"Yukio Mishima, Stephen Dodd",ro,"[""Fantasy""]"
hardcover_689471,Cruel Paradise,J.T. Geissinger,es,[]
hardcover_697938,Begin Again,Mona Kasten,id,"[""Young Adult""]"
hardcover_699479,Luca Vitiello,Cora Reilly,it,[]
hardcover_701020,"Naruto, Vol. 6: Predator",Masashi Kishimoto,it,"[""Fantasy""]"
hardcover_701065,"Haikyu!!, Vol. 3: Go, Team Karasuno!","Haruichi Furudate, Haruichi Furudate, Haruichi Furudate, Adrienne Beck, Rae First",id,[]
hardcover_701072,My Hero Academia Vol. 17: Lemillion,Kohei Horikoshi,es,[]
hardcover_715244,Full Immersion,Gemma Amor,it,"[""Sci-Fi""]"
hardcover_720864,Descendant Machine,Gareth L. Powell,de,"[""Sci-Fi""]"
hardcover_728963,Someone Knows,Lisa Scottoline,pl,"[""Thriller""]"
hardcover_734920,Quantum Void,"Douglas Phillips, Traci Odum",pt,"[""Sci-Fi""]"
hardcover_735559,Time and Time Again,Chatham Greenfield,id,"[""Fantasy""]"
hardcover_735589,Queen Bee,Amalie Howard,nl,"[""Young Adult""]"
hardcover_735625,We'll Never Tell,Wendy Heard,no,"[""Young Adult""]"
hardcover_735692,Love in Winter Wonderland,Abiola Bello,nl,"[""Young Adult""]"
hardcover_737830,Final del juego,Julio Cortázar,es,"[""Fantasy""]"
hardcover_747248,Do a Powerbomb,Daniel Warren Johnson,pl,"[""Graphic Novel""]"
hardcover_764054,Ensel und Krete: Ein Märchen aus Zamonien,Walter Moers,de,"[""Fantasy""]"
hardcover_770413,"Blue Exorcist, Vol. 2","Kazue Kato, John Werry",ca,"[""Fantasy""]"
hardcover_772219,Lessico famigliare,"Natalia Ginzburg, Cesare Garboli",it,[]
hardcover_789542,"Kaiju No. 8, Vol. 3",Naoya Matsumoto,hr,"[""Fantasy"", ""fantasy romance""]"
hardcover_792227,Blacksad #4: A Silent Hell,"Juan Díaz Canales, Juanjo Guarnido",sv,"[""Graphic Novel""]"
hardcover_801239,Little Monsters,Adrienne Brodeur,de,[]
hardcover_824031,"Kaiju No. 8, Vol. 6","Naoya Matsumoto, Naoya Matsumoto, Naoya Matsumoto, David Evelyn, Karla Clark",hr,"[""Fantasy"", ""fantasy romance""]"
hardcover_833141,Basil and Oregano,Melissa Capriglione,tl,"[""Fantasy""]"
hardcover_84101,Killing Mr. Griffin,Lois Duncan,de,"[""Mystery"", ""crime""]"
hardcover_847822,O Filho de Mil Homens,Valter Hugo Mãe,pt,"[""Romance""]"
hardcover_856788,First Strike,Craig Alanson,de,"[""Fantasy""]"
hardcover_870587,Zinky Boys,"Svetlana Alexievich, Larry Heinemann, Sergio Rapetti, Julia Whitby, Robin Whitby",sk,"[""Biography & Memoir""]"
hardcover_8757,Prom & Prejudice,Elizabeth Eulberg,hr,"[""Young Adult""]"
hardcover_877594,"Batman, Volume 6: Graveyard Shift","Scott Snyder, Greg Capullo, Andy Kubert",tr,"[""Graphic Novel""]"
hardcover_881139,Dating & Dismemberment,A.L. Brody,id,"[""Fantasy"", ""Romantasy""]"
hardcover_887412,"I, Michael Bennett","James Patterson, Michael Ledwidge",de,"[""Mystery"", ""crime""]"
hardcover_88942,Vérbosszú Párizsban,"Steve Berry, István Lantos",hu,"[""Thriller""]"
hardcover_890978,Never Never,Serena Valentino,nl,"[""Fantasy""]"
hardcover_898332,Imperial Commando: 501st,Karen Traviss,it,"[""Fantasy"", ""Sci-Fi""]"
hardcover_917848,Drinks and Sinkholes,S. Usher Evans,de,"[""Fantasy""]"
hardcover_922315,Pantaleón y las visitadoras,Mario Vargas Llosa,es,"[""Thriller""]"
hardcover_952663,"Kaiju No. 8, Vol. 5",Naoya Matsumoto,hr,"[""Fantasy"", ""fantasy romance""]"
hardcover_1004903,Quantum Time,Douglas Phillips,id,"[""Fantasy"", ""Sci-Fi""]"
hardcover_1012785,Murder at Haven's Rock,Kelley Armstrong,sv,"[""Adventure""]"
hardcover_1026924,"Naruto, Vol. 28: Homecoming",Masashi Kishimoto,it,"[""Fantasy""]"
hardcover_1028639,Um Estudo em Vermelho,"Arthur Conan Doyle, Maria Luiza X. de A. Borges",pt,"[""Adventure""]"
hardcover_103625,Gentle Rogue,Johanna Lindsey,de,"[""Adventure"", ""romance""]"
hardcover_103876,Duke of Midnight,Elizabeth Hoyt,af,"[""Romance""]"
hardcover_1071309,Wilhelm Meister,"Johann Wolfgang von Goethe, H.M. Waidson",de,[]
hardcover_1084104,Aftermarket Afterlife,Seanan McGuire,da,"[""Fantasy"", ""fantasy romance""]"
hardcover_1088148,Un polpo alla gola,Zerocalcare,it,"[""Biography & Memoir""]"
hardcover_1095743,Canto Contigo,Jonny Garza Villa,it,"[""Young Adult""]"
hardcover_1098591,Halo: Smoke and Shadow,Kelly Gay,so,"[""Fantasy"", ""Sci-Fi""]"
hardcover_110533,Tank Girl,"Alan C. Martin, Jamie Hewlett",tr,"[""Graphic Novel"", ""Sci-Fi""]"
hardcover_1128490,"Biomega, Vol. 1",Tsutomu Nihei,et,"[""Fantasy"", ""Sci-Fi""]"
hardcover_1129505,"Yotsuba&!, Vol. 3","Kiyohiko Azuma, Kiyohiko Azuma, Kiyohiko Azuma",et,"[""Graphic Novel""]"
hardcover_1129873,O Triste Fim de Policarpo Quaresma,Lima Barreto,pt,[]
hardcover_1130135,Triste tigre,Neige Sinno,no,[]
hardcover_1140826,In Desert and Wilderness,"Henryk Sienkiewicz, Max A. Drezmal, France Vodnik, Nikolaj Omersa",de,"[""Adventure""]"
hardcover_1151885,"Vampire Knight, Vol. 6","Matsuri Hino, Tomo Kimura",af,"[""Fantasy""]"
hardcover_1152687,"Deadman Wonderland, Vol. 2","Jinsei Kataoka, Kazuma Kondou",nl,"[""Fantasy"", ""Sci-Fi""]"
hardcover_1171016,"Black Butler, Vol. 6","Yana Toboso, Tomo Kimura",de,"[""Fantasy""]"
hardcover_1171799,Carbon & Silicon,"Mathieu Bablet, Mike Kennedy",it,"[""Sci-Fi""]"
hardcover_1178272,Thunder Song: Essays,Sasha taqwšəblu LaPointe,de,"[""Biography & Memoir""]"
hardcover_118269,Rain Reign,Ann M. Martin,de,"[""Young Adult""]"
hardcover_1194229,Sheine Lende,Darcie Little Badger,de,"[""Fantasy""]"
hardcover_1199749,Savage Blooms,S.T. Gibson,et,"[""Fantasy""]"
hardcover_1199761,"Jujutsu Kaisen, Vol. 28",Gege Akutami,et,"[""Fantasy""]"
hardcover_1199800,"Guardian: Zhen Hun (Novel), Vol. 2","priest, Marmaladica",nl,[]
hardcover_1199810,"Jujutsu Kaisen, Vol. 27",Gege Akutami,et,"[""Fantasy""]"
hardcover_1214973,Heist Royale,Kayvion Lewis,de,"[""Young Adult""]"
hardcover_1217569,Providence Girls,Morgan Dante,es,"[""Fantasy""]"
hardcover_122430,Jamrach's Menagerie,Carol Birch,de,"[""Fantasy""]"
hardcover_1225826,"No Game No Life, Vol. 4",Yuu Kamiya,it,"[""Fantasy""]"
hardcover_1228447,"Kaiju No. 8, Vol. 9","Naoya Matsumoto, David Evelyn",hr,"[""Young Adult"", ""Sci-Fi""]"
hardcover_1228454,"Kaiju No. 8, Vol. 8","Naoya Matsumoto, David Evelyn",hr,"[""Fantasy"", ""fantasy romance""]"
hardcover_1277223,Don't Forget Me,Rea Frey,no,[]
hardcover_1314511,Vantage Point,Sara Sligar,fr,[]
hardcover_132708,THE WITCHES OF KARRES,James H. Schmitz,de,"[""Fantasy"", ""Sci-Fi""]"
hardcover_1388487,Wind Rider's Oath,David Weber,de,"[""Fantasy""]"
hardcover_1408702,Apegos feroces,"Vivian Gornick, Daniel Ramos Sanchez",es,"[""Biography & Memoir""]"
hardcover_1410001,"Vampire Knight, Vol. 4","Matsuri Hino, Tomo Kimura",af,"[""Young Adult""]"
hardcover_1439388,Drop Dead,"Lily Chu, Phillipa Soo, John  Cho",nl,"[""Romance""]"
hardcover_1446142,Isaac's Song,Daniel     Black,tl,[]
hardcover_1479233,Pride or Die,CL Montblanc,af,"[""Young Adult""]"
hardcover_151909,Inner work,Robert A. Johnson,af,"[""Psychology""]"
hardcover_1540744,Aunt Tigress,"Emily Yu-Xuan Qin, Jen Zhao",de,"[""Fantasy""]"
hardcover_1564142,Just Our Luck,Denise Williams,de,[]
hardcover_1591350,Sinners Retreat,Lauren Biel,de,"[""romance""]"
hardcover_1604185,"Dandadan, Vol. 8","Yukinobu Tatsu, Kumar Sivasubramanian",id,"[""Young Adult""]"
hardcover_1613639,Her Males,Invi Wright,de,"[""Fantasy"", ""Sci-Fi""]"
hardcover_1638344,Finding Delaware,Bree Wiley,id,"[""Young Adult""]"
hardcover_1642364,Never Been Shipped,Alicia Thompson,nl,"[""Romance"", ""contemporary romance""]"
hardcover_1648999,"Dandadan, Vol. 7","Yukinobu Tatsu, Kumar Sivasubramanian",id,"[""Young Adult""]"
hardcover_1649668,"Dandadan, Vol. 10","Yukinobu Tatsu, Kumar Sivasubramanian",id,"[""Fantasy""]"
hardcover_1649669,"Dandadan, Vol. 11","Yukinobu Tatsu, Kumar Sivasubramanian",id,"[""Fantasy""]"
hardcover_166727,Hawkline Monster,Richard Brautigan,de,"[""Fantasy""]"
hardcover_1673675,Fair Play,Louise Hegarty,tr,"[""Mystery""]"
hardcover_1712154,Biographie de la faim,Amélie Nothomb,fr,"[""History""]"
hardcover_1753771,An Unsuitable Heir,KJ Charles,fr,"[""Adventure""]"
hardcover_1804350,Battle Royale 1,"Koushun Takami, Masayuki Taguchi",tr,"[""Fantasy"", ""Sci-Fi""]"
hardcover_1807434,"Goodnight Punpun Omnibus, Vol. 5",Inio Asano,et,"[""Young Adult""]"
hardcover_182047,Tallstar's Revenge,"Erin Hunter, James L. Barry",sv,"[""Fantasy""]"
hardcover_1832668,Wings So Wicked,Emily Blackwood,de,"[""Fantasy""]"
hardcover_1897662,"Cry, Voidbringer",Elaine Ho,da,"[""Fantasy"", ""Sci-Fi""]"
hardcover_1924155,Honour Guard,Dan Abnett,fr,"[""Sci-Fi""]"
hardcover_199185,Orient Express,"Graham Greene, Christopher Hitchens",fr,"[""Adventure"", ""Romance"", ""Mystery"", ""romantic suspense""]"
hardcover_2014192,Open Wide,Jessica Gross,nl,"[""Romance"", ""contemporary romance""]"
hardcover_208070,Werewolf Skin,R. L. Stine,af,"[""Mystery""]"
hardcover_211491,Goodbye Stranger,Rebecca Stead,da,"[""Young Adult""]"
hardcover_211959,Locus solus,Raymond Roussel,fr,"[""Fantasy""]"
hardcover_2142700,Comerás flores,Lucía Solla Sobral,es,"[""Romance""]"
hardcover_233119,Violent Ends,"Shaun David Hutchinson, Neal Shusterman, Brendan Shusterman, Beth Revis, Cynthia Leitich Smith, Courtney Summers, Kendare Blake, Steve Brezenoff, Tom Leveen, Hannah Moskowitz, Blythe Woolston, Mindi Scott, Margie Gelbwasser, Christine Johnson, Elisa Nader, Delilah S. Dawson, E.M. Kokie, Trish Doller",nl,"[""Young Adult""]"
hardcover_23805,Nora Webster,Colm Tóibín,de,"[""History""]"
hardcover_245826,London Under,Peter Ackroyd,de,"[""History""]"
hardcover_257442,Shadow Man,Cody McFadyen,so,"[""Mystery""]"
hardcover_257591,"Rosie Revere, Engineer","Andrea Beaty, David   Roberts",af,"[""Adventure""]"
hardcover_282590,Letters to Véra,Vladimir Nabokov,fr,[]
hardcover_284737,Under milk wood,"Suheil Bushrui, York Notes, A. Norman Jeffares",af,[]
hardcover_287224,Acqua Alta,Donna Leon,ca,"[""Mystery"", ""crime""]"
hardcover_293370,Howliday Inn,"James Howe, Lynn Munsinger",so,"[""Fantasy""]"
hardcover_295574,Going Dark,Linda Nagata,tl,"[""Fantasy"", ""Sci-Fi""]"
hardcover_31121,Deep Roots,Ruthanna Emrys,nl,"[""Fantasy"", ""fantasy romance""]"
hardcover_332066,So Much Blue,Percival Everett,de,[]
hardcover_332902,Rising Tides,Nora Roberts,id,"[""Romance""]"
hardcover_336993,Regency Buck,Georgette Heyer,de,"[""Romance"", ""historical romance""]"
hardcover_342799,Peter Pan in Kensington Gardens / Peter and Wendy,"J. M. Barrie, Peter Hollindale, Rodrigo Breunig",de,"[""Fantasy""]"
hardcover_345767,Key Lime Pie Murder,Joanne Fluke,de,"[""Mystery""]"
hardcover_350682,Bad Hare Day,R. L. Stine,so,"[""Fantasy"", ""fantasy romance""]"
hardcover_378957,"Tlön, Uqbar, Orbis Tertius",Jorge Luis Borges,de,"[""Fantasy""]"
hardcover_382557,"Republic, Lost",Lawrence Lessig,ro,"[""History""]"
hardcover_384278,Carrot Cake Murder,Joanne Fluke,nl,"[""Mystery""]"
hardcover_385707,Ética para Amador,Fernando Savater,pt,"[""Young Adult""]"
hardcover_427385,Annabel Lee,"Edgar Allan Poe, Gilles Tibo",et,"[""Fantasy""]"
hardcover_428053,Batgirl: Year One,"Scott Beatty, Chuck Dixon, Marcos Martín, Álvaro López, Willie Schubert, Javier Rodriguez",tr,"[""Fantasy""]"
hardcover_428572,Sisters in Arms,Kaia Alderson,de,"[""History""]"
hardcover_428637,An Oresteia,"Sophocles, Anne Carson, Aeschylus, Euripides",de,[]
hardcover_42891,"Adventure Time, Vol. 1","Ryan North, Braden Lamb, Shelli Paroline",ro,"[""Young Adult"", ""Sci-Fi""]"
hardcover_429178,Respectable Sins,Jerry Bridges,es,[]
hardcover_429496,Swell Foop,Piers Anthony,af,"[""Fantasy""]"
hardcover_432306,Prairie Lotus,Linda Sue Park,lt,"[""Young Adult""]"
hardcover_433027,Así habló Zaratustra,Friedrich Nietzsche,ca,"[""Philosophy""]"
hardcover_433653,Super Fake Love Song,David  Yoon,no,"[""Young Adult""]"
hardcover_435064,True Places,Sonja Yoerg,es,"[""Mystery"", ""crime""]"
hardcover_436034,Blueprint for Revolution,"Srdja Popovic, Matthew Miller",ro,[]
hardcover_438496,Mount Fitz Roy,Scott Sigler,de,"[""Adventure"", ""Sci-Fi""]"
hardcover_439937,Lonesome Traveler,Jack Kerouac,no,"[""Adventure""]"
hardcover_440735,Call Me Crazy,Melanie Harlow,it,"[""Romance""]"
hardcover_440747,Book Boyfriend,Claire Kingsley,af,[]
hardcover_441849,Paris Spleen,"Charles Baudelaire, Louise Varèse",nl,"[""Poetry""]"
hardcover_444737,We Are Not From Here,Jenny Torres Sanchez,nl,"[""Adventure""]"
hardcover_444889,De Avonden,Gerard Reve,nl,[]
hardcover_444957,"Wandering Son, Vol. 1","Takako Shimura, Rachel Balzora Thorn",de,"[""Graphic Novel""]"
hardcover_446022,Under A Velvet Cloak,Piers Anthony,no,"[""Fantasy"", ""fantasy romance""]"
hardcover_446846,Archangel Rising,Evan Currie,de,"[""Sci-Fi""]"
hardcover_448631,From Unseen Fire,Cass Morris,nl,"[""Fantasy"", ""fantasy romance""]"
hardcover_449139,"Wonder Woman, Volume 2: Guts","Brian Azzarello, Cliff Chiang, Tony Akins, Kano, Dan           Green, Matt  Wilson, Jared K. Fletcher",de,"[""Graphic Novel""]"
hardcover_449175,Nubia: Real One,"L. L. McKinney, Robyn Smith",ro,"[""Young Adult""]"
hardcover_449661,Brave Face: A Memoir,Shaun David Hutchinson,pt,"[""Young Adult""]"
hardcover_450056,Exquisite Corpse,"Pénélope Bagieu, Alexis Siegel",fr,"[""Graphic Novel""]"
hardcover_450196,Summer Fun,Jeanne Thornton,de,[]
hardcover_450634,Space Struck,Paige Lewis,ro,"[""Poetry""]"
hardcover_450826,Invisible Emmie,Terri Libenson,fr,"[""Graphic Novel""]"
hardcover_451167,All-American Muslim Girl,Nadine Jolie Courtney,tr,"[""Young Adult""]"
hardcover_451618,Bent Heavens,Daniel Kraus,nl,"[""Sci-Fi""]"
hardcover_451672,Miss Austen,Gill Hornby,de,"[""Historical Fiction""]"
hardcover_453661,Escaping Mr. Rochester,L. L. McKinney,de,"[""Fantasy""]"
hardcover_453876,Gordini Protocols,Jasper Fforde,it,"[""Fantasy"", ""Sci-Fi""]"
hardcover_453935,Fire and Heist,Sarah Beth Durst,de,"[""Fantasy"", ""Romantasy""]"
hardcover_454725,Inheritance: A Visual Poem,"Elizabeth Acevedo, Andrea Pippins",pt,"[""Young Adult""]"
hardcover_454944,Let's Play,"Leeanne M. Krecic, Mongie",fr,"[""Young Adult"", ""romance""]"
hardcover_456574,Grimoire Noir,"Vera Greentea, Yana Bogatch",fr,"[""Fantasy""]"
hardcover_457630,Blood Lines,Tanya Huff,et,"[""Fantasy""]"
hardcover_461499,Arcana Rising,Kresley Cole,tl,"[""Fantasy"", ""Sci-Fi""]"
hardcover_461998,"Deadman Wonderland, Vol. 3","Jinsei Kataoka, Kazuma Kondou",nl,"[""Fantasy"", ""Sci-Fi""]"
hardcover_463405,Pan Lodowego Ogrodu. Tom 3,Jarosław Grzędowicz,pl,"[""Fantasy"", ""fantasy romance""]"
hardcover_463686,Oak King Holly King,Sebastian Nothwell,tl,"[""Fantasy""]"
hardcover_463831,Restless Slumber,K.J. Sutton,de,"[""Fantasy""]"
hardcover_463872,Tiempos recios,Mario Vargas Llosa,es,"[""History""]"
hardcover_464840,SPY×FAMILY 8,Tatsuya Endo,de,"[""Fantasy""]"
hardcover_465209,Every Sky a Grave,Jay Posey,cs,"[""Adventure"", ""Sci-Fi""]"
hardcover_467429,Peter & Max,"Bill Willingham, Steve Leialoha",de,"[""fantasy romance""]"
hardcover_468500,Quantam Rose,"Catherine Asaro, Anna Fields",id,"[""Fantasy"", ""Sci-Fi""]"
hardcover_469806,Eloquent Ruby,Russ Olsen,ca,[]
hardcover_470302,"Tiger, Tiger",Margaux Fragoso,da,"[""Biography & Memoir""]"
hardcover_470378,Verbal Judo,"George J. Thompson, Jerry B. Jenkins",de,"[""crime""]"
hardcover_473886,No Way Out,Cara Hunter,so,"[""Mystery""]"
hardcover_474789,Iacocca: An Autobiography,"Lee Iacocca, William Novak",it,"[""Biography & Memoir""]"
hardcover_476164,Indigo Slam,Robert Crais,id,"[""Adventure""]"
hardcover_480306,Cyber Mage,Saad Hossain,cy,"[""Fantasy"", ""Sci-Fi""]"
hardcover_480800,Toda Mafalda,Quino,so,"[""Graphic Novel""]"
hardcover_481193,Breaking Point,C.J. Box,tl,"[""Adventure"", ""Mystery"", ""crime""]"
hardcover_481445,Stiger's Tigers,"Marc Alan Edelheit, Gianpiero Mangialardi",da,"[""Fantasy""]"
hardcover_481464,Semper Fi,W.E.B. Griffin,id,"[""Adventure""]"
hardcover_483109,Blood Defense,Marcia Clark,nl,"[""Mystery"", ""crime""]"
hardcover_483276,Fair coin,E. C. Myers,fr,"[""Fantasy"", ""Sci-Fi""]"
hardcover_483879,Trickster Drift,Eden Robinson,de,"[""Fantasy"", ""fantasy romance""]"
hardcover_484053,"A Long, Long Sleep",Anna Sheehan,tl,"[""Fantasy"", ""Sci-Fi""]"
hardcover_484063,A Modern Witch,Debora Geary,de,"[""Fantasy""]"
hardcover_486960,Design Systems,"Alla Kholmatova, Smashing Magazine",da,[]
hardcover_487942,Being Heumann,"Judith Heumann, Kristen Joiner",de,[]
hardcover_490327,Dessert Person,Claire Saffitz,de,[]
hardcover_490760,Double Cross,Malorie Blackman,fr,"[""Young Adult"", ""Sci-Fi""]"
hardcover_496519,Under Different Stars,Amy A. Bartol,de,"[""Fantasy"", ""Sci-Fi""]"
hardcover_501733,Peter Camenzind,Hermann Hesse,de,"[""Psychology""]"
hardcover_510907,A Splendid Ruin,Megan Chance,af,[]
hardcover_511408,Book Boyfriend,Kris Ripper,af,[]
hardcover_512392,Rebel Skies,Ann Sei Lin,af,"[""Fantasy"", ""fantasy romance""]"
hardcover_512458,Sunglasses After Dark,Nancy A. Collins,de,"[""Fantasy""]"
hardcover_513451,Birds Art Life,Kyo Maclear,de,"[""Biography & Memoir""]"
hardcover_514886,My Imaginary Mary,"Brodi Ashton, Jodi Meadows, Cynthia Hand",tl,"[""Fantasy""]"
hardcover_516877,"Erased (Omnibus), Vol. 1","Kei Sanbe, Sheldon Drzka",et,"[""Graphic Novel"", ""romance"", ""Romantasy""]"
hardcover_518540,Between Jobs,W.R. Gingell,nl,"[""Fantasy"", ""fantasy romance""]"
hardcover_519480,Hag: Forgotten Folktales Retold,"Daisy Johnson, Kirsty Logan, Emma Glass, Eimear McBride, Natasha Carthew, Mahsuda Snaith, Naomi Booth, Liv Little, Imogen Hermes Gowar, Irenosen Okojie",no,[]
hardcover_519596,Little Disasters,Sarah Vaughan,de,"[""Thriller""]"
hardcover_520179,My Fake Rake,Eva Leigh,sw,"[""Historical Fiction"", ""Romance"", ""historical""]"
hardcover_522955,"King, Queen, Knave","Vladimir Nabokov, Dmitri Nabokov",no,"[""Romance"", ""History"", ""Mystery"", ""romantic suspense""]"
hardcover_524953,Just Friends,Saxon James,de,[]
hardcover_525008,Doña Bárbara,"Rómulo Gallegos, Domingo Miliani, Nguyễn Đình Hiền, Bàng Thúc Long",es,[]
hardcover_525112,Mi planta de naranja-lima,José Mauro de Vasconcelos,hr,"[""Young Adult""]"
hardcover_526664,"Horimiya, Vol. 2","Hero, Daisuke Hagiwara",tr,"[""Young Adult""]"
hardcover_529015,Stillness Speaks,Eckhart Tolle,et,"[""Psychology""]"
hardcover_529077,Laut Bercerita,Leila S. Chudori,fr,"[""Fantasy""]"
hardcover_530446,Divide & Conquer,"Abigail Roux, Madeleine Urban",es,"[""Romance""]"
hardcover_533216,Bones in Her Pocket,Kathy Reichs,de,"[""Mystery"", ""crime""]"
hardcover_53416,Private Arrangements,Sherry Thomas,nl,"[""Romance"", ""historical romance""]"
hardcover_534267,Mieses Karma,David Safier,af,"[""Fantasy""]"
hardcover_536267,Mister Slaughter,Robert R. McCammon,de,"[""Mystery""]"
hardcover_537291,Cobalt Blue,"Matthew Reilly, Jacqui Duncan",ca,"[""Fantasy""]"
hardcover_539996,Real Deal,Piper Rayne,ro,[]
hardcover_540385,Forbidden Mind,Karpov Kinrade,da,"[""Young Adult"", ""Sci-Fi""]"
hardcover_542635,Blood Test,Jonathan Kellerman,et,"[""Thriller"", ""Mystery"", ""crime""]"
hardcover_547349,Lucky You,Carl Hiaasen,cs,"[""Mystery""]"
hardcover_548458,Spirit Witch,Helen Harper,de,"[""Fantasy"", ""fantasy romance""]"
hardcover_560729,Freedom's Challenge,Anne McCaffrey,nl,"[""Sci-Fi""]"
hardcover_563725,Monster Hunter Bloodlines,Larry Correia,de,"[""Fantasy"", ""fantasy romance""]"
hardcover_565296,Using Fejo,Victoria Aveline,id,"[""Fantasy""]"
hardcover_567749,Going Dark,Melissa De La Cruz,tl,"[""Young Adult""]"
hardcover_570544,"Star Wars, Vol. 3: Rebel Jail","Jason Aaron, Kieron Gillen, Ángel Unzueta, Mike Mayhew, Leinil Francis Yu, Terry Dodson",de,"[""Graphic Novel"", ""Sci-Fi""]"
hardcover_571434,O Cavaleiro Imperfeito,T. H. White,pt,"[""Fantasy""]"
hardcover_572941,Stone Princess,Devney Perry,it,"[""Romance""]"
hardcover_576527,Q: In dieser Welt ist Perfektion alles,"Christina Dalcher, Michaela Grabinger",de,"[""Fantasy"", ""Sci-Fi""]"
hardcover_576621,"Die Wut, die bleibt",Mareike Fallwickl,af,[]
hardcover_578051,Rookie Privateer,"Jamie McFarlane, Mikael Naramore",af,"[""Young Adult"", ""Sci-Fi""]"
hardcover_582600,Best Friends,Shannon Hale,de,"[""Young Adult""]"
hardcover_584862,Brutal Kunnin',"Mike Brooks, Tom Allenby",fi,"[""Sci-Fi""]"
hardcover_586438,Asterix - Obelix & Company,"René Goscinny, Albert Uderzo",ca,"[""Graphic Novel""]"
hardcover_591740,Clementine: Book One,Tillie Walden,nl,"[""Graphic Novel"", ""Sci-Fi""]"
hardcover_597255,Feng Shui Modern,"Cliff Tan, Dura Lee",de,[]
hardcover_597535,Soldados de Salamina,Javier Cercas,es,"[""History""]"
hardcover_603588,"Batman & Robin, Vol. 2: Batman vs. Robin","Andy Clarke, Cameron Stewart, Scott Hanna, Dustin Nguyen, Grant Morrison",tr,"[""Graphic Novel""]"
hardcover_612781,Star Witch,Helen Harper,de,"[""Fantasy""]"
hardcover_612819,Elven Doom,Lindsay Buroker,nl,"[""Fantasy"", ""Romantasy""]"
hardcover_614394,Peak Mind,Amishi P. Jha,id,"[""Psychology""]"
hardcover_616273,Here U Are,DJun,de,"[""Graphic Novel""]"
hardcover_626680,Galactic Patrol,Edward E. Smith ,ca,"[""Sci-Fi""]"
hardcover_634744,"Ultima noapte de dragoste, întâia noapte de război",Camil Petrescu,ro,[]
hardcover_637947,Fostering Faust 3,Randi Darren,de,"[""Fantasy""]"
hardcover_63912,Violent Cases,"Neil Gaiman, Dave McKean",ca,"[""Fantasy""]"
hardcover_639599,"Someday, Someday",Emma Scott,so,[]
hardcover_64044,Man and Superman,"George Bernard Shaw, Dan H. Laurence, Stanley Weintraub",id,[]
hardcover_640869,Tony Takitani,"Haruki Murakami, Yao Michiko, Ann Faison, Jay Rubin",sw,[]
hardcover_646793,Terra Nostra,Carlos Fuentes,pt,"[""History""]"
hardcover_651621,Mortal Arts,"Anna Lee Huber, Heather Wilds",ca,"[""Mystery"", ""romantic suspense""]"
hardcover_652643,Beautiful Beloved,Christina Lauren,ro,"[""Romance""]"
hardcover_652748,A Bollywood Affair,Sonali Dev,cy,"[""Romance""]"
hardcover_655350,Why We Get Sick,Benjamin Bikman,de,[]
hardcover_655490,Midnight Valentine,J.T. Geissinger,de,"[""Fantasy""]"
hardcover_665652,Sick B*stards,Matt Shaw,sv,[]
hardcover_675160,Cyberpunk 2077: Trauma Team,"Cullen Bunn, Miguel Valderrama",id,[]
hardcover_675433,The Murder Game,Tom Hindle,de,[]
hardcover_684935,Forever Home,Graham Norton,da,[]
hardcover_692924,"Naruto, Vol. 58:  Naruto vs. Itachi",Masashi Kishimoto,it,"[""Fantasy""]"
hardcover_698683,Let's Get Textual,Teagan Hunter,fr,"[""Young Adult"", ""romance""]"
hardcover_698728,Sweet Home,Tillie Cole,af,"[""Young Adult""]"
hardcover_699039,Sweet Dandelion,Micalea Smeltzer,af,"[""Young Adult""]"
hardcover_699747,Pucked Over,Helena Hunting,de,"[""Romance""]"
hardcover_700245,Lovers Like Us,"Krista Ritchie, Becca Ritchie",no,"[""Young Adult"", ""romance"", ""Romantasy""]"
hardcover_700984,"My Hero Academia, Vol. 32","Kohei Horikoshi, Ayako Koike",es,[]
hardcover_701017,"Naruto, Vol. 20: Naruto vs. Sasuke",Masashi Kishimoto,lt,"[""Fantasy"", ""fantasy romance""]"
hardcover_724546,Black Bird Academy - Töte die Dunkelheit,Stella Tack,de,"[""Fantasy"", ""Romantasy""]"
hardcover_727380,Roll Call,"Xanthe Bouma, Lee Knox Ostertag",it,"[""Graphic Novel""]"
hardcover_734930,Radical Intimacy,Sophie K. Rosa,it,[]
hardcover_735593,Greymist Fair,Francesca Zappia,de,"[""Fantasy""]"
hardcover_74170,Dingoes at Dinnertime,"Sal Murdocca, Mary Pope Osborne",af,"[""Fantasy""]"
hardcover_742509,Thin Skin: Essays,Jenn Shapland,fi,[]
hardcover_745032,Ces jours qui disparaissent,Timothé Le Boucher,fr,"[""Sci-Fi""]"
hardcover_749552,Inside Out,Nick Mason,pt,"[""Biography & Memoir""]"
hardcover_752074,Ali Cross,James Patterson,it,"[""Young Adult""]"
hardcover_76385,Winter Stroll,Elin Hilderbrand,de,"[""Romance""]"
hardcover_763862,Chicken Chicken,R. L. Stine,de,"[""Young Adult""]"
hardcover_76402,Stephen Florida,Gabe Habash,de,[]
hardcover_765631,Boule de Suif,Guy de Maupassant,fr,[]
hardcover_766257,Blind Spots,Thomas Mullen,de,"[""Sci-Fi""]"
hardcover_770710,"Naruto, Vol. 52: Cell Seven Reunion",Masashi Kishimoto,it,"[""Fantasy""]"
hardcover_791561,Horse Barbie,Geena Rocero,nl,[]
hardcover_795520,Dead Man's Debt,Elliott Kay,nl,"[""Adventure"", ""Sci-Fi""]"
hardcover_797730,Last Orders,Graham Swift,de,"[""Romance""]"
hardcover_799808,Paper Planes,"Jennie Wood, Dozerdraws",ca,"[""Children's""]"
hardcover_799964,Listen To Me,Tess Gerritsen,de,"[""Mystery""]"
hardcover_804512,Blissful Masquerade,Elira Firethorn,ca,[]
hardcover_804529,Locked Up Liars,Elle Thorpe,sv,[]
hardcover_80474,Venus in Copper,Lindsey Davis,nl,"[""Adventure"", ""Mystery"", ""crime""]"
hardcover_804865,"Hurt Me, Daddy",Misha Horne,cy,"[""Young Adult""]"
hardcover_80906,Girl Missing,"Tess Gerritsen, Susan Ericksen",de,"[""Thriller"", ""romantic suspense""]"
hardcover_842779,Nineteen Seventy Four,David Peace,nl,"[""Mystery""]"
hardcover_843597,Friends Don't Fall in Love,Erin Hahn,nl,"[""Romance""]"
hardcover_866500,Dark Days,James Baldwin,so,[]
hardcover_87069,I Am David,Anne Holm,da,"[""Young Adult""]"
hardcover_8782,Miss Wonderful,Loretta Chase,de,"[""Romance""]"
hardcover_879950,Aiduel's Sin,Daniel T. Jackson,ca,[]
hardcover_884109,Tempt Our Fate,Kat Singleton,fr,"[""Romance""]"
hardcover_884163,One Last Gift,Emily      Stone,de,[]
hardcover_88545,Princess Lessons,"Meg Cabot, Chesley McLaren",fr,"[""Young Adult""]"
hardcover_886436,"No Game No Life, Vol. 2",Yuu Kamiya,it,"[""Fantasy""]"
hardcover_889758,"Fire Punch, Vol. 2",Tatsuki Fujimoto,de,"[""Graphic Novel"", ""Sci-Fi""]"
hardcover_908162,"Usagi Yojimbo, Vol. 1","Stan Sakai, Stan Lee",sw,"[""Fantasy""]"
hardcover_908582,"One Piece. Omnibus, Vol. 2",Eiichiro Oda,ro,"[""Fantasy""]"
hardcover_918686,Blacksad #5: Amarillo,"Juan Díaz Canales, Juanjo Guarnido",sv,"[""Graphic Novel""]"
hardcover_936776,War Bodies,Neal Asher,af,"[""Sci-Fi""]"
hardcover_938301,Memórias de um Sargento de Milícias,Manuel Antônio de Almeida,pt,"[""Biography & Memoir""]"
hardcover_938591,Quarto de Despejo,Carolina Maria de Jesus,es,"[""Biography & Memoir""]"
hardcover_938682,Quincas Borba,Machado de Assis,pt,"[""History""]"
hardcover_946019,Sweet Sweet Revenge Ltd.,"Jonas Jonasson, Rachel Willson-Broyles",af,"[""Adventure""]"
hardcover_962170,Berserk Deluxe Volume 10,Kentaro Miura,de,[]
hardcover_981102,Casas vacías,Brenda Navarro,es,"[""Romance""]"
hardcover_981591,Dracula's Guest,Bram Stoker,ca,"[""Fantasy""]"
hardcover_1000106,Cruel Paradise,Nicole Fox,es,"[""Romance""]"
hardcover_1005218,Strange Folk,Alli Dyer,no,[]
hardcover_1010490,Terminal Peace,Jim C. Hines,ro,"[""Sci-Fi""]"
hardcover_1026716,"Naruto, Vol. 31: Final Battle",Masashi Kishimoto,it,"[""Fantasy""]"
hardcover_1026938,"Naruto, Vol. 29: Kakashi vs. Itachi",Masashi Kishimoto,sw,"[""Fantasy""]"
hardcover_1026962,23rd Midnight,"James Patterson, Maxine Paetro",af,"[""Mystery""]"
hardcover_1029703,Jävla karlar,Andrev Walden,sv,[]
hardcover_1047161,Exes & Foes,Amanda Woody,ca,"[""Young Adult""]"
hardcover_105015,One-Hit Wonder,"Lisa Jewell, Helen Duff",de,"[""Romance""]"
hardcover_1084504,Arráncame La Vida,Ángeles Mastretta,es,[]
hardcover_1084616,In Our Stars,Jack Campbell,de,"[""Young Adult"", ""Sci-Fi""]"
hardcover_1088809,One Piece. Omnibus Vol. 3,Eiichiro Oda,ro,"[""Fantasy""]"
hardcover_1100301,A Quiet Retreat,Kiersten Modglin,ro,"[""Adventure""]"
hardcover_1102153,Silent Sister,Megan Davidhizar,de,"[""Young Adult""]"
hardcover_1118167,Bajar es lo peor,Mariana Enríquez,es,[]
hardcover_1122624,Soy una tonta por quererte,Camila Sosa Villada,es,[]
hardcover_1128905,"Yotsuba&!, Vol. 4","Kiyohiko Azuma, Kiyohiko Azuma, Kiyohiko Azuma",et,"[""Graphic Novel""]"
hardcover_1129777,"Bakuman, Vol. 3","Tsugumi Ohba, Takeshi Obata",id,"[""Graphic Novel""]"
hardcover_1160006,Dogra Magra,"Kyūsaku Yumeno, Patrick Honnoré",hr,[]
hardcover_1160578,Archangel's Lineage,Nalini Singh,de,"[""Fantasy""]"
hardcover_1161512,Art Monsters: Unruly Bodies in Feminist Art,Lauren Elkin,de,[]
hardcover_1173879,Savage Titan,E.V. Olsen,et,[]
hardcover_1178388,Je voudrais que quelqu'un m'attende quelque part,Anna Gavalda,fr,[]
hardcover_1179792,A Little Kissing Between Friends,Chencia C. Higgins,de,[]
hardcover_1180438,Wayward Galaxy 2,"Jason Anspach, J.N. Chaney",so,"[""Sci-Fi""]"
hardcover_1189443,Interstellar MegaChef,Lavanya Lakshminarayan,de,"[""Sci-Fi""]"
hardcover_1189733,Und alle so still,"Mareike Fallwickl, Marie-Isabel Walke, Astrid Kohrs, Henning Nöhren",it,[]
hardcover_1197165,"Hunter x Hunter, Vol. 2","Yoshihiro Togashi, Yoshihiro Togashi, Yoshihiro Togashi, Lillian Olsen, Pancha Diaz",de,"[""Fantasy"", ""fantasy romance""]"
hardcover_1198130,Beautiful Villain,Rebecca F. Kenney,fr,"[""Fantasy""]"
hardcover_1202620,Lunar Boy,"Cin Wibowo, Jes Wibowo",tl,"[""Young Adult"", ""Sci-Fi""]"
hardcover_1206781,Déjà Dead / Death du Jour,Kathy Reichs,fr,"[""Mystery""]"
hardcover_121484,Maud Martha,Gwendolyn Brooks,cy,[]
hardcover_1217256,"Paradise Kiss, Vol. 3",Ai Yazawa,et,"[""Romance""]"
hardcover_1217771,Incendies Le Sang des promesses - 2,"Wajdi Mouawad, Ростислав Нємцев",fr,"[""History""]"
hardcover_1225091,Frigid Magic,Bruce Sentar,ca,"[""Fantasy"", ""fantasy romance""]"
hardcover_1240785,"Battle Angel Alita, Vol. 6: Angel Of Death",Yukito Kishiro,de,"[""Graphic Novel"", ""Sci-Fi""]"
hardcover_1250159,Croma Venture,Joel Shepherd,pt,"[""Sci-Fi""]"
hardcover_1291703,Prairie Edge,Conor Kerr,lt,[]
hardcover_1293095,"Yotsuba&!, Vol. 5",Kiyohiko Azuma,et,"[""Adventure""]"
hardcover_1295081,Snake Oil,Kelsey Rae Dimberg,hr,"[""Thriller""]"
hardcover_130623,Dustbin Baby,"Jacqueline Wilson, Nick Sharratt",af,"[""Young Adult""]"
hardcover_1313026,Casket Case,Lauren  Evans,no,"[""Fantasy""]"
hardcover_1343283,"Vagabond, Vol. 7",Takehiko Inoue,et,"[""Adventure""]"
hardcover_1373419,"Kaiju No. 8, Vol. 10","Naoya Matsumoto, David Evelyn, Naoya Matsumoto, Naoya Matsumoto, Karla Clark",hr,"[""Fantasy"", ""fantasy romance""]"
hardcover_1384003,"Vampire Knight, Vol. 5","Matsuri Hino, Nancy Thistlethwaite",af,"[""Young Adult""]"
hardcover_1389754,Survivor Type,"Stephen King, Max Miller",no,"[""Fantasy""]"
hardcover_1389940,"PLUTO: Urasawa x Tezuka, Vol. 4","Naoki Urasawa, Osamu Tezuka, Takashi Nagasaki, Jared Cook, Frederik L. Schodt",sw,"[""Sci-Fi"", ""Mystery"", ""crime""]"
hardcover_1396115,Coven King 1,"Virgil Knightley, Edgar Riggs",no,"[""Fantasy""]"
hardcover_139774,Badger Games,Jon A. Jackson,de,"[""History""]"
hardcover_1402076,Most Wonderful,Georgia Clark,de,[]
hardcover_142485,You Are Special,"Max Lucado, Thomas Nelson Publishers, Max Max Lucado's Wemmicks",ro,[]
hardcover_1440276,Fatal Intrusion,"Jeffery Deaver, Isabella Maldonado",it,"[""Thriller""]"
hardcover_1440854,Como bestias,"Violaine Bérot, Pablo Martín Sánchez",pt,[]
hardcover_1449640,Feral Omega,Lenore Rosewood,ca,"[""Fantasy"", ""Sci-Fi""]"
hardcover_1463528,In Our Likeness,Bryan VanDyke,de,"[""Sci-Fi""]"
hardcover_1489269,Ambassador For Mars,Glynn Stewart,pt,"[""Fantasy""]"
hardcover_152662,"GTO: Great Teacher Onizuka, Vol. 1","Toru Fujisawa, Toru Fujisawa, Toru Fujisawa",de,"[""Graphic Novel"", ""romance""]"
hardcover_1547978,"Yotsuba&!, Vol. 9","Kiyohiko Azuma, Kiyohiko Azuma, Kiyohiko Azuma",et,"[""Graphic Novel""]"
hardcover_1561750,Metallic Realms,Lincoln Michel,ca,"[""Sci-Fi""]"
hardcover_1603885,Better Than Revenge,Kasie West,no,"[""Young Adult""]"
hardcover_162860,The Muqaddimah,"Franz Rosenthal, Ibn Khaldun, Danyal Nicholson",so,[]
hardcover_1628855,Park Avenue,Renée Ahdieh,tr,"[""Literary Fiction""]"
hardcover_1649670,"Dandadan, Vol. 12","Yukinobu Tatsu, Kumar Sivasubramanian",id,"[""Young Adult""]"
hardcover_1649671,"Dandadan, Vol. 13","Yukinobu Tatsu, Kumar Sivasubramanian",id,"[""Young Adult""]"
hardcover_1649672,"Dandadan, Vol. 14","Yukinobu Tatsu, Kumar Sivasubramanian",id,"[""Fantasy""]"
hardcover_1664606,"PLUTO: Urasawa x Tezuka, Vol. 7","Naoki Urasawa, Takashi Nagasaki, Osamu Tezuka, Makoto Tezuka, Jared Cook, Frederik L. Schodt, James Gaubatz",sw,"[""Fantasy""]"
hardcover_1666994,Poets Square,Courtney Gustafson,ca,[]
hardcover_1682720,Accidental Champion,Todd Herzman,es,"[""Fantasy""]"
hardcover_17017,Five Patients,Michael Crichton,fr,"[""Adventure""]"
hardcover_1707904,Mutual Interest,Olivia Wolfgang-Smith,ro,[]
hardcover_171411,Niccolo Rising,Dorothy Dunnett,it,"[""Fantasy""]"
hardcover_1760401,"Paradise Kiss, Vol. 2",Ai Yazawa,et,"[""Young Adult""]"
hardcover_1775727,Bitter Sweet,Hattie Williams,af,[]
hardcover_1818030,Close Your Eyes,Teresa Driscoll,fr,"[""Thriller"", ""Mystery"", ""crime""]"
hardcover_1846950,Dark Diamond,Neal Asher,af,"[""Sci-Fi""]"
hardcover_1859532,A Most Puzzling Murder,Bianca Marais,de,"[""Young Adult""]"
hardcover_1891837,The Luzhin Defense,"Vladimir Nabokov, Mel Foster",de,[]
hardcover_1938152,Never Over,Clare Gilmore,no,[]
hardcover_196523,Crazy Busy,Kevin DeYoung,pl,[]
hardcover_211172,Dial L for Loser,Lisi Harrison,ca,"[""Children's""]"
hardcover_212348,Beholder's Eye,Julie E. Czerneda,da,"[""Fantasy"", ""Sci-Fi""]"
hardcover_216581,Total Recall,Piers Anthony,it,"[""Fantasy"", ""Sci-Fi""]"
hardcover_217926,"D.N.Angel, Volume 9",Yukiru Sugisaki,de,"[""Fantasy"", ""Romantasy""]"
hardcover_22825,Enter a Murderer,"Ngaio Marsh, James Saxom",de,"[""Mystery"", ""crime""]"
hardcover_252,Bath Tangle,Georgette Heyer,tl,"[""Romance""]"
hardcover_28012,"Vampire Knight, Vol. 8","Matsuri Hino, Tomo Kimura",af,"[""Fantasy""]"
hardcover_32255,Stork Naked,Piers Anthony,no,"[""Fantasy"", ""Sci-Fi""]"
hardcover_340507,Dork Diaries 5,Rachel Renée Russell,af,[]
hardcover_358333,"Vampire Knight, Vol. 9",Matsuri Hino,af,"[""Fantasy""]"
hardcover_360924,Master And Man,Leo Tolstoy,de,[]
hardcover_376172,Pet Peeve,Piers Anthony,nl,"[""Fantasy"", ""Sci-Fi""]"
hardcover_378113,Dark Curse,Christine Feehan,af,"[""Fantasy""]"
hardcover_382163,Ruddy Gore,Kerry Greenwood,cy,"[""Mystery"", ""crime""]"
hardcover_382947,Fault Line,Barry Eisler,de,"[""Adventure"", ""Mystery"", ""crime""]"
hardcover_383766,Alias Hook,Lisa Jensen,et,"[""Fantasy""]"
hardcover_428424,Feuer und Stein,Diana Gabaldon,de,"[""Fantasy"", ""Romantasy""]"
hardcover_428824,Gods & Monsters,"Janie Marie, Thander Lin",nl,"[""Fantasy"", ""Young Adult"", ""Sci-Fi""]"
hardcover_429232,Here's Negan!,"Robert Kirkman, Charlie Adlard, Cliff Rathburn, Dave Stewart",nl,"[""Fantasy"", ""Sci-Fi""]"
hardcover_429884,Welcome to Braggsville,T. Geronimo Johnson,it,[]
hardcover_432082,Zen to Done,Leo Babauta,nl,[]
hardcover_433126,Power elite.,C. Wright Mills,af,"[""Science & Nature""]"
hardcover_433143,Open House,Elizabeth Berg,nl,"[""Psychology""]"
hardcover_433301,When We Were Animals,Joshua Gaylord,de,"[""Fantasy"", ""Young Adult"", ""Sci-Fi""]"
hardcover_433596,When We Were Infinite,Kelly Loy Gilbert,de,"[""Young Adult""]"
hardcover_435714,When Helping Hurts,"Steve Corbett, Brian Fikkert, John M. Perkins",de,[]
hardcover_436282,Big Questions,Anders Nilsen,fr,"[""Fantasy""]"
hardcover_437216,Long Black Veil,Jennifer Finney Boylan,de,"[""Mystery"", ""crime""]"
hardcover_437356,"Listen, Slowly",Thanhha Lai,de,"[""Young Adult""]"
hardcover_437600,A Bookshop in Berlin,"Françoise Frenkel, Patrick Modiano, Stephanie Smee",nl,[]
hardcover_438046,Llama Llama Red Pajama,Anna Dewdney,id,"[""Fantasy""]"
hardcover_438691,Illegal Alien,Robert J. Sawyer,it,"[""Sci-Fi""]"
hardcover_443438,I Am Dynamite!: A Life of Friedrich Nietzsche,Sue Prideaux,de,"[""Biography & Memoir""]"
hardcover_444799,Beyond Sleep,Willem Frederik Hermans,nl,"[""Adventure""]"
hardcover_446520,Imperium Defiant,Glynn Stewart,ro,"[""Sci-Fi""]"
hardcover_449994,Tender: Stories,Sofia Samatar,de,"[""Fantasy""]"
hardcover_451809,Super Adjacent,Crystal Cestari,ca,"[""Fantasy""]"
hardcover_451905,"Ada Twist, Scientist","Andrea Beaty, David   Roberts",de,[]
hardcover_452829,Skunk and Badger,"Amy Timberlake, Ейми Тимбърлейк, Джон Класен",da,"[""Fantasy""]"
hardcover_452883,Saving Savannah,Tonya Bolden,et,"[""Young Adult""]"
hardcover_453743,Riden's Chapter,Tricia Levenseller,nl,"[""Fantasy""]"
hardcover_453890,Finding Baba Yaga,"Jane Yolen, JANE YOLEN",tl,[]
hardcover_454554,Alex in Wonderland,Simon James Green,nl,"[""Young Adult""]"
hardcover_454786,Lock & West,Alexander C. Eberhart,de,"[""Young Adult"", ""romance""]"
hardcover_455225,Edie in Between,Laura Sibson,af,"[""Fantasy""]"
hardcover_455530,Indestructible Object,Mary  McCoy,fr,"[""Young Adult""]"
hardcover_459038,Bitter Bite,Jennifer Estep,de,"[""Fantasy"", ""Romantasy""]"
hardcover_459418,Total Eclipse,Rachel Caine,ca,"[""Fantasy"", ""fantasy romance""]"
hardcover_459598,When Villains Rise,Rebecca Schaeffer,fi,"[""Fantasy"", ""Sci-Fi""]"
hardcover_459730,Kabu Kabu,Nnedi Okorafor,id,"[""Fantasy"", ""fantasy romance""]"
hardcover_459856,Last Guard,Nalini Singh,fr,"[""Fantasy""]"
hardcover_460284,Sin & Salvation,K.F. Breene,fi,"[""Romance"", ""Romantasy""]"
hardcover_461349,Sleep Like a Baby,Charlaine Harris,af,"[""Mystery"", ""crime""]"
hardcover_461848,Full Circle,Cate Tiernan,it,"[""Fantasy""]"
hardcover_462213,"Deadman Wonderland, Vol. 5","Jinsei Kataoka, Kazuma Kondou",nl,[]
hardcover_463383,Perfekcyjna niedoskonałość,Jacek Dukaj,pl,"[""Fantasy"", ""Sci-Fi""]"
hardcover_463992,And Again,Jessica Chiarella,tl,"[""Fantasy"", ""Sci-Fi""]"
hardcover_464044,Vivian contra o Apocalipse,"Katie Coyle, Flora Pinheiro",it,"[""Young Adult"", ""Sci-Fi""]"
hardcover_466381,"Against Our Will: Men, Women and Rape",Susan Brownmiller,de,"[""Mystery""]"
hardcover_468464,Annabel Scheme,Robin Sloan,de,"[""Fantasy"", ""Sci-Fi""]"
hardcover_468820,Venus Plus X,Theodore Sturgeon,et,"[""Fantasy"", ""Sci-Fi""]"
hardcover_471142,Engagement and Espionage,Penny Reid,de,"[""Romance""]"
hardcover_472072,Un adorabile cattivo ragazzo,Whitney G.,it,[]
hardcover_474652,Portuguese Irregular Verbs,"Alexander McCall Smith, Hugh Laurie",pt,[]
hardcover_479568,Gut Symmetries,Jeanette Winterson,de,"[""Romance""]"
hardcover_479891,On Lavender Tides,Travis M. Riddle,da,"[""Fantasy""]"
hardcover_479955,Sorta Like a Rock Star,Matthew Quick,sv,"[""Young Adult""]"
hardcover_481256,Junkyard Pirate,Jamie McFarlane,id,"[""Sci-Fi""]"
hardcover_481589,Hades' Daughter,Sara Douglass,de,"[""Fantasy"", ""fantasy romance""]"
hardcover_482026,Vermilion Sands,J.G.  Ballard,de,"[""Fantasy"", ""Sci-Fi""]"
hardcover_482127,Daft Wee Stories,Limmy,de,[]
hardcover_48723,Red Alert,"James Patterson, Marshall Karp",de,"[""Adventure"", ""Mystery"", ""crime""]"
hardcover_490789,Game Feel,Steve Swink,nl,[]
hardcover_491249,Eight Billion Genies #1,"Charles Soule, Ryan Browne",de,"[""Graphic Novel""]"
hardcover_496410,Lucie Yi Is Not a Romantic,Lauren Ho,ro,[]
hardcover_502895,Any Ordinary Day,Leigh Sales,tl,"[""Mystery""]"
hardcover_503961,Does My Body Offend You?,"Mayra Cuevas, Marie Marquardt",cy,"[""Young Adult"", ""Romance"", ""contemporary""]"
hardcover_507339,Hunting Annabelle,Wendy Heard,tl,"[""Mystery""]"
hardcover_512069,Mademoiselle Revolution,Zoe Sivak,fr,"[""Young Adult""]"
hardcover_513079,When We Fell Apart,Soon Wiley,de,[]
hardcover_514267,Weird Fucks,Lynne Tillman,de,[]
hardcover_517648,"St. Valentine, St. Abigail, St. Brigid",C.L. Polk,de,"[""Fantasy""]"
hardcover_519441,Blood & Sugar,Laura Shepherd-Robinson,so,"[""Mystery""]"
hardcover_520883,Invisible Boys,Holden Sheppard,fr,"[""Young Adult""]"
hardcover_521863,Water Music,"James R. Kincaid, T. C. Boyle",de,"[""Adventure""]"
hardcover_521920,Being Jazz: My Life as a (Transgender) Teen,Jazz Jennings,de,"[""Young Adult""]"
hardcover_52350,Latte Trouble,Cleo Coyle,fr,"[""Mystery"", ""crime""]"
hardcover_526381,Yokohama Kaidashi Kikou: Deluxe Edition,"Hitoshi Ashinano, Daniel Komen",sw,"[""Graphic Novel"", ""Sci-Fi""]"
hardcover_526382,SAKAMOTO DAYS 3,Yuto Suzuki,de,"[""Graphic Novel""]"
hardcover_526563,"Batman, Volume 9: Bloom","James Tynion IV, Yanick Paquette, Sean        Murphy, Scott Snyder, Greg Capullo, Danny Miki",et,"[""Graphic Novel""]"
hardcover_530066,Shadow Run,"AdriAnne Strickland, Michael         Miller",so,"[""Fantasy"", ""Sci-Fi""]"
hardcover_532518,300 Arguments,Sarah Manguso,ca,[]
hardcover_533199,Once Upon a Marquess,Courtney Milan,fr,"[""Romance""]"
hardcover_533918,Iphigenie auf Tauris,"Johann Wolfgang von Goethe, George J. Adler",de,[]
hardcover_534064,Miss Julie,"August Strindberg, David French",de,[]
hardcover_535566,Zadig et autres contes,"Voltaire, Jacques Van den Heuvel, Frédéric Deloffre",fr,"[""Fantasy""]"
hardcover_535592,Os Cus de Judas,"António Lobo Antunes, Maria José de Lancastre",pt,[]
hardcover_539670,Hell's Aquarium,Steve Alten,ca,"[""Adventure""]"
hardcover_545067,Double or Die,Charlie Higson,af,"[""Young Adult""]"
hardcover_547252,LIFE DURING WARTIME,Lucius Shepard,de,"[""Sci-Fi""]"
hardcover_547891,Devil's Mark,Lark Taylor,da,"[""Fantasy"", ""Romance"", ""paranormal romance"", ""Romantasy""]"
hardcover_552267,Accidental Saints,Nadia Bolz-Weber,ca,"[""Biography & Memoir""]"
hardcover_552424,Winter Storms,Elin Hilderbrand,de,[]
hardcover_555917,Living in Data,Jer  Thorp,af,[]
hardcover_560991,Peter and Wendy,"Francis D. Bedford, J. M. Barrie",de,"[""Fantasy""]"
hardcover_562334,Tigers and Devils,Sean Kennedy,da,"[""Young Adult"", ""romance""]"
hardcover_563268,Mistletoe Murder,Leslie Meier,de,"[""Mystery""]"
hardcover_563405,Christmas Caramel Murder,Joanne Fluke,de,"[""Mystery""]"
hardcover_564252,Burning Paradise,Robert Charles Wilson,id,"[""Sci-Fi""]"
hardcover_570065,Small Wonder,Barbara Kingsolver,de,"[""Biography & Memoir""]"
hardcover_570281,Quantum Lens,"Douglas E. Richards, Marc Vietor",pt,"[""Adventure""]"
hardcover_572606,Cute Mutants Vol 1: Mutant Pride,S.J. Whitby,ca,"[""Fantasy""]"
hardcover_578018,Renegade Atlas,J.N. Chaney,es,"[""Adventure"", ""Sci-Fi""]"
hardcover_581005,"Black Butler, Vol. 11",Yana Toboso,de,"[""Fantasy""]"
hardcover_581007,"Black Butler, Vol. 8",Yana Toboso,de,"[""Graphic Novel""]"
hardcover_590046,That Alien Feeling,Alessandra Hazard,nl,"[""Fantasy"", ""Sci-Fi""]"
hardcover_593466,Make You Mine,Laura Pavlov,sw,[]
hardcover_594830,Moara cu noroc,Ioan Slavici,ro,[]
hardcover_595760,Nietzsche and Philosophy,"Gilles Deleuze, Michael Hardt, Hugh Tomlinson",de,[]
hardcover_603599,Batman: Year 100,Paul Pope,tr,"[""Adventure"", ""Sci-Fi""]"
hardcover_610939,A Cidade e as Serras,"Eça de Queirós, Carlos Reis",pt,"[""Romance""]"
hardcover_611372,"Padre rico, padre pobre","Robert T. Kiyosaki, Alejandra Ramos",es,"[""Self-Help""]"
hardcover_611535,Apocalipsis Z: Los días oscuros,Manel Loureiro,es,"[""Fantasy"", ""Sci-Fi""]"
hardcover_615214,Mary Ann in Autumn,Armistead Maupin,tl,[]
hardcover_615703,Forgotten Vows,Lily Mayne,de,"[""Fantasy"", ""Romantasy""]"
hardcover_620475,Asking for Trouble,Tessa Bailey,no,[]
hardcover_620883,Ice Ice Babies,Ruby Dixon,fr,"[""Sci-Fi"", ""sci-fi romance"", ""Romantasy""]"
hardcover_622050,Prison Planet Barbarian,Ruby Dixon,id,"[""Sci-Fi"", ""sci-fi romance"", ""Romantasy""]"
hardcover_624953,"Yotsuba&!, Vol. 12","Kiyohiko Azuma, Kiyohiko Azuma, Kiyohiko Azuma",et,"[""Graphic Novel""]"
hardcover_625199,"Yotsuba&!, Vol. 11","Kiyohiko Azuma, Kiyohiko Azuma, Kiyohiko Azuma",et,"[""Graphic Novel""]"
hardcover_625696,"Batman, Vol. 3: I Am Bane","Tom King, Mitch Gerads, Danny Miki, David Finch",id,"[""Graphic Novel""]"
hardcover_631111,Kamienie na szaniec,Aleksander Kamiński,pl,"[""Young Adult""]"
hardcover_633049,Rebel Robin,A. R. Capetta,de,"[""Sci-Fi""]"
hardcover_641961,Wilde in Love,Eloisa James,nl,"[""Romance""]"
hardcover_645538,Louise de La Valliere,"Alexandre Dumas, Simon Vance",fr,"[""Adventure""]"
hardcover_646058,Slip Runner,"J.N. Chaney, M.F. Lerma",no,"[""Sci-Fi""]"
hardcover_646986,Opowieści z meekhańskiego pogranicza. Północ - Południe,Robert M. Wegner,pl,"[""Fantasy"", ""fantasy romance""]"
hardcover_648153,Shadow Academy,"Rebecca Moesta, Kevin J. Anderson",so,"[""Sci-Fi""]"
hardcover_650598,Dele Weds Destiny,Tomi Obaro,nl,[]
hardcover_650880,Le Magasin des suicides,Jean Teulé,fr,"[""Fantasy"", ""Sci-Fi""]"
hardcover_654376,Modern Nature,Derek Jarman,de,"[""Biography & Memoir""]"
hardcover_655483,Between Two Strangers,Kate White,nl,[]
hardcover_658111,I Am Livia,"Phyllis T Smith, Joyce Bean",it,"[""Fantasy"", ""Young Adult"", ""Romance"", ""historical""]"
hardcover_673283,Te espero en el fin del mundo,Andrea Longarela,es,"[""Young Adult""]"
hardcover_681065,"Hunter x Hunter, Vol. 7","Yoshihiro Togashi, Yoshihiro Togashi, Yoshihiro Togashi, Lillian Olsen, Pancha Diaz",de,"[""Fantasy"", ""fantasy romance""]"
hardcover_681067,"Fire Punch, Vol. 7",Tatsuki Fujimoto,de,"[""Graphic Novel"", ""Sci-Fi""]"
hardcover_685823,Was man bei Licht nicht sehen kann,Kerstin Gier,de,"[""Fantasy""]"
hardcover_687708,Shadow Lands,Stacey Marie Brown,so,"[""Fantasy"", ""Adventure"", ""Sci-Fi""]"
hardcover_692569,Under My Skin,Lisa Unger,da,"[""Thriller"", ""Mystery"", ""crime""]"
hardcover_692610,Puslu Kıtalar Atlası,Ihsan Oktay Anar,tr,"[""Fantasy""]"
hardcover_692699,Bilinmeyen Bir Kadının Mektubu,Stefan Zweig,tr,[]
hardcover_698928,Bad Habit,Charleigh Rose,so,"[""Romance""]"
hardcover_699500,Life After Legend II,Marie Lu,de,"[""Fantasy"", ""Sci-Fi""]"
hardcover_700244,Alphas Like Us,"Krista Ritchie, Becca Ritchie",et,"[""Romance""]"
hardcover_705907,Blue Lock 1,Yusuke Nomura,fr,"[""Young Adult""]"
hardcover_708512,Devil in Ohio,Daria Polatin,nl,"[""Young Adult""]"
hardcover_708784,A Chama ao Vento,T. H. White,pt,"[""Fantasy""]"
hardcover_71350,Paper Doll,Robert B. Parker,no,"[""Mystery"", ""crime""]"
hardcover_727420,Czerwone Gardło,"Jo Nesbø, Iwona Zimnicka",pl,"[""Thriller""]"
hardcover_735609,We Don't Swim Here,Vincent Tirado,de,"[""Young Adult""]"
hardcover_738105,Someone Like You,Roald Dahl,no,"[""Fantasy""]"
hardcover_740347,Blood Solace,Vela Roth,so,"[""Fantasy""]"
hardcover_740910,Her Last Word,Mary Burton,de,"[""Mystery"", ""crime""]"
hardcover_740955,Never Look Back,Mary Burton,nl,"[""Mystery""]"
hardcover_746651,The Insatiable Volt Sisters,Rachel Eve Moulton,de,[]
hardcover_764052,Prinzessin Insomnia & der alptraumfarbene Nachtmahr,"Walter Moers, Lydia Rode",de,"[""Fantasy""]"
hardcover_764971,Transgender Marxism,"Jules Joanne Gleeson, Elle O'Rourke",de,[]
hardcover_765647,Le Dernier Jour d'un condamné,Hugo Victor,fr,"[""History""]"
hardcover_769510,Rebel Star,Tao Wong,de,"[""Fantasy"", ""Sci-Fi""]"
hardcover_769511,Stars Asunder,Tao Wong,de,"[""Fantasy"", ""Sci-Fi""]"
hardcover_770412,"Blue Exorcist, Vol. 4","Kazue Kato, John Werry",ca,"[""Fantasy""]"
hardcover_770771,Hunting Time,Jeffery Deaver,id,"[""Adventure""]"
hardcover_781249,Estudio en escarlata,Arthur Conan Doyle,es,"[""Adventure""]"
hardcover_785205,Murder Lo Mein,Vivien Chien,de,"[""Mystery"", ""Romance"", ""contemporary""]"
hardcover_791308,Forbidden: Part One,Emilia Emerson,no,"[""Fantasy"", ""Sci-Fi""]"
hardcover_792628,L'Empire des anges,Bernard Werber,fr,"[""Fantasy""]"
hardcover_799028,Le Manuscrit inachevé,Franck Thilliez,fr,[]
hardcover_803238,Deal Maker,Lily Morton,no,[]
hardcover_807668,Seven Steeples,Sara Baume,nl,[]
hardcover_816346,Love Me Tender,Constance Debré,da,[]
hardcover_821039,Number One Fan,Meg Elison,de,[]
hardcover_830528,Berserk Deluxe Volume 14,Kentaro Miura,de,[]
hardcover_835844,Dear Monster Claus,Maeve Black,de,"[""Fantasy""]"
hardcover_865170,Sedating Elaine,Dawn Winter,id,[]
hardcover_869096,Hell Screen,Ryūnosuke Akutagawa,nl,"[""Fantasy""]"
hardcover_87467,Final Impact,John Birmingham,ro,"[""Fantasy""]"
hardcover_880586,Mantras & Minotaurs,Ashley Bennett,lt,"[""Fantasy""]"
hardcover_886433,"No Game No Life, Vol. 3",Yuu Kamiya,it,"[""Fantasy""]"
hardcover_887426,Vestido de novia,"Pierre Lemaitre, María Teresa Gallego Urrutia, Amaya García Gallego",pt,[]
hardcover_887813,"Dr. STONE, Vol. 1","Riichiro Inagaki, Boichi",de,"[""Fantasy"", ""Sci-Fi""]"
hardcover_890053,Currant Events,Piers Anthony,ca,"[""Fantasy"", ""Sci-Fi""]"
hardcover_890380,Siren & Scion,J.D.  Evans,de,"[""Fantasy"", ""Romantasy""]"
hardcover_890810,Final Play,Eden Finley,tl,[]
hardcover_892086,BLAME! MASTER EDITION 3,Tsutomu Nihei,de,"[""Fantasy"", ""Sci-Fi""]"
hardcover_90134,Murder Most Frothy,Cleo Coyle,de,"[""Mystery""]"
hardcover_908231,"Hell's Paradise: Jigokuraku, Vol. 2",Yuji Kaku,et,"[""Fantasy""]"
hardcover_914444,Allan Quatermain,H. Rider Haggard,id,"[""Fantasy""]"
hardcover_918124,When We Had Wings,"Ariel Lawhon, Kristina McMorris, Susan Meissner",de,[]
hardcover_938018,"Coffee, Milk & Spider Silk",Coyote J.M. Edwards,de,"[""Fantasy""]"
hardcover_951268,Hide and Seek,Sara Shepard,af,"[""Young Adult"", ""Mystery"", ""crime""]"
hardcover_952949,Deep Freeze,Michael C. Grumley,nl,"[""Sci-Fi""]"
hardcover_962463,Berserk Deluxe Volume 13,Kentaro Miura,de,[]
hardcover_969274,Admiring Ash,Anyta Sunday,tl,"[""Romance""]"
hardcover_1008383,SAKAMOTO DAYS 5,Yuto Suzuki,de,"[""Graphic Novel""]"
hardcover_1011175,Blood Lines,"Nelson DeMille, Alex DeMille",et,"[""Mystery"", ""crime""]"
hardcover_1018161,O Conde de Monte Cristo,"Alexandre Dumas, André Telles, Rodrigo Lacerda",pt,"[""Young Adult""]"
hardcover_1024188,Grimoire Girl,Hilarie Burton Morgan,it,[]
hardcover_1034122,Últimos días en Berlín,Paloma Sánchez-Garnica,es,[]
hardcover_1051068,Knife Skills for Beginners,Orlando Murrin,no,[]
hardcover_1070595,"Witch Hat Atelier Kitchen, Vol. 1","Kamome Shirahama, Hiromi Satō",de,"[""Fantasy""]"
hardcover_1071008,On Guerilla Warfare,"Mao Zedong, Samuel B. Griffith",sv,"[""History""]"
hardcover_1077023,"Deadman Wonderland, Vol. 7",Jinsei Kataoka,nl,"[""Sci-Fi""]"
hardcover_1083376,"Vampire Knight, Vol. 12",Matsuri Hino,af,"[""Fantasy""]"
hardcover_1099685,Gentlemen Prefer Villains,C. Rochelle,de,"[""Sci-Fi"", ""sci-fi romance"", ""Romantasy""]"
hardcover_1101432,Baggage Claim,Juliana Smith,tl,[]
hardcover_1102578,Veinticuatro horas en la vida de una mujer,"Stefan Zweig, María Daniela Landa",es,[]
hardcover_1103558,Making Friends,Erin Ampersand,af,"[""Fantasy"", ""Sci-Fi""]"
hardcover_1116592,Lost Girl,Leia Stone,fr,"[""Fantasy""]"
hardcover_1130555,Olağanüstü Bir Gece,"Stefan Zweig, İlknur İgan",tr,[]
hardcover_1130600,İçimizdeki Şeytan,Sabahattin Ali,tr,[]
hardcover_1147470,Frozen Hell,"John W. Campbell Jr., Robert Silverberg, Bob Eggleton",nl,"[""Sci-Fi""]"
hardcover_115491,Staying On,Paul Scott,tl,"[""Historical Fiction""]"
hardcover_1171018,"Black Butler, Vol. 10",Yana Toboso,de,"[""Fantasy""]"
hardcover_1171019,"Black Butler, Vol. 13","Yana Toboso, Tomo Kimura",de,"[""Fantasy""]"
hardcover_1179817,Better Left Unsent,Lia Louis,de,[]
hardcover_1185919,"Yotsuba&!, Vol. 10","Kiyohiko Azuma, Kiyohiko Azuma, Kiyohiko Azuma, Kiyohiko Azuma",et,"[""Graphic Novel""]"
hardcover_1186115,"Hunter x Hunter, Vol. 6","Yoshihiro Togashi, Yoshihiro Togashi, Yoshihiro Togashi, Lillian Olsen, Pancha Diaz",de,"[""Fantasy"", ""fantasy romance""]"
hardcover_1194583,Do Not Open,Kiersten Modglin,nl,[]
hardcover_1194908,Secret XXX,"Meguru Hinohara, Adrienne Beck",ca,"[""Graphic Novel"", ""romance""]"
hardcover_12063,"Lumberjanes, Vol. 9: On a Roll","Shannon Watters, Kat Leyh, Gus A. Allen, Carolyn Nowak, Maarta Laiho",et,"[""Fantasy""]"
hardcover_1217309,"xxxHolic, Vol. 3","María Ferrer Simó, CLAMP",ca,"[""Fantasy""]"
hardcover_122750,My Sister Jodie,"Jacqueline Wilson, Nick Sharratt",de,"[""Young Adult""]"
hardcover_1238434,"Deadman Wonderland, Vol. 12","Jinsei Kataoka, Kazuma Kondou",nl,"[""Fantasy"", ""Sci-Fi""]"
hardcover_124029,Barry Lyndon,"William Makepeace Thackeray, Andrew Sanders",cy,"[""Adventure""]"
hardcover_1241109,"Card Captor Sakura, Vol. 3","Chigusa Namihira, CLAMP",ca,"[""Fantasy""]"
hardcover_1242679,When We Lied,Claire Contreras,de,"[""Romance""]"
hardcover_1244137,Dark Deeds,Michelle Diener,nl,"[""Sci-Fi"", ""sci-fi romance"", ""Romantasy""]"
hardcover_1250707,Bad Graces,Kyrie McCauley,es,"[""Young Adult"", ""Sci-Fi""]"
hardcover_1261738,"Hunter x Hunter, Vol. 3","Yoshihiro Togashi, Yoshihiro Togashi, Yoshihiro Togashi, Lillian Olsen, Pancha Diaz",de,"[""Fantasy"", ""fantasy romance""]"
hardcover_1264413,Chicas muertas,Selva Almada,es,"[""Mystery""]"
hardcover_1264781,East Wind: West Wind,Pearl S. Buck,de,[]
hardcover_1272299,"Murder, She Barked",Krista Davis,de,"[""Mystery"", ""crime""]"
hardcover_1282457,"Dragon Ball Z, Vol. 12: Enter Trunks",Akira Toriyama,de,"[""Fantasy""]"
hardcover_1282464,"Dragon Ball, Vol. 41.0",Akira Toriyama,it,"[""Fantasy""]"
hardcover_1292481,Spoilt Creatures,Amy Twigg,ro,[]
hardcover_1293124,"Yotsuba&!, Vol. 4",Kiyohiko Azuma,et,"[""Young Adult""]"
hardcover_131272,Taken By Storm,Jennifer Lynn Barnes,no,"[""Fantasy""]"
hardcover_1362465,Yo no sé de otras cosas,Elisa Levi,pt,[]
hardcover_1371631,"Kill or be Killed, Vol. 2",Ed Brubaker,da,"[""crime""]"
hardcover_1377598,"Look Up, Handsome",Jack    Strange,sv,"[""Romance""]"
hardcover_1377956,"Hunter x Hunter, Vol. 5","Yoshihiro Togashi, Yoshihiro Togashi, Yoshihiro Togashi, Lillian Olsen, Pancha Diaz",de,"[""Fantasy"", ""fantasy romance""]"
hardcover_1386841,"Hunter x Hunter, Vol. 11","Yoshihiro Togashi, Yoshihiro Togashi, Yoshihiro Togashi, Lillian Olsen, Yuki Takagaki",de,"[""Fantasy"", ""fantasy romance""]"
hardcover_140746,Mrs. Piggle-Wiggle's Farm,"Betty MacDonald, Maurice Sendak",da,"[""Fantasy""]"
hardcover_1417758,Murder on Hunter's Eve,Morgan Stang,de,"[""Fantasy"", ""fantasy romance""]"
hardcover_143672,Acorna's Quest,Anne McCaffrey,ca,"[""Fantasy"", ""Sci-Fi""]"
hardcover_1460002,Impractical Magic,Emily Grimoire,ro,"[""Fantasy""]"
hardcover_1463041,Todos los ángeles del infierno,Miriam Mosquera,es,"[""Fantasy""]"
hardcover_1463468,Culpa tuya,Mercedes Ron,tl,"[""Young Adult""]"
hardcover_147596,Killing Titan,Greg Bear,tl,"[""Sci-Fi""]"
hardcover_1479234,Dirty Diana,"Jen Besser, Shana Feste",af,"[""Fantasy""]"
hardcover_1480267,Don't Believe Her,Nicola Sanders,nl,"[""Thriller""]"
hardcover_1493342,Don't Call Me Daddy,Jeré Anthony,cy,"[""Romance""]"
hardcover_1496131,Bearing Gifts,Seán Fenian,de,"[""Sci-Fi""]"
hardcover_1496461,"Jujutsu Kaisen, Vol. 29",Gege Akutami,et,[]
hardcover_1525472,"Kaiju No. 8, Vol. 11","Naoya Matsumoto, Naoya Matsumoto, Naoya Matsumoto, David Evelyn, Karla Clark",hr,"[""Fantasy"", ""fantasy romance""]"
hardcover_1557282,Murder in Highbury,Vanessa Kelly,de,"[""Adventure""]"
hardcover_1565729,Astérix et le Griffon,"Jean-Yves Ferri, Didier Conrad",fr,"[""Fantasy""]"
hardcover_1616810,"Haikyu!!, Vol. 10: Moonrise","Haruichi Furudate, Haruichi Furudate, Haruichi Furudate, Rae First",et,"[""Young Adult"", ""Graphic Novel"", ""Romance""]"
hardcover_1631976,Mr. Cables,Ronald Malfi,ca,"[""Fantasy""]"
hardcover_1643762,Disaster Classes,Álex Gilbert,de,"[""Fantasy""]"
hardcover_1644317,Magica Riot,Kara  Buchanan,it,"[""Fantasy""]"
hardcover_1659489,"Jujutsu Kaisen, Vol. 30",Gege Akutami,et,"[""Fantasy""]"
hardcover_175269,Dark pines,Will Dean,no,"[""Mystery""]"
hardcover_1805576,The King Must Die,Kemi Ashing-Giwa,de,"[""Fantasy"", ""Sci-Fi""]"
hardcover_1861537,Divine Fate,Morgan B. Lee,de,"[""Fantasy"", ""Romantasy""]"
hardcover_1882345,Absolute Superman #1,Jason Aaron,ro,[]
hardcover_189327,Dork Diaries 7,"Rachel Renée Russell, Nikki Russell, Erin Russell",af,[]
hardcover_1910721,Wild Wastes,"Randi Darren, William D. Arand",de,[]
hardcover_1941364,When We Were Monsters,Jennifer Niven,de,"[""Young Adult""]"
hardcover_201238,Deep Space,Ian Douglas,nl,"[""Sci-Fi""]"
hardcover_2015927,Come i cuori degli angeli,"Cassandra Clare, Alessia Merlo, Rossella Pinto",it,"[""Fantasy""]"
hardcover_20195,Deep Black,Andy McNab,nl,"[""Thriller""]"
hardcover_2023183,Absolute Wonder Woman #1,"Kelly Thompson, Hayden Sherman",de,"[""Young Adult""]"
hardcover_2028159,Wildest Dreams,L.J. Shen,de,[]
hardcover_20926,What We Left Behind,Robin Talley,de,"[""Young Adult""]"
hardcover_2112031,"Vagabond (Omnibus), Vol. 2",Takehiko Inoue,et,"[""Graphic Novel""]"
hardcover_2191174,Villa Coco,Andrew Sean Greer,it,"[""Romance""]"
hardcover_2235750,Sweetbitter Song,Rosie Hewlett,af,"[""Fantasy""]"
hardcover_226305,Dead Man Walking,Helen Prejean,so,"[""Biography & Memoir""]"
hardcover_249026,Dark Bites,Sherrilyn Kenyon,de,"[""Fantasy""]"
hardcover_255710,Sapo y Sepo son amigos,Arnold Lobel,es,"[""Fantasy""]"
hardcover_258803,Henry and Beezus,"Beverly Cleary, Tracy Dockray",de,"[""Young Adult""]"
hardcover_287573,Ginger Pye,Eleanor Estes,de,"[""Young Adult""]"
hardcover_315894,Meet Kirsten: An American Girl,Janet Beeler Shaw,nl,"[""Young Adult""]"
hardcover_325296,Mucho Mojo,Joe R. Lansdale,sk,"[""Mystery""]"
hardcover_329155,Take Me On,Katie McGarry,sw,"[""Young Adult"", ""romance""]"
hardcover_332691,Destiny Kills,Keri Arthur,no,"[""Fantasy"", ""fantasy romance""]"
hardcover_338754,Star trek,"James Blish, Norman Spinrad",sv,"[""Fantasy""]"
hardcover_361200,No Man Is an Island,Thomas Merton,tl,"[""Philosophy""]"
hardcover_36936,Skippyjon Jones,Judy Schachner,fi,"[""Fantasy""]"
hardcover_377924,A dangerous place,Jacqueline Winspear,fr,"[""Mystery""]"
hardcover_382033,Sweet Little Lies,Lauren Conrad,af,"[""Young Adult""]"
hardcover_386614,A Week in December,Sebastian Faulks,nl,[]
hardcover_432809,Park Avenue Player,"Penelope Ward, Vi Keeland",tr,[]
hardcover_433014,The Gender Games,Juno Dawson,de,[]
hardcover_439618,Actual Air,David Berman,ca,"[""Poetry""]"
hardcover_440371,Evil Librarian,Michelle Knudsen,it,"[""Fantasy""]"
hardcover_441787,Belle du Seigneur,"Albert Cohen, David Coward",fr,"[""Romance""]"
hardcover_442379,Mademoiselle de Maupin,"Théophile Gautier, Patricia Duncker, Helen Constantine",fr,"[""Romance""]"
hardcover_444916,Impossible Owls: Essays,Brian   Phillips,ca,[]
hardcover_445363,Beyond Weird,Philip Ball,de,"[""Philosophy""]"
hardcover_446652,Past Tense,Christopher G. Nuttall,de,"[""Fantasy""]"
hardcover_446771,Valkyrie Burning,Evan Currie,lt,"[""Sci-Fi""]"
hardcover_447936,Lost in Austen,Emma Campbell Webster,de,[]
hardcover_450740,Culottées #1,Pénélope Bagieu,fr,"[""Graphic Novel""]"
hardcover_450749,Radium Girls,Cy.,de,"[""Graphic Novel""]"
hardcover_451169,Sasha Masha,Agnes Borinsky,so,"[""Young Adult""]"
hardcover_454201,Mermaid Moon,Susann Cokal,et,"[""Fantasy""]"
hardcover_457246,Strange Wine,Harlan Ellison,de,"[""Fantasy"", ""fantasy romance""]"
hardcover_459938,A Duke in Disguise,Cat Sebastian,af,"[""Romance""]"
hardcover_460825,Beekeeping for Beginners,Laurie R. King,no,"[""Mystery""]"
hardcover_461279,Sin & Spirit,K.F. Breene,de,"[""Fantasy""]"
hardcover_461281,Natural Dual-Mage,K.F. Breene,id,"[""Fantasy"", ""fantasy romance""]"
hardcover_463472,Missile Gap,"Charles Stross, J.K. Potter",fr,[]
hardcover_463597,A Droga da Obediência,"Pedro Bandeira, Alberto Naddeo",pt,"[""Young Adult"", ""Adventure"", ""Sci-Fi"", ""Mystery"", ""crime""]"
hardcover_463832,Beautiful Nightmares,K.J. Sutton,ro,"[""Fantasy""]"
hardcover_464371,Kinderen van Moeder Aarde,Thea Beckman,nl,"[""Fantasy"", ""Sci-Fi""]"
hardcover_466224,The Golden Spider,Anne Renwick,de,"[""Romance"", ""historical romance"", ""Romantasy""]"
hardcover_467313,Cardassia and Andor,"Una McCormack, Heather Jarman",pt,"[""Adventure"", ""Sci-Fi""]"
hardcover_467396,Ultimate Homem-Aranha: A Morte do Homem-Aranha,"Brian Michael Bendis, Mark Bagley, David Lafuente",pt,"[""Graphic Novel""]"
hardcover_468407,Solar Express,L. E. Modesitt Jr.,ca,"[""Fantasy"", ""Sci-Fi""]"
hardcover_468855,Sacrificial Magic,Stacia Kane,it,"[""Fantasy"", ""Sci-Fi""]"
hardcover_469649,Wild Fell,Michael Rowe,de,"[""Fantasy""]"
hardcover_470447,X-Men: Grand Design,Ed Piskor,de,"[""Fantasy""]"
hardcover_472160,Well Hung,Lauren Blakely,de,"[""Romance""]"
hardcover_474889,frank: sonnets,Diane Seuss,no,"[""Poetry""]"
hardcover_477562,Widow's Walk,"Robert B. Parker, Joe Mantegna",so,"[""Adventure""]"
hardcover_477684,Blue Heaven,C.J. Box,fr,"[""Thriller"", ""Mystery"", ""crime""]"
hardcover_481267,Danger Close,Rick Partlow,da,"[""Sci-Fi""]"
hardcover_486227,"Hello, Habits",Fumio Sasaki,it,"[""Psychology""]"
hardcover_501478,Hello Forever,"Nealy Wagner, Sarina Bowen",no,[]
hardcover_503852,Love Letters for Joy,Melissa See,no,"[""Young Adult""]"
hardcover_505795,"Bakuman, Vol. 10","Tsugumi Ohba, Takeshi Obata",id,"[""Graphic Novel""]"
hardcover_505797,"Bakuman, Vol. 8","Tsugumi Ohba, Takeshi Obata, Tetsuichiro Miyaki",id,"[""Graphic Novel""]"
hardcover_505800,"Bakuman, Vol. 6","Tsugumi Ohba, Takeshi Obata, Tetsuichiro Miyaki",id,"[""Graphic Novel""]"
hardcover_507411,Exquisite Captive,Heather Demetrios,fr,"[""Mystery""]"
hardcover_510320,Dating Sarah Cooper,Siera Maley,id,"[""Young Adult""]"
hardcover_510405,Dead Zero,Stephen Hunter,nl,"[""Thriller""]"
hardcover_510439,Shadows Reel,C.J. Box,so,"[""Adventure""]"
hardcover_513819,My Androgynous Boyfriend,Tamekou,cy,"[""Graphic Novel""]"
hardcover_516751,Lost Girl,Adam Nevill,fr,"[""Sci-Fi""]"
hardcover_517360,Never Never,Brianna R. Shrum,nl,"[""Fantasy""]"
hardcover_518478,THE HAUNTED MESA,"Louis L'Amour, Illustrated by Clifford Brycelea",vi,"[""Fantasy""]"
hardcover_520385,Katalin Street,"Magda Szabó, Len Rix",af,[]
hardcover_525352,Vernon Subutex 2,"Virginie Despentes, Frank Wynne",de,[]
hardcover_525914,Put Me in Detention,Meghan Quinn,de,[]
hardcover_525975,Andorra Sector,Lexi C. Foss,es,"[""Romance""]"
hardcover_526571,"Green Lantern, Volume 1: Sinestro","Geoff Johns, Doug Mahnke",de,[]
hardcover_526603,"Annihilation, Book One","Dan Abnett, Keith Giffen, Andy Lanning, Mitch Breitweiser, Scott Kolins, Ariel Olivetti, Kev Walker",tl,"[""Graphic Novel"", ""Sci-Fi""]"
hardcover_529792,One Giant Leap,Kay Simone,fr,[]
hardcover_532137,Harmless Like You,Rowan Hisayo Buchanan,no,"[""Historical Fiction""]"
hardcover_532425,A Grande Rainha,"Marion Zimmer Bradley, Waltensir Dutra",pt,"[""Fantasy""]"
hardcover_535683,Her Last Goodbye,Melinda Leigh,da,"[""Thriller"", ""romantic suspense""]"
hardcover_541014,Game Changer,"Douglas E. Richards, Joe Hempel",de,"[""Sci-Fi""]"
hardcover_543501,Perfect Rhythm,"Jae, Angela Dawe",cy,[]
hardcover_546995,"Sex Criminals, Vol. 6: Six Criminals","Matt Fraction, Chip Zdarsky",ca,"[""Fantasy""]"
hardcover_547286,DEATH OF WOLVERINE,"Charles Soule, Steve McNiven",de,"[""Graphic Novel""]"
hardcover_548599,Fierce Obsessions,Suzanne Wright,fr,"[""Fantasy"", ""Romantasy""]"
hardcover_552251,Total Cat Mojo,Jackson Galaxy,ca,[]
hardcover_552342,Indian Killer,Sherman Alexie,id,"[""Mystery""]"
hardcover_553698,Golden Calf,"Ilya Ilf, Yevgeny Petrov",nl,[]
hardcover_556563,Kleider machen Leute,Gottfried Keller,de,"[""History""]"
hardcover_5600,De Terugkeer Van Lilly,Unknown,nl,"[""Romance""]"
hardcover_560757,Dinosaur Planet,Anne McCaffrey,lt,"[""Sci-Fi""]"
hardcover_562412,Little Voices,Vanessa Lillie,it,[]
hardcover_563403,Raspberry Danish Murder,Joanne Fluke,de,"[""Mystery""]"
hardcover_573886,O Xangô de Baker Street,Jô Soares,no,[]
hardcover_575551,Until Proven Safe,"Geoff Manaugh, Nicola Twilley",da,"[""History""]"
hardcover_577120,Defend and Betray,Anne Perry,de,"[""crime""]"
hardcover_579015,A Senhora da Magia,"Marion Zimmer Bradley, Waltensir Dutra",pt,"[""Fantasy""]"
hardcover_581006,"Black Butler, Vol. 9",Yana Toboso,de,"[""Fantasy""]"
hardcover_581848,Rebel Witch,Kelly-Ann Maddox,de,"[""Psychology""]"
hardcover_582618,A Gallagher Wedding,Ally Carter,cy,[]
hardcover_585515,Dukes of Ruin,"Angel Lawson, Samantha Rue",af,[]
hardcover_586771,Beauty Sleep,Cameron Dokey,nl,"[""Fantasy""]"
hardcover_587933,When We Meet Again,Kristin Harmel,de,"[""Romance""]"
hardcover_590048,Open Hearts,Eve Dangerfield,nl,[]
hardcover_590720,Live Your Best Lie,Jessie Weaver,fr,[]
hardcover_593567,Phoenix Flame,Sara Holland,ca,"[""Fantasy""]"
hardcover_593801,Five's Betrayal,Pittacus Lore,tr,"[""Sci-Fi""]"
hardcover_597529,Confesiones de una máscara,"Yukio Mishima, Rumi Sato, Carlos Rubio",es,[]
hardcover_599948,Hokuloa Road,Elizabeth Hand,fi,"[""Fantasy""]"
hardcover_612813,Storm Forged,Lindsay Buroker,da,"[""Mystery"", ""crime""]"
hardcover_615184,Marking Time,Elizabeth Jane Howard,id,"[""History""]"
hardcover_615637,Monotone Blue,"Nagabe, Adrienne Beck",it,"[""Romance"", ""Romantasy""]"
hardcover_621935,Never Sweeter,Charlotte Stein,af,"[""Young Adult""]"
hardcover_624685,Egyptian Mythology,Geraldine Pinch,cy,[]
hardcover_625062,"Horimiya, Vol. 7","Daisuke Hagiwara, Hero",tr,"[""Young Adult""]"
hardcover_627049,Acceptance: A Memoir,Emi Nietfeld,ro,"[""Biography & Memoir""]"
hardcover_629609,Moments Asunder,Dayton Ward,de,"[""Sci-Fi""]"
hardcover_633294,Sweet as Sin,J.T. Geissinger,af,"[""romance""]"
hardcover_634275,Avengers vs. X-Men Omnibus,"Brian Michael Bendis, Jason Aaron, Ed Brubaker, Jonathan Hickman, Matt Fraction",sv,"[""Graphic Novel""]"
hardcover_635075,Farewell Waltz,Milan Kundera,de,[]
hardcover_637790,Kneel or Die,Michael Anderle,af,"[""Sci-Fi""]"
hardcover_637792,Never Forsaken,Michael Anderle,no,"[""Sci-Fi""]"
hardcover_637847,We Hunt Monsters,Aaron Oster,de,"[""Fantasy"", ""fantasy romance""]"
hardcover_637989,First Steps,David Burke,de,"[""Fantasy"", ""Romantasy""]"
hardcover_638131,Wild Wastes,Randi Darren,de,"[""Fantasy""]"
hardcover_639571,Breaking Badger,Shelly Laurenston,id,"[""Fantasy""]"
hardcover_640161,De la Tierra a la Luna,"Jules Verne, Shahrazad",es,"[""Fantasy"", ""Sci-Fi""]"
hardcover_640362,One Arranged Murder,Chetan Bhagat,de,"[""Fantasy""]"
hardcover_640613,Burnt Tongues,"Chuck Palahniuk, Richard   Thomas, Dennis Widmyer",fr,"[""Fantasy""]"
hardcover_641567,Human Transit,Jarrett Walker,id,"[""Science & Nature""]"
hardcover_643964,Teoría de la gravedad,Leila Guerriero,es,"[""Romance""]"
hardcover_648115,Under Western Eyes,Joseph Conrad,de,"[""History""]"
hardcover_648208,Poe Dameron: Free Fall,Alex Segura,nl,"[""Young Adult"", ""Sci-Fi""]"
hardcover_649362,Hostile Takeover,Lucy Lennox,no,"[""Romance""]"
hardcover_651564,A Grave Matter,Anna Lee Huber,it,"[""Mystery"", ""romantic suspense""]"
hardcover_65275,Holy Smokes,Katie MacAlister,hu,"[""Fantasy"", ""Romantasy""]"
hardcover_655247,The Defenders,Philip K. Dick,de,"[""Sci-Fi""]"
hardcover_65719,Gourmet Rhapsody,Muriel Barbery,nl,"[""Literary Fiction""]"
hardcover_660980,No Happy Endings,Nora McInerny,tl,"[""Biography & Memoir""]"
hardcover_661209,Nancy Drew #1,"Kelly Thompson, Jenn St. Onge",pl,"[""Graphic Novel""]"
hardcover_663025,All Shall Be Well,Deborah Crombie,de,"[""Mystery"", ""crime""]"
hardcover_666673,El Ruletista,"Marian Ochoa de Eribe, Mircea Cărtărescu",ca,[]
hardcover_676767,Jane Austen: A Life,Claire Tomalin,de,"[""Biography & Memoir""]"
hardcover_681367,"Vagabond, Volume 13",Takehiko Inoue,et,[]
hardcover_681417,Vagabond volume 15,"Takehiko Inoue, E.P. Armanda",et,"[""Fantasy""]"
hardcover_684844,Signal to Noise,Eric S. Nylund,it,"[""Sci-Fi""]"
hardcover_684991,Lake Wobegon Days,"Garrison Keillor, Mike Lynch",af,[]
hardcover_689452,Level Up or Die!,Apollos Thorne,af,"[""Fantasy""]"
hardcover_689728,When Villains Rise,Giana Darling,fi,[]
hardcover_692945,"Vagabond, Vol. 21","Takehiko Inoue, Eiji Yoshikawa",et,"[""Graphic Novel""]"
hardcover_699607,Donde todo brilla,Alice Kellen,es,"[""Young Adult""]"
hardcover_699667,Pétalos de papel,"Iria G. Parente, Selene M. Pascual",es,"[""Fantasy""]"
hardcover_699730,By Fate I Conquer,Cora Reilly,es,[]
hardcover_699746,Forever Pucked,Helena Hunting,da,[]
hardcover_700684,Ciudades de humo,Joana Marcús,es,"[""Fantasy"", ""Sci-Fi""]"
hardcover_700885,Pídeme lo que quieras,Megan Maxwell,es,[]
hardcover_701093,"your name. (Manga), Vol. 2",Makoto Shinkai,tl,"[""Fantasy""]"
hardcover_701472,Radio Girls,Sarah-Jane Stratford,it,"[""Historical Fiction""]"
hardcover_708490,A Fada Oriana,Sophia de Mello Breyner Andresen,pt,"[""Fantasy"", ""fantasy romance""]"
hardcover_710962,La Petite Mort,"Olivie Blake, Little Chmura",it,"[""Fantasy""]"
hardcover_711039,Be My Enemy,Christopher Brookmyre,de,"[""Mystery""]"
hardcover_727182,Mirror Mirror,"Cara Delevingne, Rowan Coleman",pt,"[""Young Adult""]"
hardcover_729183,Du thé pour les fantômes,Chris Vuklisevic,fr,"[""Fantasy"", ""fantasy romance""]"
hardcover_730343,"Yotsuba&!, Vol. 13","Kiyohiko Azuma, Kiyohiko Azuma, Kiyohiko Azuma, Kiyohiko Azuma",et,"[""Graphic Novel""]"
hardcover_734247,Losing Sam,Nicole Maser,tl,"[""Young Adult""]"
hardcover_735382,Royal Blood,Aimée Carter,so,"[""Fantasy""]"
hardcover_736681,Otra vuelta de tuerca,Henry James,ca,"[""Fantasy""]"
hardcover_740912,Hope to Die,Cara Hunter,af,"[""Mystery""]"
hardcover_741188,Parce que je t'aime,Guillaume Musso,fr,"[""Fantasy"", ""Romantasy""]"
hardcover_763701,El Filibusterismo,"José Rizal, Harold Augenbraum",es,"[""Adventure""]"
hardcover_770408,"Blue Exorcist, Vol. 7",Kazue Kato,ca,"[""Graphic Novel""]"
hardcover_770409,"Blue Exorcist, Vol. 6",Kazue Kato,ca,"[""Graphic Novel""]"
hardcover_770686,"Chobits, Vol. 8","CLAMP, Rieko Fukuda",ca,"[""Fantasy""]"
hardcover_770690,"Chobits, Vol. 7","CLAMP, Rieko Fukuda",ca,"[""Young Adult"", ""romance"", ""Romantasy""]"
hardcover_770691,"Chobits, Vol. 5","CLAMP, Shirley Kubo",ca,"[""Fantasy""]"
hardcover_770693,"Chobits, Vol. 4","CLAMP, Rieko Fukuda",ca,"[""Fantasy""]"
hardcover_773195,"Blame!, Vol. 2",Tsutomu Nihei,ca,[]
hardcover_778507,Un giorno questo dolore ti sarà utile,"Peter Cameron, Giuseppina Oneto",it,"[""Young Adult""]"
hardcover_784477,Inny świat,Gustaw Herling-Grudziński,pl,"[""History""]"
hardcover_784559,Baśń o wężowym sercu albo wtóre słowo o Jakóbie Szeli,"Radek Rak, Arkadiusz S. Więch, Patrycja Podkościelny, Barbara Boron",pl,"[""Fantasy""]"
hardcover_79474,"Girl, Missing",Sophie McKenzie,de,"[""Young Adult""]"
hardcover_7988,Chagrin d'école,Daniel Pennac,fr,"[""Biography & Memoir""]"
hardcover_804583,Her Orc King,Zoe Ashwood,de,"[""Fantasy"", ""Romance"", ""paranormal romance"", ""Romantasy""]"
hardcover_80734,Rex Regis,L. E. Modesitt Jr.,de,"[""Fantasy""]"
hardcover_808877,"Immortal Hulk, Vol. 3: Hulk in Hell","Al Ewing, Joe Bennett, Alex Ross",no,"[""Graphic Novel""]"
hardcover_810769,"Ao Haru Ride, Vol. 13",Io Sakisaka,ro,"[""Young Adult""]"
hardcover_836909,Even Hand,Jim Butcher,sv,"[""Fantasy"", ""fantasy romance""]"
hardcover_841135,Metropolitan Life,Fran Lebowitz,it,[]
hardcover_868020,Lady MacBethad,Isabelle Schuler,cy,"[""Historical Fiction""]"
hardcover_870919,Love Lessons,Heidi Cullinan,fr,"[""Young Adult""]"
hardcover_872051,Paper Cuts,Ellery Adams,ca,"[""Thriller"", ""Mystery"", ""Romance"", ""contemporary""]"
hardcover_877215,Allegro Pastell,Leif Randt,it,"[""Literary Fiction"", ""Romance"", ""contemporary""]"
hardcover_889318,"Hunter x Hunter, Vol. 16","Yoshihiro Togashi, Yoshihiro Togashi, Yoshihiro Togashi, Lillian Olsen, Urian Brown",de,"[""Adventure""]"
hardcover_889320,"Hunter x Hunter, Vol. 14","Yoshihiro Togashi, Yoshihiro Togashi, Yoshihiro Togashi, Lillian Olsen, Urian Brown",de,"[""Adventure""]"
hardcover_889321,"Hunter x Hunter, Vol. 13","Yoshihiro Togashi, Yoshihiro Togashi, Yoshihiro Togashi, Lillian Olsen, Urian Brown",de,"[""Fantasy""]"
hardcover_889323,"Hunter x Hunter, Vol. 9","Yoshihiro Togashi, Yoshihiro Togashi, Yoshihiro Togashi, Lillian Olsen, Michelle Pangilinan",de,"[""Adventure""]"
hardcover_889342,"Hunter x Hunter, Vol. 8","Yoshihiro Togashi, Yoshihiro Togashi, Yoshihiro Togashi, Lillian Olsen, Michelle Pangilinan",de,"[""Fantasy""]"
hardcover_890267,No tengo boca y debo gritar,"Harlan Ellison, Jaime Rosal del Castillo, Luis Vigil",es,"[""Short Stories"", ""Sci-Fi""]"
hardcover_891006,Devious Gods,"Caroline Peckham, Susanne Valenti",nl,"[""Fantasy"", ""Romance"", ""Young Adult"", ""Sci-Fi"", ""sci-fi romance"", ""Romantasy""]"
hardcover_891076,Hades and Hades,Katee Robert,sv,"[""Fantasy""]"
hardcover_892059,BLAME! MASTER EDITION 6,Tsutomu Nihei,de,"[""Adventure"", ""Sci-Fi""]"
hardcover_898250,Ce que je sais de toi,Éric Chacour,fr,[]
hardcover_915476,"Dragon Ball, Band 14: Piccolos Geheimnis",Akira Toriyama,de,"[""Fantasy""]"
hardcover_918409,Roast Mortem,Cleo Coyle,ro,"[""Romance""]"
hardcover_918823,Stone Raiders' Return,Michael  Chatfield,de,"[""Fantasy""]"
hardcover_935184,Macerie prime,"Zerocalcare, Alberto Madrigal",ro,"[""Graphic Novel""]"
hardcover_942217,Peter Pan Must Die,John Verdon,de,"[""Mystery"", ""crime""]"
hardcover_969156,Wild Girls,Ursula K. Le Guin,de,"[""Fantasy"", ""Sci-Fi""]"
hardcover_969403,Supreme Justice,Max Allan Collins,ro,"[""Mystery"", ""crime""]"
hardcover_1010982,Hope Ablaze,Sarah Mughal Rana,hr,"[""Fantasy""]"
hardcover_1013182,Better Homes and Hauntings,Molly Harper,de,"[""Romance"", ""contemporary romance"", ""Romantasy""]"
hardcover_1014567,Ultimate Invasion,"Jonathan Hickman, Bryan Hitch",it,"[""Graphic Novel""]"
hardcover_1028598,Noite na Taverna,Álvares de Azevedo,hr,"[""Graphic Novel""]"
hardcover_1043522,"Sasaki and Miyano, Vol. 2",Shou Harusono,tl,"[""Young Adult""]"
hardcover_1048875,Pedro & Daniel,"Federico Erebia, Julie Kwon",pl,"[""Historical Fiction""]"
hardcover_1056249,Make Me King,Keith C. Blackmore,sw,"[""Fantasy"", ""Sci-Fi""]"
hardcover_1058757,"No Game No Life, Vol. 5",Yuu Kamiya,it,"[""Fantasy""]"
hardcover_1064909,Golem XIV,"Stanisław Lem, Jozef Marušiak",pt,"[""Fantasy"", ""fantasy romance""]"
hardcover_1073856,"Kiss Now, Lie Later",C.W. Farnsworth,de,"[""Young Adult"", ""romance""]"
hardcover_1075038,Murder at Midnight,Katharine Schellman,de,[]
hardcover_1076460,"Deadman Wonderland, Vol. 13","Jinsei Kataoka, Kazuma Kondou",nl,"[""Graphic Novel"", ""Sci-Fi""]"
hardcover_1080120,Alien Resurrection,A.C. Crispin,fr,"[""Sci-Fi""]"
hardcover_1083374,"Vampire Knight, Vol. 14",Matsuri Hino,af,"[""Fantasy""]"
hardcover_1088804,One Piece. Omnibus Vol. 4,Eiichiro Oda,ro,"[""Fantasy""]"
hardcover_109294,Start Me Up,Victoria Dahl,de,"[""Romance""]"
hardcover_1095297,Bílá nemoc,Karel Čapek,cs,"[""Sci-Fi""]"
hardcover_1107156,"Runaways, Vol. 4: True Believers","Brian K. Vaughan, Adrian Alphona",af,"[""Fantasy""]"
hardcover_1109442,Your Fault,Mercedes Ron,fr,"[""Young Adult""]"
hardcover_1116470,Hvis der skulle komme et menneske forbi,Thomas Korsgaard,no,[]
hardcover_1123169,Achtsam morden am Rande der Welt,Karsten Dusse,de,[]
hardcover_112745,Creole belle,James Lee Burke,da,"[""Mystery"", ""crime""]"
hardcover_1128663,"Bakuman, Vol. 16","Tsugumi Ohba, Takeshi Obata",id,"[""Graphic Novel""]"
hardcover_1131820,Pure Color,Sheila Heti,ro,"[""Fantasy""]"
hardcover_1169857,"Black Butler, Vol. 14",Yana Toboso,de,"[""Fantasy""]"
hardcover_1169858,"Black Butler, Vol. 16","Yana Toboso, Tomo Kimura",de,"[""Fantasy""]"
hardcover_1169869,"Black Butler, Vol. 17",Yana Toboso,de,"[""Fantasy""]"
hardcover_1171038,"Kingdom, Vol. 1","Yasuhisa Hara, Yasuhisa Hara, Yasuhisa Hara, Nathan A. Collins",no,"[""Graphic Novel"", ""History"", ""Historical Fiction"", ""Fantasy"", ""Romance"", ""historical""]"
hardcover_1173104,Gin & Daggers,"Jessica Fletcher, Donald Bain",de,"[""Mystery""]"
hardcover_1180391,Uplink Squadron,"J.N. Chaney, Chris Kennedy",it,"[""Sci-Fi""]"
hardcover_1180434,Wayward Galaxy 3,"Jason Anspach, J.N. Chaney",so,"[""Sci-Fi""]"
hardcover_1188650,"Maid-sama!, Vol. 3",Hiro Fujiwara,et,"[""Young Adult""]"
hardcover_1194725,Louder Than Hunger,John Schu,de,"[""Young Adult""]"
hardcover_1197181,SAKAMOTO DAYS 6,"Yuto Suzuki, Yuto Suzuki",de,"[""Graphic Novel""]"
hardcover_121957,Star Rangers,Andre Norton,de,"[""Fantasy"", ""Sci-Fi""]"
hardcover_121998,Europa Strike,Ian Douglas,sv,"[""Sci-Fi""]"
hardcover_1221356,Alpha Girl,Leia Stone,tr,"[""Fantasy"", ""Young Adult"", ""Sci-Fi""]"
hardcover_1228413,Begin Again,Helly Acton,id,"[""Fantasy""]"
hardcover_1246160,Smoke & Mirrors,Charlie Cochet,sl,"[""Fantasy"", ""Romantasy""]"
hardcover_1250154,Qalea Drop,Joel Shepherd,ro,"[""Fantasy"", ""Sci-Fi""]"
hardcover_1254969,A Murder Most French,Colleen Cambridge,de,"[""Historical Fiction"", ""Mystery"", ""crime""]"
hardcover_125604,Kiss Me First,"Lottie Moggach, Imogen Church",de,"[""Young Adult""]"
hardcover_125799,"Bakuman, Vol. 13","Tsugumi Ohba, Takeshi Obata",id,"[""Young Adult""]"
hardcover_1273562,Et si c'était vrai...,Marc Levy,fr,"[""Romance""]"
hardcover_1281685,Cuentos de la selva,Horacio Quiroga,es,"[""Adventure""]"
hardcover_1285417,Cuentos completos 1,"Mario Vargas Llosa, Julio Cortázar",es,"[""Fantasy""]"
hardcover_1286542,"Beklaute Frauen: Denkerinnen, Forscherinnen, Pionierinnen: die unsichtbaren Heldinnen der Geschichte",Leonie Schöler,de,"[""History""]"
hardcover_1287396,O Médico e o monstro,"Robert Louis Stevenson, José Paulo Golob, Maria Angela Aguiar, Roberta Sartori",pt,"[""Fantasy""]"
hardcover_1293177,"Deadman Wonderland, Vol. 11",Jinsei Kataoka,nl,"[""Fantasy"", ""Sci-Fi""]"
hardcover_1293179,"Deadman Wonderland, Vol. 8","Jinsei Kataoka, Kazuma Kondou",nl,"[""Fantasy"", ""Sci-Fi""]"
hardcover_1293306,A Grimm Sacrifice,Jeffery H. Haskell,it,"[""Fantasy"", ""Sci-Fi""]"
hardcover_1293681,Demon Star,"B.V. Larson, David VanDyke",de,"[""Sci-Fi""]"
hardcover_130972,Mi último suspiro,"Luis Buñuel, Ana María de la Fuente",lt,"[""Biography & Memoir""]"
hardcover_1331968,"Hunter x Hunter, Vol. 33","Yoshihiro Togashi, Yoshihiro Togashi, Yoshihiro Togashi, Lillian Olsen, Urian Brown",de,"[""Adventure""]"
hardcover_1371632,"Kill or be Killed, Vol. 3",Ed Brubaker,da,"[""crime""]"
hardcover_1379054,Pedro Páramo / El Llano en llamas,Juan Rulfo,es,"[""Short Stories""]"
hardcover_1386843,"Hunter x Hunter, Vol. 12","Yoshihiro Togashi, Yoshihiro Togashi, Yoshihiro Togashi, Lillian Olsen, Yuki Takagaki",de,"[""Adventure""]"
hardcover_1386846,"Hunter x Hunter, Vol. 15","Yoshihiro Togashi, Yoshihiro Togashi, Yoshihiro Togashi, Lillian Olsen, Urian Brown",de,"[""Fantasy"", ""fantasy romance""]"
hardcover_1418721,Dit wil je écht niet weten,Huib Modderkolk,nl,[]
hardcover_1432040,Bitter Waters,Vivian Shaw,de,"[""Fantasy""]"
hardcover_1452120,Cruel Promise,Nicole Fox,es,"[""Romance""]"
hardcover_1484225,Hide and Seek,Erin Ampersand,af,"[""Fantasy"", ""Sci-Fi""]"
hardcover_1495101,Rare Flavours SC,"Filipe Andrade, Ram V",fr,"[""Fantasy""]"
hardcover_1570179,"Kimi ni Todoke: From Me to You, Vol. 2",Karuho Shiina,hr,"[""Young Adult""]"
hardcover_1570923,Burdened Bonds,Hannah Haze,de,"[""Fantasy"", ""Romantasy""]"
hardcover_163,Voodoo Histories,David Aaronovitch,af,"[""History""]"
hardcover_1631387,Breaking Rosalind,Gigi Styx,tl,"[""Romance""]"
hardcover_1655979,Gold Digger,Susie Tate,da,[]
hardcover_1670650,A Soul to Embrace,Opal Reyne,pt,"[""Fantasy""]"
hardcover_1682719,Accidental Champion 2,Todd Herzman,es,"[""Fantasy"", ""Sci-Fi""]"
hardcover_1692926,His Juliet,Emilia  Rossi,af,[]
hardcover_1718114,Message Deleted,K.L. Slater,da,"[""Thriller""]"
hardcover_1722605,If I Must Die,"Refaat Alareer, Yousef M. Aljamal",de,"[""History""]"
hardcover_172838,Dead Center,David Rosenfelt,nl,"[""Mystery""]"
hardcover_1798984,Himbo Hitman,Saxon James,sw,"[""romance""]"
hardcover_1814970,Daedalus Is Dead,Seamus Sullivan,id,"[""Fantasy""]"
hardcover_1867965,Atavists: Stories,Lydia Millet,lv,[]
hardcover_1905889,August Lane,Regina Black,de,[]
hardcover_1924401,Grave Situation,Louisa Masters,it,"[""Fantasy"", ""Romantasy""]"
hardcover_2064078,Anderson in Bloom,Jennifer Dugan,nl,[]
hardcover_2102616,A Dark Forgetting,Kristen Ciccarelli,no,"[""Fantasy""]"
hardcover_2103,"Vampire Knight, Vol. 17",Matsuri Hino,af,"[""Fantasy""]"
hardcover_2172749,Immortal Game,Allison Saft,ca,"[""Fantasy""]"
hardcover_2180548,Jane Eyre,"Charlotte Brontë, Elizabeth Power",de,[]
hardcover_2189597,Humboldt Cut,Allison Mick,da,"[""Horror""]"
hardcover_2202399,In Her Defense,Philippa Malicka,de,[]
hardcover_227367,Burial Rites,"Hannah Kent, Morven Christie",ro,"[""Mystery"", ""crime""]"
hardcover_23239,Twelfth Grade Kills,Z. Brewer,de,"[""Young Adult""]"
hardcover_241410,"My Enemy, My Ally",Diane Duane,cy,"[""Sci-Fi""]"
hardcover_249879,Sterne einer Sommernacht,"Nora Roberts, Emma Luxx",de,"[""Romance""]"
hardcover_261378,Wide Awake,David Levithan,sw,"[""Young Adult""]"
hardcover_278943,Divide and Conquer,"Jeff Rovin, Tom Clancy, Steve Pieczenik",es,"[""Adventure"", ""Mystery"", ""crime""]"
hardcover_281939,Sin Killer ,Larry McMurtry,de,"[""Adventure""]"
hardcover_283591,Sister Time,"John Ringo, Julie Cochrane",de,"[""Sci-Fi""]"
hardcover_2843,Good Poems,Garrison Keillor,af,"[""Poetry""]"
hardcover_29015,C# in Depth,Jon Skeet,nl,[]
hardcover_298424,Spirals in Time,Helen Scales,de,"[""History""]"
hardcover_301074,Breaking Point,Kristen Simmons,tl,"[""Fantasy"", ""Sci-Fi""]"
hardcover_304365,"Bakuman, Vol. 12: Artist and Manga Artist","Tsugumi Ohba, Takeshi Obata",tl,"[""Young Adult""]"
hardcover_315024,When Strangers Marry,Lisa Kleypas,de,"[""Romance""]"
hardcover_329926,Claudine at St Clare's,Enid Blyton,ro,"[""Young Adult""]"
hardcover_330890,Dead Sleep,"Greg Iles, Susie Breck",nl,"[""Mystery"", ""crime""]"
hardcover_332963,Gefährliche Begierde,"Tess Gerritsen, Claudia Wuttke, Barbara Minden",de,"[""Mystery"", ""romantic suspense""]"
hardcover_349165,É Melhor Fingir que Isso Nunca Aconteceu,Jim Benton,pt,"[""Young Adult""]"
hardcover_370910,Exit Wound,Andy McNab,de,"[""Thriller""]"
hardcover_377953,Left for Dead,Beck Weathers,da,"[""Adventure"", ""Biography & Memoir"", ""Romance""]"
hardcover_380722,Uganda Be Kidding Me,Chelsea Handler,id,"[""Adventure""]"
hardcover_429063,Everyone We've Been,Sarah Everett,nl,"[""Young Adult"", ""romance"", ""Romantasy""]"
hardcover_430911,O scrisoare pierdută,Ion Luca Caragiale,ro,[]
hardcover_433248,Strange Rites,Tara Isabella Burton,de,[]
hardcover_433486,Finding Junie Kim,Ellen Oh,de,"[""Young Adult""]"
hardcover_435265,Prussian Blue,Philip Kerr,fi,"[""Historical Fiction""]"
hardcover_435405,"Gorilla, My Love",Toni Cade Bambara,it,"[""Young Adult""]"
hardcover_435985,Forgotten Ally,Rana Mitter,no,"[""History""]"
hardcover_439419,Horsemen's War,Steve McHugh,nl,"[""Fantasy""]"
hardcover_439924,Nancy Drew: #1-64,Carolyn Keene,pl,"[""Young Adult""]"
hardcover_440838,Oscar Wilde,Richard Ellmann,de,"[""Biography & Memoir""]"
hardcover_441853,"I, Rigoberta Menchú: An Indian woman in Guatemala",Rigoberta Menchú,id,"[""History""]"
hardcover_442310,Un homme qui dort,Georges Perec,fr,[]
hardcover_442372,Big Sur And The Oranges Of Hieronymus Bosch,Henry Miller,de,"[""Biography & Memoir""]"
hardcover_442711,La Bâtarde,"Violette Leduc, Simone de Beauvoir",ca,"[""Biography & Memoir""]"
hardcover_443163,Live work work work die,Corey Pein,af,"[""Business & Economics""]"
hardcover_444671,Kent State,"Deborah Wiles, Christopher Gebauer, Lauren Ezzo, Christina Delaine, Johnny Heller, Roger Wayne, Korey Jackson, David de Vries",de,[]
hardcover_446539,Darkkin Queen,John Conroe,fi,"[""Fantasy"", ""fantasy romance""]"
hardcover_446613,De Oppresso Liber,Evan Currie,no,"[""Sci-Fi""]"
hardcover_448205,Finding Yvonne,Brandy Colbert,de,"[""Young Adult""]"
hardcover_448459,Leading Men,Christopher Castellani,id,[]
hardcover_449807,Othon Le Trisaïeul,Juan Giménez,fr,"[""Fantasy"", ""Sci-Fi""]"
hardcover_451682,Meet Me in Bombay,Jenny Ashcroft,nl,[]
hardcover_452004,Starling Days,"Rowan Hisayo Buchanan, Sarah Borges",tl,[]
hardcover_452547,Boxers & Saints,Gene Luen Yang,fr,"[""Graphic Novel""]"
hardcover_453598,"Ascender, Vol. 4: Star Seed","Jeff Lemire, Dustin Nguyen",de,"[""Sci-Fi""]"
hardcover_454096,Five For Heaven,KJ Charles,da,"[""Fantasy""]"
hardcover_455620,Wonder Girl #1,"Joëlle Jones, Jordie Bellaire",de,"[""Fantasy""]"
hardcover_455759,A Queer Trade,KJ Charles,pt,"[""Fantasy""]"
hardcover_457534,Local Custom,"Sharon Lee, Steve Miller",es,"[""Sci-Fi""]"
hardcover_459244,Imaginary Magnitude,Stanisław Lem,tl,"[""Fantasy""]"
hardcover_459518,Knot Gneiss,Piers Anthony,fi,"[""Fantasy"", ""Romantasy""]"
hardcover_4639,Eagle Day,Robert Muchamore,tl,"[""History""]"
hardcover_464422,Geheimen van het wilde woud,Tonke Dragt,nl,"[""Fantasy""]"
hardcover_465259,Steel Tide,Natalie C. Parker,nl,"[""Fantasy"", ""Sci-Fi""]"
hardcover_468752,Rising Tides,Taylor Anderson,id,"[""Sci-Fi""]"
hardcover_468974,Pomruki burzy,Taylor Anderson,pl,"[""Sci-Fi""]"
hardcover_469568,Oltre l'ignoto,James E. Gunn,it,"[""Fantasy"", ""Sci-Fi""]"
hardcover_469730,Dead Even,Brad Meltzer,nl,"[""Thriller""]"
hardcover_469823,De zeven vinkjes,Joris Luyendijk,nl,[]
hardcover_471016,Life Lessons,Kaje Harper,fr,[]
hardcover_471774,Mack Daddy,Penelope Ward,cy,[]
hardcover_471816,Drunk Dial,Penelope Ward,de,"[""Romance""]"
hardcover_476409,Junkyard Bargain,Faith Hunter,id,"[""Sci-Fi""]"
hardcover_477741,Parhaissakin perheissä,"Rex Stout, Eero Ahmavaara, Carl Gustaf Hagström",fi,"[""Mystery""]"
hardcover_477745,Black Orchids,"Rex Stout, Lawrence Block",de,[]
hardcover_477961,Cartas a un joven poeta,Rainer Maria Rilke,es,"[""Biography & Memoir"", ""romance""]"
hardcover_478930,Berlin Book Two,Jason Lutes,nl,[]
hardcover_480109,Summer Skin,Kirsty Eagar,da,"[""Young Adult""]"
hardcover_482697,Dragon Age Volume 1,"Orson Scott Card, Aaron Johnson, Mark Robinson",de,"[""Fantasy"", ""fantasy romance""]"
hardcover_482746,Zom-B Underground,Darren Shan,de,"[""Fantasy"", ""Sci-Fi""]"
hardcover_489701,Pequeno manual antirracista,Djamila Ribeiro,es,[]
hardcover_491963,Silver Surfer: Parable,"Stan Lee, Mœbius",no,"[""Graphic Novel""]"
hardcover_495272,Superman: Secret Origin,"Geoff Johns, Gary Frank, Jon Sibal",ro,"[""Adventure""]"
hardcover_496712,Broken Mate,Jen L. Grey,nl,"[""Romance"", ""paranormal romance"", ""Romantasy""]"
hardcover_500087,Mike Nichols: A Life,Mark Harris,de,"[""Biography & Memoir""]"
hardcover_503344,Usual Cruelty,Alec Karakatsanis,ca,[]
hardcover_507124,Der stumme Tod,Volker Kutscher,de,"[""crime""]"
hardcover_508822,Auschwitz Lullaby,Mario Escobar,de,"[""Historical Fiction""]"
hardcover_510896,Widespread Panic,James Ellroy,es,"[""Mystery""]"
hardcover_513173,"Laid-Back Camp, Vol. 1","Afro, あfろ, Amber Tamosaitis, Bianca Pistillo",ca,[]
hardcover_516214,Desperate Remedies,"Thomas Hardy, Mary Rimmer",af,"[""Romance""]"
hardcover_518539,True Love Bites,Joy Demorra,fr,[]
hardcover_525052,Hojas de hierba,Walt Whitman,nl,"[""Poetry""]"
hardcover_525102,Ladrones de libertad,"Iria G. Parente, Selene M. Pascual",es,"[""Fantasy""]"
hardcover_526085,Lock & Mori,Heather W. Petty,sv,"[""Fantasy"", ""Romantasy""]"
hardcover_527510,Sweet Disorder,Rose Lerner,af,[]
hardcover_530279,Semper Fi,Keira Andrews,id,[]
hardcover_531566,Miss Lattimore's Letter,Suzanne Allain,it,"[""Young Adult""]"
hardcover_535882,You Let Me In,Lucy Clarke,fr,"[""Thriller""]"
hardcover_538391,Huge Deal,Lauren Layne,da,"[""Romance""]"
hardcover_539061,Project Legion,Jeremy Robinson,pl,"[""Science & Nature""]"
hardcover_539370,Raising Atlantis,Thomas Greanias,tl,"[""Adventure""]"
hardcover_541757,Hidden Hollywood,Kylie Gilmore,cy,[]
hardcover_547959,Her Dragon Daddy,Roxie Ray,cy,[]
hardcover_552159,Duckett & Dyer: Dicks For Hire,G.M. Nair,de,"[""Fantasy""]"
hardcover_563899,Tech Mage,Chris Fox,de,[]
hardcover_565396,Fire in His Veins,Ruby Dixon,de,"[""Fantasy"", ""Sci-Fi""]"
hardcover_565550,After We Fall,Melanie Harlow,de,"[""Romance""]"
hardcover_567616,De Holle Naald,Maurice Leblanc,nl,"[""Adventure""]"
hardcover_568847,"Ping Pong Omnibus, Vol. 1",Taiyo Matsumoto,tl,"[""Graphic Novel""]"
hardcover_569269,52 Ways to Walk,Annabel Streets,so,[]
hardcover_570539,Star Wars Vol. 9: Hope Dies TP,"Kieron Gillen, Salvador Larroca",af,"[""Graphic Novel"", ""Sci-Fi""]"
hardcover_57479,"Vampire Knight, Vol. 18",Matsuri Hino,af,"[""Fantasy""]"
hardcover_576226,Höllennacht in Desolation Hill,Derek Landy,de,"[""Fantasy""]"
hardcover_577198,Saturday Requiem,Nicci French,es,"[""Mystery"", ""crime""]"
hardcover_577385,Aus dem Leben eines Taugenichts,Joseph von Eichendorff,de,"[""Adventure""]"
hardcover_578009,Renegade Lost,J.N. Chaney,es,"[""Sci-Fi""]"
hardcover_582505,Golden Gate,James Ponti,de,"[""Adventure""]"
hardcover_587465,One Tin Soldier,Chris Tullbane,de,"[""Fantasy""]"
hardcover_587515,Magicians Impossible,Brad Abraham,ca,"[""Fantasy""]"
hardcover_593796,Last Defense,Pittacus Lore,de,[]
hardcover_595783,On Duties,Marcus Tullius Cicero,af,"[""Biography & Memoir""]"
hardcover_596995,Escaping Home,A. American,tl,"[""Sci-Fi""]"
hardcover_604338,Batman: Shaman,"Denny O'Neil, Ed Hannigan, John Beatty",id,"[""Graphic Novel""]"
hardcover_604650,El fantasma de la Ópera,Gaston Leroux,es,"[""Fantasy"", ""Romantasy""]"
hardcover_606542,Albion Lost,Richard Fox,es,"[""Sci-Fi""]"
hardcover_606558,First Orbit,Nathan A.Thompson,de,"[""Fantasy"", ""Sci-Fi""]"
hardcover_612452,Ancient Ruins,Benjamin Medrano,fr,"[""Fantasy""]"
hardcover_612599,Broken Dove,Kristen Ashley,nl,[]
hardcover_616390,Primal Sin,Ariana Nash,id,"[""Fantasy"", ""Sci-Fi""]"
hardcover_616432,Kamikaze Boys,"Jay Bell, Andreas Bell",sw,"[""Young Adult""]"
hardcover_620092,"No Game No Life, Vol. 6",Yuu Kamiya,it,"[""Fantasy""]"
hardcover_624789,"Horimiya, Vol. 15","Hero, Daisuke Hagiwara",tr,"[""Young Adult""]"
hardcover_624794,"Horimiya, Vol. 10","Hero, Daisuke Hagiwara",tr,"[""Young Adult""]"
hardcover_625709,Picture Perfect,Holly Smale,ro,"[""Young Adult""]"
hardcover_627389,Being Nixon: A Man Divided,Evan Thomas,de,"[""Biography & Memoir""]"
hardcover_633214,A Secret Vice,"J.R.R. Tolkien, Dimitra Fimi, Andrew Higgins",ro,"[""Fantasy""]"
hardcover_633218,Ines y la alegría,Almudena Grandes,es,[]
hardcover_633302,Bunny Call,Scott Cawthon,cy,"[""Young Adult""]"
hardcover_637841,Misfit Mage,Michael    Taggart,de,"[""Fantasy""]"
hardcover_638794,Batman. Vol. 7,"Tom King, Tony S. Daniel, Mikel Janín",tr,[]
hardcover_638795,"Batman, Vol. 6: Bride or Burglar","Tom King, Mikel Janín, Joëlle Jones",tr,[]
hardcover_643271,Pixel Juice,Jeff Noon,ca,"[""Sci-Fi""]"
hardcover_644293,"End Game (Star Trek: New Frontier, #4)",Peter David,de,"[""Sci-Fi""]"
hardcover_648118,Mr. Sammler's Planet,Saul Bellow,da,"[""Sci-Fi""]"
hardcover_650667,Save Yourself,Cameron Esposito,fr,"[""Biography & Memoir""]"
hardcover_651954,"Excalibur, Vol. 2","Tini Howard, Marcus To, Wilton Santos, Mahmud Asrar",ca,"[""Fantasy"", ""Graphic Novel"", ""Sci-Fi""]"
hardcover_655892,Power Exchange,A.J.  Rose,de,[]
hardcover_659497,Broken Lands,Jonathan Maberry,nl,"[""Young Adult"", ""Sci-Fi""]"
hardcover_660815,Fugue State,"Zak Sally, Brian Evenson",de,"[""Fantasy"", ""Sci-Fi""]"
hardcover_660894,Pilgrim's Wilderness,Tom Kizzia,de,"[""History""]"
hardcover_665413,Dark Universe,Daniel F. Galouye,da,"[""Fantasy"", ""Sci-Fi""]"
hardcover_666241,Heaven's Keep,William Kent Krueger,nl,"[""Adventure""]"
hardcover_666350,La vorágine,"José Eustasio Rivera, Montserrat Ordóñez",hu,"[""Adventure""]"
hardcover_666708,Thérèse Desqueyroux,"François Mauriac, Raymond N. MacKenzie",fr,[]
hardcover_681031,"Hunter x Hunter, Vol. 36","Yoshihiro Togashi, Yoshihiro Togashi, Yoshihiro Togashi, Lillian Olsen, Urian Brown, Rae First",de,"[""Adventure""]"
hardcover_681032,"Hunter x Hunter, Vol. 35","Yoshihiro Togashi, Yoshihiro Togashi, Yoshihiro Togashi, Lillian Olsen, Urian Brown, Shaenon K. Garrity",de,"[""Adventure""]"
hardcover_681358,"Vagabond, Volume 25",Takehiko Inoue,et,"[""Graphic Novel""]"
hardcover_681360,"Vagabond, Volume 22","Takehiko Inoue, Eiji Yoshikawa",et,"[""Graphic Novel""]"
hardcover_686131,Chasing Pacquiao,Rod Pulido,tl,"[""Young Adult""]"
hardcover_689685,Was I Ever Here,Naomi Loud,de,"[""Fantasy""]"
hardcover_692703,Cesur Yeni Dünya,"Aldous Huxley, Ümit Tosun",tr,"[""Fantasy"", ""Sci-Fi""]"
hardcover_693156,First Debt,Pepper Winters,de,[]
hardcover_693705,"Maximum Ride, Vol. 3","NaRae Lee, James Patterson, NaRae Lee",pt,"[""Young Adult"", ""Sci-Fi""]"
hardcover_694019,Before We Were Strangers,Brenda Novak,de,"[""Romance""]"
hardcover_697978,First Semester,Q.B. Tyler,de,[]
hardcover_704544,Zuckerman Unbound,Philip Roth,de,[]
hardcover_708798,Meet Me In London,Georgia Toffolo,nl,[]
hardcover_717380,Momofuku Milk Bar,"Christina Tosi, David Chang",sw,[]
hardcover_735582,Ride or Die,Gail-Agnes Musikavanhu,af,"[""Young Adult""]"
hardcover_737723,Hayy Ibn Yaqzan,"Ibn Tufayl, Lenn E. Goodman",so,[]
hardcover_751433,Little Blue Truck,"Alice Schertle, Jill McElmurry",de,"[""Young Adult""]"
hardcover_752097,Max Einstein: The Genius Experiment,"James Patterson, Chris Grabenstein, Beverly Johnson",de,"[""Fantasy""]"
hardcover_765877,Wicked Autumn,G.M. Malliet,de,"[""Mystery"", ""crime""]"
hardcover_770402,"D.Gray-man, Vol. 2","Katsura Hoshino, Mayumi Kobayashi",tl,"[""Fantasy""]"
hardcover_770622,"Bakuman, Vol. 19","Tsugumi Ohba, Takeshi Obata, Tsugumi Ohba",id,"[""Graphic Novel""]"
hardcover_770624,"Bakuman, Vol. 18","Tsugumi Ohba, Takeshi Obata, Tsugumi Ohba",id,"[""Graphic Novel""]"
hardcover_77311,Green Darkness,Anya Seton,af,"[""Fantasy""]"
hardcover_785203,Egg Drop Dead,Vivien Chien,nl,"[""Mystery""]"
hardcover_788603,Hellsing Deluxe Volume 1,"Kohta Hirano, Duane Johnson",de,"[""Fantasy""]"
hardcover_789405,"Compilers: Principles, Techniques, and Tools","Alfred V. Aho, Jeffrey Ullman, Ravi Sethi, Monica Lam",fr,[]
hardcover_800648,BATMAN: KNIGHTFALL,Denny O'Neil,so,"[""Graphic Novel""]"
hardcover_803443,Silver Bullet,Colette Rhodes,no,"[""Fantasy""]"
hardcover_804545,When it Raynes,Montana Fyre,de,[]
hardcover_808279,"Vagabond (Omnibus), Vol. 3",Takehiko Inoue,et,"[""Graphic Novel""]"
hardcover_817539,Keep Her Safe,Q.B. Tyler,nl,[]
hardcover_827267,Ansichten eines Clowns,Heinrich Böll,de,"[""History""]"
hardcover_840459,Doktor Glas,Hjalmar Söderberg,sk,"[""History""]"
hardcover_85835,Violet & Claire,Francesca Lia Block,fr,"[""Young Adult""]"
hardcover_880404,Julia Vanishes,Catherine Egan,sw,"[""Fantasy"", ""Young Adult"", ""Adventure"", ""Mystery"", ""crime""]"
hardcover_887640,"Persona 5, Vol. 1","Hisato Murasaki, Atlus",it,"[""Fantasy""]"
hardcover_889316,"Hunter x Hunter, Vol. 34","Yoshihiro Togashi, Yoshihiro Togashi, Yoshihiro Togashi, Lillian Olsen, Urian Brown",de,"[""Fantasy""]"
hardcover_889319,"Hunter x Hunter, Vol. 29","Yoshihiro Togashi, Yoshihiro Togashi, Yoshihiro Togashi, Lillian Olsen, Shaenon K. Garrity",de,"[""Adventure""]"
hardcover_892102,BLAME! MASTER EDITION 2,Tsutomu Nihei,de,"[""Adventure"", ""Sci-Fi""]"
hardcover_895310,Arena One: Slaverunners,Morgan Rice,no,"[""Young Adult"", ""Sci-Fi""]"
hardcover_908465,"Banana Fish, Vol. 2",Akimi Yoshida,tl,"[""Fantasy""]"
hardcover_90977,Until you're mine,Samantha Hayes,fr,"[""Thriller""]"
hardcover_924014,Bang Bang Bodhisattva,Aubrey  Wood,tl,"[""Sci-Fi""]"
hardcover_927288,Les dragons de l'Empereur Noir,Anne Robillard,fr,"[""Fantasy""]"
hardcover_939275,Quinze dias,Vitor Martins,it,"[""Young Adult""]"
hardcover_969270,Begging Ben,Anyta Sunday,id,"[""Romance""]"
hardcover_969291,Wilde Fire,Lucy Lennox,de,[]
hardcover_1151367,Black Flag,Brad Taylor,sv,[]
moodreads_1061,Frozen Tides,Morgan Rhodes,de,"[""Romance""]"
moodreads_1129,Mortal Skin,Lily Mayne,no,"[""Romance""]"
moodreads_1210,Champagne Problems,Demitri Lathan,fr,"[""Romance""]"
moodreads_1220,We Met Like This,Kasie West,de,"[""Romance""]"
moodreads_1245,Alien Scars,Ursa Dax,de,"[""Romance""]"
moodreads_1247,Seven Oars,Lydia Hope,nl,"[""Romance""]"
moodreads_1298,Brutal Legacy,Mila Kane,ca,"[""Romance""]"
moodreads_155,Mr. Fixer Upper,Lucy Score,sv,"[""Romance""]"
moodreads_1573,Fallen Court,Geneva Lee,fr,"[""Romance""]"
moodreads_1583,A Vicious Game,Melissa Blair,pt,"[""Romance""]"
moodreads_1669,Strange Familiars,Keshe Chow,de,"[""Romance""]"
moodreads_172,Regretting You,Colleen Hoover,no,"[""Romance""]"
moodreads_1732,Storm Breaker,Nisha J. Tuli,no,"[""Romance""]"
moodreads_1747,Immortal Consequences,I.V. Marie,es,"[""Romance""]"
moodreads_1958,Shadow Game,Christine Feehan,so,"[""Romance""]"
moodreads_1994,If Angels Burn,Lynn Viehl,de,"[""Romance""]"
moodreads_2000,Sweet Obsession,Katee Robert,af,"[""Romance""]"
moodreads_2009,"Anzulla, According to ISH",Kashel Char,it,"[""Romance""]"
moodreads_2039,Where Skies Fall,Casey L. Bond,de,"[""Romance""]"
moodreads_2065,A Queen's Shadow,Melissa Kieran,so,"[""Romance""]"
moodreads_2072,Rising Dawn,Beck Michaels,tl,"[""Romance""]"
moodreads_2089,Sun Serpent,Geneva Monroe,id,"[""Romance""]"
moodreads_2090,Shadow Queen,Nicola Tyche,so,"[""Romance""]"
moodreads_2166,Silver & Smoke,Helen Scheuerer,no,"[""Romance""]"
moodreads_2179,Cinder Vale,Caroline Peckham & Susanne Valenti,de,"[""Romance""]"
moodreads_2255,Silver Shard,Geneva Monroe,no,"[""Romance""]"
moodreads_2264,Steeling Light,Evelyn Hart,af,"[""Romance""]"
moodreads_2268,Where Darkness Falls,Morgan Elise,de,"[""Romance""]"
moodreads_2320,Her Cruel Redemption,Hailey Jade,da,"[""Romance""]"
moodreads_2371,Fae Exile,Lucía Ashta,ro,"[""Romance""]"
moodreads_2373,Of Mischief & Mages,L.J. Andrews,de,"[""Romance""]"
moodreads_2419,Shadow Blade,Seressia Glass,so,"[""Romance""]"
moodreads_2425,Sweet Vengeance,Viano Oniomoh,nl,"[""Romance""]"
moodreads_2426,Mortal Desires,Scarlett Reyes,ca,"[""Romance""]"
moodreads_2491,Float Plan,Trish Doller,ro,"[""Romance""]"
moodreads_2522,Shadow Hunt,Seressia Glass,so,"[""Romance""]"
moodreads_2524,Fleeing Fate,Sabrina Day,de,"[""Romance""]"
moodreads_671,Dark Kings,Sadie Moss,no,"[""Romance""]"
moodreads_858,Illusions of Grandeur,Kathryn Ann Kingsley,fr,"[""Romance""]"
moodreads_916,Crave to Conquer,Zoey Ellis,es,"[""Romance""]"
moodreads_943,Psycho Devils,Jasmine Mas,sk,"[""Romance""]"
moodreads_951,Open Ice Hit,E.M. Lindsey & Marina Vivancos,nl,"[""Romance""]"
moodreads_991,Alpha Rising,Rebecca Royce,tl,"[""Romance""]"
