call,signals,book_id,title,author,genres,tropes,has_desc,desc
fiction,ficS=1 fic=0 nf=0 ficGenre=False,openlibrary_OL1988529W,A century of spies,Jeffrey Richelson,Politics,"[""espionage-double-agent""]",True,"Here is the ultimate inside history of the role of modern intelligence across the globe. Unrivaled in its scope and as readable as any spy novel, A Century of Spies travels from tsarist Russia and the earliest days of the British Secret Service to the crises and uncertainties of today's post-Cold Wa"
fiction,ficS=1 fic=0 nf=0 ficGenre=False,openlibrary_OL977816W,A terra será redonda?,"Ana Maria Magalhães, Isabel Alçada",History,"[""space-exploration""]",True,"Historical novel about a scientist and his two young friends, a brother and sister, who travel in time back to Africa during the Age of Discoveries."
fiction,ficS=1 fic=0 nf=0 ficGenre=False,openlibrary_OL24308534W,A wind of many colors,"Brown, John H.",Business & Economics,"[""kidnapping""]",True,"Novel set in pre-Civil War Kansas City. It's a love story, murder mystery, and swashbuckling adventure wrapped in the customs of diverse immigrants. When a half-crazed woodsman threatens to kidnap or kill his beautiful German wife, merchant Irish-American John Purdy gathers a team to capture the man"
fiction,ficS=2 fic=0 nf=1 ficGenre=False,openlibrary_OL21031045W,All That Follows,Jim Crace,Music,"[""hostage-situation""]",True,"The prodigiously talented Jim Crace has returned with a new novel that explores the complexities of love and violence with a scenario that juxtaposes humor and human aspiration. British jazzman Leonard Lessing spent a memorable yet unsuccessful few days in Austin, Texas, trying to seduce a woman he"
fiction,ficS=4 fic=0 nf=0 ficGenre=False,openlibrary_OL74666W,American Pastoral,Philip Roth,History,"[""domestic-fiction""]",True,"American Pastoral is a Philip Roth novel published in 1997 concerning Seymour ""Swede"" Levov, a successful Jewish American businessman and former high school star athlete from Newark, New Jersey. Levov's happy and conventional upper middle class life is ruined by the domestic social and political tur"
fiction,ficS=1 fic=0 nf=1 ficGenre=False,openlibrary_OL5725956W,Artemis Fowl,Eoin Colfer,Art,"[""kidnapping""]",True,"Artemis Fowl is the first of a series of semi-realist novels produced by Eoin Colfer. They document the adventures of a precocious prodigal child of the criminal empire, Artemis Fowl. In this book, accompanied by his huge and loyal bodyguard/sidekick/advisor Butler, Artemis engages in a series of su"
fiction,ficS=0 fic=0 nf=0 ficGenre=True,openlibrary_OL15588211W,Backstage pass,Olivia Cunning,"Music,romance","[""bad-boy""]",True,"Five stunning guys, one hot woman, and a feverish romance... For him, life is all music and no play... When Brian Sinclair, lead songwriter and guitarist of the hottest metal band on the scene, loses his creative spark, it will take nights of downright sinful passion to release his pent-up gen"
fiction,ficS=0 fic=1 nf=0 ficGenre=False,openlibrary_OL17932214W,Beijing bastard,Val Wang,Travel,"[""coming-of-age""]",True,"""A humorous and moving coming-of-age story that brings a unique, not-quite-outsider's perspective to China's shift from ancient empire to modern superpower. Raised in a strict Chinese-American household in the suburbs, Val Wang dutifully got good grades, took piano lessons, and performed in a Chines"
fiction,ficS=0 fic=1 nf=0 ficGenre=False,openlibrary_OL16684212W,Blackout,Seanan McGuire,Politics,"[""hostage-situation""]",True,"In 2041, Georgia Mason, held hostage by a team of CDC researchers, must find her way back to Shaun Mason, who is dealing with his own problems, such as zombie bears, mad scientists and rogue government agencies, before things get worse in her post-zombie, post-resurrection America."
fiction,ficS=0 fic=0 nf=0 ficGenre=True,openlibrary_OL17763883W,Breathe,Abbi Glines,"Music,romance","[""workplace-romance"", ""virgin-heroine"", ""celebrity""]",True,"""It was only supposed to be a summer job, not a summer fling. Just a quick way for seventeen-year-old Sadie to earn some money to support her very helpless--and very pregnant--single mother. But even with the help of her cute and friendly coworker, Marcus, Sadie learns firsthand that working as a do"
fiction,ficS=1 fic=1 nf=0 ficGenre=False,openlibrary_OL20031306W,Chronicle of a last summer,"Yasmine El Rashidi, Yasmine El Rashidi",Politics,"[""domestic-fiction""]",True,"""A young Egyptian woman chronicles her personal and political coming of age in this debut novel. Cairo, 1984. A blisteringly hot summer. A young girl in a sprawling family house. Her days pass quietly: listening to a mother's phone conversations, looking at the Nile from a bedroom window, watching t"
fiction,ficS=2 fic=0 nf=3 ficGenre=False,openlibrary_OL63945W,Columbus,Washington Irving,Biography & Memoir,"[""space-exploration""]",True,"Christopher Columbus was an Italian explorer, navigator, colonizer, and citizen of the Republic of Genoa. Under the auspices of the Catholic Monarchs of Spain, he completed four voyages across the Atlantic Ocean..... Washington Irving (April 3, 1783 – November 28, 1859) was an American short story w"
fiction,ficS=0 fic=0 nf=0 ficGenre=True,openlibrary_OL15425716W,Dangerous to Know,Tasha Alexander,"History,romance","[""serial-killer""]",True,"Recovering at her mother-in-law's estate in Normandy after a brush with death, Lady Emily Hargreaves discovers a murder victim whose death looks like the act of Jack the Ripper, a killing that compels her to follow clues to the medieval city of Rouen in search of a lost child."
fiction,ficS=1 fic=0 nf=0 ficGenre=False,openlibrary_OL5817005W,Dead Heat,Joel C. Rosenberg,Politics,"[""assassination-plot""]",True,2009 Retailer's Choice Award winner! The stage is set for war. Oil prices are surging to record highs. A new dictator is rising in Iraq. China is threatening Taiwan. North Korean forces appear ready to strike south. Israel is feverishly trying to complete the Third Temple. And in the midst of a wor
fiction,ficS=2 fic=0 nf=0 ficGenre=False,openlibrary_OL15137937W,Disobedience,Jane Hamilton,Music,"[""domestic-fiction""]",True,"A young man awaits the consequences of his mother's extramarital affair with a violin-maker, information he discovers when he accidentally stumbles across her e-mailbox. From Jane Hamilton, author of the beloved New York Times bestsellers A Map of the World and The Book of Ruth, comes a warmly humor"
fiction,ficS=1 fic=1 nf=0 ficGenre=False,openlibrary_OL3738864W,Easy connections,Liz Berry,Art,"[""love-triangle""]",True,"About the book... Easy Connections. 'No more exams. No more boring holiday work. Just two blissful weeks painting in the country - then, art college at last. Just paint, paint, paint!' Cathy Harlow is a gifted painter. She is seventeen and three glorious years at art college stretch blissfully"
fiction,ficS=1 fic=0 nf=0 ficGenre=True,openlibrary_OL16808028W,"Eu, Maria Pia",Diana de Cadaval,"History,romance","[""assassination-plot""]",True,"Historical novel about the tragic life of Maria Pia of Savoy, queen consort of Portugal, spouse of King Luís I: her orphaned childhood, her marriage with Luís and his extramarital affairs, her miscarriages and depression, the republican antagonism and press criticism, the assassination of her son an"
fiction,ficS=0 fic=0 nf=0 ficGenre=True,openlibrary_OL5810171W,"Father, Lover, Bodyguard",Cassie Miles,"Art,romance","[""amnesia""]",True,"***CAPTIVE HEARTS: From hostages to prisoners of passion -- Held at gunpoint in a mysterious crime, three women are soon bound by desire to the men sworn to protect them at all costs...*** **Amanda Fielding remembered nothing of the crime she was suspected of, or the blow that caused her partial"
fiction,ficS=0 fic=1 nf=0 ficGenre=False,openlibrary_OL20015511W,Girl singer,Mick Carlon,Music,"[""coming-of-age""]",True,"""1938: eighteen-year-old Avery, aspiring singer, is heard by Lester ""Pres"" Young, Count Basie's tenor saxophonist. Pres recommends her to Basie, and Avery is whisked into the jazz life. Years later, with several hit records to her credit, Avery settles in Greenwich Village. But her life takes a shar"
fiction,ficS=0 fic=0 nf=0 ficGenre=True,openlibrary_OL4996426W,Glory Land,Dorothy Dowdell,"History,romance","[""blackmail""]",True,"**""My God, he's beautiful,"" Garnett thought when she saw him. He was indeed a king.** And would he, the great Edward Kingston, think that Garnett, the dirt-poor daughter of a small-town minister, was good enough for his eldest son? **Garnett need not have worried.** Because from the moment they m"
fiction,ficS=2 fic=0 nf=1 ficGenre=False,openlibrary_OL13771777W,Goddess of the market,Jennifer Burns,Biography & Memoir,"[""talking-animals""]",True,"Worshipped by her fans, denounced by her enemies, and forever shadowed by controversy and scandal, the novelist and philosopher Ayn Rand was a powerful thinker whose views on government and markets shaped the conservative movement from its earliest days. Drawing on unprecedented access to Rand's pri"
fiction,ficS=0 fic=1 nf=0 ficGenre=False,hardcover_167906,Home Front,Kristin Hannah,History,"[""domestic-fiction""]",True,"""From a distance, Michael and Joleen Zarkades seem to have it all: a solid marriage, two exciting careers, and children they adore. But after twelve years together, the couple has lost their way; they are unhappy and edging toward divorce. Then the Iraq war starts. An unexpected deployment will tear"
fiction,ficS=1 fic=0 nf=0 ficGenre=False,openlibrary_OL19359447W,Hope,"Amanda Berry, Gina DeJesus, Mary Jordan, Kevin Sullivan",Biography & Memoir,"[""kidnapping""]",True,"On May 6, 2013, Amanda Berry made headlines around the world when she fled a Cleveland home and called 911, saying: ""Help me, I'm Amanda Berry... I've been kidnapped, and I've been missing for ten years."" A horrifying story rapidly unfolded. Ariel Castro, a local school bus driver, had separately lu"
fiction,ficS=1 fic=0 nf=0 ficGenre=False,hardcover_133037,In the Light of What We Know,Zia Haider Rahman,Politics,"[""missing-person""]",True,""" An investment banker approaching forty, his career collapsing and his marriage unraveling, receives a surprise visitor at his West London town house. Confronting the disheveled figure of a South Asian male carrying a backpack, the banker recognizes a long-lost college friend, a mathematics prodigy"
fiction,ficS=1 fic=0 nf=1 ficGenre=False,openlibrary_OL15143507W,Invitation to Live,Lloyd C. Douglas,Religion & Spirituality,"[""quest-journey-narrative""]",True,"The power of love ... even that coming from the grave .. ***Barbara*** has too much money and no friends. ***Sally*** is abrasive and opportunistic, and a gifted mimic. *Lee* is a frustrated artist. ***Katherine*** is exploited by her unkind family, particularly her predatory sister. **The live"
fiction,ficS=2 fic=0 nf=0 ficGenre=True,openlibrary_OL78356W,Joy in the Morning,Betty Smith,"Religion & Spirituality,romance","[""domestic-fiction""]",True,"A timeless classic! From Betty Smith - author of A Tree Grows in Brooklyn, one of the most beloved novels of the past century - comes an unsentimental yet radiant and powerfully uplifting tale of young hearts and marriage. In 1927, in Brooklyn, New York, Carl Brown and Annie McGairy meet and fall"
fiction,ficS=0 fic=0 nf=0 ficGenre=True,openlibrary_OL16215688W,Kiss the morning star,"Elissa Janine Hoole, Elissa Hoole","Travel,romance","[""coming-of-age""]",True,"The summer after high school graduation and one year after her mother's tragic death, Anna and her long-time best friend Kat set out on a road trip across the country, armed with camping supplies and a copy of Jack Kerouac's Dharma Bums, determined to be open to anything that comes their way."
fiction,ficS=5 fic=0 nf=1 ficGenre=False,openlibrary_OL274513W,La hojarasca,Gabriel García Márquez,Politics,"[""hostage-situation"", ""kidnapping""]",True,"First published in 1955 but not translated into English until 1972 this slim novel is set in the fictional town of Macondo, the setting for Garcia Marquez’s later novel One Hundred Years of Solitude. Many of the characters and themes from that novel were first given life here. The novella is not to"
fiction,ficS=0 fic=0 nf=0 ficGenre=True,hardcover_435661,Letters to a Young Poet,"Rainer Maria Rilke, Anita Barrows, Joanna Macy","Biography & Memoir,romance","[""letters-pen-pal-romance""]",False,
fiction,ficS=0 fic=0 nf=0 ficGenre=True,openlibrary_OL1914086W,Lie Down With Lions,Ken Follett,"History,romance","[""espionage-double-agent""]",True,"Ellis, the American. Jean-Pierre, the Frenchman. They were two men on opposite sides of the cold war, with a woman torn between them. Together, they formed a triangle of passion and deception, racing from terrorist bombs in Paris to the violence and intrigue of Afghanistan - to the moment of truth a"
fiction,ficS=0 fic=1 nf=0 ficGenre=True,openlibrary_OL16341255W,Life,Mal Peet,"History,romance","[""coming-of-age""]",True,"In 1960s Norfolk, England, seventeen-year-old Clem Ackroyd lives with his mother and grandmother in a tiny cottage, but his life is transformed when he falls in love with the daughter of a wealthy farmer in this tale that flashes back through the stories of three generations."
fiction,ficS=1 fic=0 nf=0 ficGenre=False,openlibrary_OL14987318W,Listening to Coloured Dreams,Martin Phillips,Biography & Memoir,"[""first-love""]",True,"A humorous and poignant collection of short stories about growing up in the 1960s. Themes are eclectic,ranging from first love to life in a university hall of residence, via a production of ""Volpone"" staged in Denmark, used as an elegy to lost youth. These are carefully crafted tales from an era oft"
fiction,ficS=0 fic=0 nf=0 ficGenre=True,openlibrary_OL5689046W,Lord of Fire,Gaelen Foley,"History,romance","[""espionage-double-agent""]",True,"This is Lucian's story. The ""fallen"" twin who just never quite measures up to his brother. A spy who hosts ""orgies"" in his underground grotto to gain useful information for national security. A man who is the verge of personal collapse. He has seen, experienced, and performed despicable acts of huma"
fiction,ficS=1 fic=0 nf=0 ficGenre=False,openlibrary_OL3181929W,Lords of the harvest,Daniel Charles,Cooking,"[""genetic-engineering""]",True,"""The food we eat is being transformed before our eyes. Biotech companies are creating designer crops with strange powers - from cholesterol-reducing soybeans to tobacco plants that act as solar-powered pharmaceutical factories. They promise great benefits: better health for consumers and more produc"
fiction,ficS=0 fic=0 nf=0 ficGenre=True,openlibrary_OL99250W,Lorena,Frank G. Slaughter,"History,romance","[""love-triangle""]",True,"**TORN BY CONFLICTING LOYALTIES, LINKED BY PASSIONATE LOVE** **The Civil War had separated beautiful, willful Lorena Selby from her husband.** He had gone to fight the Yankees, while she stayed behind to protect the opulence of Selby Hall and the vast plantation it dominated. But **the Civil W"
fiction,ficS=1 fic=0 nf=1 ficGenre=True,openlibrary_OL16808029W,Mafalda de Saboia,Diana de Cadaval,"History,romance","[""royalty""]",True,"Historical novel about the life of Mafalda of Savoy, the first queen consort of Portugal, through her marriage, in 1146, to King Afonso I, the first ruler of Portugal as an independent kingdom: her difficult marriage, her hard pregnancies, her violent husband and the formation of a new country."
fiction,ficS=0 fic=1 nf=0 ficGenre=False,openlibrary_OL20016243W,Manners & mutiny,Gail Carriger,History,"[""espionage-double-agent""]",True,"In an alternate England of 1851, Sophronia Temminnick is the only hope for her friends, her school, and all of London when she must put her espionage training to the test to thwart an evil Picklemen plot."
fiction,ficS=1 fic=0 nf=0 ficGenre=False,openlibrary_OL16805700W,Mataram o Rei!,"Isabel Alçada, Ana Maria Magalhães",History,"[""assassination-plot""]",True,"Historical novel about a scientist and his two young friends, a brother and sister, who travel in time before 1st February 1908 when king Carlos of Portugal was assassinated."
fiction,ficS=1 fic=0 nf=0 ficGenre=False,hardcover_437622,Meet Me at the Museum A Novel,Anne Youngson,Psychology,"[""letters-pen-pal-romance""]",True,"A professor in Denmark and a grandmother in England begin a correspondence, and a friendship, that develops into something extraordinary. In Denmark, Professor Anders Larsen has lost his wife and his hopes for the future. On an isolated English farm, Tina Hopgood is trapped in a life she doesn't re"
fiction,ficS=0 fic=0 nf=0 ficGenre=True,openlibrary_OL19765202W,Memoirs of a dragon hunter,Katie MacAlister,"Science & Nature,romance","[""dragons""]",True,"""One moment, I was a normal (if somewhat germaphobic) math teacher getting ready for summer vacation. Then my sister died in a pile of black ash, leaving me with a sword ... and her destiny as dragon hunter. It turns out there's a whole other world out there filled with demons, dragons, and spirits."
fiction,ficS=0 fic=0 nf=0 ficGenre=True,openlibrary_OL4080579W,Moorland Magic,Elizabeth Ashton,"Religion & Spirituality,romance","[""love-triangle""]",True,"Of the three sisters, Faith, Hope & Charity, it was the latter who wanted to live her life, working with children. She was, therefore, delighted when she was offered a job, in the beautiful Peak District of Derbyshire, as governess of the small granddaughter of her sister's friend, Mrs. Dairymple. S"
fiction,ficS=1 fic=0 nf=0 ficGenre=False,openlibrary_OL46904W,Next,Michael Crichton,Art,"[""genetic-engineering""]",True,"Next is a 2006 satirical techno-thriller by Michael Crichton. It was the fifteenth novel under his own name and his twenty-fifth overall, and the last to be published during his lifetime."
fiction,ficS=1 fic=0 nf=0 ficGenre=False,openlibrary_OL17140057W,Numero zero,Umberto Eco,Politics,"[""assassination-plot""]",True,"""A novel about the murky world of media politics, conspiracy, and murder.""-- 1945, Lake Como. Mussolini and his mistress are captured and shot by local partisans. The precise circumstances of Il Duce's death remain controversial. 1992, Milan. Colonna, a depressed hack writer, is offered a fee he"
fiction,ficS=1 fic=0 nf=0 ficGenre=False,hardcover_588683,Offshore,Penelope Fitzgerald,History,"[""domestic-fiction""]",True,"On the Battersea Reach of the Thames, a mixed bag of eccentrics live in houseboats. Belonging to neither land nor sea, they belong to one another. There is Maurice, a homosexual prostitute; Richard, a buttoned-up ex-navy man; but most of all there's Nenna, the struggling mother of two wild little gi"
fiction,ficS=1 fic=0 nf=0 ficGenre=True,openlibrary_OL46603W,Penmarric,Susan Howatch,"History,romance","[""family-saga-across-generations""]",True,"Set against the starkly beautiful landscape of Cornwall, PENMARRIC is the totally enthralling saga of a family divided against itself. At the center of the novel is the great mansion called Penmarric. It is to Penmarric that Mark Castallack, a proud, strange, and sensitive man, brings his bride Jann"
fiction,ficS=0 fic=0 nf=0 ficGenre=True,openlibrary_OL20108877W,Plays (Comedy of Errors / King John / King Henry IV. Part I / King Henry IV. Part II / King Richard II / Love's Labour's Lost / Merchant of Venice / Merry Wives of Windsor / Midsummer Night's Dream / Much Ado About Nothing / Romeo and Juliet / Taming of the Shrew / Two Gentlemen of Verona),William Shakespeare,"Art,romance","[""assassination-plot""]",True,Contains: - Cymbeline - Winter's Tale
fiction,ficS=0 fic=0 nf=0 ficGenre=True,openlibrary_OL874049W,Rose,"Martin Cruz Smith, Ḥanah Yador-Avni","History,romance","[""missing-person""]",True,"The year is 1872. The place is Wigan, England, a coal town where rich mine owners live lavishly alongside miners no better than slaves. Into this dark, complicated world comes Jonathan Blair, who has accepted a commission to find a missing man. When he begins his search every road leads back to one"
fiction,ficS=0 fic=0 nf=0 ficGenre=True,openlibrary_OL106216W,Sandcastles,Luanne Rice,"Art,romance","[""domestic-fiction""]",True,"Painter Honor Sullivan has made a life for herself and her three daughters--Regis, Agnes, and Cecilia--at Star of the Sea Academy on the magical Connecticut shore. Here she teaches art at the convent school's beautiful seaside campus, over which Honor's sister-in-law, mother superior Bernadette Igna"
fiction,ficS=1 fic=0 nf=0 ficGenre=False,hardcover_146456,Sarum: The Novel of England,Edward Rutherfurd,History,"[""domestic-fiction"", ""family-saga-across-generations""]",True,"Presque mille pages bien tassées pour une entreprise romanesque à la Michener mais venant d'Angleterre. Sarum c'est le nom antique de Salisbury et cette grande fresque raconte l'histoire du pays qui l'entoure, depuis la préhistoire jusqu'à nos jours, en poursuivant la destinée de cinq dynasties fami"
fiction,ficS=1 fic=0 nf=2 ficGenre=True,openlibrary_OL15151690W,Select Editions--Volume 3 2009,"James J. Menick, James J. Mennick, Caro Peacock. Michael Koryta.Randy Pausch Nicholas Sparks","Philosophy,romance","[""domestic-fiction"", ""kidnapping""]",True,"The lucky one: An Iraqi War veteran returns to the U.S. with a unique mission: find the girl in the photograph that was his lucky charm in battle. A foreign affair: A tale of dastardly villains, valiant heroes, snatched infants, conniving politicians, and a plucky young heroine aptly names Libert"
fiction,ficS=1 fic=0 nf=0 ficGenre=False,openlibrary_OL41246W,Split Second,David Baldacci,Politics,"[""kidnapping""]",True,"SPLIT SECOND is a tale of two disgraced Secret Service agents racing against time to find the common thread that connects a series of assassinations and abductions.""Played"" and misled by suspects, the duo search for answers."
fiction,ficS=2 fic=0 nf=0 ficGenre=False,openlibrary_OL2711685W,Studs Lonigan,James T. Farrell,History,"[""coming-of-age""]",True,"[William V. Lipton][1] from Ann Arbor, MI says: ""This is both a coming-of-age novel and a social history. Set during the 1920s and 1930s, it follows Studs as he grows through his teen years in Chicago. It shows the influences on urban children, the stresses on families and the American society duri"
fiction,ficS=1 fic=0 nf=1 ficGenre=False,openlibrary_OL17356048W,Sweetbitter,Stephanie Danler,Cooking,"[""coming-of-age""]",True,"A lush, raw, thrilling novel of the senses about a year in the life of a uniquely beguiling young woman, set in the wild, alluring world of a famous downtown New York restaurant."
fiction,ficS=0 fic=0 nf=0 ficGenre=True,openlibrary_OL16686856W,Tell the wolves I'm home,Carol Rifka Brunt,"Psychology,romance","[""coming-of-age""]",True,"It is 1987, and only one person has ever truly understood fourteen-year-old June Elbus -- her uncle, the renowned painter Finn Weiss. Shy at school and distant from her older sister, June can only be herself in Finn's company; he is her godfather, confidant, and best friend. So when he dies, far t"
fiction,ficS=2 fic=0 nf=1 ficGenre=False,hardcover_123458,The Book of Daniel,E.L. Doctorow,Politics,"[""domestic-fiction""]",True,"The Book of Daniel is a semi-historical novel loosely based on the lives, trial and execution of Julius and Ethel Rosenberg. Doctorow tells the story of Paul and Rochelle Isaacson (corollaries to the Rosenbergs) through the persons of their older son, Daniel, and his sister, Susan, who are college s"
fiction,ficS=1 fic=0 nf=1 ficGenre=False,openlibrary_OL20048087W,The Chibok Girls,Helon Habila,History,"[""kidnapping""]",True,"""Acclaimed novelist Helon Habila, who grew up in northern Nigeria, returned to Chibok and gained intimate access to the families of the kidnapped to offer a devastating account of a tragedy that stunned the world. With compassion and a deep understanding of the historical context, Habila tells the s"
fiction,ficS=3 fic=0 nf=3 ficGenre=False,openlibrary_OL137708W,The Epicure's lament,Kate Christensen,Cooking,"[""domestic-fiction""]",True,"For ten years, Hugo Whittier, upper-class scion, former gigolo, failed belle-lettrist has been living a hermit's existence at Waverly, his family's crumbling mansion overlooking the Hudson. He passes the time reading Montaigne and M.F.K. Fisher, cooking himself delicious meals, smoking an endless n"
fiction,ficS=1 fic=0 nf=0 ficGenre=False,hardcover_430457,The Holy Bible: English Standard Version,Anonymous,Biography & Memoir,"[""multiple-pov""]",True,Presents the traditional text with illustrations and forty-four short stories based on events in the Old and New Testaments.
fiction,ficS=1 fic=0 nf=0 ficGenre=False,openlibrary_OL8409943W,The Lewis and Clark Expedition (Graphic History),Jessica Sarah Gunderson,Travel,"[""space-exploration""]",True,"In graphic novel format, tells the dramatic story of Lewis and Clark’s exploration of the unmapped American West."
fiction,ficS=1 fic=0 nf=1 ficGenre=False,openlibrary_OL135378W,The Madonna of Excelsior,Zakes Mda,Art,"[""domestic-fiction""]",True,"A novel takes readers deep into the heart of apartheid in the early 1970s, focusing on a mixed race family that is trying to survive on the closely regulated line between black and white."
fiction,ficS=1 fic=0 nf=1 ficGenre=False,hardcover_512068,The Marriage Portrait,Maggie O'Farrell,History,"[""arranged-marriage""]",True,"NEW YORK TIMES BEST SELLER • From the author of the breakout bestseller Hamnet—winner of the National Book Critics Circle Award and the Women’s Prize—an electrifying new novel set in Renaissance Italy, and centering on the captivating young duchess Lucrezia de Medici. Florence, the 1550s. Lucrezi"
fiction,ficS=1 fic=0 nf=1 ficGenre=False,openlibrary_OL19638366W,The Pigeon Tunnel: Stories from My Life,John le Carré,Biography & Memoir,"[""espionage-double-agent""]",True,"From his years serving in British Intelligence during the Cold War, to a career as a writer that took him from war-torn Cambodia to Beirut on the cusp of the 1982 Israeli invasion to Russia before and after the collapse of the Berlin Wall, le Carré has always written from the heart of modern times."
fiction,ficS=0 fic=1 nf=0 ficGenre=False,openlibrary_OL17879194W,The Silver Six,A. J. Lieberman,Science & Nature,"[""space-exploration""]",True,"""When a group of orphans discover they have a common connection, plucky heroine Phoebe leads them in a daring escape from their orphanage to an uninhabited moon. But their idyllic paradise is shattered when the powerful corporate boss who caused the deaths of their parents sends a relentless henchma"
fiction,ficS=1 fic=0 nf=1 ficGenre=False,openlibrary_OL15402716W,The Twelfth Imam,Joel C. Rosenberg,Religion & Spirituality,"[""prophecy""]",True,"Joel Rosenberg's novel teaches much about the eschatology of Shiite Islam and the profound implications those teachings hold for political stability in the region and the world. Set primarily in Iran, the book follows the American chase for information concerning rumored nuclear weapons-making ca"
fiction,ficS=1 fic=0 nf=0 ficGenre=False,openlibrary_OL2671482W,The angel of darkness,Caleb Carr,Psychology,"[""kidnapping"", ""serial-killer""]",True,"In one of the most critically acclaimed novels of the year, Caleb Carr-- bestselling author of The Alienist--pits Dr. Laszlo Kreizler and his colleagues against a murderer as evil as the darkest night. . . .From the Paperback edition."
fiction,ficS=1 fic=0 nf=0 ficGenre=False,openlibrary_OL2513030W,The fisher king,Paule Marshall,Music,"[""domestic-fiction""]",True,"""In 1949, Sonny-Rett Payne, a black jazz pianist, fled New York for Paris to escape both his family's disapproval of his art and the racism that shadowed his career. His spectacular success in Europe and his subsequent death there form the dramatic background of Paule Marshall's fifth novel, a movin"
fiction,ficS=1 fic=0 nf=0 ficGenre=False,openlibrary_OL20053051W,The gene machine,Bonnie Rochman,Health & Fitness,"[""genetic-engineering""]",True,"""A researched exploration of the promises and vulnerabilities of having children in an age of genetic tests and interventions considers key scientific, technological and political factors while sharing the stories of men and women struggling to understand the range of the tests and their revelations"
fiction,ficS=2 fic=0 nf=1 ficGenre=False,openlibrary_OL56832W,The jewels of Aptor,Samuel R. Delany,Religion & Spirituality,"[""space-exploration"", ""quest-journey-narrative""]",True,"Delany's first novel, written when he was about 19. The story follows a small group through a post-nuclear war future setting, on a quest to rescue a priestess of the goddess Argo from the land of the dark god Hama. If you're going to start reading his science fiction novels, this would be a good"
fiction,ficS=0 fic=1 nf=0 ficGenre=False,openlibrary_OL19996201W,The lost boys symphony,Mark Andrew Ferguson,Health & Fitness,"[""coming-of-age""]",True,"""After Henry's girlfriend Val leaves him and transfers to another school, his grief begins to manifest itself in bizarre and horrifying ways. Cause and effect, once so reliable, no longer appear to be related in any recognizable manner. Either he's hallucinating, or the strength of his heartbreak ov"
fiction,ficS=0 fic=0 nf=0 ficGenre=True,openlibrary_OL17739454W,The second son,Jonathan Rabb,"History,romance","[""missing-person""]",True,"On the Eve of Hitler's Olympics, Chief Inspector Nikolai Hoffner is forced out of the Kriminalpolizei because he is a half Jew. Hoffner is not surprised given the rise of Nazism, and anyway his focus is elsewhere. His son Georg is missing in Spain, swept up in the sudden outbreak of the civil war. H"
fiction,ficS=0 fic=0 nf=0 ficGenre=True,openlibrary_OL16263194W,The sins of the mother,Danielle Steel,"Business & Economics,romance","[""domestic-fiction""]",True,"Having missed much of her children's lives while she built a home-furnishings empire, Olivia Grayson arranges a family vacation in the Mediterranean in the hopes of rekindling ties only to confront painful interpersonal dynamics and unexpected revelations."
fiction,ficS=2 fic=0 nf=0 ficGenre=False,openlibrary_OL78075W,The spy,James Fenimore Cooper,History,"[""domestic-fiction""]",True,"Inspired by accusations of venality leveled at the men who captured Major Andre (Benedict Arnold's co-conspirator, executed for espionage in 1780), Cooper's novel centers on Harry Birch, a common man wrongly suspected by well-born Patriots of being a spy for the British. Even George Washington, who"
fiction,ficS=0 fic=0 nf=0 ficGenre=True,openlibrary_OL19731649W,This is not a love letter,Kim Purcell,"Psychology,romance","[""missing-person""]",True,Follows small town girl Jessie as she deals with first love and loss.
fiction,ficS=2 fic=0 nf=2 ficGenre=False,openlibrary_OL20045966W,Three years with the rat,Jay Hosking,Science & Nature,"[""missing-person""]",True,"""Three Years with the Rat is a mind-warping thriller that will make you question reality as you conceive of it. One of the most assured and haunting debuts I've read in recent memory."" --Blake Crouch, author of Dark Matter After several years of drifting between school and go-nowhere jobs, a young m"
fiction,ficS=0 fic=0 nf=0 ficGenre=True,openlibrary_OL48436W,Tilly,Catherine Cookson,"Cooking,romance","[""prophecy""]",True,"***In early Victorian times, Tilly Trotter goes from a lowly cottage on the edge of the Sopwith estate, through suspicion of witchcraft and personal disillusionment, to fulfillment of a prophecy that she would come into her own.***"
fiction,ficS=0 fic=0 nf=0 ficGenre=True,openlibrary_OL16629918W,Timeless (Timeless #1),Alexandra Monir,"History,romance","[""forced-proximity"", ""secret-relationship"", ""second-chance"", ""slow-burn"", ""enemies-to-lovers"", ""time-travel-romance"", ""time-spanning-love""]",True,"When tragedy strikes Michele Windsor's family, she is forced to move from Los Angeles to New York City to live with the wealthy, aristocratic grandparents she has never met. In their historic Fifth Avenue mansion, filled with a century's worth of family secrets, Michele discovers the biggest family"
fiction,ficS=1 fic=0 nf=0 ficGenre=True,openlibrary_OL17891987W,Two across,Jeffrey Bartsch,"Psychology,romance","[""coming-of-age""]",True,"""TWO ACROSS is a funny and poignant debut novel about trust, forgiveness, and the wisdom of listening to your heart. Stanley and Vera, academically precocious but awkward teenagers, form a bond when they tie for first place in the National Spelling Bee. Though their mothers have big plans for them-S"
fiction,ficS=0 fic=2 nf=0 ficGenre=False,openlibrary_OL15941979W,Uncompromised,Nada Prouty,Politics,"[""espionage-double-agent""]",True,"""Nada Prouty served her country loyally, with distinction, and, as universally acknowledged by her colleagues, with great personal courage as a CIA covert officer. This tale of rampant trampling of citizen's rights is a vivid reminder of the responsibility of citizens to be vigilant against unaccou"
fiction,ficS=4 fic=0 nf=0 ficGenre=False,openlibrary_OL20693827W,Vagabonds,"Hao Jingfang, Ken Liu",Art,"[""space-exploration""]",True,"""A century after the Martian war of independence, a group of kids are sent to Earth as delegates from Mars, but when they return home, they are caught between the two worlds, unable to reconcile the beauty and culture of Mars with their experiences on Earth in this spellbinding novel from Hugo Award"
nonfiction,ficS=0 fic=0 nf=1 ficGenre=False,openlibrary_OL8436912W,"""Is Peckerhead Hyphenated?"" Building the International Space Station",Vincent De Corodoba,Biography & Memoir,"[""space-exploration""]",True,"This is a true story about the funny side of building the International Space Station. It is told around actual quotes from real people that accurately, and often elegantly, describe what management would call a ‘character-building’ situation. Technically and managerially, the International Space St"
nonfiction,ficS=0 fic=0 nf=3 ficGenre=False,openlibrary_OL5752156W,1421,Gavin Menzies,History,"[""space-exploration""]",True,"This volume presents the author's assertion that the fleets of Chinese Admiral Zheng visited the Americas prior to European explorer Christopher Columbus in 1492, and that this same Chinese fleet circumnavigated the globe a century before the expedition of Ferdinand Magellan. The author presents a s"
nonfiction,ficS=0 fic=1 nf=3 ficGenre=False,openlibrary_OL20027730W,32 yolks,Eric Ripert,Cooking,"[""coming-of-age""]",True,"""Before he earned his third Michelin star at his iconic restaurant, Le Bernardin, the James Beard Award for Outstanding Chef of the Year, became a regular guest judge on Bravo's Top Chef, even before he knew how to make a proper omelet, Eric Ripert was a young boy in the South of France who felt tha"
nonfiction,ficS=0 fic=0 nf=1 ficGenre=False,openlibrary_OL17765779W,A Crack in Creation,"Jennifer A. Doudna, Samuel H. Sternberg",History,"[""genetic-engineering""]",True,"**A trailblazing biologist grapples with her role in the biggest scientific discovery of our era: a cheap, easy way of rewriting genetic code, with nearly limitless promise and peril.** Not since the atomic bomb has a technology so alarmed its inventors that they warned the world about its use. N"
nonfiction,ficS=0 fic=0 nf=2 ficGenre=False,openlibrary_OL1965051W,A History of US-All the People 1945-1996 #10,Joy Hakim,History,"[""space-exploration""]",True,"Recommended by the Common Core State Standards for English Language Arts and Literacy as an exemplary informational text. In the years after WWII, America became the worlds greatest power. All the People discusses the U.S.A.’s uneasiness with its postwar role as a global policeman, even as we foug"
nonfiction,ficS=0 fic=0 nf=2 ficGenre=False,openlibrary_OL14996339W,A Time to Betray,Reza Kahlili,Politics,"[""espionage-double-agent""]",True,"This true spy thriller reveals the inner workings of the notorious Revolutionary Guards of Iran, as witnessed by an Iranian man inside their ranks who spied for the American government. It is a human story, a chronicle of family and friendships torn apart by a terror-mongering regime, and how the ad"
nonfiction,ficS=0 fic=0 nf=1 ficGenre=False,openlibrary_OL19732318W,A gift from darkness,Patience Ibrahim,Biography & Memoir,"[""kidnapping""]",True,"""When Patience Ibrahim was nineteen, her first husband was murdered by Boko Haram. She fled to the safety of her village and remarried several months later. Having prayed for a child for years, Patience is overjoyed to discover she is pregnant. Soon after, Boko Haram soldiers are at her door. Violen"
nonfiction,ficS=0 fic=0 nf=1 ficGenre=False,openlibrary_OL29316493W,A pocket guide to UFOs & ETs,Danny R. Faulkner,Religion & Spirituality,"[""first-contact-with-aliens""]",True,"""What are we to make of the many UFO sightings that have been reported? Have aliens visited Earth? .... we shouldn't be surprised that the Bible does not directly mention them. On the other hand, the Bible does give us information to help us develop a Biblical response to UFOs and ETs""--Cover page ["
nonfiction,ficS=0 fic=0 nf=3 ficGenre=False,openlibrary_OL1816390W,A primate's memoir,Robert M. Sapolsky,Travel,"[""genetic-engineering""]",True,The author offers a memoir of his two decades in the field studying Kenyan baboons as he describes the members of the baboon troop and their behavior and his interaction with the neighboring Masai tribe.
nonfiction,ficS=0 fic=0 nf=2 ficGenre=False,openlibrary_OL20544719W,A spiritual audit of corporate America,"Ian Mitroff, Elizabeth A. Denton",Psychology,"[""workplace""]",True,"""With this book, Mitroff and Denton become the first researchers to offer hard, scientific data regarding the effect of spirituality - or the lack of it - on corporate America, that is, on the performance of organizations and executives at large. Their ""spiritual audit"" is based on surveys and inter"
nonfiction,ficS=0 fic=0 nf=3 ficGenre=False,openlibrary_OL19738377W,A spy in Canaan,Marc Perrusquia,Biography & Memoir,"[""espionage-double-agent""]",True,"The story of the double life of famed civil rights photographer Ernest Withers--and how a closely guarded government secret finally came to light, told by the journalist who broke the story. Ernest Withers captured some of the most iconic moments of the Civil Rights Movement -- from the rare photo o"
nonfiction,ficS=0 fic=0 nf=1 ficGenre=False,openlibrary_OL16557358W,A vida privada dos Bragança,"Ana Cristina Duarte Pereira, Joana Almeida Troni",Biography & Memoir,"[""royalty""]",True,"The historians Ana Cristina Pereira and Joana Troni report the court daily life of the Portuguese Braganza Dinasty, from King John IV, in 1640, until the last king D. Manuel II, in 1910: meals, clothes, parties, weddings, baptisms, funerals, balls, bullfights, operas, summer holidays and protocol."
nonfiction,ficS=0 fic=0 nf=4 ficGenre=False,openlibrary_OL20011488W,Abducting a General,Patrick Leigh Fermor,Travel,"[""kidnapping""]",True,"""One of the most daring feats in Patrick Leigh Fermor's daring life was the kidnapping of General Kreipe, the German commander in Crete, on April 26, 1944. Abducting a General, now published for the first time in the United States, is Leigh Fermor's own account of the kidnapping. Written in his inim"
nonfiction,ficS=0 fic=0 nf=1 ficGenre=False,openlibrary_OL4443514W,Abraham Lincoln's DNA and other adventures in genetics,Philip Reilly,Science & Nature,"[""genetic-engineering""]",True,"For laypeople and professionals alike who yearn for a better understanding of genetically engineered crops, DNA fingerprinting, cloning, or gene therapy, here is a valuable addition to a small but critical literature that will frame the public discourse as it is decided how to use the burgeoning kno"
nonfiction,ficS=0 fic=0 nf=2 ficGenre=False,openlibrary_OL3945962W,Across this land,John C. Hudson,History,"[""road-trip""]",True,"""Geographer John C. Hudson provides a comprehensive regional geography of North America (US and Canada) in the second edition of Across This Land. The new edition incorporates the latest data available and updated place names, along with general revisions throughout. He divides the continent into te"
nonfiction,ficS=0 fic=0 nf=2 ficGenre=False,openlibrary_OL19270051W,"Adam, Eve, and the genome","Susan Brooks Thistlethwaite, Susan B. Thistlethwaite",Religion & Spirituality,"[""genetic-engineering""]",True,"""Part 1 of the book places genetic research in historical perspective, including the historical prickliness between science and religion. Part 2 probes the deepest religious question raised by genetic research: what it means to be human, especially in the coming ""biological age."" Finally, Part 3 tak"
nonfiction,ficS=0 fic=0 nf=2 ficGenre=False,openlibrary_OL3508008W,Addiction At Work,Hamid Ghodse,Psychology,"[""workplace""]",True,Explores the problem of addiction at work. It explores the costs to your organization; organizational cultural and its role in encouraging drug misuse; risks associated with drug misuse in jobs and the workplace. Advice and guidance on dealing with such issues is given with examples of employee ass
nonfiction,ficS=0 fic=0 nf=2 ficGenre=False,openlibrary_OL16672377W,Advances in human aspects of healthcare,Vincent G. Duffy,Health & Fitness,"[""workplace""]",True,"""This book discusses how human factors and ergonomics principles can be applied to improve quality, safety, efficiency, and effectiveness in patient care. The topics will include the design of work environments to improve satisfaction and well-being of patients, healthcare providers, and professiona"
nonfiction,ficS=0 fic=0 nf=1 ficGenre=False,openlibrary_OL20058966W,Agent 110,Scott Miller,Politics,"[""espionage-double-agent""]",True,Miller brings to life a pivotal period of world history with a suspenseful account of how OSS spymaster Allen Dulles led a network of Germans conspiring to assassinate Hitler and negotiate surrender to bring about the end of World War II before the Soviet's advance.
nonfiction,ficS=0 fic=0 nf=5 ficGenre=False,openlibrary_OL19449295W,Aggression in organizations,Robert Geffner,Psychology,"[""workplace""]",True,"Learn guidelines for diagnosis, treatment, prevention, and intervention. As violence and abusiveness become increasingly prevalent in our schools and workplaces, our sense of safety suffers a heavy toll. This collection presents a wide range of research, perspectives, and approaches to violence and"
nonfiction,ficS=0 fic=0 nf=3 ficGenre=False,openlibrary_OL17923663W,"Aging, biotechnology, and the future","Green, Robert C., Michael A. Smyer",Psychology,"[""genetic-engineering""]",True,"From the Publisher: This wide-ranging, multidisciplinary collection examines how advances in medicine and technology are affecting the aging process and the lives of elderly persons. In analyzing the state of biotechnology, these essays applaud the positive-extended longevity and the potential for g"
nonfiction,ficS=0 fic=0 nf=1 ficGenre=False,openlibrary_OL5703173W,Alien chic,Neil Badmington,History,"[""first-contact-with-aliens""]",True,"""Alien Chic provides a cultural history of the alien since the 1950s, asking why our attitudes to aliens have shifted from fear to affection, and what this can tell us about how we now see ourselves and others."" ""Neil Badmington begins by exploring how our relationship with aliens is inscribed in fi"
nonfiction,ficS=0 fic=0 nf=1 ficGenre=False,openlibrary_OL4452488W,All the Shah's Men,Stephen Kinzer,Politics,"[""espionage-double-agent""]",True,"As zealots in Washington intensify their preparations for an American attack on Iran, the story of the CIA's 1953 coup-with its many cautionary lessons-is more urgently relevant than ever. All the Shah's Men brings to life the cloak-and-dagger operation that deposed the only democratic regime Iran e"
nonfiction,ficS=0 fic=0 nf=6 ficGenre=False,openlibrary_OL20859217W,America's Best Barbecue,Arthur Aguirre,Cooking,"[""tournament-competition""]",True,"Arthur Aguirre’s BBQ team, Major League Grilling, has won nearly twenty awards in his first two years of competition. Here are great rib, pit-fired poultry, brisket, and pulled pork recipes, and much more Barbecue contests are serious business. Major competitions and festivals now take place in t"
nonfiction,ficS=0 fic=0 nf=2 ficGenre=False,hardcover_439738,American Nations: A History of the Eleven Rival Regional Cultures of North America,Colin Woodard,History,"[""space-exploration""]",True,"The author describes eleven rival regional ""nations"" in the United States (Yankeedom, New Netherland, the Midlands, Tidewater, Greater Appalachia, the Deep South, New France, El Norte, the Left Coast, the Far West, and First Nation), and how these deep roots continue to influence our politics today."
nonfiction,ficS=0 fic=0 nf=1 ficGenre=False,openlibrary_OL19972017W,American spies,Michael J. Sulick,Biography & Memoir,"[""espionage-double-agent""]",True,"""American Spies presents the stunning histories of more than forty Americans who spied against their country during the past six decades. Michael Sulick, former head of the CIA's clandestine service, illustrates through these stories--some familiar, others much less well known--the common threads in"
nonfiction,ficS=0 fic=0 nf=1 ficGenre=False,openlibrary_OL11876852W,American widow,Alissa Torres,Biography & Memoir,"[""single-dad-mom""]",True,"An autobiographical comic which chronicles the experiences of Alissa Torres after her husband Eddie was killed in the terrorist attack on the World Trade Center in 2001, leaving her to face a whirlwind of bureaucracy, politics, mourning, and impending childbirth and single motherhood."
nonfiction,ficS=0 fic=0 nf=3 ficGenre=False,openlibrary_OL15103227W,Angel of darkness,Dennis McDougal,Biography & Memoir,"[""serial-killer""]",True,"Randy Kraft was highly intelligent, politically active, loyal to his friends, committed to his work--and the killer of 67 people--more than any other serial killer known. This book offers a glimpse into the dark mind of a living monster. ""To open this book is to open a peephole into hell"".--Associat"
nonfiction,ficS=0 fic=0 nf=1 ficGenre=False,openlibrary_OL14986129W,Animal Biotechnology,National Research Council (US),Health & Fitness,"[""genetic-engineering""]",True,"This book identifies science-based and policy-related concerns about animal biotechnology that must be resolved before breakthroughs in genetic-based animal biotechnology can reach their potential. After a short history of the field and definitions of terms, the book describes what is known and what"
nonfiction,ficS=0 fic=0 nf=5 ficGenre=False,openlibrary_OL15991552W,Animal assisted brief therapy,Teri Pichot,Psychology,"[""talking-animals""]",True,"""This book provides therapists with concrete examples of how to appropriately implement Animal Assisted Activities/Therapy (AAA/T) to cultivate positive effects in treatment. It explains how this loving and patient therapy for clients need not be the difficult challenge that it at first appears to b"
nonfiction,ficS=0 fic=0 nf=1 ficGenre=False,openlibrary_OL19801586W,Annual Report,"Illinois Dept. of Public Health, Dept. of Public Health, Family Practice Residency Act , Illinois",Health & Fitness,"[""apprenticeship-training-arc""]",True,Book digitized by Google from the library of the University of Michigan and uploaded to the Internet Archive by user tpb.
nonfiction,ficS=0 fic=0 nf=4 ficGenre=False,openlibrary_OL1860093W,"Apes, language, and the human mind",E. Sue Savage-Rumbaugh,Psychology,"[""talking-animals""]",True,"Current primate research has yielded stunning results that not only threaten our underlying assumptions about the cognitive and communicative abilities of nonhuman primates, but also bring into question what it means to be human. At the forefront of this research, Sue Savage-Rumbaugh recently has ac"
nonfiction,ficS=0 fic=0 nf=1 ficGenre=False,openlibrary_OL8396616W,Apollo's Eye,Denis Cosgrove,Art,"[""road-trip""]",True,"""In Apollo's Eye, geographer Denis Cosgrove examines the historical implications for the West of conceiving and representing the earth as a globe: a unified, spherical body. Cosgrove traces how ideas of globalism and globalization have shifted historically in relation to changing images of the earth"
nonfiction,ficS=0 fic=0 nf=1 ficGenre=False,openlibrary_OL92695W,"April 4, 1968","Michael Eric Dyson, Dyson, Michael Eric, Reader: Dyson",History,"[""assassination-plot""]",True,"On April 4, 1968, at 6:01 PM, while he was standing on a balcony at a Memphis hotel, Martin Luther King, Jr. was shot and fatally wounded. Only hours earlier King-the prophet for racial and economic justice in America-ended his final speech with the words, “I may not get there with you, but I want y"
nonfiction,ficS=0 fic=0 nf=2 ficGenre=False,openlibrary_OL5715394W,Astropolitik,Everett C. Dolman,Politics,"[""space-exploration""]",True,"""This book identifies and evaluates the relationship between outer-space geography and geographic position (astrogeography), and the evolution of current and future military space strategy. In doing so, it explores five primary propositions."" ""Astropolitik does not advocate an astropolitical future"
nonfiction,ficS=0 fic=0 nf=1 ficGenre=False,openlibrary_OL20005620W,Avenue of spies,Alex Kershaw,History,"[""espionage-double-agent""]",True,"The true story of an American doctor and his family in Paris, and his heroic espionage efforts during World War II. Exclusive Avenue Foch was Paris's hotbed of spies, secret police, informers, and Vichy collaborators. So when the couple at number 11--American physician Sumner Jackson and his Swiss-b"
nonfiction,ficS=0 fic=0 nf=1 ficGenre=False,openlibrary_OL16325400W,Beowulf,"E. Talbot Donaldson, Joseph F. Tuso",History,"[""dragons""]",True,"Presents an annotated text of the saga of the hero Beowulf, slayer of the monster Grendel, and includes backgrounds and sources, as well as critical commentary."
nonfiction,ficS=0 fic=0 nf=1 ficGenre=False,openlibrary_OL18261694W,Beowulf,"E. Talbot Donaldson, Nicholas Howe",History,"[""dragons""]",True,"Contains the prose translation of ""Beowulf"" and provides historical, linguistic, and literary settings, origins of Old English language, and material on Beowulf's tribes and genealogies."
nonfiction,ficS=0 fic=0 nf=2 ficGenre=False,openlibrary_OL6210878W,Between slavery and freedom,John Anderson,Travel,"[""apprenticeship-training-arc""]",True,"""On August 1, 1834, more than 600,000 African slaves were emancipated in the British Caribbean. As in other areas of the British Empire, however, only slave children under six years of age were freed immediately. The rest were apprenticed to their former owners for a stipulated term of four to six y"
nonfiction,ficS=0 fic=0 nf=2 ficGenre=False,openlibrary_OL1054919W,Biopiracy,Vandana Shiva,Art,"[""genetic-engineering""]",True,"""Internationally renowned environmentalist Vandana Shiva argues that genetic engineering and the cloning of organisms are ""the ultimate expression of the commercialization of science and the commodification of nature ... life itself is being colonized."" The resistance to this biopiracy--the use of i"
nonfiction,ficS=0 fic=0 nf=1 ficGenre=False,openlibrary_OL17101801W,Bittersweet,"Colleen McCullough, Colleen McCullough",Psychology,"[""coming-of-age""]",True,"""Returning to the sweeping romantic saga, Colleen McCullough presents a new major work: the story of four unforgettable sisters navigating work, love, and their dreams in 1920s Australia. Because they are two sets of twins, the four Latimer sisters are as close as can be. They are famous throughout"
nonfiction,ficS=0 fic=1 nf=2 ficGenre=False,openlibrary_OL17896676W,Breathless,Nancy K. Miller,Travel,"[""coming-of-age""]",True,"""In the early 1960s, most middle-class American women in their twenties had their lives laid out for them: marriage, children, and life in the suburbs. Most, but not all. Breathless is the story of a girl who represents those who rebelled against conventional expectations. Paris was a magnet for tho"
nonfiction,ficS=0 fic=0 nf=1 ficGenre=False,openlibrary_OL2287934W,By way of deception,"Claire Hoy, Victor Ostrovsky",Biography & Memoir,"[""espionage-double-agent""]",True,"The first time the Mossad came calling, they wanted Victor Ostrovsky for their assassination unit, the kidon. He turned them down. The next time, he agreed to enter the grueling three-year training program to become a katsa, or intelligence case officer, for the legendary Israeli spy organization. *"
nonfiction,ficS=0 fic=0 nf=2 ficGenre=False,openlibrary_OL15053686W,Captain Cook,Stephen Feinstein,Travel,"[""space-exploration""]",True,"""Examines the life of Captain James Cook, a British explorer and scientist, including his early life, his many Pacific voyages, and his death and legacy""--Provided by publisher."
nonfiction,ficS=0 fic=0 nf=1 ficGenre=False,openlibrary_OL27738924W,Captivity,James Loney,Biography & Memoir,"[""hostage-situation""]",True,"""The powerful account of the remarkable peace activist kidnapped while leading a peace delegation and held for ransom by Iraqi insurgents until his paradoxical release by a crack unit of special forces commandos""--Www.amazon.ca."
nonfiction,ficS=0 fic=0 nf=4 ficGenre=False,openlibrary_OL17547142W,Chimeras Children Ethical Philosophical And Religious Perspectives On Humannonhuman Experimentation,David Albert Jones,Philosophy,"[""genetic-engineering""]",True,"""The idea of human-nonhuman combinations has been a recurrent theme throughout the history of humanity. From the myths of the Minotaur and the centaurs in ancient Greece to the dogheads of the Middle Ages right through to the monsters of modern science fiction, these beings have always been a source"
nonfiction,ficS=0 fic=0 nf=1 ficGenre=False,openlibrary_OL1182559W,Clarence,Michael Harrison,History,"[""serial-killer""]",True,"Explores the theory that Prince Albert Victor, Duke of Clarence and Avondale, was Jack the Ripper."
nonfiction,ficS=0 fic=0 nf=1 ficGenre=False,openlibrary_OL15587257W,Collusion,Stuart Neville,Politics,"[""missing-person""]",True,"Former paramilitary killer Gerry Fegan wanders New York City, hiding from a past he escaped at terrible cost. But he made a fatal mistake: he spared the life of Bull O'Kane, a ruthless man who will stop at nothing to get his revenge. Too many witnesses survived a bloody battle at his border farm, an"
nonfiction,ficS=0 fic=0 nf=3 ficGenre=False,openlibrary_OL4314055W,Comrade Chikatilo,Mikhail Krivich,Biography & Memoir,"[""serial-killer""]",True,"This book tells the inside story of the 12-year murder spree and eventual conviction of the Russian known as Citizen Ch, considered the most monstrous serial killer the world has ever known. Suspected of the sadistic sex murders of at least 52 people, Chikatilo was finally caught in 1990. This is th"
nonfiction,ficS=0 fic=0 nf=1 ficGenre=False,openlibrary_OL3356938W,Consciousness Lost and Found,Lawrence Weiskrantz,Psychology,"[""amnesia""]",True,"The phenomenon of 'consciousness' is intrinsically related to one's awareness of the physical world and one's self, past and present. What, then, can be learned about consciousness from people who, as a result of brain damage, suffer from conditions that affect their awareness, such as amnesia or bl"
nonfiction,ficS=0 fic=0 nf=2 ficGenre=False,openlibrary_OL16461639W,Conspiracy theories,Jovan Byford,Psychology,"[""conspiracy""]",True,"No event of any significance in the world today ₆ be it an unexpected election result, a terrorist attack, the death of a public figure, a meteorological anomaly, or the flu pandemic ₆ takes place without generating at least a flutter of conspiracy speculations. Conspiracy Theories: A Critical Intro"
nonfiction,ficS=1 fic=0 nf=3 ficGenre=False,openlibrary_OL16072601W,Conversations with Mom,Betsy Robinson,Biography & Memoir,"[""letters-pen-pal-romance""]",True,"In ***[Conversations with Mom][1]***, an epistolary exchange between unemployed writer/editor/former actress Betsy Robinson and her dead mother, some unexpected, practical, sometimes funny wisdom arises about: • Money and Career • Legacy • Shame & Self-Acceptance • Worthiness & The Law of A"
nonfiction,ficS=0 fic=0 nf=1 ficGenre=False,openlibrary_OL8321868W,Cook,"Nicholas Thomas, Thomas, Nicholas",Art,"[""space-exploration""]",True,"The history of the life and voyages of the British Navy explorer and cartographer, James Cook"
nonfiction,ficS=0 fic=0 nf=1 ficGenre=False,openlibrary_OL16929177W,Creating Cultural Monsters,Julie B. Wiest,Science & Nature,"[""serial-killer""]",True,"Serial murderers generate an abundance of public interest, media coverage, and law enforcement attention, yet after decades of studies, serial murder researchers have been unable to answer the most important question: Why? Providing a unique and comprehensive exploration, Creating Cultural Monsters:"
nonfiction,ficS=0 fic=0 nf=3 ficGenre=False,openlibrary_OL19838977W,Cultural geography in practice,Alison Blunt,Travel,"[""road-trip""]",True,"Cultural Geography in Practice provides an innovative and accessible approach to the sources, theories and methods of cultural geography. Written by an international team of prominent cultural geographers, all of whom are experienced researchers, this book is a fully illustrated guide to methodologi"
nonfiction,ficS=0 fic=0 nf=1 ficGenre=False,openlibrary_OL2621835W,Cyborg citizen,Chris Hables Gray,Science & Nature,"[""cybernetic-enhancement""]",True,"""The growing synergy of humans and technology - from dialysis to genetically altered foods to PET scans - is transforming how we view our minds and our bodies. But how has it changed the body politic? How can we forge a society that protects the rights of human and cyborg alike?"". ""Chris Hables Gra"
nonfiction,ficS=0 fic=0 nf=2 ficGenre=False,openlibrary_OL18656580W,Cyprus,"Thomas Diez, Nathalie Tocci",Politics,"[""missing-person""]",True,"This unique collection of essays provides a multi-faceted analysis of the Cyprus conflict. It sees the conflict both at a historical and at an analytical crossroads, and brings together leading scholars from various disciplines to provide fresh perspectives on the long-standing issues surrounding Cy"
nonfiction,ficS=0 fic=0 nf=4 ficGenre=False,openlibrary_OL16955779W,DNA replication,"Sonya Vengrova, Jacob Z. Dalgaard",Science & Nature,"[""genetic-engineering""]",True,"Updated and revised, this thorough volume covers a range of methods focusing on systems, including mammalian, yeast, bacterial and archaeal. This second edition of DNA Replication: Methods and Protocols describes approaches to analyze whole genomes to single molecules, as well as both in vivo and in"
nonfiction,ficS=0 fic=0 nf=1 ficGenre=False,openlibrary_OL9166044W,Dark dreams,"Roy Hazelwood, Stephen G. Michaud",Psychology,"[""serial-killer""]",True,Profiler Roy Hazelwood is the world's leading expert on the strangest and most dangerous of all aberrant offenders--the sexual criminal. In Dark Dreams he reveals the twisted motives and perverse thinking that go into the most reprehensible crimes. He also catalogs the innovative and remarkably effe
nonfiction,ficS=0 fic=0 nf=1 ficGenre=False,openlibrary_OL1375333W,De Gaulle,Jean Lacouture,Biography & Memoir,"[""assassination-plot""]",True,"The second volume of Jean Lacouture’s acclaimed biography of Charles de Gaulle opens with the creation of the Fourth Republic in the aftermath of World War II and with the election of de Gaulle―the voice of Free France, the savior of the nation in war―as president of France. But the internal contrad"
nonfiction,ficS=0 fic=0 nf=1 ficGenre=False,openlibrary_OL26478W,Dead Sleep,Greg Iles,Art,"[""missing-person""]",True,"Jordan Glass, a photojournalist on a well-earned vacation, wanders into a Hong Kong art museum and is puzzled to find fellow patrons eying her with curiosity. Minutes later, she stumbles upon a gallery containing a one-artist exhibition called ""The Sleeping Women,"" a mysterious series of paintings t"
nonfiction,ficS=0 fic=0 nf=2 ficGenre=False,openlibrary_OL1803077W,Diana,"Jayne Fincher, Judy Wade",Biography & Memoir,"[""royalty""]",True,"Diana. From her first exposure to the world as the girlfriend of the future King of England to her death as perhaps the most revered figure of the century, she captured the imagination and the love of literally hundreds of millions of people. And, from her first portrait of Lady Diana Spencer in"
nonfiction,ficS=0 fic=0 nf=4 ficGenre=False,openlibrary_OL20010332W,Disciples,Douglas C. Waller,History,"[""espionage-double-agent""]",True,"""The author of the critically acclaimed bestseller Wild Bill Donovan, tells the story of four OSS warriors of World War II. All four later led the CIA. They are the most famous and controversial directors the CIA has ever had--Allen Dulles, Richard Helms, William Colby, and William Casey. Disciples"
nonfiction,ficS=0 fic=0 nf=1 ficGenre=False,openlibrary_OL19913531W,Dolly Parton,Closer,Art,"[""celebrity""]",True,"This magazine-like softcover book is aimed at Parton's fans and includes information about her life and career, a comprehensive overview of her music, film and TV appearances, and a wealth of color photographs."
nonfiction,ficS=0 fic=0 nf=2 ficGenre=False,openlibrary_OL20159459W,Don't Let Me Down,Erin Hosier,Music,"[""coming-of-age""]",True,"""Erin Hosier and her family belonged to a strict evangelical church in Bainbridge, Ohio, for the first fourteen years of her life. But Erin was a rebel of the eighties who dyed her hair with cherry Kool-Aid while loudly defending liberal causes. Behind closed doors, she and her family were ""five men"
nonfiction,ficS=0 fic=0 nf=1 ficGenre=False,openlibrary_OL20252171W,Double Crossed,Matthew Avery Sutton,History,"[""espionage-double-agent""]",True,"""What makes a good missionary makes a good spy. Or so thought ""Wild"" Bill Donovan when he launched a secret new program under the Office of Strategic Services. His recruits, in turn, believed an American victory would help them protect their foreign ministries and expand the kingdom of God. In Doubl"
nonfiction,ficS=0 fic=0 nf=1 ficGenre=False,openlibrary_OL16499346W,Double cross,Ben Macintyre,Science & Nature,"[""espionage-double-agent""]",True,"On June 6, 1944, 150,000 Allied troops landed on the beaches of Normandy and suffered an astonishingly low rate of casualties. D-Day was a stunning military accomplishment, but it was also a masterpiece of trickery. Operation Fortitude, which protected and enabled the invasion, and the Double Cross"
nonfiction,ficS=0 fic=0 nf=2 ficGenre=False,hardcover_438807,Down the Rabbit Hole,Holly Madison,Biography & Memoir,"[""found-family""]",True,"A spontaneous decision at age twenty-one transformed small-town Oregon girl Holly Sue Cullen into Holly Madison, Hugh Hefner's #1 girlfriend. But like Alice's journey into Wonderland, after Holly plunged down the rabbit hole, what seemed like a fairytale life inside the Playboy Mansion -- including"
nonfiction,ficS=0 fic=0 nf=3 ficGenre=False,hardcover_278966,Dust and Shadow: An Account of the Ripper Killings by Dr. John H. Watson,Lyndsay Faye,History,"[""serial-killer""]",True,"In *Dust and Shadow*, Sherlock Holmes hunts down Jack the Ripper with impeccably accurate historical detail, rooting the Whitechapel investigation in the fledgling days of tabloid journalism and clinical psychology. This astonishing debut explores the terrifying prospect of hunting down one of the w"
nonfiction,ficS=0 fic=0 nf=1 ficGenre=False,openlibrary_OL13668801W,EARLY COLD WAR SPIES: THE ESPIONAGE TRIALS THAT SHAPED AMERICAN POLITICS,"John Earl Haynes, Harvey Klehr",Politics,"[""espionage-double-agent""]",True,"""Communism was never a popular ideology in America, but the vehemence of American anticommunism varied from passive disdain in the 1920s to fervent hostility in the early years of the Cold War. Nothing so stimulated the white hot anticommunism of the late 1940s and 1950s more than a series of spy tr"
nonfiction,ficS=0 fic=0 nf=2 ficGenre=False,openlibrary_OL18633528W,East German foreign intelligence,"Kristie Macrakis, Thomas Wegener Friis, Helmut Müller-Enbergs",History,"[""espionage-double-agent""]",True,"""We have assembled an international group of scholars to examine East German foreign intelligence as a historical problem in the intelligence areas of: politics, scientific-technical and military intelligence and counter-intelligence. Themes and topics that run through the volume include the espiona"
nonfiction,ficS=0 fic=0 nf=2 ficGenre=False,openlibrary_OL16934666W,Economic Loss Caused by Genetically Modified Organisms,Bernhard A. Koch,Cooking,"[""genetic-engineering""]",True,"""This book presents how European jurisdictions currently respond to economic losses caused by the admixture if genetically modified crops with conventional or organic crops and what alternatives there are from a comparative perspective. Country reports from most European countries are complemented b"
nonfiction,ficS=0 fic=0 nf=3 ficGenre=False,openlibrary_OL18749817W,Emerging technologies,Edna F. Einsiedel,Science & Nature,"[""nanotechnology""]",True,"""New technologies emerge all the time. Some technologies, however, are transformative: they introduce new forms of control, both through formal systems of regulation and by informally shaping our behaviour. They have profound impacts and are often disruptive; they affect the way we work and play; th"
nonfiction,ficS=0 fic=0 nf=3 ficGenre=False,openlibrary_OL19847517W,Engineering the Human,Bert-Jaap Koops,Science & Nature,"[""genetic-engineering""]",True,"In this book, the topic of human enhancement is discussed from a variety of perspectives – genetic, medical, philosophical, literary, sociological, and legal. It addresses not only those aspects that most immediately come to mind when one thinks of ‘human enhancement,’ such as genetic engineering,"
nonfiction,ficS=0 fic=0 nf=1 ficGenre=False,openlibrary_OL5170704W,England's boy king,"Edward VI King of England, Jonathan North, Edward",History,"[""royalty""]",True,"""In January 1547 a nine-year-old boy was proclaimed King of England. The young king, Edward VI, was the son of Henry VIII, and all the power which that ruler had eagerly amassed found itself in the youthful hands of a frail and sickly child. That child, England's boy king, would last just a handful"
nonfiction,ficS=0 fic=0 nf=4 ficGenre=False,openlibrary_OL15836056W,"Eros, magic, & the murder of Professor Culianu",Ted Anton,Politics,"[""assassination-plot""]",True,"On May 21, 1991, popular University of Chicago Divinity School Professor Ioan Culianu was murdered execution-style on campus. The crime stunned the school, terrified students, and mystified the FBI. The case remains unsolved. In Eros, Magic, and the Murder of Professor Culianu, Ted Anton pieces toge"
nonfiction,ficS=0 fic=0 nf=1 ficGenre=False,openlibrary_OL13266078W,Escape,"Carolyn Jessop, Laura Palmer",Biography & Memoir,"[""arranged-marriage""]",True,"The dramatic first-person account of life inside an ultra-fundamentalist American religious sect, and one woman's courageous flight to freedom with her eight children.When she was eighteen years old, Carolyn Jessop was coerced into an arranged marriage with a total stranger: a man thirty-two years h"
nonfiction,ficS=0 fic=0 nf=1 ficGenre=False,openlibrary_OL542658W,Esthétique de la disparition,Paul Virilio,Philosophy,"[""missing-person""]",True,"Virilio introduces his understanding of ""picnolepsy"" — the epileptic state of consciousness produced by speed. Virilio himself referred to his 1980 work <em>The Aesthetics of Disappearance</em> as a ""juncture"" in his thinking, one at which he brought his focus onto the logistics of perception --"
nonfiction,ficS=0 fic=0 nf=3 ficGenre=False,openlibrary_OL20678959W,Extraterrestrial Altruism,Douglas A. Vakoch,Philosophy,"[""first-contact-with-aliens""]",True,Extraterrestrial Altruism examines a basic assumption of the Search for Extraterrestrial Intelligence (SETI): that extraterrestrials will be transmitting messages to us for our benefit. This question of whether extraterrestrials will be altruistic has become increasingly important in recent years as
nonfiction,ficS=0 fic=0 nf=7 ficGenre=False,openlibrary_OL16412561W,Fieldwork in tourism,C. Michael Hall,Travel,"[""road-trip""]",True,"""The inherent mobility of tourists and consequent relative ephemerality of contact between the visitor and the visited tourism phenomenon have specific characteristics that challenge the usual fieldwork practices of the social and physical sciences. Such conditions create specific concerns for the t"
nonfiction,ficS=0 fic=0 nf=4 ficGenre=False,openlibrary_OL15941356W,Follow my lead,Carol Quinn,Self-Help,"[""talking-animals""]",True,"""Follow My Lead is the story of how two rambunctious dogs and a tough Russian dog trainer named Irina taught Carol Quinn everything she needed to know about life, love, and happiness. It all begins when the author decides-somewhat naively-to enroll her two Rhodesian Ridgebacks, Nairobi and Sheila, i"
nonfiction,ficS=0 fic=0 nf=5 ficGenre=False,openlibrary_OL19720102W,France is a feast,Alex Prud'homme,Cooking,"[""celebrity""]",True,"Through intimate and compelling photographs taken by her husband Paul Child, a gifted photographer, France is a Feast documents how Julia Child first discovered French cooking and the French way of life. Paul and Julia moved to Paris in 1948 where he was cultural attaché for the US Information Servi"
nonfiction,ficS=0 fic=0 nf=3 ficGenre=False,openlibrary_OL18476539W,From chance to choice,"Allen E. Buchanan, Allen Buchanan, Norman Daniels, Daniel Wikler, Dan W. Brock, Daniel I. Wilker",Health & Fitness,"[""genetic-engineering""]",True,"""This book probes the implications of advances in genetics. The authors ask how they should affect our understanding of distributive justice, equality in opportunity, the rights and obligations as parents, the meaning of disability, and the role of the concept of human nature in ethical theory and p"
nonfiction,ficS=0 fic=0 nf=1 ficGenre=False,openlibrary_OL20149335W,Furious Hours,Casey Cep,Biography & Memoir,"[""serial-killer""]",True,"""'A triumph on every level. One of the losses to literature is that Harper Lee never found a way to tell a gothic true-crime story she'd spent years researching. Casey Cep has excavated this mesmerizing story and tells it with grace and insight and a fierce fidelity to the truth.'--David Grann,autho"
nonfiction,ficS=0 fic=0 nf=2 ficGenre=False,openlibrary_OL19555056W,GIS for health and the environment,"D. De Savigny, P. Wijeyaratne",Health & Fitness,"[""road-trip""]",True,"This collection of essays focus on the use of GIS as it related to eh environmental determinants of health, and the management or minimization of the environment's human impacts."
nonfiction,ficS=0 fic=0 nf=2 ficGenre=False,openlibrary_OL1830110W,Galen's Prophecy,Jerome Kagan,Science & Nature,"[""prophecy""]",True,"Nearly two thousand years ago a physician called Galen of Pergamon suggested that much of the variation in human behavior could be explained by an individual's temperament. Since that time, ideas about inborn dispositions have fallen in and out of favor. Based on fifteen years of research, Galen's P"
nonfiction,ficS=0 fic=0 nf=4 ficGenre=False,openlibrary_OL16612179W,Generations at work,Ron Zemke,Business & Economics,"[""workplace""]",True,This early pioneering study of generational diversity (first published fifteen years ago) is still fresh and relevant. The key issues of generation difference in the workplace is now considered to be one of the top leadership challenges of this decade and is widely reported in the global national pr
nonfiction,ficS=0 fic=0 nf=2 ficGenre=False,openlibrary_OL646329W,Genesis of the Grail Kings,Laurence Gardner,Religion & Spirituality,"[""cloning""]",True,"Earth-shakingly brilliant historical research into the ancestry of humanity, by using genealogy to trace through ancient tomes of priestly and royal records (synonymous back in the day), Gardner has found the Human Family tree, back to the Anunnaki, who needed workers in their fields and mines. He d"
nonfiction,ficS=0 fic=0 nf=4 ficGenre=False,openlibrary_OL19639734W,Genetic Engineering (Opposing Viewpoints),Noel Merino,Cooking,"[""genetic-engineering""]",True,"This timely volume explores the controversial subject of genetic engineering, by placing expert opinions in a unique pro versus con format. The viewpoints are selected from a wide range of highly respected sources and publications. By choosing from such diverse sources and including both popular and"
nonfiction,ficS=0 fic=0 nf=4 ficGenre=False,openlibrary_OL6887302W,Genetic Engineering of Plants,National Research Council (US),Cooking,"[""genetic-engineering""]",True,"In much of the Third World, hunger is pervasive. In many developing nations, farmers still struggle to extract an adequate food supply from marginal soils, and world food production must somehow double in the next 40 years to meet the expected rise in demand. To sustain agricultural productivity, fa"
nonfiction,ficS=0 fic=0 nf=3 ficGenre=False,openlibrary_OL4449250W,Genetic Manipulation of the Nervous System (Neuroscience Perspectives),David S. Latchman,Psychology,"[""genetic-engineering""]",True,"Neuroscience Perspectives provides multidisciplinary reviews of topics in one of the most diverse and rapidly advancing fields in the life sciences. Whether you are a new recruit to neuroscience, or an established expert, look to this series for 'one-stop' sources of the historical, physiological, p"
nonfiction,ficS=0 fic=0 nf=4 ficGenre=False,openlibrary_OL12355849W,Genetically modified athletes,Andy Miah,Business & Economics,"[""genetic-engineering""]",True,"Continuing controversy over gene therapies, stem cell research and the genetic modification of organisms demonstrates how new genetic research is forcing a reappraisal of our most established value systems. In the world of sport, leading authorities predict that the genetic engineering of athletes w"
nonfiction,ficS=0 fic=0 nf=1 ficGenre=False,openlibrary_OL5858963W,Genetically modified crops,N. G. Halford,History,"[""genetic-engineering""]",True,"""This book describes the history and development of the science and techniques that underpin plant biotechnology, GM crops that are grown commercially around the world and the new varieties that are being developed. It covers failures as well as successes. The safety record of GM crops is reviewed t"
nonfiction,ficS=0 fic=0 nf=2 ficGenre=False,openlibrary_OL77729W,"German Travel Cultures (Leisure, Consumption and Culture)",Rudy Koshar,Travel,"[""road-trip""]",True,"""Travel guidebooks are an important part of contemporary culture, but we know relatively little about their history and importance to the evolution of tourism. Germany not only produced the first international standard for travel handbooks, the Baedeker, but also became a major tourist destination e"
nonfiction,ficS=1 fic=0 nf=4 ficGenre=False,openlibrary_OL4026132W,Get Smart!,William Joseph Johnston,Art,"[""espionage-double-agent""]",True,"This is the first in a series of nine novels based on the television series ""Get Smart"". This book tells the story of Maxwell Smart, code named Secret Agent 86. He is given the task to find and retrieve a robot named FRED {Fechnerized Radiological Electronic Decoder}. He is helped by the robot's bui"
nonfiction,ficS=0 fic=0 nf=1 ficGenre=False,openlibrary_OL1906909W,Giordano Bruno and the embassy affair,John Bossy,History,"[""espionage-double-agent""]",True,"True story set during the years 1583-86, against the background of the tense period between Elizabeth I's Protestant England and Catholic Spain, the chief protagonists being Italian philosopher Giordano Bruno and spy Henry Fagot."
nonfiction,ficS=0 fic=0 nf=2 ficGenre=False,openlibrary_OL19979872W,Good hunting,Jack Devine,History,"[""espionage-double-agent""]",True,"A CIA veteran with extensive experience in covert operations presents a guide to the art of spycraft while illuminating the CIA's essential role, sharing a cautionary message about its recent transition toward paramilitary activities."
nonfiction,ficS=0 fic=0 nf=1 ficGenre=False,openlibrary_OL16964926W,Handbook of tourist behavior,"Metin Kozak, Alain Decrop, METIN KOZAK",Travel,"[""road-trip""]",True,Resource added for the Business Management program 101023.
nonfiction,ficS=0 fic=0 nf=2 ficGenre=False,openlibrary_OL17320465W,Hostages in the Middle Ages,Adam J. Kosto,Politics,"[""hostage-situation"", ""kidnapping""]",True,"In medieval Europe, hostages were given, not taken. They were a means of guarantee used to secure transactions ranging from treaties to wartime commitments to financial transactions. In principle, the force of the guarantee lay in the threat to the life of the hostage if the agreement were broken; b"
nonfiction,ficS=0 fic=0 nf=1 ficGenre=False,openlibrary_OL2647269W,How Green Was My Valley,Richard Llewellyn,History,"[""coming-of-age"", ""family-saga-across-generations""]",True,This is the story of life in a Welsh village as seen through the eyes of a child. It tells of the struggles of the men who go down in the mine pits and the love and hate in one family.
nonfiction,ficS=0 fic=0 nf=1 ficGenre=False,openlibrary_OL15857546W,How computer games help children learn,David Williamson Shaffer,Psychology,"[""virtual-reality-world""]",True,"Evaluates a controversial theory about the educational potential of computer games, revealing how specific games can teach children how to develop creative thinking processes akin to those of today's successful professionals."
nonfiction,ficS=0 fic=0 nf=6 ficGenre=False,openlibrary_OL20059941W,How to tame a fox (and build a dog),Lee Alan Dugatkin,Biography & Memoir,"[""genetic-engineering""]",True,"""Tucked away in Siberia, there are furry, four-legged creatures with wagging tails and floppy ears that are as docile and friendly as any lapdog. But, despite appearances, these are not dogs-they are foxes. They are the result of the most astonishing experiment in breeding ever undertaken-imagine sp"
nonfiction,ficS=0 fic=0 nf=2 ficGenre=False,openlibrary_OL15720273W,Hunting Eichmann,Neal Bascomb,Biography & Memoir,"[""espionage-double-agent""]",True,"Written using archival research and interviews with those involved, this is the story of the most dramatic and significant of all Nazi man-hunts: the global hunt and capture, in 1960, of Adolf Eichmann, operational manager of the gas-chamber genocides."
nonfiction,ficS=1 fic=0 nf=5 ficGenre=False,openlibrary_OL15088568W,Hunting evil,Guy Walters,Biography & Memoir,"[""missing-person""]",True,"Already acclaimed in England as ""first-rate"" (The Sunday Times); ""a model of meticulous, courageous and path-breaking scholarship""(Literary Review); and ""absorbing and thoroughly gripping... deserves a lasting place among histories of the war."" (The Sunday Telegraph), Hunting Evil is the first compl"
nonfiction,ficS=0 fic=0 nf=4 ficGenre=False,openlibrary_OL5857846W,Hunting serial predators,Grover Maurice Godwin,Psychology,"[""serial-killer""]",True,"""Hunting Serial Predators: A Multivariate Classification Approach to Profiling Violent Behavior examines this new method in-depth. It presents a facet classification of serial murderers and their crime scene actions based on empirical and repeatable studies, and argues that such an empirical process"
nonfiction,ficS=0 fic=0 nf=2 ficGenre=False,openlibrary_OL5108607W,I am a man!,Steve Estes,History,"[""assassination-plot""]",True,"The civil rights movement was first and foremost a struggle for racial equality, but questions of gender lay deeply embedded within this struggle. Steve Estes explores key groups, leaders, and events in the movement to understand how activists used race and manhood to articulate their visions of wha"
nonfiction,ficS=0 fic=0 nf=1 ficGenre=False,openlibrary_OL478560W,Ike's spies,"Stephen E. Ambrose, Richard H. Immerman",Politics,"[""espionage-double-agent""]",True,An account of the transformation of the wartime Office of Strategic Services into the Central Intelligence Agency and the growth of America's intelligence community.
nonfiction,ficS=0 fic=0 nf=3 ficGenre=False,openlibrary_OL2975603W,Improving nature?,"Michael J. Reiss, Roger Straughan",Philosophy,"[""genetic-engineering""]",True,"Little more than a decade ago, in the early 1980s, the term 'genetic engineering' was hardly known outside research laboratories. By now, though, its use is widespread. Those in favour of genetic engineering - and those against it - tell us that it has the potential to change our lives perhaps more"
nonfiction,ficS=0 fic=0 nf=2 ficGenre=False,openlibrary_OL3926002W,In His Garden,Leo Damore,Biography & Memoir,"[""serial-killer""]",True,"East of Hyannisport lie some of Cape Cod's most romantic seaside towns. But for four especially pretty, outgoing young women, a dream vacation turned into a nightmare of sexual torture, dismemberment, and death. Investigative reporter Leo Damore has written a gripping and suspenseful account of t"
nonfiction,ficS=0 fic=0 nf=1 ficGenre=False,openlibrary_OL20558200W,In the Ruins of the Cold War Bunker,Luke Bennett,Psychology,"[""abandoned-building""]",True,"""This edited collection investigates the ways in which the physical remains of now abandoned military and civil defence bunkers from the Cold War have become the totems and sites of memory""--Provided by publisher."
nonfiction,ficS=0 fic=0 nf=2 ficGenre=False,openlibrary_OL16983000W,International place branding yearbook 2010,"Frank M. Go, Robert Govers",Travel,"[""road-trip""]",True,"The Place Branding Yearbook 2010 examines the case for applying brand and marketing strategies and tactics to the economic, social, political and cultural development of places such as communities, villages, towns, cities, regions, countries, academic institutions and other locations to help them co"
nonfiction,ficS=0 fic=0 nf=2 ficGenre=False,openlibrary_OL16563947W,Interop,John G. Palfrey,Business & Economics,"[""assassination-plot""]",True,"""In Interop, technology experts John Palfrey and Urs Gasser explore the immense importance of interoperability-the standardization and integration of technology-and show how this simple principle will hold the key to our success in the coming decades and beyond.The practice of standardization has be"
nonfiction,ficS=0 fic=0 nf=1 ficGenre=False,openlibrary_OL2987752W,Into the image,Kevin Robins,Science & Nature,"[""cybernetic-enhancement""]",True,"Into the Image is concerned with the significance of screen and image in contemporary society, and with the nature of our imaginary and psychic investments in visual culture. It considers modern image technologies as means to monitor and survey the world, whilst at the same time maintaining distance"
nonfiction,ficS=0 fic=0 nf=2 ficGenre=False,openlibrary_OL15191362W,Jack The Ripper,Mark Whitehead,History,"[""serial-killer""]",True,"So who was Jack the Ripper? No-one in the annals of crime is capable of arousing such passionate debate as the perpetrator of the Whitechapel Murders in 1888. Was he a demented Royal, a Masonic assassin, a sexually-frustrated artist, a member of the Czarist secret police, a crazed reformist or even"
nonfiction,ficS=0 fic=0 nf=2 ficGenre=False,openlibrary_OL15895289W,Jack the Ripper's Secret Confession,David Monaghan,History,"[""serial-killer""]",True,"While Jack the Ripper spread fear throughout the East End of London in 1888, another man stalked the streets hunting flesh. He called himself ""Walter"". He was a rapist, voyeur, and fetishist obsessed with prostitutes. Walter was not only a wealthy man, but a literary one. In the same year as the Rip"
nonfiction,ficS=0 fic=0 nf=2 ficGenre=False,openlibrary_OL10018994W,Jesus & the Impurity of Spirits in the Synoptic Gospels (Wissenschaftliche Untersuchungen Zum Neuen Testament 2),Clinton Wahlen,Religion & Spirituality,"[""demon-possession""]",True,This study sheds light on Jewish and early Christian reflections on spirits and demons and explores the relation between Judaism and early Christianity in the first century.
nonfiction,ficS=0 fic=0 nf=1 ficGenre=False,openlibrary_OL5857423W,Journal of a voyage to New South Wales,John White,History,"[""space-exploration""]",True,"Account of surgeon John White's voyage to the new colony of NSW in 1787/1787, with a description of life at the colony and bird life."
nonfiction,ficS=0 fic=0 nf=5 ficGenre=False,openlibrary_OL19339970W,Justice and the Human Genome Project,Timothy F. Murphy,Health & Fitness,"[""genetic-engineering""]",True,"The Human Genome Project is an expensive, ambitious, and controversial attempt to locate and map every one of the approximately 100,000 genes in the human body. If it works, and we are able, for instance, to identify markers for genetic diseases long before they develop, who will have the right to o"
nonfiction,ficS=0 fic=0 nf=1 ficGenre=False,hardcover_434429,Killing Patton,"Martin Dugard, Bill O'Reilly",Biography & Memoir,"[""assassination-plot""]",True,"General George S. Patton, Jr. died under mysterious circumstances in the months following the end of World War II. For almost seventy years, there has been suspicion that his death was not an accident--and may very well have been an act of assassination. ""Killing Patton"" takes readers inside the fin"
nonfiction,ficS=0 fic=0 nf=2 ficGenre=False,openlibrary_OL20151383W,Lake of the Ozarks,Bill Geist,Biography & Memoir,"[""coming-of-age""]",True,"""Bill Geist reflects on his coming of age in the American heartland of the Midwest and traces his evolution as a man and a writer, in the summers between high school and college, before he went off to Vietnam and the country went to Hell.""--Provided by publisher. ""Before there was 'tourism' and sou"
nonfiction,ficS=0 fic=0 nf=2 ficGenre=False,openlibrary_OL16956388W,Las Vegas for dummies,Rick Garman,Travel,"[""road-trip""]",True,"Las Vegas can be classy or tacky, cheesy or a bit sleazy, and it's always entertaining. Get ready to cruise the hot spots, test your luck at the casinos, shop the upscale boutiques, take in the spectacular shows, hit the swinging dance clubs, or escape from the glitz and neon and take in natural won"
nonfiction,ficS=0 fic=0 nf=3 ficGenre=False,openlibrary_OL19717530W,Life 3.0,Max Tegmark,Philosophy,"[""transhumanism""]",True,"""How will artificial intelligence affect crime, war, justice, jobs, society and our very sense of being human? The rise of AI has the potential to transform our future more than any other technology--and there's nobody better qualified or situated to explore that future than Max Tegmark, an MIT prof"
nonfiction,ficS=0 fic=0 nf=1 ficGenre=False,hardcover_432823,Liftoff,Eric  Berger,History,"[""space-exploration""]",True,"The Ars Technica senior space editor chronicles the first four historic flights that launched SpaceX, describing how, after three failed attempts, the fourth flight helped transform SpaceX from a shaky startup into the world's leading edge rocket company. Less than 20 years after its founding, Spac"
nonfiction,ficS=0 fic=0 nf=5 ficGenre=False,openlibrary_OL3931234W,Lindbergh,Noel Behn,History,"[""kidnapping""]",True,"It is known as the crime of the century - the infamous kidnapping and murder of the infant son of Charles and Anne Morrow Lindbergh in 1932. But nearly six decades after Bruno Richard Hauptmann died in the electric chair, questions that even then troubled many have become more insistent. At the time"
nonfiction,ficS=0 fic=0 nf=1 ficGenre=False,openlibrary_OL16342253W,Lisbon,Neill Lochery,History,"[""espionage-double-agent""]",True,"In this riveting narrative, renowned historian Neill Lochery offers a revelatory portrait of World War II's back stage as he tells the story of how Portugal, a relatively poor European country trying frantically to remain neutral amidst extraordinary pressures, survived the war not only physically i"
nonfiction,ficS=1 fic=1 nf=4 ficGenre=False,openlibrary_OL19969962W,Little fish,Ramsey Beyer,Art,"[""coming-of-age""]",True,"""Told through real-life journals, collages, lists, and drawings, this coming-of-age story illustrates the transformation of an 18-year-old girl from a small-town teenager into an independent city-dwelling college student. Written in an autobiographical style with beautiful artwork, Little Fish shows"
nonfiction,ficS=0 fic=0 nf=2 ficGenre=False,openlibrary_OL15488311W,Lost Detroit,Dan Austin,History,"[""abandoned-building""]",True,"From the Publisher: In this important book, Dan Austin and Sean Doerr have restored the real people to many of Detroit's architectural landmarks, and not a moment too soon. These ""lost"" buildings still stand, or rather totter, in a dilapidated state, their histories fading like the paint on their wa"
nonfiction,ficS=0 fic=0 nf=1 ficGenre=False,openlibrary_OL19716281W,M.F.K.,Nilah Magruder,Travel,"[""coming-of-age""]",True,"A fantastic adventure following the story of Abbie, a deaf girl with a mysterious power, who is traveling across a vast desert to scatter her mother's ashes."
nonfiction,ficS=0 fic=0 nf=2 ficGenre=False,openlibrary_OL3453414W,Madame Du Barry,Eleanor Burford,History,"[""royalty""]",True,"This is the story of Jeanne Becu, most famously known as Madame du Barry, mistress to Louis XV of France in the last years of his reign and the most beautiful woman in France at the time. Plaidy’s du Barry is kind, good-hearted and forgiving of even her enemies, whom she tries relentlessly to befrie"
nonfiction,ficS=0 fic=0 nf=1 ficGenre=False,openlibrary_OL99894W,Madame de Brinvilliers and her times 1630-1676,Hugh Stokes,Biography & Memoir,"[""royalty""]",True,"From the preface: ""NIETZSCHE tells us that "" woman is un-utterably more wicked than man."" If Madame de Brinvilliers could be taken as a normal type of her sex one might be disposed to agree with the German philosopher. But Marie Marguerite d'Aubray was far from being an ordinary example of womanhood"
nonfiction,ficS=0 fic=0 nf=2 ficGenre=False,openlibrary_OL16581940W,Magnette,Elmos Konis,Travel,"[""road-trip""]",True,"Driving Miss Daisy meets Monsieur Ibrahim et les fleurs du Coran.... This book is both a journey down memory lane and the history of an island. Filled with fascinating tidbits of information, sometimes controversial, sometimes obscure but always written in a beautiful voice. The best accompaniment i"
nonfiction,ficS=0 fic=0 nf=3 ficGenre=False,openlibrary_OL16499523W,Manhunt,Peter Bergen,Science & Nature,"[""assassination-plot""]",True,"Al Qaeda expert and CNN national security analyst Peter Bergen paints a multi-dimensional picture of the hunt for bin Laden over the past decade, as well as the recent campaign that gradually tightened the noose around him. Other key elements of the book include: A careful account of Obama's decisio"
nonfiction,ficS=0 fic=0 nf=2 ficGenre=False,openlibrary_OL15657490W,Medical Nanotechnology and Nanomedicine,H.F. Tibbals,Health & Fitness,"[""nanotechnology""]",True,"""This book is an introduction to nanoscience and nanotechnology as applied to medicine, written for doctors and patients, caregivers and laypersons, and all those who advise and make decisions on, or have an interest in, health care. The summary attempts to be comprehensive without being too detaile"
nonfiction,ficS=0 fic=0 nf=3 ficGenre=False,openlibrary_OL17448274W,Memoir Of A Milk Carton Kid,"Tanya Nicole Kach, Lawrence Fisher",Biography & Memoir,"[""kidnapping""]",True,"Tom, ' I said, bracing myself for the threat that was sure to follow. 'I need to talk to you about something. About leaving here, I mean.' He didn't hit me. Didn't threaten. Instead, he looked at me with great sadness. 'Who saved your life?' 'You, ' I replied, 'but...' 'Who takes care of you?' 'I kn"
nonfiction,ficS=0 fic=0 nf=2 ficGenre=False,openlibrary_OL2625220W,Men and women of the corporation,Rosabeth Moss Kanter,Psychology,"[""workplace""]",True,"""In this landmark work on corporate power, especially as it relates to women, Rosabeth Moss Kanter, the distinguished Harvard management thinker and consultant, shows how the careers and self-images of the managers, professionals, and executives, and also those of the secretaries, wives of managers,"
nonfiction,ficS=0 fic=0 nf=4 ficGenre=False,openlibrary_OL18964204W,Mental health and productivity in the workplace,"Jeffrey P. Kahn, Alan M. Langlieb",Psychology,"[""workplace""]",True,"""Mental Health and Productivity in the Workplace is a comprehensive and practical guide to identifying, understanding, preventing, and resolving individual and organizational mental health problems in the workplace. Originally published as Mental Health in the Workplace (Van Nostrand/Wiley, 1993), t"
nonfiction,ficS=0 fic=0 nf=2 ficGenre=False,openlibrary_OL20029912W,Missing man,Barry Meier,Biography & Memoir,"[""hostage-situation"", ""missing-person""]",True,"""A real-life thriller about a CIA contractor who vanished in Iran and the international manhunt to find him""-- ""In late 2013, Americans were shocked to learn that a former FBI agent turned private investigator who disappeared in Iran in 2007 was there on a mission for the CIA. The missing man, Robe"
nonfiction,ficS=0 fic=0 nf=2 ficGenre=False,hardcover_596686,Monsoon Mansion: A Memoir,Cinelle Barnes,Biography & Memoir,"[""coming-of-age""]",True,"Told with a lyrical, almost-dreamlike voice as intoxicating as the moonflowers and orchids that inhabit this world, Monsoon Mansion is a harrowing yet triumphant coming-of-age memoir exploring the dark, troubled waters of a family's rise and fall from grace in the Philippines. It would take a young"
nonfiction,ficS=0 fic=0 nf=3 ficGenre=False,openlibrary_OL18169681W,Murder on File,"Richard Whittington-Egan, Molly Whittington-Egan",Biography & Memoir,"[""serial-killer""]",True,"This gruesome guide details over 100 of the world's most infamous murderers and their associated crimes. In easy to understand format, each subject is comprehensively detailed under the headings: name (and alias if any), victims, locus, dates of crimes, means, motive and lastly crime watch which gra"
nonfiction,ficS=0 fic=0 nf=2 ficGenre=False,openlibrary_OL277255W,Musicophilia,Oliver Sacks,Psychology,"[""amnesia""]",True,"Music can move us to the heights or depths of emotion. It can persuade us to buy something, or remind us of our first date. It can lift us out of depression when nothing else can. It can get us dancing to its beat. But the power of music goes much, much further. Indeed, music occupies more areas of"
nonfiction,ficS=0 fic=0 nf=6 ficGenre=False,openlibrary_OL20000655W,My Paris dream,Kate Betts,Biography & Memoir,"[""coming-of-age""]",True,"""For readers of How to Be Parisian Wherever You Are, My Paris Dream is a charming and insightful memoir about coming of age as a fashion journalist in 1980s Paris, by former Vogue and Harper's Bazaar editor Kate Betts, the author of Everyday Icon : Michelle Obama and the Power of Style""-- ""As a you"
nonfiction,ficS=0 fic=0 nf=5 ficGenre=False,openlibrary_OL1929308W,My Sister Life,Maria Flook,Biography & Memoir,"[""missing-person""]",True,"When Maria Flook's fourteen-year-old sister Karen disappeared from their suburban home, the author was changed forever. My Sister Life maps the story of two castaways from American suburbia who, while apart from each other, live mysteriously parallel lives. With unrelenting realism and beguiling wi"
nonfiction,ficS=0 fic=0 nf=1 ficGenre=False,openlibrary_OL12061293W,NASA's Voyager missions,"Ben Evans, Ben Evans, David M. Harland",Travel,"[""space-exploration""]",True,"For the first time, in one volume, Ben Evans with David Harland will not only tell the story of the hugely successful Voyager missions, but also that of the men and women who have devoted their entire working lives to them. Illustrated with stunning images, some in color, they describe the missions"
nonfiction,ficS=0 fic=0 nf=1 ficGenre=False,openlibrary_OL9767231W,Nanotechnology,Jo Anne Shatkin,Health & Fitness,"[""nanotechnology""]",True,"""This book introduces the use of risk analysis as a tool for responsible environmental decision making in nanotechnology development, providing concise, yet informative, narratives on the topics of toxicology, occupational health and safety, and environmental implications of nanotechnology. This new"
nonfiction,ficS=0 fic=0 nf=3 ficGenre=False,openlibrary_OL19997003W,Natural born heroes,Christopher McDougall,Philosophy,"[""kidnapping""]",True,"""Author of the phenomenal national best seller, Born to Run, Christopher McDougall now travels to the Mediterranean where he discovers that the secrets of ancient Greek heroes are still alive and well on the island of Crete and in the muscles and minds of fitness enthusiasts everywhere. While resear"
nonfiction,ficS=0 fic=0 nf=1 ficGenre=False,openlibrary_OL8003865W,Natural-Born Cyborgs,Andy Clark,Science & Nature,"[""cybernetic-enhancement""]",True,"From Robocop to the Terminator to Eve 8, no image better captures our deepest fears about technology than the cyborg, the person who is both flesh and metal, brain and electronics. But philosopher and cognitive scientist Andy Clark sees it differently. Cyborgs, he writes, are not something tobe fear"
nonfiction,ficS=0 fic=0 nf=3 ficGenre=False,openlibrary_OL25075095W,Negotiating the Therapeutic Alliance,"Jeremy D. Safran, J. Christopher Muran",Business & Economics,"[""workplace""]",True,"""In this book, Jeremy D. Safran and J. Christopher Muran provide a systematic framework for negotiating ruptures and strains in the therapeutic alliance and transforming them into therapeutic breakthroughs. Developments in psychoanalysis and other modalities are synthesized with original research an"
nonfiction,ficS=0 fic=0 nf=2 ficGenre=False,openlibrary_OL18819818W,Never Split the Difference,"Chris Voss, Tahl Raz",Business & Economics,"[""hostage-situation""]",True,"""A negotiation guide from a former FBI Hostage Negotiator""-- ""Never Split The Difference is a riveting, indispensable handbook of negotiation principles culled and perfected from Chris Voss's remarkable career as a hostage negotiator and later as an award-winning teacher in the world's most prestig"
nonfiction,ficS=0 fic=0 nf=1 ficGenre=False,openlibrary_OL17946082W,New comprehensive biochemistry,Albert Neuberger,Philosophy,"[""genetic-engineering""]",True,"This volume provides a broad, state-of-the-art coverage of diverse technical topics in gene expression in mammalian cells, including the development of vectors for production of proteins in cultured cells, in transgenic animals, vaccination, and gene therapy; progress in methods for the transfer of"
nonfiction,ficS=0 fic=0 nf=4 ficGenre=False,openlibrary_OL28988W,Northern Lights,Philip Pullman,Politics,"[""kidnapping"", ""missing-person""]",True,"In a landmark epic of fantasy and storytelling, Philip Pullman invites readers into a world as convincing and thoroughly realized as Narnia, Earthsea, or Redwall. Here lives an orphaned ward named Lyra Belacqua, whose carefree life among the scholars at Oxford's Jordan College is shattered by the ar"
nonfiction,ficS=0 fic=0 nf=5 ficGenre=False,openlibrary_OL4064350W,Not Without My Daughter,"Betty Mahmoody, William Hoffer",Politics,"[""hostage-situation""]",True,"Imagine yourself alone and vulnerable, trapped by a husband you thought you trusted, and held prisoner in his native Iran; a land where women have no rights and Americans are despised. For one American woman, Betty Mahmoody, this nightmare became reality, and escape became only an impossible dream."
nonfiction,ficS=0 fic=0 nf=15 ficGenre=False,openlibrary_OL21182885W,Nutrition and biotechnology in heart disease and cancer,"John B. Longenecker, David Kritchevsky, Marc K. Drezner",Art,"[""genetic-engineering""]",True,"This book presents the proceedings of a conference on Nutrition and Biotechnology in Heart Disease and Cancer held in December 1993. The book is divided into four sections devoted to heart disease, cancer, heart disease, and cancer and NIH initiatives. The book contains several valuable chapters rev"
nonfiction,ficS=0 fic=0 nf=1 ficGenre=False,openlibrary_OL471377W,On the rim,Mark Neumann,Travel,"[""road-trip""]",True,"""Why do nearly five million people travel to the Grand Canyon each year? What are they looking for? Do they find what they want?"" ""Mark Neumann's answers to these questions are as compelling as the panoramic vistas of the canyon. In On the Rim, he uses words and pictures to delve into the various me"
nonfiction,ficS=0 fic=0 nf=1 ficGenre=False,openlibrary_OL6033306W,On-scene guide for crisis negotiators,Frederick J. Lanceley,Health & Fitness,"[""hostage-situation""]",True,"""On-Scene Guide for Crisis Negotiators explores such issues as crisis and suicide intervention, and hostage negotiation, and offers the ""nuts and bolts"" with regard to the theory, procedures and techniques of crisis negotiation.""--BOOK JACKET. ""This book offers a suicide intervention flow chart, a c"
nonfiction,ficS=0 fic=0 nf=3 ficGenre=False,openlibrary_OL15407060W,Operation Dark Heart,"Anthony Shaffer, Anthony Shaffer",Biography & Memoir,"[""espionage-double-agent""]",True,"Shaffer delivers an exciting, eyewitness account of fighting terrorism in Afghanistan using the military's most cutting-edge espionage tactics. Just before St. Martin's Press release of the book, The Department of Defense and the Defense Intelligence Agency, demanded the author and the publisher pro"
nonfiction,ficS=0 fic=0 nf=2 ficGenre=False,openlibrary_OL11534573W,Operations against enemy leaders,Stephen T Hosmer,Politics,"[""assassination-plot"", ""espionage-double-agent""]",True,"""This report assesses the political-military efficacy of U.S. operations to remove senior enemy leaders. Three forms of leadership attacks are assessed: (1) operations that aim to directly attack the leader's person, (2) operations that are designed to foment and facilitate the leader's overthrow by"
nonfiction,ficS=0 fic=0 nf=3 ficGenre=False,openlibrary_OL19996324W,Ordinary light,Tracy K. Smith,Psychology,"[""coming-of-age""]",True,"""A memoir about the author's coming of age as she grapples with her identity as an artist, her family's racial history, and her mother's death from cancer""-- ""From the Pulitzer Prize-winning poet: a deeply moving memoir that explores coming-of-age and the meaning of home against a complex backdrop"
nonfiction,ficS=0 fic=0 nf=2 ficGenre=False,openlibrary_OL20034100W,Party of one,Dave Holmes,Music,"[""coming-of-age""]",True,"""From comedian, Esquire contributor, and former MTV VJ Dave Holmes, the hilarious memoir of a music geek and perpetual outsider fumbling his way toward self-acceptance, with the music of the '80s, '90s, and '00s as his soundtrack. Dave Holmes has spent his life on the periphery, nose pressed hopeful"
nonfiction,ficS=0 fic=0 nf=2 ficGenre=False,openlibrary_OL3941318W,Policing politics,Peter Gill,Politics,"[""espionage-double-agent""]",True,"Numerous allegations of abuse of power have been made against the domestic security intelligence agencies in the United Kingdom - police special branches and MI5. These include the improper surveillance of trade unionists and peace activists, campaigns of disinformation against elected politicians a"
nonfiction,ficS=0 fic=0 nf=1 ficGenre=False,openlibrary_OL15858146W,Pomegranate soup,Marsha Mehran,Cooking,"[""domestic-fiction""]",True,"'Glorious, daring and delightful' — Adriana TrigianiFor the inhabitants of the damp little Irish town of Ballinacroagh, the repertoire of gastronomic delights has never extended farther than the limp meals of the local inn's carvery. But things are about to change when the beautiful Aminpour sisters"
nonfiction,ficS=0 fic=0 nf=7 ficGenre=False,openlibrary_OL19511853W,Prophecy and prophets,Yehoshua Gitay,Religion & Spirituality,"[""prophecy""]",True,Generations of readers have been inspired by the prophets and the literature ascribed to them. This present volume offers a remarkable cross-section of insightful research by scholars from around the world who have devoted decades to research on prophets and prophetic literature. Comparative studies
nonfiction,ficS=0 fic=0 nf=1 ficGenre=False,openlibrary_OL17896366W,Psychopathology in the workplace,"Jay C. Thomas, Michel Hersen",Health & Fitness,"[""workplace""]",True,"""Psychopathology in the Workplace untangles the issues surrounding mental health in the workplace, providing students and practitioners with the foundation needed to contribute to this emergent aspect of practice. This comprehensive text explores the interplay between psychopathology and various wor"
nonfiction,ficS=0 fic=0 nf=2 ficGenre=False,openlibrary_OL5822389W,Quality tourism experiences,Gayle Jennings,Travel,"[""road-trip""]",True,"""Quality Tourism Experiences draws together writers from different backgrounds, interdisciplinary interests and research methodologies, and as a consequence, the book provides a model of the way researchers can work together to illuminate an area and to provide multiple representations and interpret"
nonfiction,ficS=0 fic=0 nf=1 ficGenre=False,openlibrary_OL9173152W,Queer London,Matt Houlbrook,History,"[""serial-killer""]",True,"In August 1934, young Cyril L. wrote to his friend Billy about all the exciting men he had met, the swinging nightclubs he had visited, and the vibrant new life he had forged for himself in the big city. He wrote, ""I have only been queer since I came to London about two years ago, before then I knew"
nonfiction,ficS=0 fic=0 nf=2 ficGenre=True,openlibrary_OL8373743W,Recipes for a Perfect Marriage,Morag Prunty,"Psychology,romance","[""domestic-fiction""]",True,"""In 1930's Ireland, beautiful cook Bernadine was married off to the local schoolteacher after her family were unable to raise a dowry for her to marry her true love, Michael. Seventy years on, her granddaughter Tressa, a New York food writer, returns from honeymoon worried that she has married her i"
nonfiction,ficS=0 fic=0 nf=1 ficGenre=False,openlibrary_OL21988996W,Rewind the Future,Shara Rambarran,History,"[""virtual-reality-world""]",True,"""A survey of key areas related to digital music and the internet with a focus on how technology impacts the relationship between music and its listeners""--"
nonfiction,ficS=0 fic=0 nf=1 ficGenre=False,openlibrary_OL19722460W,Ripper,Patricia Cornwell,History,"[""serial-killer""]",True,"Vain and charismatic, Walter Sickert made a name for himself as a painter in Victorian London. But the ghoulish nature of his art--as well as extensive evidence--points to another name, one that's left its bloody mark on the pages of history: Jack the Ripper. Cornwell has collected never-before-seen"
nonfiction,ficS=0 fic=0 nf=8 ficGenre=False,openlibrary_OL23325834W,Ruin memories,Bjørnar Olsen,History,"[""abandoned-building""]",True,"""Since the 19th century, mass-production, consumerism and cycles of material replacement have accelerated; increasingly larger amounts of things are increasingly rapidly victimized and made redundant. At the same time processes of destruction have immensely intensified, although largely overlooked w"
nonfiction,ficS=0 fic=0 nf=1 ficGenre=False,openlibrary_OL13639072W,"SAUDI BABYLON: TORTURE, CORRUPTION AND COVER-UP INSIDE THE HOUSE OF SAUD","MARK HOLLINGSWORTH, Sandy Mitchell, Mark Hollingsworth",Biography & Memoir,"[""royalty""]",True,"Sandy Mitchell, an anaesthetist working in Riyadh, was seized by secret police in December 2000 and savagely beaten until he confessed to having assassinated a British hospital engineer. Mitchell had a perfectly good alibi for the day of the murder, but his interrogators were not interested. They we"
nonfiction,ficS=0 fic=0 nf=2 ficGenre=False,openlibrary_OL13630102W,SPLICING LIFE?,"Peter Glasner, Harry Rothman",Science & Nature,"[""genetic-engineering""]",True,"""This volume discusses the ethical, cultural and philosophical issues surrounding the search for the 'book of life', focusing on the mapping of the human genome in Britain, the USA and Europe. It examines the impact of genetically modified crops, food and pharmacogenomics, along with the science and"
nonfiction,ficS=0 fic=0 nf=5 ficGenre=False,openlibrary_OL20306395W,Sacred Justice,Marian Mesrobian MacCurdy,Biography & Memoir,"[""assassination-plot""]",True,"""Sacred Justice is a cross-genre book that uses narrative, memoir, unpublished letters, and other primary and secondary sources to tell the story of a group of Armenian men who organized Operation Nemesis, a covert operation created to assassinate the Turkish architects of the Armenian Genocide. The"
nonfiction,ficS=0 fic=0 nf=1 ficGenre=False,openlibrary_OL17741040W,Savage son,Corey Mitchell,Biography & Memoir,"[""serial-killer""]",True,"Tells the story of Bart Whitaker who, unbeknownst to his parents, had lied about being in college and was instead plotting to murder his family in order to inherit their estate."
nonfiction,ficS=0 fic=0 nf=8 ficGenre=False,openlibrary_OL21198929W,Scholars of Mayhem,"Daniel C. Guiet, Timothy K. Smith",Biography & Memoir,"[""espionage-double-agent""]",True,"""The astonishing untold story of the author's father, the lone American on a 4-person SOE commando team dropped behind German lines in France, whose epic feats of irregular warfare proved vital in keeping Nazi tanks away from Normandy after D-Day""-- ""The astonishing untold story of the author's fat"
nonfiction,ficS=0 fic=0 nf=1 ficGenre=False,openlibrary_OL1829930W,Secrecy,Daniel P. Moynihan,History,"[""espionage-double-agent""]",True,"Senator Daniel Patrick Moynihan, chairman of the bipartisan Commission on Protecting and Reducing Government Secrecy, here presents an eloquent and fascinating account of the development of secrecy as a mode of regulation in American government since World War I - how it was born, how world events s"
nonfiction,ficS=0 fic=0 nf=4 ficGenre=False,openlibrary_OL3274359W,Serial murderers and their victims,Eric W. Hickey,Psychology,"[""serial-killer""]",True,"This book provides an in-depth, scholarly, and broad-based examination of serial murderers and their victims. Featuring coverage supported by extensive data and research, the book profiles some of the most prominent murderers of our time, addressing the highest-profile serial killer type--the sexual"
nonfiction,ficS=0 fic=0 nf=6 ficGenre=False,openlibrary_OL4792537W,Sexuality andthe devil,Edward J. Tejirian,Psychology,"[""demon-possession""]",True,"Our current understanding of sexuality relies heavily on biology, and also on morality, as is particularly evident when homosexuality and bisexuality are discussed. In ""Sexuality and the Devil"", Edward Tejirian presents a compelling case for viewing the sexual dimension of life through an understand"
nonfiction,ficS=0 fic=0 nf=1 ficGenre=False,openlibrary_OL2634257W,Shadow play,"William Klaber, Philip H. Melanson",Biography & Memoir,"[""assassination-plot""]",True,"On June 4, 1968, just after he had declared victory in the California presidential primary, Robert Kennedy was gunned down in the kitchen of the Ambassador Hotel in Los Angeles. Captured a few feet away, gun in hand, was a young Palestinian-American named Sirhan Sirhan. The case against Sirhan was d"
nonfiction,ficS=0 fic=0 nf=2 ficGenre=False,openlibrary_OL14858744W,Spy,David Wise,Biography & Memoir,"[""espionage-double-agent""]",True,"Spy tells, for the first time, the full, authoritative story of how FBI agent Robert Hanssen, code name grayday, spied for Russia for twenty-two years in what has been called the ""worst intelligence disaster in U.S. history""--and how he was finally caught in an incredible gambit by U.S. intelligence"
nonfiction,ficS=0 fic=0 nf=1 ficGenre=False,openlibrary_OL8126263W,Star Trek New Frontier - The Captain's Table - Once Burned,Peter David,Art,"[""space-exploration""]",True,"There's a bar called The Captain's Table, where those who have commanded mighty vessels of every shape and era can meet, relax, and share a friendly drink or two with others of their calling. Sometimes a brawl may break out but it's all in the family, more or less. Just remember, the first round of"
nonfiction,ficS=0 fic=0 nf=1 ficGenre=False,openlibrary_OL17699257W,Star-crossed orbits,"James E. Oberg, James Oberg",Travel,"[""space-exploration""]",True,"""In Star-Crossed Orbits, space veteran and best-selling author James Oberg combines riveting personal memoir with top-notch investigative journalism to tell the complete untold story of the U.S.-Russian space alliance, describing the strengths and weaknesses of each side and revealing, for the first"
nonfiction,ficS=0 fic=0 nf=1 ficGenre=False,openlibrary_OL19710856W,Strange fruit,J. G. Jones,History,"[""first-contact-with-aliens""]",True,"""An alien being falls to Earth during the Great Flood of 1927, destined to save a small Mississippi town from certain destruction. In the small town of Chatterlee, Mississippi, the Great Flood of 1927 was more than just the most catastrophic river flood in the history of the United States. It was th"
nonfiction,ficS=1 fic=0 nf=3 ficGenre=False,openlibrary_OL17134076W,Survivors,"Zion Ben Jonah, Dave McKay",Religion & Spirituality,"[""conspiracy""]",True,"This is the first of three books which challenge the interpretations of prophecy given by Tim LaHaye and Jerry Jenkins, in the Left Behind series. A string of appendices at the back of the book come from articles McKay wrote before he penned “ Survivors”. With the help of friends in Los Angeles, Lon"
nonfiction,ficS=0 fic=0 nf=7 ficGenre=False,openlibrary_OL25948W,"Tapestries of hope, threads of love",Marjorie Agosín,Politics,"[""missing-person""]",True,This book tells the story of ordinary women living in terror and extreme poverty under General Pinochet's oppressive rule in Chile (1973-89) and how their lives did and did not change following his reign. These women defied the military dictatorship by embroidering their sorrow on scraps of cloth an
nonfiction,ficS=1 fic=0 nf=7 ficGenre=False,openlibrary_OL12049379W,The 100 best business books of all time,Jack Covert,Business & Economics,"[""workplace""]",True,"Thousands of business books are published every year- Here are the best of the bestAfter years of reading, evaluating, and selling business books, Jack Covert and Todd Sattersten are among the most respected experts on the category. Now they have chosen and reviewed the one hundred best business tit"
nonfiction,ficS=0 fic=0 nf=1 ficGenre=False,openlibrary_OL15173123W,The Business Travel Almanac,Lee Scales,Business & Economics,"[""road-trip""]",True,Need to book a hotel with high-speed access? Want to impress your client with the best restaurant in town? Wish you had known that the train was faster and cheaper than a cab? The Business Travel Almanac puts the answers to these questions and more at the fingertips of the busy business traveler. W
nonfiction,ficS=0 fic=0 nf=1 ficGenre=False,openlibrary_OL7800921W,The Catchers of Heaven,"Wolf, Michael",Religion & Spirituality,"[""cloning""]",True,"Stroll through time and space; witness spirituality, creation, and the love of family; experience joy, sorrow, laughter, faith, and hope; question, reason, and perhaps agree with theories on cloning humans, UFOs, alien contact, and abduction experiences. In these pages, Dr. Michael Wolf addresses"
nonfiction,ficS=0 fic=0 nf=3 ficGenre=False,openlibrary_OL8906577W,The Death of Ben Linder; The Story of a North American in Sandinista Nicaragua,Joan Kruckewitt,Politics,"[""assassination-plot""]",True,"""In the summer of 1983, a young American engineer and unicyclist named Ben Linder flew to Managua, Nicaragua, as one of thousands of foreigners offering their skills in support of the revolutionary Sandinista government. While waiting for an engineering job, Ben performed as a clown in the circus an"
nonfiction,ficS=0 fic=0 nf=1 ficGenre=False,hardcover_11369,The Devils of Loudun,Aldous Huxley,History,"[""demon-possession""]",True,"In 1634 Urbain Grandier, a handsome and dissolute priest of the parish of Loudun was tried, tortured and burnt at the stake. He had been found guilty of conspiring with the devil to seduce an entire convent of nuns in what was the most sensational case of mass possession and sexual hysteria in histo"
nonfiction,ficS=0 fic=0 nf=1 ficGenre=False,openlibrary_OL8571461W,The Diary of Ellen Rimbauer,Ridley Pearson,History,"[""missing-person""]",True,"At the turn of the twentieth century, Ellen Rimbauer, the young bride of Seattle industrialist John Rimbauer, began keeping a remarkable diary. This diary became the secret place where Ellen could confess her anxieties about her new marriage, express her confusion over her emerging sexuality, and co"
nonfiction,ficS=0 fic=0 nf=4 ficGenre=False,openlibrary_OL9389881W,The Echo from Dealey Plaza,Abraham Bolden,Biography & Memoir,"[""assassination-plot""]",True,From the first African American assigned to the presidential Secret Service detail comes a gripping and unforgettable true story of bravery and patriotism in the face of bitter hatred and unthinkable corruption. Abraham Bolden was a young African American Secret Service agent in Chicago when he was
nonfiction,ficS=0 fic=0 nf=2 ficGenre=False,openlibrary_OL582977W,The Empress of farewells,"Michel Prince of Greece, Prince of Greece Michael, Prince Michael of Greece",Biography & Memoir,"[""royalty""]",True,"""The lives of Europe's royalty in the nineteenth century were as full of drama and incident as any opera. In The Empress of Farewells, royal historian Prince Michael of Greece tells with intimacy and delightful wit the story of Charlotte, Empress of Mexico and daughter of King Leopold I of Belgium."
nonfiction,ficS=0 fic=0 nf=4 ficGenre=False,openlibrary_OL2917788W,The European Discovery of America,Samuel Eliot Morison,Travel,"[""space-exploration""]",True,"This volume presents an account of the great age of European exploration, describing all known voyages across the North Atlantic to the New World prior to 1600, and of the intrepid mariners, and the adventurers who sent them forth. The roll call includes all the great explorers: Leif Ericsson, John"
nonfiction,ficS=0 fic=0 nf=3 ficGenre=False,openlibrary_OL4440692W,The Fifth Discipline,"Peter Senge, Peter M. Senge",Business & Economics,"[""workplace""]",True,"This revised edition of Peter Senge's bestselling classic, The Fifth Discipline, is based on fifteen years of experience in putting the book's ideas into practice. As Senge makes clear, in the long run the only sustainable competitive advantage is your organization's ability to learn faster than the"
nonfiction,ficS=0 fic=0 nf=1 ficGenre=False,openlibrary_OL4299456W,The Future of Food (Prospects for Tomorrow),Brian J. Ford,Cooking,"[""genetic-engineering""]",True,"""Biologist Brian J. Ford examines the food-borne diseases that have always been with us, such as Salmonella and E. coli, as well as those that have recently emerged, like Listeriosis and new variant CJD. He reveals many misconceptions in current popular thinking about food, including so-called natur"
nonfiction,ficS=0 fic=0 nf=1 ficGenre=False,hardcover_864027,The Glass-Blowers,Daphne du Maurier,History,"[""domestic-fiction""]",True,"'Perhaps we shall not see each other again. I will write to you, though, and tell you, as best I can, the story of your family. A glass-blower, remember, breathes life into a vessel, giving it shape and form and sometimes beauty; but he can with that same breath, shatter and destroy it' Faithful to"
nonfiction,ficS=0 fic=0 nf=1 ficGenre=False,openlibrary_OL9758756W,The Great Pyramid and the Bible,Petko Nikolic Vidusa,Art,"[""prophecy""]",True,"The mysteries of the Great Pyramid . . . Who knows what the builders of the Great Pyramid knew? Who knows what mysteries lie within its creation? Petko Nikolic Vidusa has some answers . . . answers that force a reader to contemplate, to truly sit back and think about an early civilization that may h"
nonfiction,ficS=0 fic=0 nf=4 ficGenre=False,hardcover_427988,"The History of the Future: Oculus, Facebook, and the Revolution That Swept Virtual Reality",Blake J. Harris,,"[""virtual-reality-world""]",True,"In The History of the Future, Harris once again deep-dives into a tech drama for the ages to expertly tell the larger-than-life true story of Oculus, the virtual reality company founded in 2012 that--less than two years later--would catch the attention of Mark Zuckerberg and wind up being bought by"
nonfiction,ficS=0 fic=0 nf=3 ficGenre=False,openlibrary_OL4307570W,The Human Use of Human Beings,Norbert Wiener,Science & Nature,"[""cybernetic-enhancement""]",True,"""Only a few books stand as landmarks in social and scientific upheaval. Norbert Wiener's classic is one in that small company. Founder of the science of cybernetics--the study of the relationship between computers and the human nervous system--Wiener was widely misunderstood as one who advocated the"
nonfiction,ficS=0 fic=0 nf=3 ficGenre=False,openlibrary_OL20112743W,The Killer Across the Table: Unlocking the Secrets of Serial Killers and Predators with the FBI's Original Mindhunter,"John E. Douglas, Mark Olshaker",Psychology,"[""serial-killer""]",True,"""Legendary FBI criminal profiler and former special agent John Douglas is known for helping to crack some of America's most challenging murder cases. The FBI's pioneer of criminal profiling and the inspiration behind the hit Netflix show Mindhunter, Douglas has spent decades working with law enforce"
nonfiction,ficS=0 fic=0 nf=1 ficGenre=False,hardcover_368239,The King's Speech: How One Man Saved the British Monarchy,"Mark Logue, Peter Conradi",Biography & Memoir,"[""royalty""]",True,"The true story behind the award-winning movie of the same name, The King's Speech is written by London Sunday Times journalist Peter Conradi and Mark Logue -- grandson of Lionel Logue, whose recently discovered diaries and correspondence contain fascinating details about these events. It's the eve o"
nonfiction,ficS=0 fic=0 nf=1 ficGenre=False,openlibrary_OL8459316W,The Last Victim,"Anne E. Graham, Carol Emmas",Biography & Memoir,"[""serial-killer""]",True,"An historical re-evaluation of one of the most extraordinary and true crime puzzles of all times, is the remarkable story of the woman married to - and convicted of the murder of - the man now believed to have been Jack the Ripper. The authors examine her life and assess it in the light of the Rippe"
nonfiction,ficS=0 fic=0 nf=1 ficGenre=False,openlibrary_OL116333W,The Morning Watch,James Agee,Religion & Spirituality,"[""coming-of-age""]",True,"***The Morning Watch explores the thoughts and feelings of 12-year-old Richard, a student at an unnamed Episcopal*** boarding school (based on Agee's schooling at St. Andrew's-Sewanee School in Sewanee, Tennessee), over the course of a few hours in the early morning of ***Good Friday in 1923***."
nonfiction,ficS=0 fic=0 nf=2 ficGenre=False,openlibrary_OL15189514W,The Personal Security Handbook,Silver Lake Editors,Health & Fitness,"[""kidnapping""]",True,"Silver Lake Publishing’s bestselling book THE PERSONAL SECURITY HANDBOOK: Practical Tools for Keeping Yourself and Your Valuables Safe at Work, Home or on the Road translates political theories into concrete actions.The book makes the point that American homeland security policy presumes that most c"
nonfiction,ficS=0 fic=0 nf=2 ficGenre=False,openlibrary_OL16817247W,The Poisoner,Stephen Bates,Biography & Memoir,"[""serial-killer""]",True,"""In 1856, a baying crowd of over 30,000 people gathered outside Stafford prison to watch the hanging of Dr. William Palmer, 'the greatest villain that ever stood in the Old Bailey' as Charles Dickens once called him. Palmer was convicted of poisoning and suspected in the murders of dozens of others,"
nonfiction,ficS=0 fic=0 nf=2 ficGenre=False,openlibrary_OL14987780W,The Profiler,Pat Brown,Biography & Memoir,"[""serial-killer""]",True,"In 1990, a young woman was strangled on a jogging path near the home of Pat Brown and her family. Brown suspected the young man who was renting a room in her house, and quickly uncovered strong evidence that pointed to him—but the police dismissed her as merely a housewife with an overactive imagina"
nonfiction,ficS=0 fic=0 nf=3 ficGenre=False,openlibrary_OL2286579W,The Real Odessa,Uki Goñi,Politics,"[""espionage-double-agent""]",True,"The Real Odessa: Smuggling the Nazis to Perón's Argentina, originally published in London in 2002 and since then translated into Spanish, Italian, Slovenian, Portuguese and German, has had wide repercussions in those countries through which Nazi criminals and their collaborators passed in their esca"
nonfiction,ficS=0 fic=0 nf=1 ficGenre=False,hardcover_434926,The Romanov Sisters: The Lost Lives of the Daughters of Nicholas and Alexandra,Helen Rappaport,Biography & Memoir,"[""assassination-plot""]",True,"""They were the Princess Dianas of their day--perhaps the most photographed and talked about young royals of the early twentieth century. The four captivating Russian Grand Duchesses--Olga, Tatiana, Maria and Anastasia Romanov--were much admired for their happy dispositions, their looks, the clothes"
nonfiction,ficS=0 fic=0 nf=3 ficGenre=False,hardcover_864495,The Secret World: A History of Intelligence,Christopher Andrew,History,"[""espionage-double-agent""]",True,"""The history of espionage is far older than any of today's intelligence agencies, yet the long history of intelligence operations has been largely forgotten. The codebreakers at Bletchley Park, the most successful World War II intelligence agency, were completely unaware that their predecessors in e"
nonfiction,ficS=0 fic=0 nf=2 ficGenre=False,openlibrary_OL9396466W,The Seer in Ancient Greece,Michael Flower,Religion & Spirituality,"[""prophecy""]",True,"""The seer (mantis), an expert in the art of divination, operated in ancient Greek society through a combination of charismatic inspiration and diverse skills ranging from examining the livers of sacrificed animals to spirit possession. Unlike the palm readers and mediums who exist on the fringe of m"
nonfiction,ficS=0 fic=0 nf=4 ficGenre=False,openlibrary_OL3907123W,The Seven-Per-Cent Solution,Nicholas Meyer,History,"[""conspiracy""]",True,"**First discovered and then painstakingly edited and annotated by Nicholas Meyer, The Seven-Per-Cent Solution related the astounding and previously unknown collaboration of Sigmund Freud with Sherlock Holmes, as recorded by Holmes's friend and chronicler, Dr. John H. Watson.** In addition to its bre"
nonfiction,ficS=0 fic=0 nf=1 ficGenre=False,openlibrary_OL4669039W,The True Face of Jack the Ripper,Melvin Harris,Biography & Memoir,"[""serial-killer""]",True,"Melvin Harris, the man chiefly responsible for exposing the ""Ripper Diary"", now reveals the true face of Jack the Ripper. Harris disposes of all previous candidates and by using FBI techniques he tells the story of how he tracked down the real Ripper. He came to the conclusion that Robert D'Onston S"
nonfiction,ficS=0 fic=0 nf=1 ficGenre=False,openlibrary_OL15673520W,The Vegetarian Myth,Lierre Keith,Cooking,"[""talking-animals""]",True,"Part memoir, nutritional primer, and political manifesto, this controversial examination exposes the destructive history of agriculture—causing the devastation of prairies and forests, driving countless species extinct, altering the climate, and destroying the topsoil—and asserts that, in order to s"
nonfiction,ficS=0 fic=0 nf=2 ficGenre=False,openlibrary_OL20129058W,The Volunteer,Jack Fairweather,Biography & Memoir,"[""espionage-double-agent""]",True,"The Summer of 1940, after the Nazi occupation of Poland, an underground operative called Witold Pilecki accepted a mission to uncover the fate of thousands of people being interned at a new concentration camp on the border of the Reich. His mission was to report on Nazi crimes and raise a secret"
nonfiction,ficS=0 fic=0 nf=1 ficGenre=False,openlibrary_OL5959391W,The White Rock,Hugh Thomson,Travel,"[""space-exploration""]",True,"**From Goodreads:** Following in the footsteps of the explorers Gene Savoy and Hiram Bingham, Thomson set off into the jungle to find the lost city of Llactapat. This is the story of his journey to discover it via the interconnecting paths the Incas laid across the Andes."
nonfiction,ficS=0 fic=0 nf=1 ficGenre=False,openlibrary_OL16813950W,The Whitney i Knew,Bebe Winans,Music,"[""celebrity""]",True,"A virtual album of BeBe Winans' treasured memories of his friend and ""sister,"" Whitney Houston. In the years between the first time BeBe Winans and Whitney Houston met in 1985, to the day he delivered the tribute that touched a watching nation at Houston's funeral, a deep and unique friend"
nonfiction,ficS=0 fic=0 nf=3 ficGenre=False,openlibrary_OL15103222W,The Yosemite murders,Dennis McDougal,Biography & Memoir,"[""serial-killer""]",True,"Since he was seven, Cary Stayner had dreamed of capturing women . . . and killing themThey were crimes that grabbed headlines around the world and stunned America. Four women dead, their bodies charred and horribly mutilated. Now Dennis McDougal, acclaimed author of the spellbinding true crime tour"
nonfiction,ficS=0 fic=0 nf=1 ficGenre=False,openlibrary_OL19802113W,The argument from prophecy,"Brownlow Maitland , Society for Promoting Christian Knowledge (Great Britain ). Christian Evidence Committee",Religion & Spirituality,"[""prophecy""]",True,Book digitized by Google from the library of Oxford University and uploaded to the Internet Archive by user tpb.
nonfiction,ficS=0 fic=0 nf=1 ficGenre=False,openlibrary_OL1727150W,The birth of bioethics,Albert R. Jonsen,History,"[""genetic-engineering""]",True,"This history of the growing field of bioethics covers the period 1947-1987, it examines the origin and evolution of the debates over human experimentation, genetic engineering, organ transplantation, termination of life-sustaining treatment, and new reproductive technologies."
nonfiction,ficS=0 fic=0 nf=1 ficGenre=False,openlibrary_OL16126378W,The book of madness and cures,Regina O'Melveny,History,"[""missing-person""]",True,"Synopsis Expand/Collapse Synopsis Dr. Gabriella Mondini, a strong-willed, young Venetian woman, has followed her father in the path of medicine. She possesses a singleminded passion for the art of physick, even though, in 1590, the male-dominated establishment is reluctant to accept a woman doct"
nonfiction,ficS=0 fic=0 nf=2 ficGenre=False,openlibrary_OL1929013W,The clash of orthodoxies,Robert P. George,Religion & Spirituality,"[""cloning""]",True,"""Discussions of educational reform often involve windy talk of a ""return to the classics,"" yet rarely do would-be reformers go so far as to advocate a return to education in the classical languages themselves. That is a program that strikes even the most stalwart critics of contemporary educational"
nonfiction,ficS=0 fic=0 nf=2 ficGenre=False,openlibrary_OL16175517W,The destiny of the republic,Candice Millard,Politics,"[""assassination-plot""]",True,"James A. Garfield was one of the most extraordinary men ever elected president. Born into abject poverty, he rose to become a wunderkind scholar, a Civil War hero, and a renowned and admired reformist congressman. Nominated for president against his will, he engaged in a fierce battle with the corru"
nonfiction,ficS=0 fic=0 nf=7 ficGenre=False,openlibrary_OL17856504W,The finish,"Mark Bowden, James Lurie",Science & Nature,"[""assassination-plot""]",True,"This work is a dramatic account of the hunt for and defeat of Osama bin Laden draws on unprecedented access to primary sources to trace how key decisions were made, revealing events from the perspectives of an adept President Obama and an increasingly despondent bin Laden. After masterminding the at"
nonfiction,ficS=0 fic=0 nf=1 ficGenre=False,openlibrary_OL1839920W,The food revolution,John Robbins,Cooking,"[""genetic-engineering""]",True,"Explores the dangers behind many foods, describes the benefits of healthy alternatives, and explains how people can extend their lives, increase their vibrancy and vitality, and take a stand for a more compassionate and sustainable world by making better food choices."
nonfiction,ficS=0 fic=0 nf=1 ficGenre=False,openlibrary_OL19718975W,The ghost,Jefferson Morley,Biography & Memoir,"[""espionage-double-agent""]",True,"CIA spymaster James Jesus Angleton was one of the most powerful unelected officials in the United States government in the mid-20th century, a ghost of American power. From World War II to the Cold War, Angleton operated beyond the view of the public, Congress, and even the president. In The Ghost,"
nonfiction,ficS=0 fic=0 nf=1 ficGenre=False,openlibrary_OL19721796W,The ghosts of Langley,John Prados,History,"[""espionage-double-agent""]",True,"""The Ghosts of Langley is a provocative and panoramic new history of the Central Intelligence Agency that relates the agency's current predicament to its founding and earlier years, telling the story of the agency through the eyes of key figures in CIA history, including some of its most troubling c"
nonfiction,ficS=0 fic=0 nf=1 ficGenre=False,openlibrary_OL15093299W,The girl in Alfred Hitchcock's shower,Robert Graysmith,Biography & Memoir,"[""serial-killer""]",True,"The New York Times bestselling author who investigated the Zodiac case now uncovers a real-life mystery of murder, body doubles, and obsession Marli Renfro was a model who played a part in one of the most iconic scenes in American movies- as Janet Leigh's nude body double in Alfred Hitchcock's Psych"
nonfiction,ficS=0 fic=0 nf=1 ficGenre=False,openlibrary_OL7033561W,The gold of the gods,Erich von Däniken,History,"[""space-exploration""]",True,"Von Daniken gives new evidence to bolster his theory of a prehistoric earthly ""era of the gods."" He explores the inexplicable artifacts of bygone ages such as caves and tunnels in Ecuador filled with gold to ancient ruins composed of blocks impossible to transport without advanced technology. He ult"
nonfiction,ficS=0 fic=0 nf=4 ficGenre=False,openlibrary_OL19998444W,The great war of our time,Michael J. Morell,Biography & Memoir,"[""espionage-double-agent""]",True,"""THE GREAT WAR OF OUR TIME offers an unprecedented assessment of the CIA while at the forefront of our nation's war against al-Qa'ida and during the most remarkable period in the history of the Agency. Called the ""Bob Gates of his generation,"" Michael Morell is a top CIA officer who saw it all--the"
nonfiction,ficS=0 fic=0 nf=1 ficGenre=False,openlibrary_OL16057992W,The last victim,"Anne E. Graham, Carol Emmas, Graham",Biography & Memoir,"[""serial-killer""]",True,"An historical re-evaluation of one of the most extraordinary and true crime puzzles of all times, is the remarkable story of the woman married to - and convicted of the murder of - the man now believed to have been Jack the Ripper. The authors examine her life and assess it in the light of the Rippe"
nonfiction,ficS=0 fic=0 nf=2 ficGenre=False,openlibrary_OL18146496W,The mad sculptor,Harold Schechter,Psychology,"[""serial-killer""]",True,"""Beekman Place, one of the most exclusive addresses in Manhattan, hasn't always been home to the rich. In the 1930s, when bluebloods like the Vanderbilts and Rockefellers began to build luxury towers, poor European immigrants lived in filthy slums among the riverside factories and abbatoirs. It was"
nonfiction,ficS=0 fic=0 nf=1 ficGenre=False,openlibrary_OL2121231W,The making of a serial killer,Danny Rolling,Biography & Memoir,"[""serial-killer""]",True,"The man convicted of the vicious murders of five college students in Gainesville, Florida, discusses his motivations and actions in commiting the crimes, reflects on what made him into a killer, and his struggle to come to terms with what he did."
nonfiction,ficS=0 fic=0 nf=3 ficGenre=False,openlibrary_OL19716745W,The shattered lens,Jonathan Alpeyrie,History,"[""kidnapping""]",True,"""Discover a gripping and harrowing tale of war and torture from the man who lived it in this powerful memoir by the celebrated war journalist who not only documented over a dozen conflict zones worldwide but was also captured and held hostage by Syrian rebels in 2013. Capturing history was Jonathan"
nonfiction,ficS=0 fic=0 nf=2 ficGenre=False,openlibrary_OL4642725W,The spy next door,"Elaine Shannon, Ann Blackman",Biography & Memoir,"[""espionage-double-agent""]",True,"Two veteran ""Time"" magazine reporters present the shocking, fascinating account of one of the greatest espionage scandals of our time--the story of Robert Hanssen, one of the most mysterious traitors in American history. of photos."
nonfiction,ficS=0 fic=0 nf=2 ficGenre=False,openlibrary_OL15845713W,The unknown darkness,"Gregg O. McCrary, Gregg O. McCrary, Katherine Ramsland",Science & Nature,"[""serial-killer""]",True,"A former Supervisory Special Agent for the FBI discusses the harrowing competition between the agency and the individuals they seek to capture, describing ten cases to explore the strengths and pitfalls of modern criminal investigation."
nonfiction,ficS=0 fic=0 nf=1 ficGenre=False,openlibrary_OL790320W,The vital illusion,Jean Baudrillard,Science & Nature,"[""cloning"", ""virtual-reality-world""]",True,"""""Aren't we actually sick of sex, of difference, of emancipation, of culture?"" With this provocative taunt, Jean Baudrillard challenges us to face up to our deadly, technologically empowered renunciation of mortality and subjectivity as he grapples with the complex issues that define our postmilleni"
nonfiction,ficS=0 fic=0 nf=1 ficGenre=False,openlibrary_OL20005391W,The watchmaker of Filigree Street,Natasha Pulley,History,"[""slow-burn"", ""friends-to-lovers""]",True,"In 1883, Thaniel Steepleton returns to his tiny flat to find a gold pocketwatch on his pillow. But he has worse fears than generous burglars; he is a telegraphist at the Home Office, which has just received a threat for what could be the largest-scale Fenian bombing in history. When the watch saves"
nonfiction,ficS=0 fic=0 nf=1 ficGenre=False,openlibrary_OL221171W,Theremin,Albert Glinsky,History,"[""espionage-double-agent""]",True,"A creative genius and prolific inventor, Leon Theremin almost single-handedly launched the field of electronic music in 1920. The theremin--the only musical instrument that is played without being touched--created a sensation worldwide and paved the way for the modern synthesizer. But the otherworld"
nonfiction,ficS=0 fic=0 nf=1 ficGenre=False,hardcover_572358,This Is Not a Pity Memoir,Abi Morgan,Biography & Memoir,"[""amnesia""]",False,
nonfiction,ficS=0 fic=0 nf=8 ficGenre=False,openlibrary_OL13696501W,Tomorrow's Table,"Pamela Ronald, Pamela C. Ronald, R. W. Adamchak",Cooking,"[""genetic-engineering""]",True,"This book explores today's use of organic farming and genetically engineered plants, and examines the concerns expressed by critics and consumers. By the year 2050, Earth's population will double. If we continue with current farming practices, vast amounts of wilderness will be lost, millions of bir"
nonfiction,ficS=0 fic=0 nf=5 ficGenre=False,openlibrary_OL19820647W,Tourism management dynamics,"Dimitrios Buhalis, Carlos Costa",Business & Economics,"[""road-trip""]",True,"As the global tourism industry continues to expand and to become more complex, it is vital that those in the industry identify trends early and design proactive strategies to gain competitive advantage. Tourism Futures: dynamics, challenges and tools provides the readers with a comprehensive insight"
nonfiction,ficS=0 fic=0 nf=12 ficGenre=False,openlibrary_OL16126619W,Transcending taboos,Garry Young,Psychology,"[""virtual-reality-world""]",True,"""Cyberspace is composed of a multitude of different spaces, where users can represent themselves in many divergent ways. Why, in a video game, is it more acceptable to murder or maim than rape? After all, in each case, it is only pixels that are being assaulted. This book avoids wrestling with the c"
nonfiction,ficS=0 fic=0 nf=1 ficGenre=False,openlibrary_OL17616864W,Truevine,Beth Macy,Art,"[""kidnapping""]",True,"The year was 1899 and the place a sweltering tobacco farm in the Jim Crow South town of Truevine, Virginia. George and Willie Muse were two little boys born to a sharecropper family. One day a white man offered them a piece of candy, setting off events that would take them around the world and chang"
nonfiction,ficS=0 fic=0 nf=8 ficGenre=False,openlibrary_OL17470950W,Truth Recovery And Transitional Justice Deferring Human Rights Issues,Iosif Kovras,Politics,"[""missing-person""]",True,"""This book investigates why some societies defer transitional justice issues after successful democratic consolidation. Despite democratisation, the exhumation of mass graves containing the victims from the violence in Cyprus (1963-1974) and the Spanish Civil War (1936-1939) was delayed until the ea"
nonfiction,ficS=0 fic=0 nf=1 ficGenre=False,openlibrary_OL78871W,Twelve years a slave,Solomon Northup,History,"[""kidnapping""]",True,"Twelve Years a Slave is a harrowing memoir about one of the darkest periods in American history. It recounts how Solomon Northup, born a free man in New York, was lured to Washington, D.C., in 1841 with the promise of fast money, then drugged and beaten and sold into slavery. He spent the next twelv"
nonfiction,ficS=1 fic=0 nf=3 ficGenre=False,openlibrary_OL20477882W,"UFOs, Conspiracy Theories and the New Age",David G. Robertson,Religion & Spirituality,"[""conspiracy"", ""first-contact-with-aliens""]",True,"""How--and why-- were UFOs so prevalent in both conspiracy theories and the New Age milieu in the post-Cold War period? In this ground-breaking book, David G. Robertson argues that UFOs symbolized an uncertainty about the boundaries between scientific knowledge and other ways of validating knowledge,"
nonfiction,ficS=0 fic=0 nf=3 ficGenre=False,openlibrary_OL19998727W,Unabrow,Una LaMarche,Biography & Memoir,"[""coming-of-age""]",True,"""The book June Cleaver would have written if she spent more time drinking and less time vacuuming. As a girl, Una LaMarche was as smart as she was awkward. She was blessed with a precocious intellect, a love of all things pop culture, and eyebrows bushier than Frida Kahlo's. Adversity made her stron"
nonfiction,ficS=0 fic=0 nf=2 ficGenre=False,openlibrary_OL23182667W,Unequal time,Dan Clawson,Business & Economics,"[""workplace""]",True,"""Unequal Time investigates the connected schedules of four health sector occupations: professional doctors and nurses, and working-class EMTs and nursing assistants. While the work-family literature mostly examines the hours people work, Clawson and Gerstel delve into the process through which sched"
nonfiction,ficS=0 fic=0 nf=1 ficGenre=False,openlibrary_OL19159106W,Unifying geography,"Matthews, John A., David T. Herbert",Philosophy,"[""road-trip""]",True,"Geography is often regarded as a disorganized and fragmenting subject that has no clear focus. Themes identified in this study include those of the traditional core as well as new and developing topics that are based upon subject matter, concepts, methodology, theory, techniques and applications."
nonfiction,ficS=0 fic=0 nf=2 ficGenre=False,openlibrary_OL2003127W,Venona,"John Earl Haynes, Harvey Klehr",Art,"[""espionage-double-agent""]",True,The Venona secret US army project of the 1940's was a monumental achievement in this history of American code breaking and one of the America's most closely guarded secrets. This book exposes the greatest domestic counter-espionage operation that has ever been launched against the Soviet Union.
nonfiction,ficS=0 fic=0 nf=1 ficGenre=False,openlibrary_OL19989971W,Virtually human,Martine Aliana Rothblatt,Art,"[""virtual-reality-world""]",True,"""Virtually Human explores what the not-too-distant future will look like when cyberconsciousness--simulation of the human brain via software and computer technology--becomes part of our daily lives. Meet Bina48, the world's most sentient robot, commissioned by Martine Rothblatt and created by Hanson"
nonfiction,ficS=0 fic=0 nf=1 ficGenre=False,hardcover_163,Voodoo Histories,David Aaronovitch,History,"[""conspiracy""]",True,"An absorbing, probing look at the conspiracy theories that operate on the sidelines of history and the reasons they continue to play such a seditious role, from an award-winning journalist. Our age is obsessed by the idea of conspiracy. We see it everywhere- from Pearl Harbor to 9/11, from the assas"
nonfiction,ficS=0 fic=0 nf=1 ficGenre=False,openlibrary_OL5960575W,"Western intelligence and the collapse of the Soviet Union, 1980-1990",David Arbel,History,"[""espionage-double-agent""]",True,"""When the worst terrorist atrocity in American history occurred on September 11, 2001, the intelligence agencies of the United States and most of the western world were taken by surprise. Ten years earlier, in 1991, those same organizations were surprised when the Soviet Empire collapsed. In both ca"
nonfiction,ficS=0 fic=0 nf=2 ficGenre=False,openlibrary_OL15601954W,Where She Went,Gayle Forman,Music,"[""first-love""]",True,"It's been three years since the devastating accident . . . three years since Mia walked out of Adam's life forever. Now living on opposite coasts, Mia is Juilliard's rising star and Adam is LA tabloid fodder, thanks to his new rock star status and celebrity girlfriend. When Adam gets stuck in New Y"
nonfiction,ficS=0 fic=0 nf=1 ficGenre=False,openlibrary_OL823141W,Whole earth discipline,Stewart Brand,Science & Nature,"[""genetic-engineering""]",True,"An icon of the environmental movement outlines a provocative approach for reclaiming our planetAccording to Stewart Brand, a lifelong environmentalist who sees everything in terms of solvable design problems, three profound transformations are under way on Earth right now. Climate change is real and"
nonfiction,ficS=0 fic=0 nf=3 ficGenre=False,openlibrary_OL5825639W,Why Secret Intelligence Fails,Michael A. Turner,Politics,"[""espionage-double-agent""]",True,"""Why Secret Intelligence Fails provides a frank discussion of the problems of the American intelligence community. While examining the causes of intelligence failures, the book also explores how the intelligence community functions, making it an excellent primer on secret intelligence. Rather than f"
nonfiction,ficS=0 fic=0 nf=8 ficGenre=False,openlibrary_OL3083095W,"William of Orange and the revolt of the Netherlands, 1572-84","K. W. Swart, M. E. H. N. Mout, H. F. K. Van Nierop, Alastair C. Duke, Jonathan Irvine Israel, Henk F. K. Van Nierop",Biography & Memoir,"[""royalty""]",True,"""The figure of Prince William of Orange (1572-84) dominates the political landscape of the sixteenth-century Netherlands, and in many ways personifies the Dutch revolt against Spanish hegemony. Yet despite the European significance of his struggle, there has not been a major English-language study o"
nonfiction,ficS=0 fic=0 nf=6 ficGenre=False,openlibrary_OL9346736W,Work and Unseen Chronic Illness,M. Vickers,Psychology,"[""workplace""]",True,"""In an increasingly aging society, medicine, hygiene and nutrition have reduced the impact of acute and life-threatening illnesses. However, whilst we are living longer, the chance of developing or contracting a chronic illness is increasing."" ""There are a growing number of working adults affected b"
nonfiction,ficS=0 fic=0 nf=1 ficGenre=False,openlibrary_OL12081164W,"Work, family, health, and well-being","Workforce/Workplace Mismatch: Work, Health, and Well-being (2003 Washington, D.C.)",Health & Fitness,"[""workplace""]",True,This volume considers how today's families cope with the competing demands of work and home life and how these demands directly and indirectly affect their health and well-being. Thirty-three contributions address such topics as employer policies to support work and families; the effects of marriage
nonfiction,ficS=0 fic=0 nf=1 ficGenre=False,openlibrary_OL12030671W,Workplace violence and mental illness,Kristine M Empie,Health & Fitness,"[""workplace""]",True,"In focusing on a particular type of workplace violence, i.e., violence committed by mentally ill clients against those who work in the field of mental health, this study examined the routine activities of employees who worked in the mental-health field and the subsequent role that their routines may"
uncertain,ficS=0 fic=0 nf=0 ficGenre=False,openlibrary_OL5852187W,2012,Daniel Pinchbeck,Philosophy,"[""tournament-competition""]",True,"‘ನಮ್ಮ ಮಾನಸ’ ತಿಂಗಳ ಪತ್ರಿಕೆ ಪ್ರಾರಂಭವಾದದ್ದು ೧೯೮೬ರಲ್ಲಿ. ಸ್ವಾಯತ್ತ ಮಹಿಳಾ ಸಂಸ್ಥೆ ಮಾನಸದ ಭಾಗವಾಗಿದ್ದ ‘ನಮ್ಮ ಮಾನಸ’ ಪತ್ರಿಕೆ ಮಹಿಳಾ ಚಳವಳಿಯ ಮುಖವಾಣಿಯಾಗಿ ಸುಮಾರು ೨೮ವರ್ಷ ಕರ್ನಾಟಕದಲ್ಲಿ ತನ್ನ ಛಾಪು ಮೂಡಿಸಿದೆ. ‘ ಮಾನವಿ’ ಹೆಸರಿನಲ್ಲಿ ಪ್ರಾರಂಭವಾದ ಈ ಪತ್ರಿಕೆ ‘ಮಾನಸ ತಿಂಗಳ ಪತ್ರಿಕೆ’, ‘ಮಾನಸ’ ಹಾಗೂ ರಿಜಿಸ್ಟರ್ ಆಗುವಾಗ ‘ನಮ್ಮ ಮಾನಸ’ ವಾಗಿ ರೂಪುಗೊಂಡ"
uncertain,ficS=0 fic=0 nf=0 ficGenre=False,openlibrary_OL17874634W,A Very English Scandal,John Preston,Politics,"[""conspiracy""]",True,"Behind oak-panelled doors in the House of Commons, men with cut-glass accents and gold signet rings are conspiring to murder. It's the late 1960s and homosexuality has only just been legalised, and Jeremy Thorpe, the leader of the Liberal party, has a secret he's desperate to hide. As long as Norman"
uncertain,ficS=0 fic=0 nf=0 ficGenre=False,openlibrary_OL20731730W,Active measures,Thomas Rid,Science & Nature,"[""espionage-double-agent""]",True,"""This revelatory and dramatic history of disinformation traces the rise of secret organized deception operations from the interwar period to contemporary internet troll farms""--"
uncertain,ficS=0 fic=0 nf=0 ficGenre=False,openlibrary_OL1962476W,Angel's Christmas cookies,"Williams, Sam",Cooking,"[""elves-dwarves-orcs""]",True,"When Angel and Elf make cookie ornaments for Christmas Tree, the delicious smell attracts a baby snowbear, who takes more than just the cookies."
uncertain,ficS=0 fic=0 nf=1 ficGenre=True,openlibrary_OL1940953W,Any place I hang my hat,Susan Isaacs,"Politics,romance","[""domestic-fiction""]",True,"Growing up under the care of her financially disadvantaged grandmother after her mother's abandonment and father's imprisonment, Amy Lincoln wins prestigious scholarships and launches a journalism career before meeting a student who claims to be the illegitimate son of a presidential candidate."
uncertain,ficS=0 fic=0 nf=0 ficGenre=False,openlibrary_OL23670846W,Assassination vacation,Sarah Vowell,Travel,"[""assassination-plot""]",True,A tour of key historic sites in America where incidents of political violence have occurred reveals lesser-known points of interest pertaining to each and shares information about how history has been shaped by popular culture and tourism.
uncertain,ficS=0 fic=0 nf=0 ficGenre=False,openlibrary_OL492801W,Avalon High,Meg Cabot,Art,"[""prophecy""]",True,Very intriguing
uncertain,ficS=0 fic=0 nf=0 ficGenre=False,openlibrary_OL15683639W,Awesome Super Nintendo Secrets 2,"Zach Meston, J. Douglas Arnold",Art,"[""warp-speed""]",True,"This is a hints, tips, strategy and walkthrough guide for games on the Super Nintendo Entertainment System (SNES). It has detailed walkthroughs, level by level descriptions for 32 games, and originally, quick tips passwords and cheats for 23 games, (despite the back of the book saying there are ""ove"
uncertain,ficS=0 fic=0 nf=0 ficGenre=False,openlibrary_OL2857849W,Az Tihrān tā Kārākās,"Manūchihr Farmānfarmāʼiyān, Manūchihr Farmānfarmāʾiyān, Manucher Farmanfarmaian, Roxane Farmanfarmaian",Politics,"[""royalty""]",True,"Born into Iran's most powerful aristocratic family - so feared by Khomeini that the entire clan was blacklisted - Prince Manucher was raised in a vast harem with his thirty-five brothers and sisters, one of whom married the head of Iran's communist party, while another, who was once foreign minister"
uncertain,ficS=0 fic=0 nf=0 ficGenre=False,hardcover_467312,Back When We Were Grownups,Anne Tyler,Psychology,"[""domestic-fiction""]",True,"Een 53-jarige vrouw zit in een midlife-crisis en blikt terug op de tijd dat ze als 19-jarige trouwde met een weduwnaar met drie dochters, een groot huis en een bedrijf."
uncertain,ficS=0 fic=0 nf=0 ficGenre=False,openlibrary_OL20000772W,Balm,Dolen Perkins-Valdez,Religion & Spirituality,"[""missing-person""]",True,"""Set during the [era after the Civil War] and exploring the next chapter of history--the end of slavery--this ... story of love and healing is about three people who struggle to overcome the pain of the past and define their own future""-- The Civil War has ended, and Madge, Sadie, and Hemp have eac"
uncertain,ficS=0 fic=0 nf=0 ficGenre=False,hardcover_79629,Behold A Pale Horse,"Milton William Cooper, William Cooper",History,"[""conspiracy""]",False,
uncertain,ficS=0 fic=0 nf=0 ficGenre=False,openlibrary_OL272896W,Behold a Pale Horse,"William Cooper, Milton William Cooper",Politics,"[""conspiracy""]",True,William Cooper gives us an idea what is New World Order's meanings...
uncertain,ficS=0 fic=0 nf=0 ficGenre=False,openlibrary_OL20040801W,Belgravia,Julian Fellowes,History,"[""domestic-fiction""]",True,"""On the evening 15 June 1815, the great and the good of British society have gathered in Brussels at what is to become one of the most tragic parties in history -- the Duchess of Richmond's ball. For this is the eve of the Battle of Waterloo, and many of the handsome young men attending the ball wil"
uncertain,ficS=0 fic=0 nf=0 ficGenre=False,openlibrary_OL2716894W,Bioinformatics,Pierre Baldi,Science & Nature,"[""genetic-engineering""]",True,Pierre Baldi and Soren Brunak present the key machine learning approaches and apply them to the computational problems encountered in the analysis of biological data. The book is aimed at two types of researchers and students. First are the biologists and biochemists who need to understand new data-
uncertain,ficS=0 fic=0 nf=0 ficGenre=False,hardcover_862938,Bitch: In Praise of Difficult Women,Elizabeth Wurtzel,Biography & Memoir,"[""femme-fatale""]",True,"Verhandeling over de stelling dat onafhankelijke, eigenzinnige vrouwen veel boeiender zijn dan brave, volgzame types en dat de maatschappij op hun gedrag veel negatiever reageert dan op vergelijkbaar gedrag van mannen."
uncertain,ficS=0 fic=0 nf=0 ficGenre=False,openlibrary_OL17734855W,Bone appetit,Carolyn Haines,Cooking,"[""tournament-competition""]",True,"In the midst of a cook-off at a posh spa in Mississippi, southern PI Sarah Booth Delaney gets embroiled in a juicy murder when the beauty contest/cook-off's top contender gets poisoned."
uncertain,ficS=0 fic=0 nf=0 ficGenre=False,openlibrary_OL20030079W,Braving it,James Campbell,Travel,"[""coming-of-age""]",True,"""The powerful and affirming story of a father's journey with his teenage daughter to the far reaches of Alaska. Alaska's Arctic National Wildlife Refuge, home to only a handful of people, is a harsh and lonely place. So when James Campbell's cousin Heimo Korth asked him to spend a summer building a"
uncertain,ficS=0 fic=0 nf=0 ficGenre=False,openlibrary_OL16585150W,Chickadee,Louise Erdrich,History,"[""kidnapping""]",True,"In 1866, Omakayas's son Chickadee is kidnapped by two ne'er-do-well brothers from his own tribe and must make a daring escape, forge unlikely friendships, and set out on an exciting and dangerous journey to get back home."
uncertain,ficS=0 fic=0 nf=0 ficGenre=False,openlibrary_OL22278592W,Chief of Station,J. D. Narramore,History,"[""espionage-double-agent""]",True,"In the halls of the Kremlin, a plot is stirring. A young, rising Politburo member is on track to become leader of the Soviet Union and change history forever. The old guard wants him dead. A KGB Major has other ideas. Newly arrived in Moscow, CIA Chief of Station Carson Cooper has been told his d"
uncertain,ficS=0 fic=0 nf=0 ficGenre=False,openlibrary_OL17831663W,Christmas cookies,"Williams, Sam",Cooking,"[""elves-dwarves-orcs""]",True,"When Christmas Tree realizes that the hungry baby snowbear who wanted her sweet-smelling cookie ornaments also took her special Christmas star, Angel and Elf set out to retrieve the sparkling star to save their Christmas Eve celebration."
uncertain,ficS=0 fic=0 nf=0 ficGenre=False,openlibrary_OL3261891W,Colombia,Javier Giraldo,Politics,"[""assassination-plot""]",True,"Behind the media's focus on Colombia's drug war is an unmentioned horror story: the Dirty War that has given Colombia the worst human rights record in the hemisphere. With icy precision and passionate prose, Father Giraldo and Noam Chomsky reveal the deadly landscape of what Eduardo Galeano termed"
uncertain,ficS=0 fic=0 nf=0 ficGenre=False,openlibrary_OL16360841W,Columbus,Laurence Bergreen,History,"[""space-exploration""]",True,"An epic historical adventure awaits. Christopher Columbus's 1492 voyage across the Atlantic Ocean in search of a trading route to China, and his unexpected landfall in the Americas, is a watershed event in world history. Yet Columbus made three more voyages within the span of only a decade, each des"
uncertain,ficS=0 fic=0 nf=0 ficGenre=False,openlibrary_OL19668244W,Cosmoe's wiener getaway,Max Brallier,Cooking,"[""space-exploration""]",True,"Meet Cosmoe, the Earth-Boy. He's captain of the Neon Weiner, the finest flying food truck in the galaxy. Along with his bud, Big Humphree, he spends his days cruising the cosmos and staying crazy busy."
uncertain,ficS=0 fic=0 nf=1 ficGenre=True,openlibrary_OL19323198W,Countdown to Zero Day: Stuxnet and the Launch of the World's First Digital Weapon,Kim Zetter,"Science & Nature,Mystery,crime","[""espionage-double-agent""]",True,"""Top cybersecurity journalist Kim Zetter tells the story behind the virus that sabotaged Iran's nuclear efforts and shows how its existence has ushered in a new age of warfare--one in which a digital attack can have the same destructive capability as a megaton bomb. In January 2010, inspectors with"
uncertain,ficS=0 fic=0 nf=0 ficGenre=False,openlibrary_OL19995221W,Cuba straits,Randy Wayne White,Politics,"[""missing-person""]",True,"""Doc Ford's old friend, General Juan Garcia, has gone into the lucrative business of smuggling Cuban baseball players into the U.S. He is also feasting on profits made by buying historical treasures for pennies on the dollar. He prefers what dealers call HPC items-high-profile collectibles-but when"
uncertain,ficS=0 fic=0 nf=0 ficGenre=False,openlibrary_OL15796987W,Cyberia,Chris Lynch,Science & Nature,"[""talking-animals""]",True,"In a future where electronic surveillance has taken the place of love, a veterinarian is putting computer chips in animals to control them, and those creatures choose young Zane, who understands their speech, to release captives and bring them to a technology-free safety zone."
uncertain,ficS=0 fic=0 nf=0 ficGenre=False,hardcover_487472,Death Is Hard Work,"Khaled Khalifa, Leri Price",History,"[""road-trip""]",False,
uncertain,ficS=0 fic=0 nf=0 ficGenre=False,openlibrary_OL2011066W,Disloyal mothers and scurrilous citizens,Kathleen Kennedy,Politics,"[""espionage-double-agent""]",True,"""Disloyal Mothers and Scurrilous Citizens focuses on the arrests, trials, and defenses of women charged under the Wartime Emergency Laws passed soon after the United States entered World War I. These women, often members of the political left, whose anti-war or pro-labor activity brought them to the"
uncertain,ficS=0 fic=0 nf=0 ficGenre=False,hardcover_437012,Disoriental,"Négar Djavadi, Tina A. Kover",History,"[""family-saga-across-generations""]",False,
uncertain,ficS=0 fic=0 nf=0 ficGenre=False,openlibrary_OL19731627W,Down and across,Arvin Ahmadi,Psychology,"[""coming-of-age""]",True,"""Sixteen-year-old Scott Ferdowsi's impromptu trip to a famous professor for advice about success turns into a summer of freedom that brings him answers in unexpected places""--"
uncertain,ficS=0 fic=0 nf=0 ficGenre=False,openlibrary_OL20936834W,"Duck, dive, rock & roll",Kenny Abdo,Music,"[""tournament-competition""]",True,"Immediately after switching schools, Jon Gummyshoes, fourth-grade detective, is confronted with a new case--someone is trying to sabotage one of the bands in the upcoming Battle of the Bands by threatening the lead singer."
uncertain,ficS=0 fic=0 nf=0 ficGenre=False,openlibrary_OL25808022W,Either/or,Elif Batuman,Self-Help,"[""coming-of-age""]",True,"Selin returns to Harvard for her sophomore year, spends lots of time thinking about Ivan, then moves on."
uncertain,ficS=0 fic=0 nf=0 ficGenre=False,openlibrary_OL2001056W,El Buen Nombre (Lingua Franca),Jhumpa Lahiri,Psychology,"[""domestic-fiction""]",True,"Gogol is named after his father's favourite author. But growing up in an Indian family in suburban America, the boy starts to hate the awkward name and itches to cast it off, along with the inherited values it represents. Determined to live a life far removed from that of his parents, Gogol sets off"
uncertain,ficS=0 fic=0 nf=0 ficGenre=False,openlibrary_OL17828345W,Elsie's new life,Martha Finley,Travel,"[""domestic-fiction""]",True,"During her tenth summer, Elsie is reunited with old friends, travels throughout New England, and introduces her father to the woman who will become her new mother."
uncertain,ficS=0 fic=0 nf=0 ficGenre=False,hardcover_379168,Escape,Carolyn Jessop,Biography & Memoir,"[""arranged-marriage""]",False,
uncertain,ficS=0 fic=0 nf=0 ficGenre=False,openlibrary_OL4616538W,Except for me and thee,Jessamyn West,Religion & Spirituality,"[""coming-of-age""]",True,"**These further adventures of Jess and Eliza Birdwell, the beloved hero and heroine of *''The Friendly Persuasion,''* are cause for celebration to the millions who have met them in Jessamyn West's memorable book.** ***Here are those gallant Quakers, young and in love, meeting the challenges of na"
uncertain,ficS=0 fic=0 nf=0 ficGenre=False,openlibrary_OL8850799W,Extreme Adventures Northern California,Brad Olsen,Travel,"[""road-trip""]",True,"Adrenaline junkies love this unique guide, packed with radical excursions to get your blood pumping. Get your kicks paragliding, whitewater rafting in Indian Country, extreme biking on Mt. Tamalpais, river running in Gold Country, climbing Mt. Shasta, sea kayaking along the Lost Coast or ballooning"
uncertain,ficS=0 fic=0 nf=0 ficGenre=False,openlibrary_OL6037333W,Fearsome Tales for Fiendish Kids,Jamie Rix,Art,"[""royalty""]",True,"What terrible cure lies in store for the girl who feigns illness when it’s time to go to school? And what about Serena Slurp, the greedy guzzler who can’t stop gorging? Or Johnny Bullneck, the bully who gets his fingers burnt (and more!)? And Bessy O’Messy, whose bedroom is like a bomb pit? Or Well’"
uncertain,ficS=0 fic=0 nf=0 ficGenre=False,openlibrary_OL17510061W,Feeding The Planet Environmental Protection Through Sustainable Agriculture,Klaus Wiegandt,Science & Nature,"[""genetic-engineering""]",True,"""Feeding the Planet: Environmental Protection through Sustainable Agriculture promotes conscious and responsible dealings with nature and with ourselves, and poses an important question: how can we maintain a viable and vital diversity of the species - including our own?""--Jacket."
uncertain,ficS=0 fic=0 nf=0 ficGenre=False,openlibrary_OL15506869W,Final touch,Brandilyn Collins,Religion & Spirituality,"[""kidnapping""]",True,"Minutes before her rock-star mother is to marry her once-estranged father and make her life complete, sixteen-year-old Shaley is kidnapped, and she must stay strong and rely on God to help her save herself."
uncertain,ficS=0 fic=0 nf=0 ficGenre=False,hardcover_258677,Fish: A Proven Way to Boost Morale and Improve Results,"Stephen C. Lundin, Ken Blanchard, Harry Paul, John Christensen",Psychology,"[""workplace""]",False,
uncertain,ficS=0 fic=0 nf=0 ficGenre=False,openlibrary_OL2709199W,Freedom,"Manning Marable, Leith Mullings, Sophie Spencer-Wood",History,"[""domestic-fiction""]",True,Contributed articles.
uncertain,ficS=0 fic=0 nf=0 ficGenre=False,openlibrary_OL8159636W,Frommer's Portable San Diego,David Swanson,Travel,"[""road-trip""]",True,"Frommer's Portable Guides offer all the detailed information and insider advice of a Frommer's Complete Guide--but in a concise, pocket-sized format. Perfect for the short-term traveler who insists on value and doesn't want to wade through or carry a full-size guidebook, this series selects the v"
uncertain,ficS=0 fic=0 nf=0 ficGenre=False,openlibrary_OL20076533W,Fry another day,J. J. Cook,Cooking,"[""tournament-competition""]",True,"With a few loyal friends in tow--including her handsome attorney, Miguel, and her cat, Crème Brûlée--Zoe drives the Biscuit Bowl to Charlotte, North Carolina, to enter a nationally televised food truck race. The contest features challenges across the Southeast, and with a fifty-thousand-dollar grand"
uncertain,ficS=0 fic=0 nf=0 ficGenre=False,openlibrary_OL3744400W,Galileo,Stillman Drake,Science & Nature,"[""space-exploration""]",True,"Washington Cathedral & Shakespeare & Co. present ""Galileo,"" by Bertolt Brecht, directed by Ted Walch, music composed and directed by Richard Dirksen, costumes by Wren Cooper, setting by Edward Crow, properties by Sally Cunningham, lighting by David Stevens."
uncertain,ficS=0 fic=0 nf=0 ficGenre=False,openlibrary_OL22319428W,Game over,Andrew Klavan,Religion & Spirituality,"[""virtual-reality-world""]",True,"""Rick emerged victorious from The Realm twice. Is his luck about to run out?""--"
uncertain,ficS=1 fic=0 nf=2 ficGenre=False,openlibrary_OL3152211W,"Genes, Trade, and Regulation",Thomas Bernauer,Cooking,"[""genetic-engineering""]",True,"""This book provides novel and thought-provoking insights into the fundamental policy issues involved in agricultural biotechnology. Thomas Bernauer explains global regulatory polarization and trade conflict in this area. He then evaluates cooperative and unilateral policy tools for coping with trade"
uncertain,ficS=1 fic=0 nf=2 ficGenre=False,openlibrary_OL16023250W,Get Smart Once Again!,William Joseph Johnston,Art,"[""espionage-double-agent""]",True,"This is the third in a series of nine novels based on the television series ""Get Smart"". This book tells the story of Maxwell Smart, as he begins a new mission to help protect a female cryptographer {secret code breaker} named Peaches Twelvetrees, as she tries to solve the Dooms Day Plan code, of KA"
uncertain,ficS=0 fic=0 nf=0 ficGenre=False,hardcover_649326,How Far the Light Reaches: A Life in Ten Sea Creatures,Sabrina Imbler,Biography & Memoir,"[""coming-of-age""]",True,"Sabrina Imbler has always been drawn to the mystery of life in the sea, and particularly to creatures living in hostile or remote environments. Each essay in their debut collection profiles one such creature, including: the mother octopus who starves herself while watching over her eggs, the Chi"
uncertain,ficS=0 fic=0 nf=0 ficGenre=False,openlibrary_OL9643886W,"How and When ""Heaven's Gate"" (The Door to the Physical Kingdom Level Above Human) May Be Entered",Heavens Representatives,Religion & Spirituality,"[""prophecy""]",True,"Farewell Legacy and Departure Announcement of ""Ti and Do"" and Their Students/Disciples Heaven's Gate - How and When the Door to the Physical Kingdom Level Above Human May Be Entered - Organized Religions Are Killers of Souls - UFOs and Space Aliens -- Sorting Good from Bad - Fin"
uncertain,ficS=0 fic=0 nf=0 ficGenre=False,openlibrary_OL19704945W,I forgot to remember,Su Meck,Health & Fitness,"[""amnesia""]",True,"""Just twenty-two years old, Su Meck was already married and the mother of two children in 1988 when a ceiling fan in the kitchen of her home fell from its mounting and struck her in the head. She survived the life-threatening swelling in her brain that resulted from the accident, but when she regain"
uncertain,ficS=0 fic=0 nf=0 ficGenre=False,openlibrary_OL21106708W,Iconoclastic Imagination,Ned O'Gorman,Psychology,"[""assassination-plot""]",True,"Bloody, fiery spectacles - the Challenger disaster, 9/11, JFK's assassination - have given us moments of catastrophe that make it easy to answer the 'where were you when' question and shape our ways of seeing what came before and after. But why are these spectacles so packed with meaning? In 'The Ic"
uncertain,ficS=0 fic=0 nf=0 ficGenre=False,openlibrary_OL14865320W,In like Flynn,Rhys Bowen,Religion & Spirituality,"[""kidnapping""]",True,"Private investigator Molly Murphy goes undercover within the household of a senator and his wife, the latter of whom frequently solicits the infamous Sorensen sister spiritualists for information about her presumed-dead son."
uncertain,ficS=0 fic=0 nf=0 ficGenre=False,openlibrary_OL19730262W,In the enemy's house,Howard Blum,Biography & Memoir,"[""espionage-double-agent""]",True,"""In 1946, genius linguist and codebreaker Meredith Gardner discovered that the KGB was running an extensive network of strategically placed spies inside the United States, whose goal was to infiltrate American intelligence and steal the nation's military and atomic secrets. Over the course of the ne"
uncertain,ficS=0 fic=0 nf=0 ficGenre=False,openlibrary_OL12279104W,Inside the mind of BTK,John Douglas,Biography & Memoir,"[""serial-killer""]",True,"A dramatic and compelling true-crime psychological thriller This incredible story shows how John Douglas tracked and participated in the hunt for one of the most notorious serial killers in U.S. history. For 31 years a man who called himself BTK (Bind, Torture, Kill) terrorized the city of Wichita"
uncertain,ficS=0 fic=0 nf=0 ficGenre=False,openlibrary_OL17873256W,Into the maelstrom,David Drake,Politics,"[""first-contact-with-aliens""]",True,"""The Cutter Stream colonies were at peace. If everyone behaved reasonably, that peace could last a thousand years. Allen Allenson had known war; it had made him peaceful and reasonable. He was far too experienced to believe the same of all his fellow colonists, let alone the government of the distan"
uncertain,ficS=0 fic=0 nf=0 ficGenre=False,openlibrary_OL15025199W,Jesus the seer,Ben Witherington,Religion & Spirituality,"[""prophecy""]",True,"""Witherington aims to look at the broader expression of prophecy in its ancient Mediterranean context in an attempt to better understand biblical prophecy in that wider context. Equipped with an impressive appreciation for the cross-cultural nature of prophecy in the ancient world, Witherington is t"
uncertain,ficS=0 fic=0 nf=0 ficGenre=False,openlibrary_OL2291764W,Johnny Tremain,Esther Forbes,History,"[""apprenticeship-training-arc""]",True,"Johnny Tremain, a young apprentice silversmith, is caught up in the danger and excitement of 1775 Boston, just before the Revolutionary War. But even more gripping than living through the drama of Revolutionary Boston is the important discovery Johnny makes in his own life."
uncertain,ficS=0 fic=0 nf=0 ficGenre=False,openlibrary_OL362702W,Julius Caesar,William Shakespeare,Biography & Memoir,"[""assassination-plot""]",True,"St. Albans School presents The Oxford and Cambridge Shakespeare Company (by arrangement with Harold Shaw) in ""Julius Caesar,"" by William Shakespeare, directed by Jonathan Miller, designed by Bernard Culshaw, lighting by David Hersey, assistant director John Hodgson, production assistant John Madden."
uncertain,ficS=0 fic=0 nf=0 ficGenre=False,hardcover_128423,Killing Kennedy,"Martin Dugard, Bill O'Reilly",History,"[""assassination-plot""]",False,
uncertain,ficS=0 fic=0 nf=0 ficGenre=False,openlibrary_OL19985136W,La Gara Dei Supercuochi,Elisabetta Dami,Cooking,"[""tournament-competition""]",True,"The book, The Super Chef Contest by Geronimo Stilton, is a fantasy story about Geronimo and his cousin, Trap. The conflict of the story is that Trap is trying to convince Geronimo to be his assistant just so Geronimo can taste his horrible food."
uncertain,ficS=0 fic=0 nf=0 ficGenre=False,openlibrary_OL27057477W,La nourriture,Jim Kerr,Cooking,"[""genetic-engineering""]",True,"Cette collection se propose de faire réfléchir les adolescents à diverses questions d'éthique qui alimentent les débats d'actualité ayant trait aux progrès scientifiques, technologiques et médicaux. Chaque titre présente ainsi des textes fouillés qui passent en revue les positions et arguments contr"
uncertain,ficS=0 fic=0 nf=0 ficGenre=False,openlibrary_OL1835386W,Las cinco disfunciones de un equipo,Patrick Lencioni,Business & Economics,"[""workplace""]",True,"In The Five Dysfunctions of a Team Patrick Lencioni once again offers a leadership fable that is as enthralling and instructive as his first two best-selling books, The Five Temptations of a CEO and The Four Obsessions of an Extraordinary Executive. This time, he turns his keen intellect and storyte"
uncertain,ficS=0 fic=0 nf=0 ficGenre=False,openlibrary_OL1618162W,Letters from Alaska,John Reid Muir,Biography & Memoir,"[""road-trip""]",True,A collection of newspaper articles written by John Muir as he explored the wilderness of southeastern Alaska in 1879 and 1880.
uncertain,ficS=0 fic=0 nf=0 ficGenre=False,openlibrary_OL22072824W,Lewis and Clark in their own words,Janey Levy,Travel,"[""space-exploration""]",True,"Draws from primary source materials to provide insight into the journey of Meriwether Lewis and William Clark, from preparing for the expedition to crossing the Great Divide to their trip home."
uncertain,ficS=0 fic=0 nf=0 ficGenre=False,openlibrary_OL20092658W,Lincoln's Spies,Douglas Waller,History,"[""espionage-double-agent""]",True,"Veteran journalist Douglas Waller, who has written ground-breaking intelligence histories, turns his sights on the shadow war of four secret agents for the North, three men and one woman. From the tense days before Abraham Lincoln's inauguration in 1861 to the surrender at Appomattox four years late"
uncertain,ficS=0 fic=0 nf=0 ficGenre=False,openlibrary_OL17761452W,Little men,Louisa May Alcott,History,"[""domestic-fiction""]",True,"The characters from Little Women grow up and begin new adventures at Plumfield, a progressive school founded by Jo and her husband, Professor Bhaer. Follows the adventures of Jo March and her husband Professor Bhaer as they try to make their school for boys a happy, comfortable, and stimulating p"
uncertain,ficS=0 fic=0 nf=1 ficGenre=True,openlibrary_OL17884967W,Look both ways,Alison Cherry,"Art,romance","[""apprenticeship-training-arc""]",True,The story of a girl who apprentices at a summer theater festival hoping she's finally found a place to belong only to learn that neither talent nor love is as straightforward as she thinks.
uncertain,ficS=0 fic=0 nf=0 ficGenre=False,openlibrary_OL74897W,Love & conquest,"Catherine II, Empress of Russia, Catherine, Grigorii Aleksandrovich Potemkin, Douglas Smith undifferentiated",History,"[""royalty""]",True,"""Of all of history's great romances, few can compare with that of Catherine the Great and Prince Grigory Potemkin. Their turbulent and complicated relationship shocked their contemporaries and continues to intrigue observers of Russia centuries later. Lovers, companions, and, most likely, husband an"
uncertain,ficS=0 fic=0 nf=0 ficGenre=False,hardcover_671188,MBS,Ben  Hubbard,Biography & Memoir,"[""royalty""]",False,
uncertain,ficS=0 fic=0 nf=0 ficGenre=False,openlibrary_OL6035409W,MI6 and the machinery of spying,Philip H. J. Davies,History,"[""espionage-double-agent""]",True,Davies traces the development of the internal structure of the British secret intelligence service and reveals the agency's close institutional links to its consumers in Whitehall and Downing Street. He presents a detailed response to assertions that the SIS was chronically badly managed.
uncertain,ficS=1 fic=0 nf=2 ficGenre=False,openlibrary_OL19867318W,Max Smart - The Spy Who Went Out to the Cold,William Joseph Johnston,Art,"[""espionage-double-agent""]",True,"This is the seventh in a series of nine novels based on the television series ""Get Smart"". This book tells the story of how Maxwell Smart, and his female partner Agent 99, are required to take a rocket scientist named Professor Wormser von Boom, to a secret laboratory at the North Pole. To do this,"
uncertain,ficS=1 fic=0 nf=2 ficGenre=False,openlibrary_OL4026136W,Max Smart Loses CONTROL,William Joseph Johnston,Art,"[""espionage-double-agent""]",True,"This is the eighth in a series of nine novels based on the television series ""Get Smart"". This book tells the story of how Maxwell Smart, and his female partner Agent 99, must help Hymie the Robot, to rescue the kidnapped main computer of CONTROL named Number One. The villainous group known as KAOS,"
uncertain,ficS=1 fic=0 nf=2 ficGenre=False,openlibrary_OL19867670W,Max Smart and The Ghastly Ghost Affair,William Joseph Johnston,Art,"[""espionage-double-agent""]",True,"This is the final book in a series of nine novels based on the television series ""Get Smart"". This book tells the story of how Maxwell Smart, and his partner {and now his wife} Agent 99, try to follow KAOS agents to a secret assains' seminar. However the passangers on the train dissapear. They are c"
uncertain,ficS=0 fic=0 nf=0 ficGenre=False,openlibrary_OL16417W,Memoranda during the war,Walt Whitman,History,"[""assassination-plot""]",True,"""In December of 1862, having read his brother's name in a casualty list, Walt Whitman rushed from Brooklyn to the war front, where he found his brother wounded but recovering. But Whitman also found there a ""new world,"" a world dense with horror and revelation."" ""Memoranda During the War is Whitman'"
uncertain,ficS=0 fic=0 nf=0 ficGenre=False,openlibrary_OL5848252W,Mina,Jonatha Ceely,Cooking,"[""secret-identity""]",True,"Working in a nineteenth-century English manor house, a young Irish immigrant runs from the brutality and horror of her peasant life back in Ireland, but the palatial illusion cannot last forever."
uncertain,ficS=0 fic=0 nf=0 ficGenre=False,openlibrary_OL19963935W,Mirage (Above World),Jenn Reese,Travel,"[""genetic-engineering""]",True,"The desert is no place for ocean-dwelling Kampii like Aluna and Hoku, especially now that Aluna has secretly started growing her tail. The desert is no place for ocean-dwelling Kampii like Aluna and Hoku, especially now that Aluna has secretly started growing her tail. Book #2"
uncertain,ficS=0 fic=0 nf=0 ficGenre=False,openlibrary_OL16517855W,Monica and the Sweetest Song,Diana G. Gallagher,Music,"[""tournament-competition""]",True,"Because of their boyfriends, Monica and Claudia are cheering for competing bands in the Battle of the Bands--will this competition damage their friendship?"
uncertain,ficS=0 fic=0 nf=0 ficGenre=False,openlibrary_OL2163638W,Mostly Harmless,Douglas Adams,Art,"[""space-exploration""]",True,"In the fifth volume of the Hitchhiker series, Random, the daughter of Arthur Dent, leaves her remote home planet on the edge of the universe to set out a cross-galactic odyssey in search of her ancestors' native planet."
uncertain,ficS=0 fic=0 nf=0 ficGenre=False,openlibrary_OL20049444W,Mrs. Sherlock Holmes,Brad Ricca,Biography & Memoir,"[""missing-person""]",True,"Mrs. Sherlock Holmes tells the incredible true life story of Mrs. Grace Humiston, the New York lawyer and detective who solved the famous cold case of Ruth Cruger, an 18-year-old girl who disappeared in 1917. Grace was an amazing lawyer and traveling detective during a time when no women were practi"
uncertain,ficS=0 fic=0 nf=0 ficGenre=False,hardcover_692454,My Story,"Elizabeth  Smart, Chris Stewart",Biography & Memoir,"[""kidnapping""]",False,
uncertain,ficS=0 fic=2 nf=2 ficGenre=False,openlibrary_OL19969779W,My story,Elizabeth Smart,Biography & Memoir,"[""kidnapping""]",True,"""For the first time, ten years after her abduction from her Salt Lake City bedroom, Elizabeth Smart reveals how she survived and the secret to forging a new life in the wake of a brutal crime On June 5, 2002, fourteen-year-old Elizabeth Smart, the daughter of a close-knit Mormon family, was taken fr"
uncertain,ficS=0 fic=0 nf=0 ficGenre=False,openlibrary_OL17043627W,Nano Contestant - Episode 1,Leif Sterling,Art,"[""conspiracy"", ""nanotechnology""]",True,"*Fans of the Hunger Games and Sci-Fi Thrillers will love the new Nano Contestant Series!* **NANO CONTESTANT SERIES:** Episode 1 of 12 Serialized Episodes In 2114, Pinnacle Corporation, the world’s largest tech company, hosts the Tech Games to showcase the world’s latest technology. The contes"
uncertain,ficS=0 fic=0 nf=0 ficGenre=False,openlibrary_OL16974952W,Nanopathology,Antonietta M. Gatti,Art,"[""nanotechnology""]",True,Describes the impact of nanoparticles and microparticles on human and animal health and offers criteria for preventing potential problems deriving from these particles.
uncertain,ficS=0 fic=0 nf=0 ficGenre=False,openlibrary_OL16693222W,Neil Flambé and the Aztec abduction,Kevin Sylvester,Cooking,"[""kidnapping""]",True,"When Neil arrives in Mexico City to partake in the Battle of the Chefs, he learns that Isabella has been kidnapped and it will take a dose of Aztec history and knowledge of buried ruins to find her before time runs out."
uncertain,ficS=0 fic=0 nf=0 ficGenre=False,openlibrary_OL16803726W,No Easy Day,"Mark Owen, Kevin Maurer",Science & Nature,"[""assassination-plot""]",True,See https://openlibrary.org/works/OL16803726W/No_Easy_Day
uncertain,ficS=0 fic=0 nf=0 ficGenre=False,openlibrary_OL19988992W,No fortunate son,Brad Taylor,Science & Nature,"[""hostage-situation"", ""missing-person""]",True,"""In the latest military thriller from the retired Delta Force Operator and New York Times bestselling author, a hostage situation places America's most powerful political elite at the mercy of its worst enemies. When veteran operator Pike Logan and partner Jennifer Cahill receive a letter from Blais"
uncertain,ficS=0 fic=0 nf=0 ficGenre=False,openlibrary_OL2367997W,No kill no thrill,"Darcy Henton, Greg Owens",Biography & Memoir,"[""serial-killer""]",True,"In a remote corner of the Sierra Nevada foothills of Northern California, Charles Ng hatched a nightmarish scheme of kidnapping and murder with another ex-marine survivalist, Leonard Lake ..."
uncertain,ficS=0 fic=0 nf=1 ficGenre=True,openlibrary_OL1622789W,Noli Me Tangere,José Rizal,"Business & Economics,romance","[""missing-person""]",True,"The book revolves on the struggles of young Crisostomo Ibarra: how he humbly fights for his childhood sweetheart Maria Clara, for himself and for his fellowmen against the Spanish priest Padre Damaso and the Spanish Government who were then conquerors of San Diego, his native hometown. Coming home t"
uncertain,ficS=0 fic=0 nf=0 ficGenre=False,hardcover_263963,Olive Kitteridge,Elizabeth Strout,History,"[""domestic-fiction""]",False,
uncertain,ficS=0 fic=0 nf=0 ficGenre=False,openlibrary_OL19971831W,One crow alone,S. D. Crockett,Travel,"[""missing-person""]",True,"Born at the height of a mid-twenty-first-century ice age, fifteen-year-old Willo Blake encounters outlaws, halfmen, and an abandoned girl while journeying in search of his family members who have mysteriously disappeared from their freezing mountaintop home."
uncertain,ficS=0 fic=0 nf=0 ficGenre=False,openlibrary_OL2670538W,Our Posthuman Future,Francis Fukuyama,History,"[""genetic-engineering"", ""cloning""]",True,"""In 1989, Francis Fukuyama made his now-famous pronouncement that because the major alternatives to liberal democracy had exhausted themselves, history as we knew it had reached its end. Ten years later, he revised his argument: we hadn't reached the end of history, he wrote, because we hadn't yet r"
uncertain,ficS=0 fic=0 nf=0 ficGenre=False,openlibrary_OL20034433W,Patient H.M.,Luke Dittrich,Biography & Memoir,"[""amnesia""]",True,"""In the late 1930s, in asylums and hospitals across America, a group of renowned neurosurgeons worked to develop and refine a new class of brain operation--the lobotomy--that they hoped would eradicate everything from schizophrenia to homosexuality...The most important test subject to emerge from th"
uncertain,ficS=0 fic=0 nf=0 ficGenre=False,openlibrary_OL19333397W,"Permanent Present Tense: The Unforgettable Life of the Amnesic Patient, H. M.",Suzanne Corkin,Biography & Memoir,"[""amnesia""]",True,"""The ... story of H.M., a brain-damaged amnesic whose case dramatically expanded the frontiers of neuroscience. H.M.'s true identity was only made public following his death in December 2008, and now neuroscientist Suzanne Corkin, who worked closely with H.M for nearly fifty years, tells the full st"
uncertain,ficS=1 fic=0 nf=2 ficGenre=False,openlibrary_OL15839161W,Pop Princess,Rachel Cohn,Music,"[""tournament-competition""]",True,"The Barnes & Noble Review A teen Dairy Queen worker -- with connections and a too-cool name to boot -- rises to music stardom in this trendy, candy popfilled read from Gingerbread and The Steps author Rachel Cohn. Although Wonder Blake stands in the daunting shadow of her sister, Lucky -- a b"
uncertain,ficS=0 fic=0 nf=0 ficGenre=False,openlibrary_OL2720843W,Power Play,"Joseph Finder, Joseph Finder",Business & Economics,"[""hostage-situation""]",True,"It was the perfect retreat for a troubled company. No cell phones. No Blackberrys. No cars. Just a luxurious, remote lodge surrounded by thousands of miles of wilderness. All the top officers of the Hammond Aerospace Corporation are there. And one last-minute substitute a junior executive named Jake"
uncertain,ficS=0 fic=0 nf=0 ficGenre=False,openlibrary_OL2027740W,Promises I Can Keep,"Kathryn Edin, Maria Kefalas, Kathryn Edin",Science & Nature,"[""single-dad-mom""]",True,"Millie Acevedo bore her first child before the age of 16 and dropped out of high school to care for her newborn. Now 27, she is the unmarried mother of three and is raising her kids in one of Philadelphia's poorest neighborhoods. Would she and her children be better off if she had waited to have the"
uncertain,ficS=0 fic=0 nf=0 ficGenre=False,openlibrary_OL13673152W,"RISE AND SHINE: SUNLIGHT, TECHNOLOGY AND HEALTH",Simon Carter,Health & Fitness,"[""sunshine""]",True,"""Rise and Shine takes as its starting point a view of sunlight as part of our material and social culture. How did the use of sunlight to treat tuberculosis and rickets in the early twentieth century alter our relationship with the sun? When was suntan lotion invented? By drawing on a range of archi"
uncertain,ficS=1 fic=0 nf=2 ficGenre=False,openlibrary_OL19985953W,Rainey Royal,Dylan Landis,Music,"[""coming-of-age""]",True,"""Greenwich Village, 1970s: Rainey Royal, fourteen years old, talented, and troubled, lives in a once-elegant, now decaying brownstone with her father, a jazz musician with a cultish personality. Her mother has abandoned the family, and Rainey fends off advances from her father's best friend while tr"
uncertain,ficS=0 fic=0 nf=0 ficGenre=False,openlibrary_OL15839361W,Ransom,"Ann Hagedorn, Ann Hagedorn Auerbach",Travel,"[""hostage-situation"", ""kidnapping""]",True,"In Ransom, Ann Hagedorn Auerbach explores two years in the high-stakes world of international kidnapping, beginning on July 4, 1995, when terrorists seized an American couple relaxing on the banks of a river in Kashmir. Seamlessly moving between this story and others, Auerbach provides the first in"
uncertain,ficS=0 fic=0 nf=0 ficGenre=False,openlibrary_OL3995443W,Revelationes,Bridget of Sweden,Biography & Memoir,"[""prophecy""]",True,Collection of ca 700 religious experiences which Saint Birgitta of Sweden had during prayer and which were afterwards written down in Latin and later translated in other languages.
uncertain,ficS=0 fic=0 nf=0 ficGenre=False,openlibrary_OL19669327W,Revenge of the space pirates,Max Brallier,Cooking,"[""space-exploration"", ""kidnapping""]",True,"""The past and future collide for Cosmoe, Big Humphree, and Princess Dagger! Cosmoe's been taken hostage by space pirate Rami, the same pirate who seized him years earlier, beginning his life in space. As memories of Cosmoe's and Humphree's first days on the Neon Wiener unfold, the danger now is big-"
uncertain,ficS=0 fic=0 nf=0 ficGenre=False,hardcover_786576,Rise of the Machines: A Cybernetic History,Thomas Rid,History,"[""cybernetic-enhancement""]",True,"""Springing from the febrile mind of mathematician Norbert Wiener amid the devastation of World War II, the cybernetic vision underpinned a host of seductive myths about the future of machines. This vision would radically transform the postwar world, ushering in sweeping cultural change. From the Col"
uncertain,ficS=0 fic=0 nf=0 ficGenre=False,openlibrary_OL19993414W,Robert Ludlum's the Geneva strategy,Jamie Freveletti,Science & Nature,"[""kidnapping""]",True,"""On one evening in Washington, DC, several high-ranking members of government disappear in a mass kidnapping. Among the kidnapped is Nick Rendel, a computer software coding expert in charge of drone programming and strategy. If his dangerous knowledge is revealed, his kidnappers could reprogram the"
uncertain,ficS=0 fic=0 nf=0 ficGenre=False,openlibrary_OL8036607W,Roosevelt's Secret War,Joseph Persico,History,"[""espionage-double-agent""]",True,"Despite all that has already been written on Franklin Delano Roosevelt, Joseph Persico has uncovered a hitherto overlooked dimension of FDR's wartime leadership: his involvement in intelligence and espionage operations.Roosevelt's Secret War is crowded with remarkable revelations:-FDR wanted to bomb"
uncertain,ficS=0 fic=0 nf=0 ficGenre=False,openlibrary_OL5043599W,Rumble meets Chester the Chef,Felicia Law,Cooking,"[""dragons""]",True,"Fed up with Shelby Spider's cooking, Rumble the dragon hires Chester to be the chef in his hotel's fancy restaurant, but Shelby is determined to cause trouble for Chester."
uncertain,ficS=0 fic=0 nf=0 ficGenre=False,openlibrary_OL5043601W,Rumble meets Eli Elephant,Felicia Law,Music,"[""dragons""]",True,"Rumble the dragon has hired an orchestra for the grand opening of his Cave Hotel, but the conductor may not be able to fit through the front door."
uncertain,ficS=0 fic=0 nf=0 ficGenre=False,hardcover_851350,"Russians Among Us: Sleeper Cells, Ghost Stories, and the Hunt for Putin's Spies",Gordon Corera,History,"[""espionage-double-agent""]",False,
uncertain,ficS=0 fic=0 nf=0 ficGenre=False,openlibrary_OL23184405W,Sand spider,Carl Bowen,Science & Nature,"[""kidnapping""]",True,"Part way through integrating their first female member into the Shadow Squadron, Lieutenant Commander Ryan Cross and his team are called upon to investigate the possible kidnapping of a powerful senator's son in Mali--and find themselves confronting an infamous slaver called the Spider."
uncertain,ficS=0 fic=0 nf=0 ficGenre=False,openlibrary_OL15270974W,Scott Pilgrim's Finest Hour (Scott Pilgrim #6),Bryan Lee O'Malley,Art,"[""coming-of-age""]",True,"""Six of Ramona's seven evil exes dispatched, it should be time for Scott Pilgrim to face Gideon Graves, the biggest and baddest of her former beaus. But didn't Ramona take off at the end of Book 5? Shouldn't that let Scott off the hook? Maybe it should, maybe it shouldn't, but one thing is for certa"
uncertain,ficS=0 fic=0 nf=0 ficGenre=False,openlibrary_OL6150259W,Seeds of contention,"Per Pinstrup-Andersen, Ebbe Schiøler",Cooking,"[""genetic-engineering""]",True,In recent years the media have reported on the increasing use of genetically modified crops in agriculture. This text focuses attention on the less discussed issues of the potential benefits of genetically modified crops for developing countries.
uncertain,ficS=0 fic=0 nf=0 ficGenre=False,openlibrary_OL19914493W,Seven Days in the Art World,Sarah Thornton,Art,"[""tournament-competition""]",True,"From London to Beijing to New York, art sales are booming, and the art world receives the sort of breathless media attention once reserved for celebrities and royals. In Seven Days in the Art World, Sarah Thornton, a brilliant young sociologist, looks at all aspects of buying, selling, and creating"
uncertain,ficS=1 fic=0 nf=2 ficGenre=False,openlibrary_OL41754W,Shades Of Fortune,Stephen Birmingham,Business & Economics,"[""family-saga-across-generations""]",True,"This is a novel of a modern-day cosmetics empire and the dynamic family dynasty behind it. Stephen Birmingham is the author of more than 20 works of fiction and nonfiction including ""The Auerbach Will"" and ""The LeBaron Secret"".--Goodread Mireille ""Mimi"" Myerson--president of the Miray Cosmetic Co"
uncertain,ficS=0 fic=0 nf=0 ficGenre=False,openlibrary_OL16796775W,Sometimes It Was Beautiful,PT Armstrong,Biography & Memoir,"[""coming-of-age""]",True,"SOMETIMES IT WAS BEAUTIFUL is a very different kind of book in the annals of work published in the American and African-African tradition. It is a true to life story told by PT Armstrong, a man whose incredible life began as the son of an impoverished sharecropper in Texas but who survived those sla"
uncertain,ficS=1 fic=1 nf=3 ficGenre=False,openlibrary_OL15152545W,"Sorry, Chief...",William Joseph Johnston,Art,"[""espionage-double-agent""]",True,"This is the second in a series of nine novels based on the television series ""Get Smart"". This book tells the story of Maxwell Smart, and his female partners Agent 99, as they try to find a scientist named Dr. X, on a ship. They must stop him from selling a invisibility formula to the villainous gro"
uncertain,ficS=0 fic=0 nf=0 ficGenre=False,hardcover_616101,Spare,"Prince Harry, J.R. Moehringer",Biography & Memoir,"[""royalty""]",False,
uncertain,ficS=0 fic=0 nf=0 ficGenre=False,openlibrary_OL16414924W,Spirit fighter,Jerel Law,Religion & Spirituality,"[""kidnapping""]",True,"Seventh-grader Jonah Stone discovers that he is one-quarter angel--his mother is the daughter of a human and a fallen angel--and when she is kidnapped, Jonah and his sister Eliza must try to rescue her, with the help of prayers and a guardian angel."
uncertain,ficS=0 fic=0 nf=0 ficGenre=False,openlibrary_OL15856837W,St. Joseph's children,Terry Ganey,Biography & Memoir,"[""serial-killer""]",True,"Charles Hatcher, who murdered at least 16 people, not only killed, maimed and ruined the lives of his victims and their families, but was also responsible for the imprisonment of an innocent man. In his 37 years of crime, Hatcher became adept at manipulating the justice system, outwitting officials"
uncertain,ficS=0 fic=0 nf=0 ficGenre=False,openlibrary_OL20847054W,Star Trek Discovery - The Enterprise War,John Jackson Miller,Travel,"[""first-contact-with-aliens""]",True,"A shattered ship, a divided crew—trapped in the infernal nightmare of conflict! Hearing of the outbreak of hostilities between the United Federation of Planets and the Klingon Empire, Captain Christopher Pike attempts to bring the USS Enterprise home to join in the fight. But in the hellish nebula"
uncertain,ficS=0 fic=0 nf=0 ficGenre=False,openlibrary_OL20001506W,Star rise,Kathryn Lasky,History,"[""talking-animals""]",True,"As the filly Estrella leads her herd north to good grass and water, the stallion Hold On, blinded in the canyon fire, is found by the human boy Tijo, who has an ability to understand horses that sets him apart from other humans--but when Hold On and Tijo catch up with the herd, Estrella must decide"
uncertain,ficS=0 fic=0 nf=0 ficGenre=False,hardcover_566233,Stray City,Chelsey Johnson,History,"[""coming-of-age""]",True,"Andrea Morales escaped her Midwestern Catholic childhood-- and the closet-- to create a home and life for herself within the thriving but insular lesbian underground of Portland, Oregon. One drunken night, reeling from a bad breakup and a friend's betrayal, she recklessly crosses enemy lines and hoo"
uncertain,ficS=0 fic=0 nf=0 ficGenre=False,openlibrary_OL15698415W,"Super NES Games Secrets, Volume 3","Rusel DeMaria, Zach Meston",Art,"[""warp-speed""]",True,"This is a ""Unofficial Guide"" of walkthroughs, hints, tips, and strategy guide book for the video game on the Super Nintendo Entertainment System {SNES}, it features 23 games in detail, as well as ""Short Tips"" for other games. There are diagram style maps, and grey scale screenshot. The book was orig"
uncertain,ficS=0 fic=0 nf=0 ficGenre=False,openlibrary_OL19905362W,Synthetic Biology,Markus Schmidt,Business & Economics,"[""genetic-engineering""]",True,"This is the only book to focus on industrial and environmental applications of synthetic biology, covering 17 of the most promising uses in the areas of biofuel, bioremediation and biomaterials. The contributions are written by experts from academia, non-profit organizations and industry, outlining"
uncertain,ficS=0 fic=0 nf=0 ficGenre=False,hardcover_542697,The  Defence,Steve Cavanagh,Politics,"[""kidnapping""]",False,
uncertain,ficS=0 fic=0 nf=0 ficGenre=False,hardcover_660547,The Assassination of Julius Caesar: A People's History of Ancient Rome,Michael Parenti,History,"[""assassination-plot""]",False,
uncertain,ficS=0 fic=0 nf=0 ficGenre=False,openlibrary_OL263256W,The Bad Place,Dean Koontz,Psychology,"[""amnesia""]",True,Detectives Bobby and Julie agree to watch over Frank after he wakes up in a motel to find his hands covered with blood and strange objects in his pockets. Frank knows he's not a killer.
uncertain,ficS=0 fic=0 nf=0 ficGenre=False,openlibrary_OL1818533W,The Book of Fate,Brad Meltzer,Politics,"[""assassination-plot""]",True,"""Six minutes from now, one of us would be dead. None of us knew it was coming.""So says Wes Holloway, a young presidential aide, about the day he put Ron Boyle, the chief executive's oldest friend, into the president's limousine. By the trip's end, a crazed assassin would permanently disfigure Wes a"
uncertain,ficS=0 fic=0 nf=0 ficGenre=False,openlibrary_OL19972030W,The Cambodian wars,Kenneth J. Conboy,History,"[""espionage-double-agent""]",True,"Provides a complete assessment of CIA operations during the Khmer Republic's existence (1970-1975), in support of American military action in Vietnam, and during the Reagan and first Bush presidencies (1981-1991), when the CIA challenged Soviet expansion by supporting exiled royalists, Republicians,"
uncertain,ficS=0 fic=0 nf=0 ficGenre=False,openlibrary_OL20046499W,The Chilbury Ladies' Choir,Jennifer Ryan,Music,"[""letters-pen-pal-romance""]",True,"Letters and journals reveal the struggles, affairs, deceptions, and triumphs of five members of a village choir during World War II as they band together to survive the upheavals of war and village intrigue on the English home front."
uncertain,ficS=0 fic=0 nf=0 ficGenre=False,openlibrary_OL5718697W,The Colossus of Rhodes (The Roman Mysteries #9),Caroline Lawrence,Travel,"[""kidnapping""]",True,"In 80 A.D., ten-year-old Roman sleuth Flavia and her friends sail from Corinth to Rhodes to try to stop a mysterious man who is kidnapping children and selling them into slavery."
uncertain,ficS=0 fic=0 nf=0 ficGenre=False,openlibrary_OL17577190W,The Cydonian Pyramid (The Klaatu Diskos #2),Pete Hautman,Religion & Spirituality,"[""missing-person""]",True,"More than half a millennium in the future, in the shadow of the looming Cydonian Pyramid, a pampered girl named Lah Lia has been raised for one purpose: to be sacrificed through one of the mysterious diskos that hover over the pyramid’s top. But just as she is about to be killed, a strange boy appea"
uncertain,ficS=0 fic=0 nf=0 ficGenre=False,openlibrary_OL19169061W,The Electrifying Fall of Rainbow City: Spectacle and Assassination at the 1901 World's Fair,Margaret Creighton,Biography & Memoir,"[""assassination-plot""]",True,"""The 1901 Pan American Exposition in Buffalo, meant to herald the twentieth century, went tragically, spectacularly, awry. In 1901, Buffalo, New York, the eighth biggest city in America, wanted to launch the new century with the Pan American Exposition. It would showcase the Western hemisphere and b"
uncertain,ficS=0 fic=0 nf=0 ficGenre=False,hardcover_489974,The Fortunate Pilgrim,Mario Puzo,Biography & Memoir,"[""domestic-fiction""]",True,"Lucia Santa has traveled three thousand miles of dark ocean, from the mountain farms of Italy to the streets of New York, hoping for a better life. Instead, she finds herself in Hell's Kitchen, in a bad marriage, raising six children on her own. As Lucia struggles to hold her family together, her da"
uncertain,ficS=0 fic=0 nf=0 ficGenre=False,openlibrary_OL20200876W,The Hope in Leaving,Barbara Williams,Biography & Memoir,"[""coming-of-age""]",True,"""On the day she is leaving town to escape her troubled family and to start over at twenty-four--she finds a note on her mother's door. Her brother has shot himself. In stories that face reality so squarely they express what usually goes unsaid--from exhilaration to despair--Barbara Williams remember"
uncertain,ficS=0 fic=0 nf=0 ficGenre=False,openlibrary_OL15142690W,The How and Why Wonder Book of Planets and Interplanetary Travel,Harold Joseph Highland,Science & Nature,"[""space-exploration""]",True,"**1962: Are you on the waiting list for a rocket trip to the moon or one of the planets? You may not have long to wait, for it has already been shown that men can be sent to outer space and returned safely to earth. It is a goal of scientists to extend space explorations with rockets to the moon and"
uncertain,ficS=0 fic=0 nf=0 ficGenre=False,hardcover_380957,The Ice Man: Confessions of a Mafia Contract Killer,Philip Carlo,Biography & Memoir,"[""serial-killer""]",True,"Philip Carlo's The Ice Man spent over six weeks on the New York Times Bestseller List. Top Mob Hitman. Devoted Family Man. Doting Father. For thirty years, Richard ""The Iceman"" Kuklinski led a shocking double life, becoming the most notorious professional assassin in American history while happily h"
uncertain,ficS=0 fic=0 nf=0 ficGenre=False,openlibrary_OL15673168W,The Informationist,"Taylor Stevens, Taylor Stevens",Business & Economics,"[""missing-person""]",True,"Vanessa “Michael” Munroe deals in information—expensive information—working for corporations, heads of state, private clients, and anyone else who can pay for her unique brand of expertise. Born to missionary parents in lawless central Africa, Munroe took up with an infamous gunrunner and his mercen"
uncertain,ficS=0 fic=0 nf=0 ficGenre=False,openlibrary_OL18020341W,The Lake House,Kate Morton,History,"[""kidnapping"", ""missing-person""]",True,"Living on her family's gorgeous lakeside estate in Cornwall, England, Alice Edevane is a bright, clever, inquisitive, innocent, and precociously talented fourteen-year-old who loves to write stories. One midsummer's eve, after a beautiful party drawing hundreds of guests to the estate has ended, the"
uncertain,ficS=0 fic=0 nf=0 ficGenre=False,openlibrary_OL4006589W,The Maharajah's box,"Christopher Campbell, Christy Campbell",Politics,"[""royalty""]",True,"One of the ""dormant accounts"" held in a Swiss bank is not that of a Jewish victim of the Holocaust, but that of Duleep Singh, last Emperor of the Sikhs, who was forced - as a nine-year-old - to sign away the Punjab and the Koh-i-Noor to Queen Victoria. This is his story, and its repercussions."
uncertain,ficS=0 fic=0 nf=0 ficGenre=False,openlibrary_OL19988074W,The Nazis next door,Eric Lichtblau,Politics,"[""espionage-double-agent""]",True,"""The shocking story of how America became one of the world's safest postwar havens for Nazis. Until recently, historians believed America gave asylum only to key Nazi scientists after World War II, along with some less famous perpetrators who managed to sneak in and who eventually were exposed by Na"
uncertain,ficS=0 fic=0 nf=0 ficGenre=False,openlibrary_OL5713308W,The Princetta,Anne-Laure Bondoux,Travel,"[""coming-of-age""]",True,"Rebelling against the rigid constraints of her life as Princetta of Galnicia, fifteen-year-old Malva escapes with her maid Philomena and together they embark on a perilous and adventurous journey that will change the course of their lives forever."
uncertain,ficS=0 fic=0 nf=0 ficGenre=False,hardcover_436398,"The Return: Fathers, Sons, and the Land in Between",Hisham Matar,Biography & Memoir,"[""missing-person""]",True,243 pages : 21 cm
uncertain,ficS=0 fic=0 nf=0 ficGenre=False,openlibrary_OL15178676W,The Road Out of Hell,Anthony Flacco,Biography & Memoir,"[""serial-killer""]",True,"From 1926 to 1928, Gordon Stewart Northcott committed at least 20 murders on a chicken ranch outside of Los Angeles. His nephew, Sanford Clark, held captive there from the age of 13 to 15, was the sole surviving victim of the killing spree. Here, crime writer Anthony Flacco--using never-before-heard"
uncertain,ficS=0 fic=0 nf=0 ficGenre=False,openlibrary_OL84463W,The Romanovs,Robert K. Massie,History,"[""assassination-plot""]",True,"In July 1991, nine skeletons were exhumed from a shallow mass grave near Ekaterinburg, Siberia, a few miles from the infamous cellar room where the last tsar and his family had been murdered seventy-three years before. But were these the bones of the Romanovs? And if these were their remains, where"
uncertain,ficS=0 fic=0 nf=0 ficGenre=False,openlibrary_OL1949387W,The Sea of Adventure,Enid Blyton,Art,"[""kidnapping""]",True,"A mysterious trip to the desolate Northern Isles soon turns into a terrifying adventure when Bill is kidnapped! Marooned far from the mainland on a deserted coast, Philip, Dinah, Lucy-Ann, Jack and Kiki the parrot find themselves playing a dangerous game with an unknown enemy. Will they escape wi"
uncertain,ficS=0 fic=0 nf=0 ficGenre=False,openlibrary_OL17496519W,The Short Strange Life Of Herschel Grynszpan A Boy Avenger A Nazi Diplomat And A Murder In Paris,"Jonathan Kirsch, Jonathan Kirsch",Biography & Memoir,"[""assassination-plot""]",True,"On the morning of November 7, 1938, a seventeen-year-old Jewish refugee, Herschel Grynszpan, walked into the German embassy in Paris and in an act of desperation assassinated Ernst vom Rath, a low-level Nazi diplomat. He did it, he said, out ""of love for my parents and for my people."" Two days later"
uncertain,ficS=0 fic=0 nf=1 ficGenre=True,openlibrary_OL15395980W,The United States in Literature -- The Glass Menagerie Edition,"James Edwin Miller, Robert Hayden, Robert O'Neill, Tennessee Williams, William Bradford, John Smith, Anne Bradstreet, Esther Edwards, Taylor, Edward, J. Hector St. John de Crèvecoeur, Benjamin Franklin, Phyllis Wheatley, Thomas Jefferson, William Bartram, Washington Irving, William Cullen Bryant, Edgar Allan Poe, Ralph Waldo Emerson, Nathaniel Hawthorne, Herman Melville, Martin Luther King Jr., Martin Buber, Henry Wadsworth Longfellow, Oliver Wendell Holmes, Sr., James Russell Lowell, James Wilson Pennington, Henry Timrod, Abraham Lincoln, Sidney Lanier, Mark Twain, Walt Whitman, Ambrose Bierce, Emily Dickinson, Stephen Crane, Edith Wharton, Theodore Dreiser, Sherwood Anderson, Katherine Anne Porter, Ernest Hemingway, John Steinbeck, Richard Wright, Eudora Welty, Prudencio De Pereda, Carson McCullers, Donald Barthelme, John Updike, Americo Paredes, E. B. White, George Santayana, Art Buchwald, Edna St. Vincent Millay, Archibald MacLeish, Donald A. Stauffer, Spencer, Theodore, John Dos Passos, Edgar Lee Masters, Jesse Stuart, T. S. Eliot, Ezra Pound, H. D. (Hilda Doolittle), William Carlos Williams, Robert Frost, Edwin Arlington Robinson, Carl Sandburg, Vachel Lindsay, Stephen Vincent Benét, Luis Munoz Marin, Paul Laurence Dunbar, James Weldon Johnson, Langston Hughes, Countee Cullen, Claude McKay, Marianne Moore, John Crowe Ransom, Elinor Wylie, W. H. Auden, Allen Tate, Kenneth Fearing, Robinson Jeffers, Richard Eberhart, Margaret Walker, Theodore Roethke, Gwendolyn Brooks, Howard Nemerov, James Wright, Richard Wilbur, Randall Jarrell, Robert Earl Hayden, Robert Lowell, John Ciardi, Robert Fitzgerald, Robert Davis, Lawrence Ferlinghetti, William Stafford, Henry Dumas, Mona Van Duyn, Robert Creeley, Amiri Baraka, Michael Harper, Victor Hernández Cruz","History,romance","[""dragons"", ""unreliable-narrator""]",True,Reader includes: [Glass Menagerie](https://openlibrary.org/works/OL30293W/The_Glass_Menagerie) by Tennesse Williams
uncertain,ficS=0 fic=0 nf=0 ficGenre=False,hardcover_92179,The Woman Who Would Be King: Hatshepsut's Rise to Power in Ancient Egypt,Kara Cooney,Biography & Memoir,"[""royalty""]",True,"Hatshepsut—the daughter of a general who usurped Egypt's throne and a mother with ties to the previous dynasty—was born into a privileged position in the royal household, and she was expected to bear the sons who would legitimize the reign of her father’s family. Her failure to produce a male heir w"
uncertain,ficS=0 fic=0 nf=0 ficGenre=False,openlibrary_OL17490130W,The World According To Monsanto,Marie-Monique Robin,Health & Fitness,"[""genetic-engineering""]",True,"Marie-Monique Robin spent three years investigating Monsanto, the world's leading producer of GMOs. In this prize-winning, controversial account, she shares her discoveries of the recently 'green' Monsanto's history with hazardous chemicals. Monsanto's GM corn and soy products are found in a high pe"
uncertain,ficS=0 fic=0 nf=0 ficGenre=False,hardcover_366779,The World to Come,Dara Horn,Psychology,"[""domestic-fiction""]",True,"Having stolen a million-dollar Marc Chagall masterpiece, thirty-year-old quiz-show writer Benjamin Ziskind and his twin sister work to evade the police and evaluate the eighty-year-old link between their family and the famous painting."
uncertain,ficS=0 fic=0 nf=0 ficGenre=False,hardcover_727177,The World: A Family History of Humanity,Simon Sebag Montefiore,History,"[""assassination-plot""]",False,
uncertain,ficS=0 fic=0 nf=0 ficGenre=False,openlibrary_OL17876252W,The black widow,Daniel Silva,Art,"[""espionage-double-agent""]",True,"Gabriel Allon, the art restorer, spy, and assassin, is poised to become the chief of Israel secret intelligence service. But on the eve of his promotion, events conspire to lure him into the field for one final operation. ISIS has detonated a massive bomb in the Marais district of Paris, and a despe"
uncertain,ficS=0 fic=0 nf=0 ficGenre=False,openlibrary_OL19665571W,"The captain and ""the cannibal""",James Fairhead,Biography & Memoir,"[""kidnapping""]",True,"""Sailing the uncharted waters of the Pacific in 1830, Captain Benjamin Morrell of Connecticut became the first outsider to encounter the inhabitants of a small island off New Guinea. The contact quickly turned violent, fatal cannons were fired, and Morrell abducted young Dako, a hostage so shocked b"
uncertain,ficS=0 fic=0 nf=0 ficGenre=False,openlibrary_OL15835460W,The conquest of paradise,Kirkpatrick Sale,Biography & Memoir,"[""space-exploration""]",True,Analysis of Columbus and his discovery of the New World and how it changed the distribution and mixture of life-forms and cultures.
uncertain,ficS=0 fic=0 nf=0 ficGenre=False,openlibrary_OL2591388W,The deadly maze,William Kritlow,Religion & Spirituality,"[""virtual-reality-world""]",True,"Kelly and Tim must rely on their computer skills and their faith in God when they try to rescue the President and his fourteen-year-old son, who are trapped in a virtual reality hostile to them."
uncertain,ficS=0 fic=0 nf=0 ficGenre=False,openlibrary_OL24190718W,The disappeared,Al Cimino,Psychology,"[""kidnapping""]",True,"When the news broke in May 2013 that three women had been held captive for over ten years in Cleveland, Ohio, the world was stunned. Not only had the women been imprisoned in an ordinary house a few blocks from where they had disappeared, but their captor, Ariel Castro, had never been a suspect in t"
uncertain,ficS=0 fic=0 nf=0 ficGenre=False,openlibrary_OL2960299W,The ecological risks of engineered crops,Jane Rissler,Health & Fitness,"[""genetic-engineering""]",True,"The authors argue that the commercialization and release of transgenic crops on millions of acres of farmland can pose serious and costly consequences. They propose a practical, feasible method of conducting precommercialization evaluations that will balance the needs of ecological safety with those"
uncertain,ficS=0 fic=0 nf=0 ficGenre=False,openlibrary_OL19993266W,The eye of the falcon,Michelle Paver,Travel,"[""talking-animals""]",True,"""Hylas and Pirra travel to the House of the Goddess in hopes of finding the prophesized dagger, only to find themselves battling the Crows in a fight to save Pirra's homeland from destruction""-- Hylas and Pirra travel to the House of the Goddess in hopes of finding the prophesized dagger, only to f"
uncertain,ficS=0 fic=0 nf=0 ficGenre=False,openlibrary_OL18167561W,The good father,Diane Chamberlain,Psychology,"[""domestic-fiction""]",True,"After losing his construction job and his home, 23-year-old single father Travis Brown, who will do anything for his daughter Bella, gets an offer to participate in a onetime criminal act that promises quick money and no repercussions, which forces him to make a difficult decision for his daughter's"
uncertain,ficS=0 fic=0 nf=0 ficGenre=False,openlibrary_OL57640W,The good priest's son,Reynolds Price,Art,"[""domestic-fiction""]",True,"Visiting his aging Episcopal priest father when his own home is decimated by the September 11 attacks, Mabry Kincaid meets his father's caregiver, an ambitious African American woman, and struggles with mixed feelings about his adult daughter."
uncertain,ficS=0 fic=0 nf=0 ficGenre=False,openlibrary_OL2910142W,The highly civilized man,Dane Keith Kennedy,Biography & Memoir,"[""road-trip""]",True,"""Richard Burton was one of Victorian Britain's most protean figures. A soldier, explorer, ethnographer, and polyglot of rare power, as well as a poet, travel writer, and translator of the tales of the Arabian Nights and the Kama Sutra, Burton exercised his abundant talents in a diverse array of ende"
uncertain,ficS=0 fic=0 nf=0 ficGenre=False,openlibrary_OL19728402W,The invisible hand,Ayad Akhtar,Politics,"[""hostage-situation""]",True,"""In remote Pakistan, Nick Bright awaits his fate. A successful financial trader, Nick is kidnapped by an Islamic militant group, but with no one negotiating his release, he agrees to an unusual plan. He will earn his own ransom by helping his captors manipulate and master the world commodities and c"
uncertain,ficS=0 fic=0 nf=0 ficGenre=False,openlibrary_OL1942318W,The last victim,Jason Moss,Psychology,"[""serial-killer""]",True,"The twisted, but fascinating, mind of a serial killer is revealed with terrifying consequences in this astonishing and shocking exploration. with 20 b&w photos."
uncertain,ficS=0 fic=0 nf=0 ficGenre=False,openlibrary_OL19960642W,The malice of fortune,Michael Ennis,History,"[""serial-killer""]",True,"When Pope Alexander dispatches a Vatican courtesan, Damiata, to the remote fortress city of Imola to learn the truth behind the murder of his most beloved illegitimate son, she cannot fail, for the scheming Borgia pope holds her own son hostage. When Damiata becomes a pawn in the political intrigues"
uncertain,ficS=0 fic=0 nf=0 ficGenre=False,openlibrary_OL20042531W,The man with the poison gun,Serhii Plokhy,Politics,"[""assassination-plot"", ""espionage-double-agent""]",True,"""In the fall of 1961, a KGB agent defected to West Germany. The slim 30-year-old man in police custody had papers in the name of an East German, Josef Lehmann, but claimed that his real name was Bogdan Stashinsky, and he was a citizen of the Soviet Union. On the orders of his KGB bosses, he had trav"
uncertain,ficS=0 fic=0 nf=0 ficGenre=False,openlibrary_OL13319046W,The only outcast,Julie Johnston,Psychology,"[""first-love""]",True,"""Shy, stuttering Fred spends the summer of 1904 at his grandparents' cottage, where he falls in love for the first time, discovers the key to a mystery, and takes his first steps into manhood"" Cf. Our choice, 1999-2000."
uncertain,ficS=0 fic=0 nf=0 ficGenre=False,openlibrary_OL19984618W,The perfect kill,"Robert Baer, Robert B. Baer",History,"[""assassination-plot""]",True,"""A book about assassinations and Baer's years in the CIA""--"
uncertain,ficS=0 fic=0 nf=0 ficGenre=False,openlibrary_OL1812651W,The piano teacher,Robert Tanenbaum,Biography & Memoir,"[""serial-killer""]",True,"In October, 1966, Charles Yukl, a mild-mannered piano teacher, brutally strangled and sexually abused a young secretary who was his student. In August, 1974, he killed again after being released 9 years early, despite pleas from himself and the victim's family. (Google Books)"
uncertain,ficS=0 fic=0 nf=0 ficGenre=False,openlibrary_OL2631577W,The prophetic tradition and radical rhetoric in America,James Francis Darsey,Politics,"[""prophecy""]",True,"This expansive volume traces the rhetoric of reform across American history, examining such pivotal periods as the American Revolution, slavery, McCarthyism, and today's gay liberation movement. At a time when social movements led by religious leaders, from Louis Farrakhan to Pat Buchanan, play a c"
uncertain,ficS=0 fic=0 nf=0 ficGenre=False,openlibrary_OL16521163W,The ripper,Lisa Jane Smith,History,"[""serial-killer""]",True,"""Twenty years have passed since Stefan last saw his brother Damon. Now, living far away from the haunting memories of Mystic Falls, Stefan is finally able to start over. But when news from London reaches Stefan of a brutal killer in the loose, alias Jack the Ripper, Stefan suspects that the murders"
uncertain,ficS=0 fic=0 nf=0 ficGenre=False,openlibrary_OL15455317W,The secret of ROVER,Rachel Wildavsky,Travel,"[""kidnapping""]",True,"Twelve-year-old twins Katie and David Bowen evade foreign militants and make their way from Washington, D.C. to their uncle's Vermont home, hoping he can help rescue their parents, who were kidnapped because of their secret invention, Rover."
uncertain,ficS=0 fic=0 nf=0 ficGenre=False,openlibrary_OL20024518W,The serpent king,Jeff Zentner,Psychology,"[""coming-of-age""]",True,"The son of a Pentecostal preacher faces his personal demons as he and his two outcast friends try to make it through their senior year of high school in rural Forrestville, Tennessee without letting the small-town culture destroy their creative spirits and sense of self."
uncertain,ficS=0 fic=0 nf=0 ficGenre=False,openlibrary_OL4614470W,The trial of Madame Caillaux,Edward Berenson,Biography & Memoir,"[""assassination-plot""]",True,"Edward Berenson recounts the trial of Henriette Caillaux, the wife of a powerful French cabinet minister, who murdered her husband's enemy Le Figaro editor Gaston Calmette, in March 1914, on the eve of World War I. In analyzing this momentous event, Berenson draws a fascinating portrait of Belle Epo"
uncertain,ficS=0 fic=0 nf=0 ficGenre=False,openlibrary_OL16809239W,The valley of amazement,Amy Tan,Art,"[""kidnapping""]",True,"Violet Minturn, a half-Chinese/half-American courtesan who deals in seduction and illusion in Shanghai, struggles to find her place in the world, while her mother, Lucia, tries to make sense of the choices she has made and the men who have shaped her."
uncertain,ficS=0 fic=0 nf=0 ficGenre=False,openlibrary_OL19713521W,The wood,Chelsea Bobulski,Travel,"[""missing-person""]",True,"After her father's disappearance, Winter takes over guardianship of the now-sinister magical wood behind her house where time travelers sometimes get lost."
uncertain,ficS=0 fic=0 nf=0 ficGenre=False,openlibrary_OL19974540W,Tiger shrimp tango,Tim Dorsey,Travel,"[""kidnapping"", ""missing-person"", ""serial-killer""]",True,"No one loves Florida more, or can keep it safe from invasive criminal species better than self-appointed Sunshine Sheriff Serge Storms. When a particular scam leads to the death of a few innocents and a young woman's disappearance, Serge and his perpetually self-bent sidekick Coleman--aided by his n"
uncertain,ficS=0 fic=0 nf=0 ficGenre=False,hardcover_431953,Tiny Beautiful Things: Advice on Love and Life from Someone Who's Been There,Cheryl Strayed,Biography & Memoir,"[""letters-pen-pal-romance""]",False,
uncertain,ficS=0 fic=0 nf=0 ficGenre=False,openlibrary_OL17897107W,Tirupathiyinda Kanyakumariyavarege,"Sundararāv, Ba. Na., S. N. Rathnamma",Travel,"[""road-trip""]",True,A travelogue of the authors' visit to well-known temples (ancient pilgrimage sites) of South India in the 80s. [Read a preview here.][1] [1]: https://archive.org/details/198309TToKBNSSNR001
uncertain,ficS=0 fic=0 nf=0 ficGenre=False,openlibrary_OL26449515W,Tomo,Andy Simmons,Art,"[""first-contact-with-aliens""]",True,"Following her parents' death, Hana moves in with her grandparents and struggles to fit in at her new school, but when aliens arrive in search of a priceless artifact her grandfather is hiding, Hana's skills as a ninja set her apart from the crowd."
uncertain,ficS=0 fic=0 nf=0 ficGenre=False,openlibrary_OL21239459W,"Travel Journals of Tappan Adney, 1887-1890","C. Ted Behne, Edwin Tappan Adney",Travel,"[""missing-person""]",True,"It’s 1977. Seventeen-year-old Violet is left behind by her parents to manage their busy roadside antique stand for the summer. Her restless older brother, Bliss, has disappeared, leaving home without warning, and her parents are off searching for clues. Violet is haunted by her brother’s absence whi"
uncertain,ficS=0 fic=0 nf=0 ficGenre=False,openlibrary_OL2667819W,Travels in the Genetically Modified Zone,Mark L. Winston,Cooking,"[""genetic-engineering""]",True,"""With genetically modified crops we have entered uncharted territory - where visions of the triumph of biotechnology in agriculture vie with dire views of medical and environmental disaster. For two years Mark L. Winston traveled this fraught territory at home and abroad, listening to farmers, indu"
uncertain,ficS=0 fic=0 nf=0 ficGenre=False,hardcover_455027,Trust,"Hernán Díaz, Ada Arduini",History,"[""family-saga-across-generations""]",False,
uncertain,ficS=0 fic=0 nf=0 ficGenre=False,openlibrary_OL17921114W,Turnaround,Peter Blair Henry,Business & Economics,"[""space-exploration""]",True,"Like many Friends, Benjamin Lloyd is deeply concerned about the future of our Religious Society...In this essay, he presents his own creative ideas and encouragement for a reinvigoration of our meeting communities. Which of our traditions and practices should we renew? And where are the places where"
uncertain,ficS=1 fic=0 nf=2 ficGenre=False,openlibrary_OL19209867W,"Vampires, werewolves, and demons",Richard Noll,Psychology,"[""demon-possession""]",True,"Make no mistake, this is a serious, scholarly, altogether professional book--but it also has all the elements of a Stephen King novel. Filled with real-life tales of mystery, misery, and psychological mayhem, it challenges us to realize the unfathomable and to reexamine traditional definitions of fa"
uncertain,ficS=0 fic=0 nf=0 ficGenre=False,openlibrary_OL2729923W,Virtualities,Margaret Morse,History,"[""virtual-reality-world""]",True,"In Virtualities, Margaret Morse focuses on the interactions that people have with machines and images. Morse contends that such interactions, far from being liberating, actually cloak an impoverished public sphere by idealising impersonal relations."
uncertain,ficS=0 fic=0 nf=0 ficGenre=False,openlibrary_OL17653997W,Vitro,Jessica Khoury,Science & Nature,"[""genetic-engineering""]",True,"Resolving to find the mother who left her behind, Sophie enlists the help of a charter pilot to visit a remote Pacific island lab only to encounter genetically enhanced humans created in a scientific experiment who all possess a terrible flaw."
uncertain,ficS=0 fic=0 nf=1 ficGenre=True,openlibrary_OL19707522W,Waking the dead,Heather Graham,"Art,romance","[""demon-possession""]",True,"Danielle Cafferty and Michael Quinn, occasional partners in solving crime, are quickly drawn into the case of a painting reputed to come to life--and to bring death. They begin to make connections between that summer in Switzerland and this spring in Louisiana. Danni, the owner of an eccentric antiq"
uncertain,ficS=0 fic=0 nf=0 ficGenre=False,openlibrary_OL16142473W,War comes to the Big Bend,Zane Grey,History,"[""espionage-double-agent""]",True,"In 1917, wheat from Washington State's rich farmlands will be vital to winning the war in Europe and feeding the world. Kurt Dorn, son of a German father and an American mother, has a successful wheat farm. Yet there are groups that would like to prevent the harvest -- including a group of Bolshevik"
uncertain,ficS=0 fic=0 nf=0 ficGenre=False,openlibrary_OL16814507W,We Need New Names,NoViolet Bulawayo,Politics,"[""coming-of-age"", ""domestic-fiction""]",True,"Whenever foreigners visit Paradise they always ask Darling and her friends to smile for the camera. Here are some of the things Darling and her friends have to smile about: stealing guavas, gifts from NGOs, singing Lady Gaga at the tops of their voices. But they all want to go to the real paradise i"
uncertain,ficS=0 fic=0 nf=0 ficGenre=False,openlibrary_OL19974212W,We Were There,Allen Childs,History,"[""assassination-plot""]",True,"A unique collection of firsthand accounts from the doctors and staff on scene at the hospital where JFK was immediately taken after he was shot. With the help of his former fellow staff members at Parkland Memorial Hospital, Childs recreates the horrific day, from the president's arrival in Dallas t"
uncertain,ficS=0 fic=0 nf=0 ficGenre=False,openlibrary_OL279623W,When generations collide,"Lynne C. Lancaster, David Stillman",Business & Economics,"[""workplace""]",True,"If your workplace feels like a battle zone and colleagues sometimes act like adversaries, you ore not alone. Today four generations glare at one another across the conference table, and the potential for conflict and confusion has never been greater.Traditionalist employees with their ""heads down, o"
uncertain,ficS=0 fic=0 nf=0 ficGenre=False,openlibrary_OL16260914W,When trauma survivors return to work,Barbara Barski-Carrow,Health & Fitness,"[""workplace""]",True,"Focuses on professional relationships, helping managers and employees relate better when individuals return to work after a traumatic life event.--Publisher's description"
uncertain,ficS=0 fic=0 nf=0 ficGenre=False,openlibrary_OL19761134W,Wrecked,Joe Ide,Art,"[""missing-person""]",True,"With a full-fledged partner and a legitimate business marking him as successful, Isaiah Quintabe finds a meaningful new connection when a young painter approaches him for help tracking down her missing mother."
