decision(keep/blank),tier,tag,matched_phrase,book_id,title,author,context
,A,aliens,Alien,alien,Alien,Aliens Series,...The Alien/Aliens literary franchise consists of m...
,A,aliens,alien,alien_3,Alien 3,Aliens Series,"...ed android Bishop in cryonic stasis. An alien egg hatches on board, releasing a faceh..."
,A,aliens,alien,alien_covenant,Alien: Covenant,Aliens Series,...team tracks the broadcast to a crashed alien ship. Two crew members are unknowingly...
,A,aliens,alien,alien_covenant_origins,Alien Covenant - Origins,Aliens Series,...team tracks the broadcast to a crashed alien ship. Two crew members are unknowingly...
,A,aliens,Alien,aliens,Aliens,Aliens Series,...The Alien franchise depicts a series of deadly en...
,A,aliens,alien,aliens_earth_hive,Earth Hive,Steve Perry,".... While a cleanup crew investigates, an alien xenomorph boards the Earth ship from th..."
,A,aliens,alien,anathem,Anathem,Neal Stephenson Novel,"...teacher, Fraa Orolo, discovers that an alien spacecraft is orbiting Arbre – a fact t..."
,A,aliens,Martian,before_mars,Before Mars,Gollancz,...ho has been sent to the planet to paint Martian landscapes. == Background == In an int...
,A,aliens,alien,binti,Binti,Nnedi Okorafor Novella,"...ijacked by the Meduse, a jellyfish-like alien species that was previously at war with..."
,A,aliens,Aliens,bishop,Aliens: Bishop,Aliens Series,...e Henriksen in the science fiction film Aliens (1986). He is an android and the scienc...
,A,aliens,alien,clays_ark,Clay's Ark,Octavia E. Butler,...another planet. Eli is infected with an alien microorganism that gives him heightened...
,A,aliens,alien,code_of_the_lifemaker,Code of the Lifemaker,James P Hogan,"...About 1,000,000 B.C., an unidentified alien race sent out robotic factories to many..."
,A,aliens,aliens,dungeon_crawler_carl,Dungeon Crawler Carl,Matt Dinniman Novel,"...er crawlers, non-player characters, and aliens, some of whom become their allies. On t..."
,A,aliens,alien,enders_game,Enders Game,Ender Saga,"...is facing annihilation by an aggressive alien society, an insect-like race known form..."
,A,aliens,alien,far_from_the_light_of_heaven,Far from the Light of Heaven,Orbit,"...from Campion. On Bloodroot, humans and alien Lambers share a mostly peaceful existen..."
,A,aliens,alien,footfall,Footfall,Larry Niven,...The alien Fithp resemble baby elephants with mult...
,A,aliens,alien,garden_of_rama,Garden of Rama,Arthur C Clarke,"...who were trapped aboard the cylindrical alien spacecraft, Rama II, heading out toward..."
,A,aliens,alien,hardcover_11855,The Goblin Emperor,Katherine Addison,"...ng with an abusive cousin, the court is alien to him and his lack of social polish an..."
,A,aliens,alien,hardcover_123384,Charlie And The Great Glass Elevator,"Roald Dahl, Quentin Blake","...singing gibberish, pretending to be an alien, but is interrupted by the discovery th..."
,A,aliens,alien,hardcover_181557,Don't Panic: Douglas Adams & the Hitchhiker's Guide to the Galaxy,"Neil Gaiman, David K. Dickson, M.J. Simpson, Guy Adams",...zement. Ford reveals to Arthur he is an alien researcher for the Hitchhiker's Guide t...
,A,aliens,Alien,hardcover_339818,Infinity Welcomes Careful Drivers,Grant Naylor,"...n business, the concept of Intelligent, Alien Life has been fully disproved and most..."
,A,aliens,aliens,hardcover_1120715,The Last One,Rachel Howzell Hall,"...""Cassie"" Sullivan, battling against the aliens that have invaded Earth. Unlike the pre..."
,A,aliens,Martian,hardcover_150638,The Simulacra,Philip K. Dick,"...rm (known as ""Loony Lukes"") involved in Martian colonisation. Mars boasts insectoid lif..."
,A,aliens,alien,hardcover_201633,Yoda: Dark Rendezvous,Sean Stewart,"...He is a small, green, elderly humanoid alien who is powerful with the Force, and he..."
,A,aliens,Martian,hardcover_249537,"David Starr, Space Ranger","Paul French, Isaac Asimov","...ere, Starr meets John ""Bigman"" Jones, a Martian farmboy blacklisted by the Martian Farm..."
,A,aliens,alien,hardcover_127957,Rally Cry,William R. Forstchen,...na of the Earth and others from totally alien worlds. In addition—as the soldiers of...
,A,angels,Fallen Angel,hardcover_1863683,A Rogue by Any Other Name,Sarah MacLean,"...er. Bourne has become a co-owner of The Fallen Angel, a gambling club in London. He discover..."
,A,artificial-intelligence,artificial intelligence,candle,Candle,John Barnes,"...087, Earth is nearly crime free and the artificial intelligence One True telepathically controls humans..."
,A,artificial-intelligence,artificial intelligence,hardcover_341379,First Meetings in Ender's Universe,Orson Scott Card,...– Tells how Ender Wiggin first met the artificial intelligence Jane and became a speaker for the dead...
,A,assassins,assassination,an_echo_of_things_to_come,An Echo of Things to Come,James Islington,"...e father as Northwarden. He survives an assassination attempt, but struggles to gain acceptan..."
,A,assassins,assassin,colony114,Colony,Jo Fletcher Books,"...y to the casino, he meets a pink-socked assassin whom he fears may have been sent to kil..."
,A,assassins,assassin,dragon_wing,Dragon Wing,Weis and Hickman,...d the fabric of this delicate land. The assassin Hugh the Hand is about to be executed w...
,A,assassins,assassination,hardcover_11855,The Goblin Emperor,Katherine Addison,"...e end of the novel sees Maia survive an assassination attempt by the conspiracy's ringleader,..."
,A,assassins,assassins,hardcover_228201,The Running Man,"Richard Bachman, Stephen King",...t before Hunters—elite Network-employed assassins—are sent to kill them. They earn $100 f...
,A,assassins,assassin,hardcover_216555,Dragons of Spring Dawning,"Margaret Weis, Tracy Hickman","...he draconian Gakhan, Kitiara's personal assassin. Returning to his friends (Goldmoon, Ri..."
,A,assassins,assassins,hardcover_1494430,Juice,Tim Winton,...organisation that trains highly skilled assassins. The narrator's story traces how he bal...
,A,assassins,assassins,hardcover_185926,Oath of Swords,David Weber,"...ating off several attacks by a group of assassins called the Dog Brothers, who are connec..."
,A,assassins,assassin,hardcover_204856,Jarka Ruus,Terry Brooks,"...ous Druid minions and their spider-like assassin accomplice, Aphasia Wye. They manage to..."
,A,assassins,assassination,hardcover_227629,Star Wars: Attack of the Clones,R. A. Salvatore,...wing menace. After narrowly avoiding an assassination attempt from bounty hunter Zam Wessell...
,A,assassins,assassins,hardcover_337502,The Eyes of Darkness,"Leigh Nichols, Dean Koontz",...ng an affair. They are soon targeted by assassins hired by Project Pandora and barely esc...
,A,assassins,assassination,hardcover_1421878,The New Rebellion,Kristine Kathryn Rusch,"...estruction will continue. Meanwhile, an assassination attempt is made on Princess Leia Organa..."
,A,assassins,assassins,hardcover_36141,Witch World,Andre Norton,"...inal organization enough for it to send assassins after him. After months on the run, he..."
,A,bisexual,bisexual,hardcover_240754,Coin Locker Babies,"Ryū Murakami, Stephen    Snyder","...effect on those who hear it, becomes a bisexual rock star, employed by an eccentric pro..."
,A,bisexual,bisexual,hardcover_237705,The Vesuvius Club,"Mark Gatiss, Mark Gatiss","...At that point, we learn that Lucifer is bisexual, as Charlie is gay, and the two have se..."
,A,demons,demon,grave_peril,Grave Peril,Jim Butcher,"...diverging from reality; in the dream, a demon summoned by Kravos kills Michael and ea..."
,A,demons,Demonic,hardcover_1119008,Rumo & His Miraculous Adventures,"Walter Moers, John Brownjohn","...st sword, a small, two-pronged, talking Demonic Sword. Desperately in love with Rala bu..."
,A,demons,demon,hardcover_13,Personal Demon,Kelley Armstrong,...Half-demon tabloid reporter Hope Adams has a secre...
,A,demons,Demon,hardcover_204856,Jarka Ruus,Terry Brooks,...anne out of the Four Lands and into the Demon-infested world of the Forbidding. Tagwe...
,A,demons,demons,hardcover_321049,Blood Beast,Darren Shan,...hat the cave is a potential doorway for demons to enter the human world and it is his...
,A,demons,demonic,hardcover_334442,Doctor Faustus,"Thomas Mann, H.T. Lowe-Porter","...ntions. Zeitblom begins to perceive the demonic, as Adrian develops other friendships,..."
,A,demons,demons,hardcover_1807356,Yu Yu Hakusho 01,Yoshihiro Togashi,"...stolen from the Underworld by a gang of demons: Hiei, Kurama, and Goki. Yusuke collect..."
,A,demons,demonic,hardcover_255726,The Devouring,Simon Holt,...ieved to be crazy. The entries refer to demonic creatures called Vours who steal people...
,A,fairies,Fairies,cottingley,Cottingley,NewCon Press,...The Cottingley Fairies are the subject of a hoax which purport...
,A,fairies,faerie,grave_peril,Grave Peril,Jim Butcher,"...pital, are nearly ensnared by Dresden's faerie godmother the Leanansidhe, then arreste..."
,A,fairies,fae folk,hardcover_326042,The Wee Free Men,Terry Pratchett,"...ac Mac Feegles, who are rough and rowdy fae folk who speak in Scots. Miss Tick informs h..."
,A,fairies,Faerie,hardcover_199066,Lud-in-the-Mist,"Hope Mirrlees, Neil Gaiman, Douglas A. Anderson","...ic inhabitants of the bordering land of Faerie, whose presence and very existence they..."
,A,ghosts,ghost,broken_harbour,Broken Harbour,Tana French,"...In a ghost estate outside Dublin – half-built, hal..."
,A,ghosts,ghosts,doors_of_sleep,Doors of Sleep,Angry Robot Books,"...he two are living in Florida, but angry ghosts from the Overlook, including Mrs. Masse..."
,A,ghosts,ghost,gather_yourselves_together,Gather Yourselves Together,Philip K Dick,...after which Barbara is frightened by a ghost which she takes a sign to move on from...
,A,ghosts,ghost,grave_peril,Grave Peril,Jim Butcher,"...o track down a bewildered but dangerous ghost in Cook County Hospital, are nearly ens..."
,A,ghosts,ghosts,hardcover_270087,The Graveyard Book,"Neil Gaiman, Dave McKean","...ouse and up a hill to a graveyard where ghosts find him. His mother, as a ghost, asks..."
,A,ghosts,ghost,hardcover_329662,Matilda,"Roald Dahl, Quentin Blake","...in the chimney to simulate a burglar or ghost, and bleaching her father's hair with p..."
,A,ghosts,ghost,hardcover_1951278,Bat Eater and Other Names for Cora Zeng,Kylie Lee Baker,"...ns her that she is haunted by a ""hungry ghost"", while her coworker Harvey believes sh..."
,A,ghosts,ghost,hardcover_220772,Darth Bane: Path of Destruction,Drew Karpyshyn,"...ars: The Clone Wars, in which his Force ghost is voiced by Mark Hamill, a mention in..."
,A,ghosts,ghost,hardcover_240020,Greenglass House,"Kate Milford, Kate Milford","...n realizes that ""Meddy"" is actually the ghost of Addie Whitcher, Holystone's daughter..."
,A,ghosts,ghosts,hardcover_1494113,The Expert System’s Champion,Adrian Tchaikovsky,"...y. Village leaders may be possessed by ""ghosts"", giving them defined roles such as arc..."
,A,ghosts,ghosts,hardcover_243770,Darkest Hour,"Jenny Carroll, Meg Cabot","...mediator like her, and teaches him that ghosts do not mean to do any harm, but just wa..."
,A,ghosts,ghost,hardcover_329686,Ninth Key,"Jenny Carroll, Meg Cabot","...hool. That night, Suze is awoken by the ghost of a woman who starts yelling hysterica..."
,A,ghosts,haunting,hardcover_1184962,Lunar New Year Love Story,"Gene Luen Yang, LeUyen Pham","...red as Cupid, transforms into a specter haunting her. However, after a chance encounter..."
,A,ghosts,apparition,hardcover_123284,The Castle in the Attic,Elizabeth Winthrop,"...cal forest, Sir Simon is tempted by the apparition of his old horse Moonlight, leaves the..."
,A,ghosts,Ghost,hardcover_1185268,Ghost Season,Fatin Abbas,"...to be engulfed by conflict and terror."" Ghost Season was included in Brittle Paper's..."
,A,ghosts,Ghosts,hardcover_1226596,Joe Hill's Rain,"Joe Hill, David M. Booher, Zoe Thorogood",...he short story collections 20th Century Ghosts (2005) and Strange Weather (2017); and...
,A,ghosts,ghost,hardcover_1356644,In The Shadows,L.B. August,...aders of the gangs (as well as a female ghost that inhabits the upper floor of his bu...
,A,ghosts,ghost,hardcover_1807356,Yu Yu Hakusho 01,Yoshihiro Togashi,"...boy by pushing him out of the way. His ghost is greeted by Botan, a woman who introd..."
,A,ghosts,Ghost,hardcover_194649,Three tales,"Gustave Flaubert, Roger Whitehouse, Geoffrey Wall","...o floats above her deathbed as the Holy Ghost. She lives a simple, unexamined life...."
,A,ghosts,Ghost,hardcover_1953428,Unbound,Penelope Bloom,...naugurated by Roth's previous novel The Ghost Writer. == Quiz show scandals == The no...
,A,gothic,Gothic,hardcover_212183,Jonathan Strange & Mr Norrell,Susanna Clarke,"...ons, such as the comedy of manners, the Gothic tale, and the Byronic hero. The novel's..."
,A,gothic,gothic,hardcover_1239256,Brat: A Novel,Gabriel Smith,"...hat the novel is written in the mode of gothic horror and that autofiction, by contras..."
,A,lesbian,lesbian,hardcover_222977,Juliet Takes a Breath,Gabby Rivera,...o has recently started identifying as a lesbian. She has just finished her first year o...
,A,lgbtq,(implied by identity tag),all_the_white_spaces,All the White Spaces,Titan Books,added because a specific LGBTQ identity tag fired
,A,lgbtq,(implied by identity tag),hardcover_222977,Juliet Takes a Breath,Gabby Rivera,added because a specific LGBTQ identity tag fired
,A,lgbtq,(implied by identity tag),hardcover_240754,Coin Locker Babies,"Ryū Murakami, Stephen    Snyder",added because a specific LGBTQ identity tag fired
,A,lgbtq,(implied by identity tag),hardcover_1470950,The Deep Dark,Lee Knox Ostertag,added because a specific LGBTQ identity tag fired
,A,lgbtq,(implied by identity tag),hardcover_153730,A Spy In the House of Love,Anaïs Nin,added because a specific LGBTQ identity tag fired
,A,lgbtq,(implied by identity tag),hardcover_1765483,Luminous,Silvia Park,added because a specific LGBTQ identity tag fired
,A,lgbtq,(implied by identity tag),hardcover_237705,The Vesuvius Club,"Mark Gatiss, Mark Gatiss",added because a specific LGBTQ identity tag fired
,A,lgbtq,(implied by identity tag),hardcover_1202620,Lunar Boy,"Cin Wibowo, Jes Wibowo",added because a specific LGBTQ identity tag fired
,A,mermaids,mermaid,hardcover_1249516,Plain Jane and the Mermaid,Vera Brosgol,...p of a selkie when he is kidnapped by a mermaid....
,A,monsters,monster,a_blade_so_black,A Blade so Black,Titan Books,"...mmediately is attacked by a “Nightmare” monster and then saved by Addison Hatta, a guar..."
,A,monsters,monsters,alien_out_of_the_shadows,Alien: Out of the Shadows,Tim Lebbon,"...As a child, Chris Hooper dreamed of monsters. But in deep space, he found only darkn..."
,A,monsters,monster,betrayal_at_falador,Betrayal at Falador,T S Church,"...ttack's perpetrator, speculated to be a monster seen attacking travellers on the outski..."
,A,monsters,monster,brittle,Brittle,Brittle,...Hank Clerval is actually Frankenstein's monster. Brian Stableford stated that the not...
,A,monsters,monsters,eye_of_the_wolf,Eye of the Wolf,A. E. Rayne - Lords of Alekka book 1,"...recedes an attack by Trollocs, humanoid monsters. The woman identifies herself as Moirai..."
,A,monsters,monster,frankenstein_unbound,Frankenstein Unbound,Brian Aldiss,...Several villagers claim to have seen a monster in the woods and suggest this is the ki...
,A,monsters,Monsters,half_blood,Half-Blood,Jennifer L. Armentrout - Covenant Series,...s of The Lightning Thief and The Sea of Monsters from the Percy Jackson & the Olympians...
,A,monsters,monster,hardcover_326042,The Wee Free Men,Terry Pratchett,"...id"" in the water. Suddenly a vile green monster, Jenny Greenteeth, appears in the water..."
,A,monsters,Monster,hardcover_110688,Prodigal Son,"Dean Koontz, Kevin J. Anderson","...ion of Deucalion, formerly known as The Monster, who believes his former master and mak..."
,A,monsters,monster,hardcover_175945,The Stonekeeper,Kazu Kibuishi,...ren is kidnapped by a large beetle-like monster with tentacles. The children go downsta...
,A,monsters,monsters,hardcover_228454,"This Book Is Full of Spiders: Seriously, Dude, Don't Touch It","David Wong, Jason Pargin","...y turning their bodies into the violent monsters ""like Optimus Prime made of meat"". The..."
,A,monsters,monsters,hardcover_234539,Pet,Akwaeke Emezi,"...historical record saw angels defeating monsters. In Lucille, there are no more monsters..."
,A,monsters,monsters,hardcover_11591,Sense and Sensibility and Sea Monsters,"Jane Austen, Ben H. Winters","...unexplained event spawns numerous ""sea monsters"", including sea serpents, giant lobster..."
,A,monsters,monster,hardcover_1470950,The Deep Dark,Lee Knox Ostertag,"...or her sick grandmother, must satisfy a monster living in her basement with her blood e..."
,A,monsters,monsters,hardcover_1585547,Ushers,Joe Hill,"...ysterious serial killer, and ghouls and monsters that lie buried deep within the Ushers'..."
,A,monsters,Monsters,hardcover_224414,Tristan Strong Punches a Hole in the Sky,Kwame Mbalia,"...being attacked by Fetterlings, or Iron Monsters, living chains that attempt to capture..."
,A,monsters,monsters,hardcover_1093901,We Are the Crisis,Cadwell Turnbull,"...public finds out about the existence of monsters, monsters start disappearing. Werewolve..."
,A,mythology,mythology,fury_of_the_queen,Fury of the Queen,A. E. Rayne - The Lords of Alekka Book 5,"...e directly connected with the Furies of mythology, and the third who is an altogether dif..."
,A,mythology,Greek myth,half_blood,Half-Blood,Jennifer L. Armentrout - Covenant Series,...d Pablo Cartaya. The series is based on Greek mythology and takes place between the events...
,A,mythology,mythological,hardcover_1097024,The God and the Gumiho,Sophie Kim,"...ox."" While ho is typically reserved for mythological or literary contexts in South Korea, So..."
,A,mythology,mythology,hardcover_169139,Secondhand Souls,Christopher Moore,"...as well. Moore plays around with world mythology, especially Celtic, Egyptian and Buddhi..."
,A,mythology,mythology,hardcover_224414,Tristan Strong Punches a Hole in the Sky,Kwame Mbalia,...can American folktales and West African mythology. After Tristan loses his first boxing m...
,A,mythology,mythology,hardcover_1046283,Turtle Recall: The Discworld Companion . . . So Far,"Terry Pratchett, Stephen Briggs","...se classic fantasy and science fiction, mythology, and folklore, and also include comment..."
,A,mythology,mythology,hardcover_1071059,The Sandman: Book One,"Sam Kieth, Mike Dringenberg, Chris Bachalo, Steve Oliff, Neil Gaiman, Steve Parkhouse, Charles Vess, Dave McKean, Michael Zulli, Malcolm Jones III, Kelley Jones, Colleen Doran, Daniel Vozzo, Todd Klein","...aphysical entities, while also blending mythology and history in its horror setting withi..."
,A,mythology,mythology,hardcover_1900794,Hole in the Sky,Daniel H. Wilson,"...d ancestors and creatures from Cherokee mythology. Clark, Johnson, and Hardgray converge..."
,A,mythology,Norse myth,hardcover_1244645,What If... Loki Was Worthy?,Madeleine Roux,"...enciller Jack Kirby, he is based on the Norse mythological deity of the same name. Althoug..."
,A,mythology,mythology,hardcover_332691,Destiny Kills,Keri Arthur,"...ons, the cosmos. Classical and European mythology feature personified ""fate spinners,"" kn..."
,A,noir,noir,credence,Credence,Penelope Douglas Novel,"...k-and-white art panels in a stark, film noir style and is visually different from Ea..."
,A,noir,Noir,hardcover_302654,Wildwood Imperium,"Colin Meloy, Carson Ellis","...stes, where they ally with the Chapeaux Noir, a resistance group aiming to topple th..."
,A,noir,noir,hardcover_1336110,"Blacksad #6: They All Fall Down, Part 1","Juan Díaz Canales, Juanjo Guarnido","...Rendered in a film noir style, the stories are set in late 1950..."
,A,occult,black magic,a_deadly_education,A Deadly Education,Naomi Novik,"...the school provides for her to learn is black magic suitable for violence and destruction,..."
,A,occult,necromancy,fire_sea,Fire Sea,Weis and Hickman,...they have taken to the forbidden art of necromancy: the raising of the dead. These reanima...
,A,occult,necromancy,hardcover_1096472,Blood of the Old Kings,"Sung-Il Kim, Anton Hur",...e forces of a corrupt empire powered by necromancy. == Synopsis == === Premise === The Emp...
,A,occult,occult,hardcover_1403055,Grave Empire,Richard Swan,"...Von Oldenburg, a nobleman obsessed with occult knowledge, studies a madness-inducing p..."
,A,occult,occult,hardcover_1207200,"Books of Blood, Volumes 1-3",Clive Barker,"...ast Illusion"" which introduced Barker's occult detective character Harry D'Amour. The..."
,A,occult,black magic,hardcover_296394,Which Witch?,"Annabel Large, Eva Ibbotson","...is a white witch, unable to perform any black magic. Before the contest begins, Belladonna..."
,A,occult,occult,hardcover_18400,Liber Null and Psychonaut: An Introduction to Chaos Magic,Peter J. Carroll,"...ic subculture, it drew heavily from the occult beliefs of artist Austin Osman Spare, e..."
,A,occult,occult,hardcover_191549,The Magician,W. Somerset Maugham,"...Burdon's mentor, the retired doctor and occult scholar Dr. Porhoët. While none of the..."
,A,pirates,Pirate,bride,Bride,Ali Hazelwood Novel,"...rcup later receives news that the Dread Pirate Roberts attacked Westley's ship, leadin..."
,A,pirates,pirate,hardcover_350237,Peter Pan,"Cooper Edens, J. M. Barrie",...children are blown out of the air by a pirate cannon. Wendy is nearly shot and killed...
,A,pirates,pirates,hardcover_268734,The Scar,China Miéville,"...eaches Nova Esperium, it is captured by pirates, and the passengers, crew and prisoners..."
,A,pirates,pirates,hardcover_286094,Honor among enemies,"David Weber, David Weber","...ads her crew in battles against various pirates, t..."
,A,pirates,Pirate,hardcover_33827,As You Wish: Inconceivable Tales from the Making of The Princess Bride,"Cary Elwes, Joe Layden, Rob Reiner","...rcup later receives news that the Dread Pirate Roberts attacked Westley's ship, leadin..."
,A,pirates,pirate,hardcover_236988,The secret of the unicorn,"Hergé, Michael      Turner","...r, Sir Francis Haddock, but seized by a pirate band led by Red Rackham. In a retold fl..."
,A,pirates,pirates,hardcover_239223,Tris's Book,Tamora Pierce,...sits the temple and informs Sandry that pirates have begun raiding settlements along th...
,A,pirates,pirates,hardcover_270360,The Last Theorem,"Arthur C. Clarke, Mark Bramhall, Frederik Pohl",...oards a cruise ship that is hijacked by pirates. When unknown security forces free the...
,A,pirates,pirate,hardcover_140746,Mrs. Piggle-Wiggle's Farm,"Betty MacDonald, Maurice Sendak","...d husband, Mr. Piggle-Wiggle, who was a pirate. In the first two books of the series,..."
,A,pirates,pirates,hardcover_153779,Jedi Apprentice: The Rising Force,Dave Wolverton,"...ip. The mining ship is soon attacked by pirates, which causes them to launch an emergen..."
,A,pirates,pirate,hardcover_348530,Mrs. Piggle-Wiggle's Magic,"Betty MacDonald, Alexandra Boiger","...d husband, Mr. Piggle-Wiggle, who was a pirate. In the first two books of the series,..."
,A,robots,robot,a_prayer_for_the_crown_shy,A Prayer for the Crown-Shy,Becky Chambers,"...Built, Dex the tea monk and Mosscap the robot travel through the human communities of..."
,A,robots,android,alien_3,Alien 3,Aliens Series,"...wt"" Jorden, Cpl. Hicks, and the damaged android Bishop in cryonic stasis. An alien egg..."
,A,robots,android,alien_covenant,Alien: Covenant,Aliens Series,"...e captain, Branson. Walter, an advanced android, awakens key personnel to address the s..."
,A,robots,android,alien_covenant_origins,Alien Covenant - Origins,Aliens Series,"...e captain, Branson. Walter, an advanced android, awakens key personnel to address the s..."
,A,robots,android,bishop,Aliens: Bishop,Aliens Series,...ce fiction film Aliens (1986). He is an android and the science officer of the Sulaco....
,A,robots,robots,code_of_the_lifemaker,Code of the Lifemaker,James P Hogan,"...ystem eventually gives rise to humanoid robots with human-like intellects, who develop..."
,A,robots,robot,day_zero,Day Zero,C Robert Cargill,"...A robot revolution is ignited when Isaac, a rob..."
,A,robots,Robots,hardcover_1454839,Death of the Author,Nnedi Okorafor,"...es her block-buster debut novel, Rusted Robots. The book becomes an instant success an..."
,A,robots,robots,hardcover_17430,Saving the World and Other Extreme Sports,James Patterson,...hunted the Flock have been replaced by robots called Flyboys. Max wants to fight Itex...
,A,robots,robot,hardcover_265922,The Invincible,"Stanisław Lem, Bill Johnston","...place under the selection pressures of ""robot wars"", with the only surviving forms be..."
,A,robots,Robots,hardcover_1126484,Beyond the Aquila Rift: The Best of Alastair Reynolds,Alastair Reynolds,"...flix's animated anthology Love, Death & Robots. This story, along with ""Zima Blue"", ar..."
,A,robots,robots,hardcover_221362,The Stonekeeper's Curse,Kazu Kibuishi,"...= Emily, her brother, and their crew of robots continue to travel in the underground w..."
,A,robots,automaton,hardcover_252714,Last Call,Tim Powers,...t of turning the person into a mindless automaton. Leon began this magical rite with youn...
,A,robots,android,hardcover_1003564,Alien 3: The Unproduced Screenplay by William Gibson,"Pat Cadigan, William Gibson","...wt"" Jorden, Cpl. Hicks, and the damaged android Bishop in cryonic stasis. An alien egg..."
,A,robots,robots,hardcover_1220873,Second Variety: Short Story,Philip K. Dick,"...Soviet victory, UN technicians develop robots, nicknamed ""claws""—the basic models are..."
,A,space,spaceship,after_atlas,After Atlas,Roc,...forty years after the departure of the spaceship Atlas to find God. No word of the fate...
,A,space,spaceship,alien_3,Alien 3,Aliens Series,"...the planet LV-426, the Colonial Marine spaceship Sulaco is travelling back to Earth with..."
,A,space,spaceship,alien_covenant,Alien: Covenant,Aliens Series,"...In 2104, the spaceship Covenant is en route to colonize the pl..."
,A,space,spaceship,alien_covenant_origins,Alien Covenant - Origins,Aliens Series,"...In 2104, the spaceship Covenant is en route to colonize the pl..."
,A,space,interstellar,aliens,Aliens,Aliens Series,...icted as a space-faring species with an interstellar dominion; space journeys typically last...
,A,space,spaceship,aliens_earth_hive,Earth Hive,Steve Perry,"...n in Earth orbit, with a small derelict spaceship being prepped for de-orbit and burnup...."
,A,space,spacecraft,anathem,Anathem,Neal Stephenson Novel,"...er, Fraa Orolo, discovers that an alien spacecraft is orbiting Arbre – a fact that the wor..."
,A,space,spaceship,children_of_god,Children of God,Mary Doria Russell Novel,"..., kidnaps Emilio and imprisons him on a spaceship bound for Rakhat. Sofia Mendes Quinn, a..."
,A,space,spaceship,clays_ark,Clay's Ark,Octavia E. Butler,"...yle, the only survivor of Clay's Ark, a spaceship that made an emergency crash landing in..."
,A,space,spaceship,colony114,Colony,Jo Fletcher Books,"...for the survival of the human race is a spaceship called the Willflower, which will take..."
,A,space,starship,far_from_the_light_of_heaven,Far from the Light of Heaven,Orbit,...ain Michelle “Shell” Campion boards the starship Ragtime for a journey to the colony pla...
,A,space,starship,footfall,Footfall,Larry Niven,...ey wagered to see who would depart in a starship and seek a new home elsewhere. The lead...
,A,space,spacecraft,garden_of_rama,Garden of Rama,Arthur C Clarke,"...re trapped aboard the cylindrical alien spacecraft, Rama II, heading out towards deep spac..."
,A,space,spacecraft,hardcover_108853,The Last Hero,"Terry Pratchett, Paul Kidby",...ho designs the Discworld's second known spacecraft to slingshot under the Discworld and ba...
,A,space,interstellar,hardcover_312460,Dune,"Frank Herbert, Brian Herbert",...uild Navigators are able to effect safe interstellar travel through a limited ability to see...
,A,space,space travel,hardcover_1467871,Under the Eye of the Big Bird,"Hiromi Kawakami, Asa Yoneda","...nd hovercraft, important knowledge like space travel is lost. The central problem these comm..."
,A,space,spaceship,hardcover_181557,Don't Panic: Douglas Adams & the Hitchhiker's Guide to the Galaxy,"Neil Gaiman, David K. Dickson, M.J. Simpson, Guy Adams","...rthur survive by hitching a ride on the spaceship, much to Arthur's amazement. Ford revea..."
,A,space,space station,hardcover_339424,Cold Storage,David Koepp,"...In 1979, space station Skylab is decommissioned through atmosp..."
,A,space,spacecraft,hardcover_150638,The Simulacra,Philip K. Dick,"...is brother and a cut-price colonisation spacecraft sales firm (known as ""Loony Lukes"") inv..."
,A,space,interstellar,hardcover_1496426,"Dune: The Graphic Novel, Book 2: Muad’Dib","Brian Herbert, Kevin J. Anderson, Frank Herbert, Raul Allen, Patricia Martín, Bill Sienkiewicz","...s setting, humanity has formed a feudal interstellar empire known as the Imperium, run by se..."
,A,space,Deep Space,hardcover_338754,Star trek,"James Blish, Norman Spinrad","...t. As recently as 2020, novels based on Deep Space Nine, Enterprise, and Voyager were publ..."
,A,spies,CIA agent,hardcover_1093901,We Are the Crisis,Cadwell Turnbull,"...ng watched by both the Black Hand and a CIA agent, Alexandra Trapp. Weredog former U.S. V..."
,A,superheroes,superhero,captain_america_the_shield_of_sam_wilson,Captain America: The Shield of Sam Wilson,Titan Books,...Captain America is a superhero created by Joe Simon and Jack Kirby who...
,A,superheroes,superhero,doctor_strange_dimension_war,Doctor Strange Dimension War,Titan Books,...Dr. Stephen Vincent Strange is a superhero appearing in American comic books publi...
,A,superheroes,superhero,domino_strays,Domino: Strays,Domino: Strays,"...r, confidante, and love interest of the superhero Cable, a lieutenant in his militant gro..."
,A,superheroes,superheroes,fury_of_the_queen,Fury of the Queen,A. E. Rayne - The Lords of Alekka Book 5,"...the codename shared by three DC Comics superheroes, two of whom are mother and daughter, b..."
,A,superheroes,superhero,hardcover_1078404,X-Men: The Dark Phoenix Saga,"Chris Claremont, John Byrne",...#129 (January 1980). It focuses on the superhero Jean Grey and the cosmic entity Phoenix...
,A,superheroes,superheroes,hardcover_185940,Marvel Zombies,"Robert Kirkman, Sean Phillips",...ins alternate zombie versions of Marvel superheroes. The story begins as an unknown superhe...
,A,superheroes,superhero,hardcover_1244645,What If... Loki Was Worthy?,Madeleine Roux,...the adoptive brother and nemesis of the superhero Thor was introduced with the version th...
,A,transgender,trans man,all_the_white_spaces,All the White Spaces,Titan Books,"...Jonathan Morgan is a trans man from Portsmouth, England. He was previo..."
,A,transgender,trans girl,hardcover_1470950,The Deep Dark,Lee Knox Ostertag,"...ites with her childhood friend Nessa, a trans girl, the two fall in love...."
,A,transgender,transgender,hardcover_1765483,Luminous,Silvia Park,...for the Robot Crimes division. Jun is a transgender man who was severely injured by an IED...
,A,transgender,trans boy,hardcover_1202620,Lunar Boy,"Cin Wibowo, Jes Wibowo","...Indu, a trans boy who was discovered alone on a moon as a..."
,A,vampires,vampire,baptism_of_fire,Baptism of Fire,Andrzej Sapkowski,"...nally, the troupe is joined by Regis, a vampire with invaluable medical skills, whom Ge..."
,A,vampires,vampire,brimstone,Brimstone,Callie Hart Novel,...he title. Her transformation into a Fae-vampire hybrid has left her unable to survive t...
,A,vampires,vampire,coffin_moon,Coffin Moon,Keith Rosson,...learn that Varley is a hundred-year-old vampire....
,A,vampires,vampires,dracula_cha_cha_cha,Dracula Cha Cha Cha,Kim Newman,"...In 1959, several of the world's notable vampires gather in Rome for the wedding of Count..."
,A,vampires,vampire,grave_peril,Grave Peril,Jim Butcher,...resent the White Council at a Red Court vampire party. He refuses to allow Susan to acc...
,A,vampires,vampires,hardcover_165884,Marked,"Kristin Cast, P. C. Cast","...old Zoey Redbird lives in a world where vampires, or ""vampyres"" have always existed. One..."
,A,vampires,vampire,hardcover_270888,Baptism of Fire,"Andrzej Sapkowski, David   French","...nally, the troupe is joined by Regis, a vampire with invaluable medical skills, whom Ge..."
,A,vampires,vampire,hardcover_102770,Bunnicula,"Deborah Howe, Alan Daniel, James Howe","...ames and Deborah Howe, and introduced a vampire rabbit named Bunnicula who sucks the ju..."
,A,vampires,vampires,hardcover_1813562,The Midnight Shift,"Cheon Seon-ran, Gene Png","...""above all, I focused on the aspect of vampires as ‘long-lived beings.’ To live a long..."
,A,vampires,vampires,hardcover_1433865,Morgana and Oz Volume One,Miyuli,"...hes, who are in conflict with a clan of vampires. When she accidentally transforms one o..."
,A,werewolves,werewolf,betrayal_at_falador,Betrayal at Falador,T S Church,"...fered. In Falador, Kara-Meir forces the werewolf Jerrod to escape the city. Jerrod later..."
,A,werewolves,werewolves,fool_moon,Fool Moon,Jim Butcher,"...a confrontation with a gang of teenage werewolves and their pack leader, Tera West. After..."
,A,werewolves,werewolf,hardcover_144950,The Neverending Story,"Michael Ende, Ralph Manheim, Roswitha Quadflieg","...of Spook City. He encounters the dying werewolf Gmork, a servant of the force behind th..."
,A,werewolves,werewolf,hardcover_321049,Blood Beast,Darren Shan,...and suspects he might be turning into a werewolf. Things come to a head when Grubbs and...
,A,werewolves,Werewolves,hardcover_1093901,We Are the Crisis,Cadwell Turnbull,"...monsters, monsters start disappearing. Werewolves Laina Calvary, her husband Riley Gibson..."
,A,witches,witch,all_the_birds_in_the_sky,All the Birds in the Sky,Charlie Jane Anders,"...e and is about Patricia and Laurence, a witch and a techno-geek. Patricia discovers,..."
,A,witches,sorceress,baptism_of_fire,Baptism of Fire,Andrzej Sapkowski,...aard and the Northern Kingdoms. The elf sorceress Francesca Findabair has been installed...
,A,witches,sorceress,hardcover_270888,Baptism of Fire,"Andrzej Sapkowski, David   French",...aard and the Northern Kingdoms. The elf sorceress Francesca Findabair has been installed...
,A,witches,witch,hardcover_326042,The Wee Free Men,Terry Pratchett,"...ing teacher and comes upon Miss Tick, a witch who has been watching her. Tiffany is t..."
,A,witches,witchcraft,hardcover_106026,The House of the Seven Gables,Nathaniel Hawthorne,"...The colonel accused Maule of practicing witchcraft during the Salem witchcraft trials, and..."
,A,witches,witchcraft,hardcover_1474,Lolly Willowes,"Sylvia Townsend Warner, Alison Lurie",...relatives and takes up the practice of witchcraft. The novel opens at the turn of the twe...
,A,witches,witch,hardcover_207651,George's Marvellous Medicine,"Roald Dahl, Maggie Ollerenshaw, Stephen Pacey, Quentin Blake","...sects and he wonders briefly if she's a witch. As a punishment for her regular abuse,..."
,A,witches,witches,hardcover_263787,The Girl Who Circumnavigated Fairyland in a Ship of Her Own Making,"Catherynne M. Valente, Ana Juan","...continue in Fairyland, where she meets witches who give her a mission to steal a spoon..."
,A,witches,Sorceress,hardcover_293465,Belgarath the Sorcerer,"David Eddings, Leigh Eddings",...about seven thousand years. Polgara the Sorceress is a companion book to Belgarath the So...
,A,witches,witch,hardcover_34176,Confessor,Terry Goodkind,"...missing from the Keep. That night, the witch woman Six enters the Keep and steals th..."
,A,witches,witches,hardcover_108096,The Girl Who Fell Beneath Fairyland and Led the Revels There,"Catherynne M. Valente, Ana Juan","...continue in Fairyland, where she meets witches who give her a mission to steal a spoon..."
,A,witches,witch,hardcover_1156519,She Who Knows,Nnedi Okorafor,"...vel with them. Najeeba interacts with a witch, which is described as either a tornado..."
,A,witches,witchcraft,hardcover_185251,A Tale of Magic...,Chris Colfer,...nces him by saying magic is not bad but witchcraft is and that he could use magic to stop...
,A,witches,Witch,hardcover_204856,Jarka Ruus,Terry Brooks,"...y over her former life as the evil Ilse Witch. In a bid for power, a group of Druids..."
,A,witches,witches,hardcover_177850,The Girl Who Soared Over Fairyland and Cut the Moon in Two,"Catherynne M. Valente, Ana Juan","...continue in Fairyland, where she meets witches who give her a mission to steal a spoon..."
,A,witches,Witch,hardcover_242272,"The Chronicles of Narnia - The Lion, the Witch, and the Wardrobe Official Illustrated Movie Companion","C. S. Lewis, Perry Moore","...had intended to betray her to the White Witch, Jadis, who has cursed Narnia to an ete..."
,A,witches,witchcraft,hardcover_280800,Crusade In Jeans,Thea Beckman,"...knowledge also leads to accusations of witchcraft. In the book, two slavers delude a grou..."
,A,witches,witches,hardcover_296394,Which Witch?,"Annabel Large, Eva Ibbotson","...es to hold a contest in which the seven witches of Todcaster (Mabel Wrack, Ethel Feedba..."
,A,witches,witch,hardcover_36141,Witch World,Andre Norton,"...he woman, who he much later learns is a witch named Jaelithe, and enters the service..."
,A,witches,witches,hardcover_1183504,Brooms,"Jasmine Walls, Teo Duvall","...the US state of Mississippi, six young witches, fighting to escape the oppression of a..."
,A,witches,witches,hardcover_1433865,Morgana and Oz Volume One,Miyuli,"...s a member of the Winterberry family of witches, who are in conflict with a clan of vam..."
,A,zombies,zombie,fever_house,Fever House,Random House,...rns those killed in its presence into a zombie. Hutch hands the hand over to Nick Coff...
,A,zombies,reanimated corpse,fire_sea,Fire Sea,Weis and Hickman,"...romancy: the raising of the dead. These reanimated corpses are not very smart, but they're better..."
,A,zombies,Zombie,hardcover_147494,The 5th Wave,Rick Yancey,...s Squad 53 and becomes known as Private Zombie. Cassie awakes in a country house mostl...
,A,zombies,zombie,hardcover_273279,Feed,Mira Grant,...e (2011). Set during the aftermath of a zombie apocalypse and written from the perspec...
,A,zombies,The Walking Dead,hardcover_1289148,"The Walking Dead, Compendium 4",Robert Kirkman,...The Walking Dead is an American zombie apocalypse comic...
,A,zombies,zombie,hardcover_185940,Marvel Zombies,"Robert Kirkman, Sean Phillips","...ed Earth-2149, which contains alternate zombie versions of Marvel superheroes. The sto..."
,A,zombies,Zombie,hardcover_313768,The Zombie Survival Guide: Recorded Attacks,"Max Brooks, Ibraim Roberson",...The Zombie Survival Guide is the first book writte...
,A,zombies,The Walking Dead,hardcover_1026922,The Walking Dead #1,"Robert Kirkman, Tony Moore",...The Walking Dead (TWD) is an American post-apocalyptic h...
,B,academia,professor,babel,Babel,R.F. Kuang - Dark Academia Fantasy,"...is taken in by Richard Lovell, a Babel professor, and takes the English name Robin Swift..."
,B,academia,university,binti,Binti,Nnedi Okorafor Novella,...pted into the prestigious intergalactic university Oomza Uni. Upon being notified of her a...
,B,academia,University,call_of_cthulhu,Call of Cthulhu,HP Lovecraft,"...s left behind by his grand-uncle, Brown University linguistic professor George Gammell Ang..."
,B,academia,professor,gleam,Gleam,Raven Kennedy Novel,"...ited States, follow a brilliant Chinese professor's plan to help China's client state whi..."
,B,academia,university,gold,Gold,Raven Kennedy Novel,"...r. Bruce Gold is a Jewish, middle-aged, university English professor, unhappily married, h..."
,B,academia,University,hardcover_108853,The Last Hero,"Terry Pratchett, Paul Kidby",...s now gone grey). The Wizards of Unseen University explain to Lord Vetinari that blowing u...
,B,academia,Professor,hardcover_154097,The Voyage of the Dawn Treader,"C. S. Lewis, Pauline Baynes","...er, Peter, is studying for an exam with Professor Kirke, and their older sister, Susan, i..."
,B,academia,Professor,hardcover_190337,The Housekeeper and the Professor,"Yoko Ogawa, Stephen    Snyder","...ency dispatches her to the house of the Professor, a former mathematician who can remembe..."
,B,academia,University,hardcover_332660,Revelation Space,Alastair Reynolds,...t: he holds a PhD in astronomy from the University of St Andrews and spent over a decade w...
,B,academia,university,hardcover_357003,Convenience Store Woman,"Sayaka Murata, Ginny Tapley Takemori","...causes problems. One day, while still a university student, Keiko passes by the Hiiromachi..."
,B,academia,professor,hardcover_1078742,The Futurological Congress,Stanisław Lem,...urological Congress in Costa Rica[1] by professor Tarantoga. The conference is set to foc...
,B,academia,University,hardcover_115335,We Are All Completely Beside Ourselves,Karen Joy Fowler,"...Rosemary, while attending University of California, Davis in her early twent..."
,B,academia,professor,hardcover_1250746,The Empusium: A Health Resort Horror Story,"Olga Tokarczuk, Antonia Lloyd-Jones","...s other patients including the Catholic professor Longin Lukas, the Romanian-born sociali..."
,B,academia,professor,hardcover_133558,Harvest Home,Thomas Tryon,"...befriends Robert Dodd, a former college professor, who is now blind and largely homebound..."
,B,academia,professor,hardcover_1454839,Death of the Author,Nnedi Okorafor,"...from her position as an adjunct writing professor in Chicago. Following this, she returns..."
,B,academia,graduate student,hardcover_174799,Micro,"Michael Crichton, Richard Preston","...e. In Cambridge, Massachusetts, Harvard graduate student Peter Jansen is collecting venom from a..."
,B,academia,Graduate student,hardcover_1200140,Saturation Point,Adrian Tchaikovsky,...ke it impossible for humans to survive. Graduate student Jasmine Marks travels into the Zone wit...
,B,academia,University,hardcover_236811,The Bridge,Iain Banks,"...studied geology and engineering at the University of Edinburgh, fell in love with Andrea..."
,B,academia,university,hardcover_328808,The Unwanteds,"Lisa McMann, Simon  Jones","...nted. Those designated as Wanted attend university, Necessaries work in agriculture, and U..."
,B,academia,University,hardcover_356804,She: A History of Adventure,"H. Rider Haggard, Andrew M. Stauffer","...Horace Holly, a young Cambridge University professor, is visited by Vincey, a coll..."
,B,academia,Professor,hardcover_1488736,The Twenty-One Balloons,William Pène du Bois,"...he main story begins with the rescue of Professor William Waterman Sherman, who is picked..."
,B,academia,professor,hardcover_178847,Delirium,Laura Restrepo,"...its main protagonist, an ex-Literature professor turned traveling Purina salesman named..."
,B,academia,graduate student,hardcover_1900794,Hole in the Sky,Daniel H. Wilson,"...d ""The Man Downstairs"" (MD), an unnamed graduate student confined to a basement by the US milita..."
,B,academia,Professor,hardcover_242272,"The Chronicles of Narnia - The Lion, the Witch, and the Wardrobe Official Illustrated Movie Companion","C. S. Lewis, Perry Moore","...London, England to the country home of Professor Kirke. During a game of hide-and-seek,..."
,B,academia,University,hardcover_270360,The Last Theorem,"Arthur C. Clarke, Mark Bramhall, Frederik Pohl","...Subramanian. While studying at Colombo University, he becomes obsessed with Fermat's Last..."
,B,academia,professor,hardcover_299677,Submission,"Michel Houellebecq, Lorin Stein","...r is François, a middle-aged literature professor at Paris 3 and specialist in Huysmans...."
,B,academia,Professor,hardcover_367907,Lost,"Gregory Maguire, Douglas Smith",.... His task is to approach the notorious Professor Challenger. The subject is to be his re...
,B,academia,University,hardcover_1123430,Mothtown,Caroline Hardaker,...d been investigating dark matter at the University of York and had written a book entitled...
,B,academia,University,hardcover_1141252,The Recovery,Suzanne Young,"...iously. She graduates and gets into the University of Massachusetts, where she studies Eng..."
,B,art,sculptor,call_of_cthulhu,Call of Cthulhu,HP Lovecraft,"...a dragon, and a human caricature."" The sculptor, a Rhode Island art student named Henry..."
,B,art,painting,goldfinch,Goldfinch,Raven Kennedy Novel,"...utch masterpieces, including a favorite painting of hers, Carel Fabritius's The Goldfinc..."
,B,art,painting,hardcover_154097,The Voyage of the Dawn Treader,"C. S. Lewis, Pauline Baynes","...hrough a picture of a ship at sea. (The painting, hanging neglected in the guest bedroom..."
,B,art,painter,hardcover_29886,The Trial,"Franz Kafka, Breon Mitchell",...r his lateness and mistaken for a house painter rather than a bank clerk. He arouses th...
,B,art,painting,hardcover_234539,Pet,Akwaeke Emezi,"..., Jam trips and falls onto her mother's painting (a type of assemblage with sharp object..."
,B,art,painter,hardcover_237705,The Vesuvius Club,"Mark Gatiss, Mark Gatiss",...n attempt on Box's life soon follows. A painter and friend of Box supplies a new lead i...
,B,art,painting,hardcover_24193,The Danish Girl,David Ebershoff,...le become painters; Lili specializes in painting landscapes and Gerda specializes in pai...
,B,art,painting,hardcover_329151,Seiobo There Below,"László Krasznahorkai, Ottilie Mulzet","...the story of Vashti, the commission and painting of a set of wedding trunks by Filippino..."
,B,art,the artist,hardcover_2026772,Critical Role: Vox Machina Origins: Series I & II Collection,"Matthew Mercer, Jody Houser, Matthew Colville, Olivia Samson, Chris Northrop",...equent three volumes. Olivia Samson was the artist on the first three volumes with Noah Ha...
,B,art,paintings,hardcover_287853,Gould's Book of Fish: a Novel in Twelve Fish,"Richard Flanagan, William Buelow Gould",...ovel is unusual in that it makes use of paintings by the real Van Diemonian convict artis...
,B,college,college,hardcover_270618,An Astronaut's Guide to Life on Earth,Chris Hadfield,...of 16. After school he went to military college and trained to become a Canadian fighte...
,B,college,College,hardcover_355708,The Golden Compass,Philip Pullman,"...Belacqua is an orphan raised at Jordan College with her dæmon Pantalaimon or ""Pan"". He..."
,B,college,college,hardcover_133558,Harvest Home,Thomas Tryon,"...rs. Ned befriends Robert Dodd, a former college professor, who is now blind and largely..."
,B,college,college,hardcover_156934,Have Space Suit—Will Travel,Robert A. Heinlein,"...e suit for a cash prize to help pay for college, but puts it on for one last walk. As h..."
,B,college,College,hardcover_19128,Out of the Easy,Ruta Sepetys,...hildren's Book Committee of Bank Street College of Education. It features Josie Moraine...
,B,college,college,hardcover_222977,Juliet Takes a Breath,Gabby Rivera,...She has just finished her first year of college and living away from home for the first...
,B,college,college,hardcover_149693,New Atlantis,Francis Bacon,"...ution, Salomon's House, ""which house or college ... is the very eye of this kingdom."" M..."
,B,college,college,hardcover_151235,Atlantis Rising,Alyssa Day,"...ution, Salomon's House, ""which house or college ... is the very eye of this kingdom."" M..."
,B,college,college,hardcover_1775698,Strange Bedfellows,Ariel Slamet Ries,"...most of humanity has superpowers, trans college dropout Oberon Afolayan spontaneously d..."
,B,cooking,chef,doors_of_sleep,Doors of Sleep,Angry Robot Books,".... Dick Hallorann, the Overlook's former chef, teaches Danny to create mental lockbox..."
,B,cooking,Baker,hardcover_289088,Thirteen Reasons Why,Jay Asher,"...seven cassette tapes recorded by Hannah Baker, a classmate who has recently died by s..."
,B,cooking,baker,hardcover_36624,Wicked Appetite,Janet Evanovich,"...eth Tucker (referred to as Lizzie) is a baker at Dazzle's Bakery, specialising in cup..."
,B,cooking,restaurant,hardcover_1465502,Unwanted,Mia Sheridan,"..., and she later coincidentally visits a restaurant where Troy's daughter, Laura, works. Cu..."
,B,cooking,restaurant,hardcover_1482440,The Twisted Ones: Five Nights at Freddy’s,"Kira Breed-Wrisley, Claudia Aguirre, Scott Cawthon","...location connected to a fictional pizza restaurant franchise called ""Freddy Fazbear's Pizz..."
,B,cooking,Baker,hardcover_154436,The Dragons of Krynn,"Margaret Weis, Tracy Hickman, Michael   Williams, Teri Williams, Nancy Varian Berberick, Mickey Zucker Reichert, Douglas Niles, Roger E. Moore, Nick O'Donohoe, Jeff Grubb, Janet Pack, Amy Stout, Don Perrin, Dan Harnden, Richard A. Knaak, Linda P. Baker, Margaret Weis, Kevin T. Stein","...A. Knaak. ""Into the Light"" by Linda P. Baker. ""The Best"" by Margaret Weis.This is a..."
,B,cooking,Baker,hardcover_247586,Basil of Baker Street,"Eve Titus, Paul Galdone",...Basil of Baker Street is a series of children's novels...
,B,epic,an epic,hardcover_1255222," Words of Radiance, Part 2",Brandon Sanderson,...Words of Radiance is an epic fantasy novel written by American autho...
,B,epic,an epic,hardcover_1624454,"Oathbringer, Part 1",Brandon Sanderson,...Oathbringer is an epic fantasy novel written by American autho...
,B,epic,an epic,hardcover_1624456,"Oathbringer, Part 2",Brandon Sanderson,...Oathbringer is an epic fantasy novel written by American autho...
,B,epic,an epic,hardcover_1428184,The Hyperion Cantos,Dan Simmons,"...he first volume, the Hyperion Cantos is an epic poem written by the character Martin Si..."
,B,friendship,friendship,a_deadly_education,A Deadly Education,Naomi Novik,...and El develop a somewhat antagonistic friendship. Once the two begin spending time toget...
,B,friendship,friendship,alpha_omega,Alpha Omega,Titan Books,"...the Western Pack, is conscious of their friendship and reminds Humphrey that Alphas and Om..."
,B,friendship,best friend,beautiful,Beautiful,Lauren - Beautiful Series,"...eau, who helped in raising him, and his best friend, Wesley Jefferson ""Link"" Lincoln. As hi..."
,B,friendship,best friend,catching_fire,Catching Fire,Suzanne Collins,"...against the Capitol, or her family and best friend Gale Hawthorne will be executed. Katnis..."
,B,friendship,best friend,hardcover_2127585,Days of Blood and Starlight,Laini Taylor,...feelings from overwhelming him. Karou's best friend Zuzana and her boyfriend Mik begin look...
,B,friendship,best friend,hardcover_232764,Daughter of Smoke & Bone,Laini Taylor,"...ending classes and hanging out with her best friend Zuzana, while simultaneously trying to..."
,B,friendship,friendship,hardcover_311751,Middlemarch,"George Eliot, Rosemary Ashton","...w. Casaubon grows jealous of Ladislaw’s friendship with Dorothea, and his insecurity deepe..."
,B,friendship,best friend,hardcover_106739,Crescendo,Becca Fitzpatrick,"...e conflicted when Rixon, a boy that her best friend Vee is dating, tells her that Patch is..."
,B,friendship,friendship,hardcover_252369,The Great God Pan and The Hill of Dreams,Arthur Machen,".... Helen later formed an unusually close friendship with a neighbour, Rachel, whom she led..."
,B,friendship,best friend,hardcover_104128,Girl Online,"Zoe Sugg, Siobhan Curham","...r-old girl living in Brighton, with her best friend Elliot and a picture-perfect family. Sh..."
,B,friendship,best friends,hardcover_121907,The Cricket in Times Square,"George Selden, Garth Williams","...ester meets Tucker Mouse and Harry Cat, best friends who live in an abandoned drainpipe near..."
,B,friendship,best friend,hardcover_13228,Between the Lines,"Jodi Picoult, Samantha van Leer","...Delilah's parents are divorced, and her best friend is a punk-rocker named Jules, who is an..."
,B,friendship,best friend,hardcover_1863683,A Rogue by Any Other Name,Sarah MacLean,"...now part of the dowry of his childhood best friend, Lady Penelope Marbury. A previous MacL..."
,B,friendship,friendship,hardcover_352853,Heretic,Bernard Cornwell,"...dearly. It brings about the end of his friendship with the Scot Robbie, for Robbie is als..."
,B,friendship,friendship,hardcover_101997,The Gum Thief,Douglas Coupland,"...nd forth, Roger and Bethany strike up a friendship in the letters. Soon, more letters are..."
,B,friendship,friendship,hardcover_104943,Chasing Vermeer,"Blue Balliett, Brett Helquist","...nto each other, beginning their unusual friendship. Calder is obsessed with pentominoes th..."
,B,friendship,best friend,hardcover_1277661,Avatar the Last Airbender: North and South,Gene Luen Yang,"...that means killing Fire Lord Zuko, his best friend...."
,B,friendship,friendship,hardcover_1463999,Nana 02,Ai Yazawa,...roommates to save money on rent. Their friendship later faces challenges as they navigate...
,B,friendship,best friend,hardcover_24193,The Danish Girl,David Ebershoff,...Gerda Wegener. Lili was raised with her best friend Hans. Gerda was raised in California wi...
,B,friendship,friendship,hardcover_337230,Emily's Quest,L. M. Montgomery,"...as an artist, Emily believes that their friendship is blossoming into something more. On h..."
,B,friendship,friendship,hardcover_1172931,The Betrayal of Thomas True,A.J.  West,"...out it four years ago. Since then their friendship has continued, albeit without playing s..."
,B,friendship,friendship,hardcover_1465502,Unwanted,Mia Sheridan,"...friends. Troy did not approve of their friendship and, as a devout Christian, believed Mi..."
,B,friendship,best friend,hardcover_255726,The Devouring,Simon Holt,"...oul... The story follows Reggie and her best friend Aaron, two horror buffs who discover an..."
,B,gay,gay man,hardcover_153730,A Spy In the House of Love,Anaïs Nin,"...er final relationship is with Donald, a gay man who views her as pure and nurturing. Th..."
,B,magic,magic,a_deadly_education,A Deadly Education,Naomi Novik,"..., and raised El to never use malia, the magic that is drawn from unwilling living bei..."
,B,magic,magical,all_the_birds_in_the_sky,All the Birds in the Sky,Charlie Jane Anders,"...iscovers, when she is six, that she has magical abilities, like talking to birds – but..."
,B,magic,magic,babel,Babel,R.F. Kuang - Dark Academia Fantasy,"...re considered the future of translation magic. In his first week, Robin encounters Gr..."
,B,magic,sorceress,baptism_of_fire,Baptism of Fire,Andrzej Sapkowski,...aard and the Northern Kingdoms. The elf sorceress Francesca Findabair has been installed...
,B,magic,magical,beautiful,Beautiful,Lauren - Beautiful Series,"...family are Casters, people who possess magical powers. On Lena's 16th birthday, she wi..."
,B,magic,magic,city_of_the_iron_fish,City of the Iron Fish,Simon Ings,"...s passed down over generations, and the magic enacted changes the City in unpredictab..."
,B,magic,Sorcerer,doctor_strange_dimension_war,Doctor Strange Dimension War,Titan Books,"...uly 1963). Doctor Strange serves as the Sorcerer Supreme, the primary protector of the E..."
,B,magic,magic,dragon_wing,Dragon Wing,Weis and Hickman,...f airborne islands on currents of elven magic and the backs of mammoth dragons. But s...
,B,magic,enchanted,dungeon_crawler_carl,Dungeon Crawler Carl,Matt Dinniman Novel,...rl earns for entering the dungeon is an enchanted pet biscuit. Donut eats it and becomes...
,B,magic,magical,earthquake_weather,Earthquake Weather,Tim Powers,"...itives from a psychiatric hospital, the magical nature of multiple personality disorder..."
,B,magic,magic,fire_sea,Fire Sea,Weis and Hickman,...reduced in power; most of their innate magic is consumed with simply keeping them al...
,B,magic,magical,fool_moon,Fool Moon,Jim Butcher,"...hom Dresden helped learn to control her magical talents, asks Dresden how to create a s..."
,B,magic,sorcerer,grave_peril,Grave Peril,Jim Butcher,"...and he went to capture Leonid Kravos, a sorcerer, cult leader and serial killer. The dre..."
,B,magic,magical,hardcover_110498,The Silver Chair,"C. S. Lewis, Pauline Baynes",...s and saves Eustace by blowing him on a magical wind stream to Narnia. He charges Jill...
,B,magic,magic,hardcover_1408508,The Time of Contempt,"Andrzej Sapkowski, David French","...to enroll Ciri at the Aretuza school of magic on Thanedd Island, while attending a co..."
,B,magic,magical,hardcover_144950,The Neverending Story,"Michael Ende, Ralph Manheim, Roswitha Quadflieg","...ic and reads it. The book is set in the magical land of Fantastica, which is threatened..."
,B,magic,magic,hardcover_1617146,Cursed Bunny,"Bora Chung, Anton Hur","...ing Anton Hur for capturing ""the tricky magic of Chung's voice."" The Chicago Review o..."
,B,magic,sorceress,hardcover_270888,Baptism of Fire,"Andrzej Sapkowski, David   French",...aard and the Northern Kingdoms. The elf sorceress Francesca Findabair has been installed...
,B,magic,magical,hardcover_350237,Peter Pan,"Cooper Edens, J. M. Barrie","...John and Michael go along. After their magical flight to Neverland, the children are b..."
,B,magic,sorcerer,hardcover_1096472,Blood of the Old Kings,"Sung-Il Kim, Anton Hur","...t through the use of necromancy. When a sorcerer dies, the corpse is placed in a magical..."
,B,magic,magical,hardcover_1097024,The God and the Gumiho,Sophie Kim,...is a term that originally referred to a magical fox appearing in Korean novels of the J...
,B,magic,magic,hardcover_1133023,"Saga, Book One","Brian K. Vaughan, Fiona Staples","...ll's only satellite, whose people wield magic. Because the destruction of one of the..."
,B,magic,Magic,hardcover_1403055,Grave Empire,Richard Swan,"...before reverting back to imperial rule. Magic has been outlawed in Sova, leaving thei..."
,B,magic,sorcerer,hardcover_17918,Daggerspell,Katharine Kerr,...Cycle. == Plot == === Year 1045 === The sorcerer Nevyn sees an omen indicating that a pe...
,B,magic,enchanted,hardcover_319920,The Dwarves,Markus Heitz,"...f in Ionandar, one of Girdlegard's five enchanted realms. These realms, rich in magical e..."
,B,magic,magical,hardcover_326934,Dragons of Winter Night,"Margaret Weis, Tracy Hickman","...f the existence of Dragon Orbs, ancient magical artifacts capable of controlling dragon..."
,B,magic,spell,hardcover_34176,Confessor,Terry Goodkind,"...ntamination of the chimes, and places a spell to protect it from future damage. Zedd,..."
,B,magic,magic,hardcover_115096,The Forest House,"Marion Zimmer Bradley, Diana L. Paxson","...the voice of her heart, and during the magic night of Beltaine, conceives a son with..."
,B,magic,magical,hardcover_1156519,She Who Knows,Nnedi Okorafor,...evil. This encounter awakens her latent magical abilities. Najeeba visits a dead salt l...
,B,magic,magic,hardcover_185251,A Tale of Magic...,Chris Colfer,"...In all four kingdoms, magic is outlawed; practitioners and those as..."
,B,magic,magical,hardcover_187395,The Akhenaten Adventure,P.B. Kerr,...m in a dream and tells them about their magical powers as djinn. They are then sent to...
,B,magic,magic,hardcover_204856,Jarka Ruus,Terry Brooks,"...ruids led by Shadea a'Ru use unorthodox magic called ""liquid night"" to send Grianne o..."
,B,magic,magic,hardcover_207480,Darth Maul: Shadow Hunter,Michael Reaves,...nce his mind and body are restored with magic and cybernetics by the Nightsister Moth...
,B,magic,sorcery,hardcover_252714,Last Call,Tim Powers,.... Leon also uses a system of Tarot card sorcery to transfer his consciousness into othe...
,B,magic,Sorcerer,hardcover_286273,Merlin,Stephen R. Lawhead,"...les is the reincarnation of Merlin. The Sorcerer's Apprentice (2010), played by James A...."
,B,magic,magical,hardcover_321049,Blood Beast,Darren Shan,...ubbs has been struggling to contain the magical talent he discovered in the town of Sla...
,B,magic,Magic,hardcover_335539,The Magic Finger,"Roald Dahl, Quentin Blake",...The Magic Finger is narrated by an unnamed eight-...
,B,magic,magic,hardcover_342409,"Saga, Book Two","Brian K. Vaughan, Fiona Staples","...ll's only satellite, whose people wield magic. Because the destruction of one of the..."
,B,magic,spells,hardcover_36624,Wicked Appetite,Janet Evanovich,"...t a Questionable, tries out a number of spells with unusual results. Lizzie adopts an..."
,B,magic,magic,hardcover_1043165,Bluebeard's Castle,Anna Biller,"...blood stain off the key, but the key is magic and the stain cannot be removed from it..."
,B,magic,Magic,hardcover_1046283,Turtle Recall: The Discworld Companion . . . So Far,"Terry Pratchett, Stephen Briggs","...ne books, the first being The Colour of Magic, published in 1983, and the last The Sh..."
,B,magic,spell,hardcover_123284,The Castle in the Attic,Elizabeth Winthrop,"...ht (made of lead) is said to be under a spell. The knight, Sir Simon, comes to life a..."
,B,magic,sorcery,hardcover_13981,Conan,"Robert E. Howard, L. Sprague de Camp, Frank Frazetta, Lin Carter",...the Cimmerian) is a fictional sword and sorcery hero created by American author Robert...
,B,magic,magical,hardcover_16360,Night Watch,Sergei Lukyanenko,"...n the story's worldline, there exists a magical realm beneath the surface of all things..."
,B,magic,magical,hardcover_242272,"The Chronicles of Narnia - The Lion, the Witch, and the Wardrobe Official Illustrated Movie Companion","C. S. Lewis, Perry Moore","...de, only to find that she has entered a magical winter world. She encounters a faun nam..."
,B,magic,magical,hardcover_280800,Crusade In Jeans,Thea Beckman,"...ledge and skepticism, and the aid of a ""magical"" device or two (such as a box of matche..."
,B,magic,magic,hardcover_296394,Which Witch?,"Annabel Large, Eva Ibbotson","...ever witch performs the blackest act of magic will be his bride. However, most of the..."
,B,magic,magical,hardcover_302654,Wildwood Imperium,"Colin Meloy, Carson Ellis","...s is a story set in a world filled with magical beings, secret rituals, and political i..."
,B,magic,magical,hardcover_311013,A Universal History of Infamy,"Jorge Luis Borges, Andrew Hurley","...ngel Flores, the first to use the term ""magical realism"", set the beginning of the move..."
,B,magic,magic,hardcover_36141,Witch World,Andre Norton,"...eft, and is transported to a land where magic vies with more mundane swords and bows...."
,B,magic,magical,hardcover_1057289,Quest for the Well of Souls,Jack L. Chalker,"...ang was captured by the Olborn, who use magical stones to convert beings into beasts of..."
,B,magic,sorcerer,hardcover_114829,Hellblazer: Stations of the Cross,"Mike Carey, Tim Bradstreet","...ral character is the streetwise English sorcerer and con man John Constantine, who was c..."
,B,magic,magic,hardcover_1183504,Brooms,"Jasmine Walls, Teo Duvall","...f a colonizing government that controls magic, take part in illegal broomstick racing..."
,B,magic,magical,hardcover_1194229,Sheine Lende,Darcie Little Badger,...tsoe — and her mother Lorenza use their magical abilities to solve missing persons case...
,B,magic,magic,hardcover_1216141,The Rule of Names,Ursula K. Le Guin,"...competent, Underhill mostly uses simple magic to help the villagers with day-to-day m..."
,B,magic,magic,hardcover_1244645,What If... Loki Was Worthy?,Madeleine Roux,"...ng trickster, and a master of Asgardian magic and sorcery. After learning of his true..."
,B,magic,magic,hardcover_1356644,In The Shadows,L.B. August,...xceptional healer performing remarkable magic and helping to maintain the peace in th...
,B,magic,magical,hardcover_140746,Mrs. Piggle-Wiggle's Farm,"Betty MacDonald, Maurice Sendak",...Mrs. Piggle-Wiggle has a chest full of magical cures left to her by her deceased husba...
,B,magic,enchantress,hardcover_196388,Enchantress from the Stars,"Sylvia Engdahl, Leo Dillon, Diane Dillon, Lois Lowry","...ization), Elana takes on the role of an enchantress. She trains him and his brother in psyc..."
,B,magic,magical,hardcover_22893,The Chocolate Touch,"Patrick Skene Catling, Margot Apple","...John Midas is delighted when, through a magical gift, everything his lips touch turns i..."
,B,medical,the hospital,beautiful_player,Beautiful Player,Lauren - Beautiful Series,...ten in the occupational therapy room of the hospital. Book three opens with a...
,B,medical,surgeon,doctor_strange_dimension_war,Doctor Strange Dimension War,Titan Books,"...gh to enable him to practice again as a surgeon. Unable to accept this prognosis, he tr..."
,B,medical,Surgeon,hardcover_110688,Prodigal Son,"Dean Koontz, Kevin J. Anderson","...he hunt for a serial killer dubbed ""The Surgeon"". Reports of this killer catch the atte..."
,B,medical,paramedics,hardcover_22349,After You,Jojo Moyes,"...from her support group, and one of the paramedics responsible for saving her life after h..."
,B,medical,the hospital,hardcover_228454,"This Book Is Full of Spiders: Seriously, Dude, Don't Touch It","David Wong, Jason Pargin","...o his throat. Dave and John take him to the hospital, where the creature takes control of Bu..."
,B,medical,the hospital,hardcover_1202622,Batman: Resurrection,John Jackson Miller,...o any shape he desires. He escapes from the hospital and commits an impromptu bus hijacking....
,B,medical,the hospital,hardcover_1584941,The Crow,James O'Barr,"...he side of the road. Eric later dies in the hospital operating room, while Shelly is dead on..."
,B,medical,surgeon,hardcover_191549,The Magician,W. Somerset Maugham,"...Arthur Burdon, a renowned English surgeon, is visiting Paris to see his fiancée,..."
,B,military,Marine,alien_3,Alien 3,Aliens Series,"...scaping the planet LV-426, the Colonial Marine spaceship Sulaco is travelling back to..."
,B,military,Marine,aliens_earth_hive,Earth Hive,Steve Perry,.... A decision is made to send a Colonial Marine expedition to the origin planet of the...
,B,military,military,all_the_birds_in_the_sky,All the Birds in the Sky,Charlie Jane Anders,...hool for witches. Laurence is sent to a military reform school by his parents for his no...
,B,military,Marines,bishop,Aliens: Bishop,Aliens Series,"...distrustful. After most of the Colonial Marines are wiped out by the Aliens on LV-426,..."
,B,military,soldier,candle,Candle,John Barnes,"...rrie Curtis Curran, a retired mercenary soldier and ""cowboy hunter"". He is recalled fro..."
,B,military,soldier,captain_america_the_shield_of_sam_wilson,Captain America: The Shield of Sam Wilson,Titan Books,"...al perfection by an experimental ""super-soldier serum"". Equipped with an American flag–..."
,B,military,soldiers,dogs_of_war,Dogs of War,Adrian Tchaikovsky,"...ed to include bio-engineered, non-human soldiers. The main protagonist and first-person..."
,B,military,soldier,edge_of_the_known_world,Edge of the Known World,Sheri T Joseph,...d's novel Lord Jim. Brooke was a former soldier in the Bengal Army who sailed to Borneo...
,B,military,soldiers,enders_game,Enders Game,Ender Saga,"...rew ""Ender"" Wiggin, is one of the child soldiers trained at Battle School (and eventuall..."
,B,military,military,footfall,Footfall,Larry Niven,...to greet them. They proceed to destroy military sites and important infrastructure on E...
,B,military,military,gleam,Gleam,Raven Kennedy Novel,"...t and unable to conceive of an American military defeat, the Weed administration decides..."
,B,military,soldiers,hardcover_147494,The 5th Wave,Rick Yancey,...d joins Zombie's squad with other child soldiers. The squad rises through the ranks and...
,B,military,military,hardcover_208339,The Three-Body Problem,"Cixin Liu, Ken Liu","...then recruited to ""Red Coast,"" a secret military initiative attempting to search for and..."
,B,military,military,hardcover_270618,An Astronaut's Guide to Life on Earth,Chris Hadfield,...the age of 16. After school he went to military college and trained to become a Canadia...
,B,military,soldier,hardcover_293245,City of Thieves,"David Benioff, Ron Perlman","...ng with his friends, they spot a German soldier falling from the sky in a parachute and..."
,B,military,military,hardcover_336562,Thrawn,Timothy Zahn,"...1991–1993) by Timothy Zahn. An Imperial military leader and a member of the Chiss race,..."
,B,military,military,hardcover_360347,Gravity's Rainbow,Thomas Pynchon,"...d dispatch of V-2 rockets by the German military. In particular, it features the quest u..."
,B,military,soldiers,hardcover_367930,Prince Caspian,"C. S. Lewis, Pauline Baynes",...children rescue Trumpkin the dwarf from soldiers who are about to drown him. Trumpkin te...
,B,military,soldiers,hardcover_1403055,Grave Empire,Richard Swan,"...pernatural enemies are massacring Sovan soldiers. Von Oldenburg, a nobleman obsessed wit..."
,B,military,combat,hardcover_1423630,Livesuit,James S. A. Corey,"...nonlinearly. Over the course of several combat missions, Kirin and his unit experience..."
,B,military,soldiers,hardcover_1765416,Angel Down,Daniel Kraus,"...Five American soldiers near the end of World War I, during the..."
,B,military,soldier,hardcover_17918,Daggerspell,Katharine Kerr,"...ause her father, Cullyn, is a mercenary soldier – known as a ""silver dagger"" for the we..."
,B,military,military,hardcover_225872,"Alas, Babylon",Pat Frank,"...threat, the United States established a military presence in Lebanon and is providing ai..."
,B,military,military,hardcover_228454,"This Book Is Full of Spiders: Seriously, Dude, Don't Touch It","David Wong, Jason Pargin","...meat"". The entire town is locked off by military, and John and Dave escape through a por..."
,B,military,soldier,hardcover_263787,The Girl Who Circumnavigated Fairyland in a Ship of Her Own Making,"Catherynne M. Valente, Ana Juan","...maha, Nebraska. September's father is a soldier at war in Europe and her mother works a..."
,B,military,soldiers,hardcover_323001,The Infinite Sea,Rick Yancey,"...lets him go. Both are attacked by child soldiers from Camp Haven and Grace is shot at, g..."
,B,military,military,hardcover_339424,Cold Storage,David Koepp,...commits suicide in front of Robert. The military incinerate the farm and the corpses whi...
,B,military,soldiers,hardcover_34176,Confessor,Terry Goodkind,"...killing Ann and capturing Nicci, while soldiers are sent into the catacombs to prepare..."
,B,military,soldier,hardcover_108096,The Girl Who Fell Beneath Fairyland and Led the Revels There,"Catherynne M. Valente, Ana Juan","...maha, Nebraska. September's father is a soldier at war in Europe and her mother works a..."
,B,military,military,hardcover_110150,Kiss of the Spider Woman,Manuel Puig,"...tly being followed after his release by military agents, who have correctly guessed Vale..."
,B,military,combat,hardcover_1119008,Rumo & His Miraculous Adventures,"Walter Moers, John Brownjohn",...ligence and unparalleled proficiency in combat. With Smyke's tactical ability and Rumo...
,B,military,Marine,hardcover_11591,Sense and Sensibility and Sea Monsters,"Jane Austen, Ben H. Winters",...called away to the undersea city of Sub-Marine Station Beta. To cheer up Elinor and Ma...
,B,military,soldiers,hardcover_1200140,Saturation Point,Adrian Tchaikovsky,...fter a tent failure. One of the group's soldiers shoots at a figure near the survivors’...
,B,military,soldier,hardcover_150303,Flashman,"George MacDonald Fraser, Gino D'Achille","...identified as an ""illustrious Victorian soldier"", experiencing many of the 19th-century..."
,B,military,war zone,hardcover_198679,Santa Olivia,Jacqueline Carey,...of Santa Olivia is effectively a desert war zone where people have no rights and legally...
,B,military,soldiers,hardcover_281673,How I Live Now,Meg Rosoff,"...ces. One day, the farm is taken over by soldiers who separate the boys from the girls by..."
,B,military,soldiers,hardcover_33500,Into the Storm,Taylor Anderson,"...class system, in which the Uul are the soldiers, workers, etc., and the Hij are the lea..."
,B,military,military,hardcover_103482,Glorious appearing,"Tim LaHaye, Jerry B. Jenkins",...world holds its breath as the greatest military battle to ever take place threatens to...
,B,military,military,hardcover_1078492,The Handmaid's Tale: The Graphic Novel,"Margaret Atwood, Renée Nault",...form the United States into a theonomic military dictatorship known as the Republic of G...
,B,military,soldier,hardcover_120818,Salammbô,"Gustave Flaubert, A.J. Krailsheimer","...f wine and he drinks from it. A Gaulish soldier tells him that, where he is fr..."
,B,military,military,hardcover_1277661,Avatar the Last Airbender: North and South,Gene Luen Yang,...nd Kuei both aim to keep Yu Dao through military means. As both send their armies to fig...
,B,military,combat,hardcover_1279657,Hunt for Jade Dragon,Richard Paul Evans,"...a glow formerly loyal to Hatch, to help combat Hatch's other electric children. Michae..."
,B,military,soldier,hardcover_177850,The Girl Who Soared Over Fairyland and Cut the Moon in Two,"Catherynne M. Valente, Ana Juan","...maha, Nebraska. September's father is a soldier at war in Europe and her mother works a..."
,B,military,military,hardcover_1804350,Battle Royale 1,"Koushun Takami, Masayuki Taguchi",...rebellion was put down by the combined military and police forces. The government contr...
,B,military,military,hardcover_1900794,Hole in the Sky,Daniel H. Wilson,"...Voyager 1 and 2 probes; Gavin Clark, a military scientist investigating Unidentified An..."
,B,military,Marines,hardcover_215563,Cradle,"Arthur C. Clarke, Gentry Lee",...s of a missing missile belonging to the Marines and that could be behind the mysterious...
,B,military,military,hardcover_249537,"David Starr, Space Ranger","Paul French, Isaac Asimov",...d field agents to counter political and military threats to Earth's government. David St...
,B,military,Marine,hardcover_299677,Submission,"Michel Houellebecq, Lorin Stein",...dency against the National Front leader Marine Le Pen. In despair at the emerging poli...
,B,military,combat,hardcover_313768,The Zombie Survival Guide: Recorded Attacks,"Max Brooks, Ibraim Roberson","...oping with a zombie outbreak, including combat, defense preparations, methods of trans..."
,B,military,soldier,hardcover_36141,Witch World,Andre Norton,"...r II, Simon Tregarth rose from a common soldier in the U.S. Army to the rank of lieuten..."
,B,military,Marine,hardcover_1003564,Alien 3: The Unproduced Screenplay by William Gibson,"Pat Cadigan, William Gibson","...scaping the planet LV-426, the Colonial Marine spaceship Sulaco is travelling back to..."
,B,military,soldiers,hardcover_1123752,The Bacchae and Other Plays,"Philip Vellacott, Euripides","...al dress, he scolds them and orders his soldiers to arrest anyone engaging in Dionysian..."
,B,military,soldiers,hardcover_1220873,Second Variety: Short Story,Philip K. Dick,"...icks. When they near the Soviet bunker, soldiers immediately kill the boy, revealing him..."
,B,military,soldiers,hardcover_127957,Rally Cry,William R. Forstchen,...otally alien worlds. In addition—as the soldiers of the 35th Maine rapidly discover—huma...
,B,military,military,hardcover_1458444,Dungeons & Dragons Rpg: Players Handbook Hard Cover,"Wizards of the Coast, Jeremy Crawford, Christopher Perkins, Ben Petrisor, F. Wesley Schneider, Ray Winninger, James Wyatt",...heir own character to play instead of a military formation. These characters embark upon...
,B,military,soldiers,hardcover_368144,Watch on the Rhine,"John Ringo, Tom Kratman","...actics is the ability to rejuvenate old soldiers, so that countries can draw on their co..."
,B,military,military,hardcover_1080120,Alien Resurrection,A.C. Crispin,"...200 years after Ellen Ripley's death, military scientists aboard the space vessel USM..."
,B,military,military,hardcover_1169534,The Sands of Ammon,"Iain Halliday, Valerio Massimo Manfredi",...its immense Asian territory. During his military campaign the Macedonian army records nu...
,B,military,military,hardcover_1303679,Chasing Shadows,"Tom DeLonge, A.J. Hartley","...s"" DeLonge claims to have obtained from military officials in the US government, combine..."
,B,murder,murder,7_and_a_half_deaths,The 7 1/2 Deaths of Evelyn Hardcastle,Stuart Turton,"...party guests, or “hosts,” to solve the murder of Evelyn Hardcastle, which will take p..."
,B,murder,murdered,a_deadly_education,A Deadly Education,Naomi Novik,"...ly suspects El of being a maleficer who murdered one of their classmates; however, becau..."
,B,murder,murder,a_drop_of_corruption,A Drop of Corruption,Robert Jackson Bennett,"...identity. The imposter then falsified a murder scene, killed the real Sujedo, and dump..."
,B,murder,murder,after_atlas,After Atlas,Roc,...t indentured slave. He was trained as a murder investigator and contracted to the MoJ....
,B,murder,murder,binti,Binti,Nnedi Okorafor Novella,"...er human ethnic group. After the Meduse murder all the other inhabitants of the ship,..."
,B,murder,Murder,broken_harbour,Broken Harbour,Tana French,...edy is given the case because he is the Murder Squad’s star detective. At first he and...
,B,murder,murder,coffin_moon,Coffin Moon,Keith Rosson,...witnessing her now incarcerated mother murder her abusive stepfather. When Duane kick...
,B,murder,murders,darkly_dreaming_dexter,Darkly Dreaming Dexter,Jeff Lindsay,...gal system has failed to stop. Dexter's murders are directed by an inner voice he refer...
,B,murder,murder,dead_in_the_water,Dead in the Water,Marrs - Thriller,"...y at sea. In New York, a conviction for murder may lead to capital punishment. Racing..."
,B,murder,murdered,far_from_the_light_of_heaven,Far from the Light of Heaven,Orbit,...omised and that 31 passengers have been murdered and dismembered. The victims include Ya...
,B,murder,murderous,fever_house,Fever House,Random House,"...to cause madness, self-mutilation, and murderous instincts, and turns those killed in it..."
,B,murder,murdered,field_of_blood,Field of Blood,Jo Fletcher Books,...from a Glasgow park and later is found murdered. She sees connections to a year-old pri...
,B,murder,homicide,fool_moon,Fool Moon,Jim Butcher,"...rin Murphy asks Dresden to consult on a homicide, in which the savaged body of a henchma..."
,B,murder,murder,frankenstein_unbound,Frankenstein Unbound,Brian Aldiss,"...of the boy's nanny, who is suspected of murder. Several villagers claim to have seen a..."
,B,murder,murders,hardcover_270087,The Graveyard Book,"Neil Gaiman, Dave McKean",...The man Jack murders three members of a family but fails to...
,B,murder,murdered,hardcover_293503,Confessions,"Kanae Minato, Stephen    Snyder","...iguchi reveals that Manami was actually murdered by two students in the class, dubbing t..."
,B,murder,murder,hardcover_358061,The Girl Who Kicked the Hornet's Nest,"Stieg Larsson, Reg Keeland","...itting suicide. Section operatives also murder Gunnar Björk, Zalachenko's former Säpo..."
,B,murder,murder,hardcover_363651,Altered Carbon,Richard K. Morgan,".... This makes Catholics easy targets for murder, since killers know their victim may no..."
,B,murder,murder,hardcover_102770,Bunnicula,"Deborah Howe, Alan Daniel, James Howe",...reening. Bunnicula is subjected to many murder attempts by Chester. The authors never...
,B,murder,murder,hardcover_106026,The House of the Seven Gables,Nathaniel Hawthorne,...as completed a thirty-year sentence for murder. She refuses all assistance from her we...
,B,murder,murdered,hardcover_1951278,Bat Eater and Other Names for Cora Zeng,Kylie Lee Baker,"...ing as a crime scene cleaner, women are murdered in Chinatown at an alarming frequency,..."
,B,murder,murder,hardcover_2060091,Crossroads of Ravens,"Andrzej Sapkowski, David French",...young peasant girl and is convicted of murder. He is saved from hanging by the elderl...
,B,murder,murder,hardcover_295020,Kraken,China Miéville,"...disappeared overnight. Additionally, a murder victim is found folded into a glass bot..."
,B,murder,murder,hardcover_1010828,Cahokia Jazz,Francis Spufford,...A murder takes place on the roof of a Cahokian g...
,B,murder,murdered,hardcover_115096,The Forest House,"Marion Zimmer Bradley, Diana L. Paxson",...of Mona is destroyed and its Druids are murdered and its priestesses are raped. Mona had...
,B,murder,murder,hardcover_1933991,The Man Who Died Seven Times,"Yasuhiko Nishizawa, Jesse Kirkwood","...d in the process is trying to prevent a murder he knows will occur, but each time he e..."
,B,murder,murdered,hardcover_243770,Darkest Hour,"Jenny Carroll, Meg Cabot",...expresses his belief that Jesse was not murdered but ran away from his wedding. Suze not...
,B,murder,murderer,hardcover_256582,Vagabond,"Chris     Moore, Bernard Cornwell",".... He is accompanied by Guy Vexille, the murderer of Father Ralph as well as Thomas's cou..."
,B,murder,murder,hardcover_273217,The Book of the Dead,"Lincoln Child, Douglas Preston","...ng away in a high-security prison for a murder he did not commit. His brilliant, psych..."
,B,murder,slain,hardcover_103482,Glorious appearing,"Tim LaHaye, Jerry B. Jenkins","...h and Cameron ""Buck"" Williams have been slain in Jerusalem, now overrun by Global Com..."
,B,murder,murdered,hardcover_1043165,Bluebeard's Castle,Anna Biller,...the room is flooded with blood and the murdered corpses of Bluebeard's previous six wiv...
,B,murder,murder,hardcover_1401626,Batman: Arkham Asylum - A Serious House on Serious Earth,"Grant Morrison, Dave McKean, Gaspar Saladino","...taken over the facility, threatening to murder the staff unless Batman agrees to meet..."
,B,murder,murder,hardcover_1421878,The New Rebellion,Kristine Kathryn Rusch,...Mass murder has always rattled the Force. In Star W...
,B,murder,murder,hardcover_1474549,Written on the Dark,Guy Gavriel Kay,...with the investigation into the brutal murder of Rollin Duke de Montereau (inspired b...
,B,murder,murder,hardcover_1782,The Cross of Lead,Avi,"...ight, but before he can, Aycliffe's men murder him. Aycliffe then sends a boy, Cerdic,..."
,B,murder,murder,hardcover_232506,The Whipping Boy,"Sid Fleischman, Sid Fleischman","...d believing it to be a crime worse than murder to beat the prince, they beat Horace in..."
,B,murder,murdered,hardcover_237705,The Vesuvius Club,"Mark Gatiss, Mark Gatiss",...n investigation started by the recently murdered Jocelyn Utterson Poop of the Diplomatic...
,B,murder,murdered,hardcover_103370,Daredevil Visionaries: Kevin Smith,"Kevin Smith, David W. Mack, Jimmy Palmiotti, Joe Quesada, Ben Affleck","...ack to throw his next match and has him murdered once he refuses. 20 years later, an adu..."
,B,murder,murders,hardcover_1056212,Carnival Row: Tangle in the Dark,"Stephanie K. Smith, Karla Crome","...investigation into a string of unsolved murders, questions of madness of power, unresol..."
,B,murder,murder,hardcover_1152311,Tintin and Alph-Art,Hergé,"..., discovering that Fourcart's death was murder. Tintin and Haddock attend one of Akass..."
,B,murder,murder,hardcover_206,The Somnambulist,"Jonathan Barnes, Jonathan Barnes","...en stabbed, are called to investigate a murder that may tie to the poetry and propheci..."
,B,murder,murder,hardcover_255726,The Devouring,Simon Holt,...s skin like a rash. He even attempts to murder Aaron in cold blood. Realizing what's h...
,B,murder,murder,hardcover_28518,Love in a Nutshell,"Janet Evanovich, Dorien Kelly, Lorelei King","...ait him. At one point, following John's murder, the narrator even attempts suicide by..."
,B,music,the Band,a_memory_of_light,A Memory of Light,Robert Jordan,...uminator Aludra. Talmanes Delovinde and the Band of the Red Hand launch their own counte...
,B,music,The band,day_zero,Day Zero,C Robert Cargill,...dent orders all robots to be wiped out. The band of rebel robots aim to end all of human...
,B,music,musician,fever_house,Fever House,Random House,"...Katherine Moriarty, a former punk rock musician who has become agoraphobic after her hu..."
,B,music,orchestra,hardcover_1078742,The Futurological Congress,Stanisław Lem,"...h include a palm grove and an ""all-girl orchestra [that] played Bach while performing a c..."
,B,music,The band,hardcover_123384,Charlie And The Great Glass Elevator,"Roald Dahl, Quentin Blake",...nging aliens known as Vermicious Knids. The band escapes back into orbit in the Elevator...
,B,music,rock star,hardcover_240754,Coin Locker Babies,"Ryū Murakami, Stephen    Snyder","...n those who hear it, becomes a bisexual rock star, employed by an eccentric producer name..."
,B,music,pianist,hardcover_150638,The Simulacra,Philip K. Dick,"...treat Richard Kongrosian, a well known pianist who performs in the White House, and wh..."
,B,music,musician,hardcover_153730,A Spy In the House of Love,Anaïs Nin,"...comes involved with Mambo, a Black jazz musician, though their relationship is shaped by..."
,B,music,rock star,hardcover_1804350,Battle Royale 1,"Koushun Takami, Masayuki Taguchi","...or a field trip. Among them are wannabe rock star Shuya Nanahara, whose father was killed..."
,B,music,musician,hardcover_1273102,Good Intentions,Brenda K. Davies,"...cond studio album by British electronic musician Vegyn, released on 5 April 2024. It has..."
,B,music,Musician,hardcover_1958682,The Eleventh Hour: A Quintet of Stories,Salman Rushdie,"...blished in The New Yorker in 2009. ""The Musician of Kahani"" ""Late"" ""Oklahoma"" ""The Old M..."
,B,paranormal,paranormal,hardcover_337502,The Eyes of Darkness,"Leigh Nichols, Dean Koontz",...ge producer Tina Evans starts receiving paranormal signals insinuating that the boy is sti...
,B,police,detective,a_legend_of_the_future,A Legend of the Future,Agustin de Rojas,"...Duncan Rojas, a detective-like researcher, is hired by Bukoba Man..."
,B,police,police,batman_the_killing_joke,Batman: The Killing Joke,Titan Books,...he playing card company next to it. The police inform him that his wife and unborn chi...
,B,police,detective,broken_harbour,Broken Harbour,Tana French,"...e because he is the Murder Squad’s star detective. At first he and his rookie partner, Ri..."
,B,police,police,call_of_cthulhu,Call of Cthulhu,HP Lovecraft,...heological society in which New Orleans police official John Raymond Legrasse asks att...
,B,police,police,darkly_dreaming_dexter,Darkly Dreaming Dexter,Jeff Lindsay,"...hat Dexter's foster father, an esteemed police detective named Harry Morgan, recognize..."
,B,police,police,dead_in_the_water,Dead in the Water,Marrs - Thriller,"...Stone Barrington, once a police officer, now an up-and-coming lawyer, g..."
,B,police,police,field_of_blood,Field of Blood,Jo Fletcher Books,...rmined to connect them and convince the police....
,B,police,homicide,fool_moon,Fool Moon,Jim Butcher,"...rin Murphy asks Dresden to consult on a homicide, in which the savaged body of a henchma..."
,B,police,police,glow,Glow,Raven Kennedy Novel,"...ffs Owen's pleas for her to contact the police, instead questioning what Owen remember..."
,B,police,police,grave_peril,Grave Peril,Jim Butcher,"...anansidhe, then arrested by the Chicago police. Harry is bailed out by his girlfriend..."
,B,police,the force,hardcover_144950,The Neverending Story,"Michael Ende, Ralph Manheim, Roswitha Quadflieg","...the dying werewolf Gmork, a servant of the force behind the Nothing. Gmork explains that..."
,B,police,Police,hardcover_150531,The Memory Police,"Stephen    Snyder, Markus Juslin, Yoko Ogawa",...island under the control of the Memory Police. An unknown force causes the people of...
,B,police,police,hardcover_228201,The Running Man,"Richard Bachman, Stephen King",...sion in a YMCA basement that kills five police offi...
,B,police,police,hardcover_2332122,The Strange Case of Dr Jekyll and Mr Hyde,"Robert Louis Stevenson, Richard Armitage","...nd leave behind half a broken cane. The police contact Utterson, who leads officers to..."
,B,police,police,hardcover_293245,City of Thieves,"David Benioff, Ron Perlman","...occupied by the NKVD—the Russian secret police. There, Colonel Grechko tasks them with..."
,B,police,police,hardcover_293503,Confessions,"Kanae Minato, Stephen    Snyder","...eath of her young daughter, Manami. The police concluded the drowning was accidental,..."
,B,police,detective,hardcover_308,Watchmen,Alan Moore,"...i-vigilante act. Rorschach, a vigilante detective who operates illegally, discovers that..."
,B,police,detective,hardcover_110688,Prodigal Son,"Dean Koontz, Kevin J. Anderson",...The basic plot follows New Orleans detective Carson and her partner Michael on the h...
,B,police,police,hardcover_1133701,I'm Starting to Worry About This Black Box of Doom,Jason Pargin,"...m crossing a bridge, and fleeing when a police officer asks him to move his car for a..."
,B,police,police,hardcover_1250746,The Empusium: A Health Resort Horror Story,"Olga Tokarczuk, Antonia Lloyd-Jones",...e Arts Thilo von Hahn and even a secret police adviser. In this place cut off from the...
,B,police,police,hardcover_133149,Batman: The Long Halloween,"Jeph Loeb, Tim Sale",...with district attorney Harvey Dent and police captain Jim Gordon. The three agree to...
,B,police,police,hardcover_144017,InterWorld,"Neil Gaiman, Michael Reaves","...the cars are brightly coloured, and the police cars are flashing green and yellow inst..."
,B,police,the Force,hardcover_1642741,Star Wars: Darth Plagueis,James Luceno,...lker's curiosity about the dark side of the Force. Plagueis has a more prominent presence...
,B,police,Police,hardcover_174799,Micro,"Michael Crichton, Richard Preston",...Lieutenant Dan Watanabe of the Honolulu Police Department is assigned to investigate t...
,B,police,Police,hardcover_228454,"This Book Is Full of Spiders: Seriously, Dude, Don't Touch It","David Wong, Jason Pargin","...s bedroom, but manages to fight it off. Police officer Burgess arrives to investigate..."
,B,police,police,hardcover_279922,The Regulators,"Richard Bachman, Stephen King","...hnny Marinville attempts to contact the police. However, an otherworldly force prevent..."
,B,police,Police,hardcover_295020,Kraken,China Miéville,"...secret squad of the London Metropolitan Police, assorted religious cults, and various..."
,B,police,police,hardcover_1010828,Cahokia Jazz,Francis Spufford,"...c an Aztec human sacrifice. Two Cahokia police detectives, Phineas Drummond, a white m..."
,B,police,police,hardcover_110150,Kiss of the Spider Woman,Manuel Puig,...inds out that Molina is working for the police as a spy planted in Valentín's cell to...
,B,police,police,hardcover_111846,When the Sleeper Wakes,H. G. Wells,"...ncil but are soon attacked by the state police. In the confusion, Graham is separated..."
,B,police,the Force,hardcover_1134792,Star Wars: The Truce at Bakura,Kathy Tyers,"...y. The Ssi-ruuk themselves cannot sense the Force, but they know of it through a captured..."
,B,police,detective,hardcover_1207200,"Books of Blood, Volumes 1-3",Clive Barker,"...usion"" which introduced Barker's occult detective character Harry D'Amour. The detective..."
,B,police,Police,hardcover_150638,The Simulacra,Philip K. Dick,"...e Wilder Pembroke, head of the National Police, and members of the covert national gov..."
,B,police,the Force,hardcover_207480,Darth Maul: Shadow Hunter,Michael Reaves,...trained in the ways of the dark side of the Force as Darth Sidious's first apprentice. He...
,B,police,detective,hardcover_209182,Tick Tock,Dean Koontz,"...an in southern California, a successful detective novelist whose greatest ambition is to..."
,B,police,police,hardcover_243770,Darkest Hour,"Jenny Carroll, Meg Cabot","...ollowing day, Suze is confronted by the police, who inform her that Clemmings is dead..."
,B,police,the Force,hardcover_362265,Splinter of the Mind's Eye,Alan Dean Foster,"...es them, identifies Luke as strong with the Force, and shows him a splinter of what she c..."
,B,police,police,hardcover_132583,The New Girl,R. L. Stine,"...ad manage to subdue ""Anna"" and call the police. In the end, it is implied that Cory be..."
,B,police,the Force,hardcover_1421878,The New Rebellion,Kristine Kathryn Rusch,"...Mass murder has always rattled the Force. In Star Wars Episode IV: A New Hope, O..."
,B,police,police,hardcover_1489232,The Strange Case of Jane O.,Karen Thompson Walker,"...d the virus, and that Caleb has died. A police detective investigating Jane's disappea..."
,B,police,police,hardcover_1804350,Battle Royale 1,"Koushun Takami, Masayuki Taguchi",...s put down by the combined military and police forces. The government controls everyth...
,B,police,the Force,hardcover_201633,Yoda: Dark Rendezvous,Sean Stewart,"...rly humanoid alien who is powerful with the Force, and he typically speaks in an inverted..."
,B,police,Detective,hardcover_208343,Islands in the Sky,Arthur C. Clarke,"...a TV series called Dan Drummond, Space Detective and one young man's pastime of trying t..."
,B,police,detective,hardcover_271405,The Key to Midnight,"Leigh Nichols, Dean Koontz","...ed, fake new identity is Joanna Rand. A detective, Alex Hunter, is hired to track Lisa do..."
,B,police,the Force,hardcover_342851,Legacy of the Force: Invincible,Troy Denning,...The Legacy of the Force is a series of nine science fiction nov...
,B,police,police,hardcover_1465502,Unwanted,Mia Sheridan,"...Carmilla requests public records at the police station, but they tell her it will take..."
,B,police,Detective,hardcover_1807356,Yu Yu Hakusho 01,Yoshihiro Togashi,"...grants Yusuke the title of ""Underworld Detective"" (霊界探偵, Reikai Tantei; lit. 'Spirit Wor..."
,B,police,detective,hardcover_206,The Somnambulist,"Jonathan Barnes, Jonathan Barnes","...rotagonists Edward Moon, a conjurer and detective, and his silent partner The Somnambulis..."
,B,police,The Force,hardcover_25690,Han Solo at Stars' End,"Brian Daley, Brian Daley","...Back (1980), Return of the Jedi (1983), The Force Awakens (2015), and The Rise of Skywalk..."
,B,police,the Force,hardcover_296126,Lightsabers,"Rebecca Moesta, Kevin J. Anderson",...is determined by a Jedi's connection to the Force. A l...
,B,police,The Force,hardcover_309089,Han Solo and the Lost Legacy,Brian Daley,"...Back (1980), Return of the Jedi (1983), The Force Awakens (2015), and The Rise of Skywalk..."
,B,police,Detective,hardcover_247586,Basil of Baker Street,"Eve Titus, Paul Galdone",...y animated feature film The Great Mouse Detective was loosely based on these novels. == C...
,B,retelling,retold,hardcover_236988,The secret of the unicorn,"Hergé, Michael      Turner","...a pirate band led by Red Rackham. In a retold flashback, it is shown how Francis' shi..."
,B,retelling,retelling,hardcover_311013,A Universal History of Infamy,"Jorge Luis Borges, Andrew Hurley",...ut Borges makes many alterations in the retelling—arbitrary or otherwise—particularly to...
,B,retelling,retelling,hardcover_335193,The Whale Rider,Witi Ihimaera,"...Zealand's North Island, the novel is a retelling of the myth of Paikea. Kahu is the elde..."
,B,revenge,avenge,betrayal_at_falador,Betrayal at Falador,T S Church,"...shra (Black knight) leader, in order to avenge his hatred against her. Later on, Kara-..."
,B,revenge,vengeance,blood_of_empire,Blood of Empire,Orbit,"...powderblind and emotionally broken, but vengeance keeps her on her feet. She must ally po..."
,B,revenge,revenge,bride,Bride,Ali Hazelwood Novel,...s him to a duel. Inigo reveals he seeks revenge on a six-fingered man who killed his fa...
,B,revenge,vengeance,coffin_moon,Coffin Moon,Keith Rosson,"...s. Duane and Julia hit the road seeking vengeance, and on their quest learn that Varley i..."
,B,revenge,revenge,day_zero,Day Zero,C Robert Cargill,...d all of humanity and essentially seeks revenge against the human race due to their mis...
,B,revenge,revenge,dune_series,Dune Series,Frank Herbert,...Baron Vladimir Harkonnen then plots his revenge against the Bene Gesserit. The Spacing...
,B,revenge,avenge,godsgrave,Godsgrave,Jay Kristoff,"...ssin Mia Corvere continues her quest to avenge her family, while mastering her Darkin..."
,B,revenge,revenge,hardcover_1096472,Blood of the Old Kings,"Sung-Il Kim, Anton Hur",...=== An Arlander woman named Loran seeks revenge against the Empire for the deaths of he...
,B,revenge,Revenge,hardcover_1642741,Star Wars: Darth Plagueis,James Luceno,"...the 2005 film Star Wars: Episode III – Revenge of the Sith, in which Palpatine frames..."
,B,revenge,revenge,hardcover_240754,Coin Locker Babies,"Ryū Murakami, Stephen    Snyder",...tance named DATURA in order to take his revenge upon the city of Tokyo and destroy it....
,B,revenge,revenge,hardcover_254614,The Royal Ranger: A new Beginning,John Flanagan,"...tice to take his mind off his quest for revenge. Meanwhile, Princess Madelyn, daughter..."
,B,revenge,Revenge,hardcover_25641,Star Wars: Episode III: Revenge of the Sith,Matthew Woodring Stover,...Star Wars: Revenge of the Sith is a novelization of the fi...
,B,revenge,revenge,hardcover_304641,Inkspell,Cornelia Funke,"...k and hands it over to Basta, who seeks revenge for the death of his master Capricorn...."
,B,revenge,revenge,hardcover_33827,As You Wish: Inconceivable Tales from the Making of The Princess Bride,"Cary Elwes, Joe Layden, Rob Reiner",...s him to a duel. Inigo reveals he seeks revenge on a six-fingered man who killed his fa...
,B,revenge,revenge,hardcover_354686,The Cask of Amontillado - an Edgar Allan Poe Short Story,Edgar Allan Poe,"...nobleman named Montresor, describes his revenge against fellow noble Fortunato. Angry o..."
,B,revenge,vengeance,hardcover_115096,The Forest House,"Marion Zimmer Bradley, Diana L. Paxson","...group known as the Ravens, which swore vengeance against Rome. Lhiannon, one of the rema..."
,B,revenge,vengeance,hardcover_1494430,Juice,Tim Winton,"...double life as a plainsman and agent of vengeance soon became unsustainable""...."
,B,revenge,revenge,hardcover_229619,The White Plague,Frank Herbert,...an for him. O'Neill plans a gendercidal revenge and creates a plague that kills only wo...
,B,revenge,Revenge,hardcover_241007,The Pride of Chanur,C. J. Cherryh,"...trilogy (also referred to as ""Chanur's Revenge""), Chanur's Venture (1984), which was s..."
,B,revenge,revenge,hardcover_356804,She: A History of Adventure,"H. Rider Haggard, Andrew M. Stauffer","...tes, and Amenartas charges her son with revenge. The son attempted the task without suc..."
,B,revenge,revenge,hardcover_1279657,Hunt for Jade Dragon,Richard Paul Evans,...lle agrees to help them in order to get revenge on Hatch for leaving her to die. The El...
,B,revenge,vengeance,hardcover_1584941,The Crow,James O'Barr,".... He is resurrected by a crow and seeks vengeance on the murderers, methodically stalking..."
,B,revenge,revenge,hardcover_1306104,"Zadig, and Other Stories","Voltaire, Irving Babbitt",...d he worries that the king's desire for revenge might drive him to kill the queen. Havi...
,B,revenge,revenge,hardcover_191549,The Magician,W. Somerset Maugham,"...r the magician kicks Margaret's dog. In revenge, Haddo uses both his personality and hi..."
,B,revenge,revenge,hardcover_2017,Piper,"Jay Asher, Jessica Freeburg, Jeff Stokely","...he town, vowing to return later to take revenge. On Saint John and Paul's day, while th..."
,B,supernatural,supernatural,a_new_darkness,Spooks: A New Darkness,Joseph Delaney,...Lancashire. Tom is trained to deal with supernatural threats and later becomes involved in a...
,B,supernatural,supernatural,brittle,Brittle,Brittle,...s questioned the necessity of including supernatural elements in a...
,B,supernatural,supernatural,cold_days,Cold Days,Jim Butcher,...a massive number of various unspeakable supernatural horrors. Because of his connection to t...
,B,supernatural,supernatural,cottingley,Cottingley,NewCon Press,...d them as clear and visible evidence of supernatural phenomena. Public reaction was mixed; s...
,B,supernatural,supernatural,deity,Deity,Jennifer L. Armentrout - Covenant Series,"...ransfer a relic that hosts a fictional, supernatural race called Tayutai, he and his friends..."
,B,supernatural,supernatural,hardcover_1403055,Grave Empire,Richard Swan,"...he borders of Casimir and Sanque, where supernatural enemies are massacring Sovan soldiers...."
,B,supernatural,supernatural,hardcover_243968,The Day Watch,"Sergei Lukyanenko, Andrew Bromfield","...n, are The Others. These beings possess supernatural powers and can enter the Twilight, a sh..."
,B,supernatural,supernatural,hardcover_295020,Kraken,China Miéville,"..., assorted religious cults, and various supernatural and mostly dead criminal elements. The..."
,B,supernatural,supernatural,hardcover_31210,Futuristic Violence and Fancy Suits,"David Wong, Jason Pargin",...other kidnapper who displays apparently supernatural powers. Blackwater and the Suits arrive...
,B,supernatural,supernatural,hardcover_327531,Messenger,Lois Lowry,"...harmed. Matty discovered that he has a supernatural ""gift"" where he can heal living things..."
,B,supernatural,supernatural,hardcover_1134388,The Spook's Destiny,Joseph Delaney,...Lancashire. Tom is trained to deal with supernatural threats and later becomes involved in a...
,B,supernatural,supernatural,hardcover_1494113,The Expert System’s Champion,Adrian Tchaikovsky,"...are understood by the characters to be supernatural, but the reader understands that they a..."
,B,supernatural,supernatural,hardcover_204856,Jarka Ruus,Terry Brooks,"...ns forces with their son Pen, who has a supernatural ability to commune with nature. Advised..."
,B,supernatural,supernatural,hardcover_252714,Last Call,Tim Powers,"...nd timelines, instead finding alternate supernatural explanations for rea..."
,B,supernatural,supernatural,hardcover_362287,The Spook's Battle,Joseph Delaney,...Lancashire. Tom is trained to deal with supernatural threats and later becomes involved in a...
,B,supernatural,supernatural,hardcover_1401626,Batman: Arkham Asylum - A Serious House on Serious Earth,"Grant Morrison, Dave McKean, Gaspar Saladino",...fered delusions of being tormented by a supernatural entity. After believing to have seen th...
,B,supernatural,supernatural,hardcover_16360,Night Watch,Sergei Lukyanenko,"...nd a confrontation between two opposing supernatural groups (known as ""Others""): the Night W..."
,B,supernatural,supernatural,hardcover_1775681,The Dragon Wakes With Thunder,K.X. Song,...kontes were large serpents endowed with supernatural qualities; in myth they were defeated b...
,B,supernatural,supernatural,hardcover_1813562,The Midnight Shift,"Cheon Seon-ran, Gene Png","...a fans, especially those drawn to moody supernatural thrillers and complex, character-driven..."
,B,supernatural,supernatural,hardcover_1807356,Yu Yu Hakusho 01,Yoshihiro Togashi,"...h dub), charging him with investigating supernatural activity within the Human World (人間界, N..."
,B,supernatural,supernatural,hardcover_1570314,Somadina,Akwaeke Emezi,"...es of a whole. They also share the same supernatural abilities. When Jayaike is kidnapped, S..."
,B,survival,stranded,hardcover_154964,Mostly Harmless,"Douglas Adams, Dirk Maggs","...aid planet. During one trip, he ends up stranded on the homely planet Lamuella, and deci..."
,B,survival,stranded,hardcover_123384,Charlie And The Great Glass Elevator,"Roald Dahl, Quentin Blake","...le and cripple it to the point of being stranded in orbit. The Elevator, having circled..."
,B,survival,stranded,hardcover_103990,The Gap Into Power: A Dark and Hungry God Arises,Stephen R. Donaldson,"...yment Nick cannot provide, leaving Nick stranded. Angus and Milos encounter Nick and for..."
,B,survival,struggle to survive,hardcover_146620,The Bromeliad Trilogy,Terry Pratchett,"...en among humans. Through the books they struggle to survive in the human world and, once they learn..."
,B,survival,stranded,hardcover_281673,How I Live Now,Meg Rosoff,"...Aunt Penn travels to Oslo, where she is stranded after war breaks out. An unknown enemy..."
,B,survival,stranded,hardcover_280800,Crusade In Jeans,Thea Beckman,"...ent goes well, but accidentally Dolf is stranded in the 13th century. He saves the life..."
,B,survival,Stranded,hardcover_1215502,Bleach―ブリーチ― 48,Tite Kubo,"...uperates within a temporary human body. Stranded in the World of the Living, she mentors..."
,B,survival,Stranded,hardcover_1223940,Bleach―ブリーチ― 72,Tite Kubo,"...uperates within a temporary human body. Stranded in the World of the Living, she mentors..."
,B,survival,Stranded,hardcover_1223949,Bleach―ブリーチ― 71,Tite Kubo,"...uperates within a temporary human body. Stranded in the World of the Living, she mentors..."
,B,survival,Stranded,hardcover_1223953,Bleach―ブリーチ― 73,"Tite Kubo, 久保帯人","...uperates within a temporary human body. Stranded in the World of the Living, she mentors..."
,B,survival,Stranded,hardcover_1230942,Bleach―ブリーチ― 74,"久保帯人, Tite Kubo","...uperates within a temporary human body. Stranded in the World of the Living, she mentors..."
,B,war,World War,all_the_white_spaces,All the White Spaces,Titan Books,...ho were killed in France in 1918 during World War I. His brothers planned on enlisting wi...
,B,war,World War,brittle,Brittle,Brittle,"...== Synopsis == During the Second World War, Daniel Boles joins a minor league base..."
,B,war,World War,captain_america_the_shield_of_sam_wilson,Captain America: The Shield of Sam Wilson,Titan Books,"...nd other agents of the Axis powers amid World War II. In the war's final days, an acciden..."
,B,war,war-torn,dogs_of_war,Dogs of War,Adrian Tchaikovsky,"...as part of a Multiform Assault Pack in war-torn Campeche, in southeastern Mexico. His r..."
,B,war,World War,hardcover_360347,Gravity's Rainbow,Thomas Pynchon,"...s set primarily in Europe at the end of World War II and centers on the design, productio..."
,B,war,Civil War,hardcover_110801,The Mysterious Island,Jules Verne,"...In 1865, during the American Civil War, five Northern prisoners of war escape..."
,B,war,World War,hardcover_1765416,Angel Down,Daniel Kraus,"...Five American soldiers near the end of World War I, during the Meuse-Argonne offensive,..."
,B,war,civil war,hardcover_1838734,The Shattering Peace,John Scalzi,"...After a decade of peace, a civil war among the Consu threatens the unstable..."
,B,war,battlefield,hardcover_1989375,The Faith of Beasts,James S. A. Corey,...with an expedition fleet to an unknown battlefield along when Campar and Ghati. Their wars...
,B,war,wartime,hardcover_153730,A Spy In the House of Love,Anaïs Nin,...ighter pilot burdened by guilt from his wartime experiences. Sabina attempts to comfort...
,B,war,world war,hardcover_281673,How I Live Now,Meg Rosoff,...uring the outbreak of a fictional third world war of the 21st century. Though she is happ...
,B,war,World War,hardcover_33500,Into the Storm,Taylor Anderson,"...erican destroyer USS Walker (DD-163), a World War I 'four-piper', is part of the United S..."
,B,war,World War,hardcover_1083800,The Sleepwalkers,Scarlett Thomas,...ed in defeat and collapse at the end of World War I. An English translation in 1932 by Ed...
,B,war,civil war,hardcover_1474549,Written on the Dark,Guy Gavriel Kay,"...Ferrieres finds itself on the brink of civil war, while King Hardan of Angland launches..."
,B,war,World War,hardcover_1804350,Battle Royale 1,"Koushun Takami, Masayuki Taguchi","...ōa Kyōwakoku), arose after an alternate World War II where Japan emerged victorious, and..."
,B,war,World War,hardcover_212114,The Master Butchers Singing Club,Louise Erdrich,"...The novel begins at the end of World War I with Fidelis Waldvogel, a German snip..."
,B,war,World War,hardcover_24193,The Danish Girl,David Ebershoff,"...before unfortunately separating due to World War I. During their separation, Gerda marri..."
,B,war,World War,hardcover_242272,"The Chronicles of Narnia - The Lion, the Witch, and the Wardrobe Official Illustrated Movie Companion","C. S. Lewis, Perry Moore","...1940, after surviving the Blitz during World War II, the Pevensie children – Peter, Susa..."
,B,war,World War,hardcover_313768,The Zombie Survival Guide: Recorded Attacks,"Max Brooks, Ibraim Roberson","...edness, generally. Brooks' second book, World War Z (2006), is a follow-up to The Zombie..."
,B,war,World War,hardcover_36141,Witch World,Andre Norton,"...During World War II, Simon Tregarth rose from a common s..."
,B,war,war-torn,hardcover_1056212,Carnival Row: Tangle in the Dark,"Stephanie K. Smith, Karla Crome","...""mythical creatures... have fled their war-torn homeland and gathered in the city as te..."
,B,war,the Great War,hardcover_343364,Peter Pan in Scarlet,"Geraldine McCaughrean, Scott M. Fischer",...Wendy. Michael Darling had died during the Great War. John Darling has been having visions a...
,B,western,outlaws,bride,Bride,Ali Hazelwood Novel,"...ng, Buttercup is kidnapped by a trio of outlaws: the Sicilian criminal genius Vizzini,..."
,B,western,cowboy,candle,Candle,John Barnes,"...urran, a retired mercenary soldier and ""cowboy hunter"". He is recalled from retirement..."
,B,western,outlaw,hardcover_358061,The Girl Who Kicked the Hornet's Nest,"Stieg Larsson, Reg Keeland","...-brother, steals 800,000 kronor from an outlaw motorcycle gang before disappearing. Th..."
,B,western,outlaw,hardcover_1133701,I'm Starting to Worry About This Black Box of Doom,Jason Pargin,"...y people who want the box, including an outlaw biker named Malort. Coincidences contin..."
,B,western,outlaws,hardcover_33827,As You Wish: Inconceivable Tales from the Making of The Princess Bride,"Cary Elwes, Joe Layden, Rob Reiner","...ng, Buttercup is kidnapped by a trio of outlaws: the Sicilian criminal genius Vizzini,..."
,B,western,outlaw,hardcover_110533,Tank Girl,"Alan C. Martin, Jamie Hewlett",...a serious mistake and being declared an outlaw for her sexual inclinations and her sub...
,B,western,outlaws,hardcover_1666879,Wyatt,Jessica  Peterson,...which he and other lawmen killed three outlaws. While Earp is usually depicted as the...
,B,western,Outlaw,hardcover_314239,The hero's guide to saving your kingdom,"Christopher Healy, Todd Harris",...the books The Hero's Guide to Being An Outlaw and The Hero's Guide to Storming the Ca...
,B,western,outlaws,hardcover_125118,Watchtower,Elizabeth A. Lynn,...ptively send some of his men to pose as outlaws around Cloud Keep in order to see if Be...
