decision(keep/blank),tier,tag,matched_phrase,book_id,title,author,context
,A,aliens,alien,armada,Armada,Ernest Cline,"...he flying saucer. Even stranger, the alien ship he's staring at is straight out of..."
,A,aliens,alien,ethan_of_athos,Ethan of Athos,Lois McMaster Bujold,...for his first encounter with those most alien of aliens...females of his own species....
,A,aliens,Aliens,good_news_from_outer_space,Good News from Outer Space,John Kessel,"...orting on - for evidence that there are Aliens among us. Lucky Eberhart, George's wif..."
,A,aliens,alien,in_the_mouth_of_the_whale,In the Mouth of the Whale,Paul McAuley,...k believe it is inhabited by an ancient alien Mind; the True believe it can be develo...
,A,aliens,aliens,openlibrary_OL135552W,The Simpsons Treehouse of Horror Fun-Filled Frightfest #3,Matt Groening,"...k–E clerks, wonderful wizards, drooling aliens, banned books, talking horses, defectiv..."
,A,aliens,aliens,openlibrary_OL14866549W,Uncle from another planet,"Buchanan, Paul",...nd the possibility of being abducted by aliens....
,A,aliens,aliens,openlibrary_OL14958765W,Alien Sex,"Ellen Datlow, Leigh Kennedy, Rick Wilber, Harlan Ellison, Scott Baker, Larry Niven, K. W. Jeter, Philip José Farmer, Lisa Tuttle, Bruce McAllister, Edward Bryant, Pat Cadigan, Geoff Ryman, Connie Willis, Richard Christian Matheson, Lewis Shiner, Roberta Lannes, James Tiptree, Jr., Michaela Roessner, Pat Murphy",...ou’ve been taken as a pet by one of the aliens. 3.) How’s the Night Life on Cissald...
,A,aliens,aliens,openlibrary_OL16591909W,Beware the ninja weenies and other warped and creepy tales,David Lubar,"...nts thirty-three stories about stranded aliens, a horrifying cheesemaker, a boy with t..."
,A,aliens,alien,openlibrary_OL1684407W,Goblins,Charles L. Grant,"...demonics, from rampaging Sasquatches to alien invasions. The cases the Bureau wants..."
,A,aliens,aliens,openlibrary_OL17721909W,Fright Night,NOW Comics,"...inst a squid-man, spider-boy, minotaur, aliens and various other monsters. Many storie..."
,A,aliens,alien,openlibrary_OL17931940W,The Adventures of Shrinkman,Robert Lawrence Stine,...laces most ordinary people can't. -- My alien parents. Can it really be that Mom and...
,A,aliens,alien,openlibrary_OL19737680W,The Merry Spinster,Daniel M. Lavery,"...on. Sinister and inviting, familiar and alien all at the same time, *The Merry Spinst..."
,A,aliens,aliens,openlibrary_OL20002021W,Clones vs. aliens,M. E. Castle,...e work together to save the world after aliens disguised as twelve-year-old girls inva...
,A,aliens,Alien,openlibrary_OL2004736W,The return of the repressed,Valdine Clemens,"...and Mr. Hyde, Dracula, The Shining, and Alien. She applies both psychoanalytic theory..."
,A,aliens,aliens,openlibrary_OL20270249W,Scooby-Doo! Read and Solve,Gail Herman,...bove the stadium and the fans look like aliens! **It will be better than a touchdown i...
,A,aliens,alien,openlibrary_OL23613075W,A Tale of Hell and Other Works of Horror (The Gillett Edition),Phil Slattery,...o the Old West to the present and on to alien worlds in the distant future. The short...
,A,aliens,alien,openlibrary_OL34960984W,The Shivering Ground & Other Stories,Sara Barkat,"...-apocalyptic fiction about a man and an alien creature obsessed with extinct birds, s..."
,A,aliens,alien,openlibrary_OL3972834W,The White Mountains (The Tripods #1),Sam Youd,...n stories are set on Earth ruled by the alien Tripods. A prequel detailing the conque...
,A,aliens,aliens,openlibrary_OL5687552W,Star Trek The Next Generation - Invasion - The Soldiers of Fear,"Dean Wesley Smith, Kristine Kathryn Rusch",...confrontation and become subject to the aliens' mind-altering powers....
,A,aliens,alien,openlibrary_OL5769568W,Hi no tori,Osamu Tezuka,"..., undying love for the doomed beautiful alien ""moopie,"" Tamami. Told in bold layouts..."
,A,aliens,Aliens,openlibrary_OL57989W,The Scary States of America,Michael Teitelbaum,"...Aliens, ghosts, and monsters haunt the pages o..."
,A,aliens,aliens,openlibrary_OL5817028W,Pretty Monsters,Kelly Link,"...ts with a planeload of refugees for the aliens to arrive, Link’s stories are funny and..."
,A,aliens,aliens,openlibrary_OL5828791W,The cult of alien gods,Jason Colavito,"...rials, and many are also convinced that aliens have visited earth at some point in his..."
,A,aliens,alien,openlibrary_OL59790W,Changing planes,Ursula K. Le Guin,...sometimes open puzzling doors into the alien....
,A,aliens,alien,openlibrary_OL8110872W,Venusian Lullaby (Dr Who,Paul Leonard,...arrive they find an ancient and utterly alien civilization on the verge of oblivion....
,A,aliens,aliens,openlibrary_OL8833987W,The Everborn,Nicholas Grabowsky,"...Nicholas Grabowsky's widely-praised aliens-among-us horror/science fiction epic, a..."
,A,aliens,alien,rogue_moon,Rogue Moon,Algis Budrys,"...st human explorers to discover it -- an alien formation, a trap for the unwary, a pla..."
,A,aliens,alien,terra,Terra,Mitch Benn,...t would be a complete disaster. But one alien thinks Rrth is worth looking at. Not hu...
,A,aliens,alien,the_human_front,The Human Front,Ken Mcleod,...cs and alliances with the arrival of an alien species. This alternate history and poi...
,A,aliens,Alien,the_other_end_of_time,The Other End Of Time,Frederik Pohl,"...97: INTERSTELLAR WAR Earth, 2031: Alien contact Signals are received: a code..."
,A,aliens,alien,theme_planet,Theme Planet,Andy Remic,"...... Welcome to Theme Planet, an entire alien world of insane rides, excessive hedoni..."
,A,aliens,alien,uplift_war,Uplift War,David Brin,"...ient fleet of the Progenitors, a brutal alien race seizes the dying planet of Garth...."
,A,aliens,alien,vast,Vast,Linda Nagata,"...years old, four survivors of an ancient alien war are making a desperate journey: Lot..."
,A,aliens,alien,veteran,Veteran,Gavin Smith,"...300 years in our future, in a world of alien infiltrators, religious hackers, a vast..."
,A,aliens,aliens,openlibrary_OL15105025W,Spaceheadz,Jon Scieszka,"...he gradually comes to believe they are aliens who need his help, he has trouble convi..."
,A,aliens,alien,openlibrary_OL16263320W,Home,Toni Morrison,"...just physical scars. His home may seem alien to him, but he is shocked out of his cr..."
,A,aliens,alien,openlibrary_OL20079802W,The Great Wall,Mark Morris,...join with the group in battling against alien monsters that invade every sixty years....
,A,aliens,alien,openlibrary_OL20246149W,Strange Nation,J. Gerald Kennedy,"...er author, he personifies the contrary, alien perspective that discerns the weird ope..."
,A,aliens,Martians,openlibrary_OL263458W,"Men are From Mars, Women are From Venus","John Gray, John Gray","...Once upon a time Martians and Venusians met, fell in love, and ha..."
,A,aliens,aliens,openlibrary_OL2982983W,The Rights of Others,Seyla Benhabib,"...nciples and practices for incorporating aliens and strangers, immigrants and newcomers..."
,A,aliens,alien,openlibrary_OL5753156W,Runaways,"Brian K. Vaughan, Adrian Alphona","...When a dangerous alien invades Los Angeles, it's up to Karolin..."
,A,aliens,Martian,openlibrary_OL5815935W,Looney Tunes [2003] Back in Action Reader,Jackie Glassman,"...henchmen like Yosemite Sam, Marvin The Martian, and the Tasmanian Devil on their tail(..."
,A,aliens,Martian,openlibrary_OL5823166W,The Way Back Home,Oliver Jeffers,"...ter space, a boy meets a marooned young Martian with a broken spacecraft, and the two n..."
,A,aliens,alien,openlibrary_OL6214253W,In another country,Priya Joshi,"...atthianadhan to Salman Rushdie, took an alien form in an alien language and used it t..."
,A,aliens,alien,openlibrary_OL69300W,My Teacher Fried My Brains,Bruce Coville,...things are really bad when he finds an alien’s hand in a dumpster and then gets plug...
,A,aliens,aliens,openlibrary_OL8115238W,The Visitor,Katherine Applegate,...h is secretly under attack by parasitic aliens. And that she and her friends are the p...
,A,aliens,aliens,openlibrary_OL8119758W,Captain Underpants and the Invasion of the Incredibly Naughty Cafeteria Ladies from Outer Space,Dav Pilkey,...nderpants can stop the three evil space aliens who have invaded Jerome Horwitz Element...
,A,aliens,aliens,openlibrary_OL1000778W,Spooksville - Aliens in the Sky,Christopher Pike,"...or a little ride in space. In fact, the aliens insist that they come. They practically..."
,A,aliens,aliens,openlibrary_OL14909690W,Jailbait zombie,Mario Acevedo,"...ming one of the undead — nymphomaniacs, aliens, and X-rated bloodsuckers, just to name..."
,A,aliens,alien,openlibrary_OL16134728W,Devil's wake,Steven Barnes,...ning authors about what happens when an alien race brings Earth to the brink of the A...
,A,aliens,alien,openlibrary_OL1865426W,After Dark,Jayne Ann Krentz,"...tressed-out from a nasty incident in an alien tomb, she is obliged to work part-time..."
,A,aliens,alien,openlibrary_OL18821975W,Lights Out,"James Patterson, Chris Grabenstein","...installment of the Daniel X series, the alien-hunting hero is finally ready to take o..."
,A,aliens,alien,openlibrary_OL19734351W,Oddity,Sarah Cannon,"...da and her friends face zombie rabbits, alien mobs, and Puppet Cartels as they explor..."
,A,aliens,aliens,openlibrary_OL20000126W,The orphan army,Jonathan Maberry,"...In the future, bug-like aliens are taking over Earth and young Milo Si..."
,A,aliens,alien,openlibrary_OL2015980W,Rama,Rick Barba,...onauts that meet and come about a large alien ship of unknown origin. Much of the gam...
,A,aliens,aliens,openlibrary_OL24390421W,"Jamis Bachman, Ghost Hunter",Jen Jensen,"...g ghosts, demons, and inter-dimensional aliens—in an effort to avoid her own. When..."
,A,aliens,extraterrestrial,openlibrary_OL34960463W,Mass Contacts,Stefano Breccia,...a delves into the mass contacts between extraterrestrial beings and a group of over 200 individu...
,A,aliens,alien,openlibrary_OL3599650W,Lovescape,"Anne Avery, Phoebe Conn, Sandra Hill, Dara Joy",...her cry to be answered—by a hunk of an alien with the wildest sense of passion she's...
,A,aliens,extraterrestrial,openlibrary_OL5730094W,Pale death,David Thurlo,"...r"" spirit, others that the killer is an extraterrestrial. Lee Nez, assigned to the case at Diane..."
,A,aliens,extraterrestrial,openlibrary_OL5859159W,DC,"Darwyn Cooke, Dave Stewart",...he Challengers of the Unknown battle an extraterrestrial creature that threatens the existence o...
,A,aliens,aliens,openlibrary_OL60672W,Stepsister from the Planet Weird,"Francess Lin Lantz, Francess Lantz",...and his seemingly perfect daughter are aliens....
,A,aliens,aliens,openlibrary_OL8076581W,Camp Creepy Time,"Gina Gershon, Dann Gershon","...g into monsters, and his counselors are aliens plotting to sell the kids to an interga..."
,A,aliens,alien,openlibrary_OL8115262W,The Capture,Katherine Applegate,"...nto flies to invade the new base of the alien Yeerks, and Jake becomes the enemy afte..."
,A,aliens,aliens,openlibrary_OL8297364W,Abducted,Susan A. Clancy,...nyone believe he or she was abducted by aliens ... or want to believe it? Clancy argue...
,A,aliens,alien,openlibrary_OL8514692W,Blindsight,"Peter Watts, Peter Watts",...Two months since sixty-five thousand alien objects clenched around the Earth like...
,A,aliens,alien,openlibrary_OL17347831W,"Dorothy, the Terrified",Katheryn Kimbrough,...he shadows of human evil seemed totally alien to her sunlit world of gracious living...
,A,aliens,alien,openlibrary_OL19714W,Second chance,Danielle Steel,...trepreneur in the 21st century finds an alien craft that can travel through time....
,A,aliens,alien,openlibrary_OL20781541W,Neptune's Tears,Susan Waggoner,"...ctive patient who, she learns, is of an alien race but who has secrets he cannot shar..."
,A,aliens,alien,openlibrary_OL27815W,The Separation,Katherine Applegate,"...ers dedicated to stopping the parasitic alien race known as the Yeerks, is horrified..."
,A,aliens,alien,openlibrary_OL5686651W,For Her Eyes Only (Magnificent Mccoy Men),Tori Carrington,...being a loner. So how had sexy illegal alien Michelle Lambert stolen her way into hi...
,A,aliens,alien,openlibrary_OL80210W,Shakespeare,Graham Holderness,"...and therefore understandably remote and alien."" ...."
,A,aliens,aliens,openlibrary_OL9774874W,Immigration as a democratic challenge,Ruth Rubio-Marin,"...sed the claim for inclusion of resident aliens, but have also limited that claim...."
,A,aliens,extraterrestrial,openlibrary_OL100120W,Berserker Man,Fred Saberhagen,...forgotten interstellar war between two extraterrestrial races known as the Builders (the Berser...
,A,aliens,alien,openlibrary_OL109524W,Solaris,Stanisław Lem,"...Telling of humanity's encounter with an alien intelligence on the planet Solaris, the..."
,A,aliens,alien,openlibrary_OL11751340W,Reckless revolution,Lynne Hansen,...carnivorous pigs as they search for an alien and its captive....
,A,aliens,aliens,openlibrary_OL13694786W,Captain Cal and the garbage planet,Jan Dallimore,...his crew come to the rescue when messy aliens litter the entire galaxy with their gar...
,A,aliens,alien,openlibrary_OL13838574W,Cactus Island,"William Manchee, Manchee, William.",...ault. He claims he was distracted by an alien spacecraft flying overhead. At first St...
,A,aliens,aliens,openlibrary_OL14865162W,"Lights, camera-- liftoff!",Dan Greenburg,"...vel to Hollywood, California, where the aliens become extras on a science fiction tele..."
,A,aliens,alien,openlibrary_OL14949817W,Mr. Granite is from another planet!,Dan Gutman,...hat the students are sure he must be an alien....
,A,aliens,alien,openlibrary_OL14954142W,Star Trek - Captain's Blood,"William Shatner, Judith Reeves-Stevens","...of the galaxy. Trapped on a deadly, alien world on the eve of a Romulan civil war..."
,A,aliens,alien,openlibrary_OL14954156W,The Return,William Shatner,"...ther than James T. Kirk, resurrected by alien science to destroy the Borg's most form..."
,A,aliens,extraterrestrial,openlibrary_OL14959533W,Sherlock Holmes Through Time and Space,"Isaac Asimov, Martin H. Greenberg, Charles G. Waugh, Arthur Conan Doyle, Philip José Farmer, Anne Lear, F. N. Farber, Poul Anderson, Gordon R. Dickson, Barbara Williamson, Sterling E. Lanier, Mack Reynolds, Edward Wellen, Fred Saberhagen, Gene Wolfe, Richard Lupoff, James Powell",...terling E. Lanier The Adventure of the extraterrestrial / Mack Reynolds A Scarletin study / Ph...
,A,aliens,alien,openlibrary_OL15022455W,Planet of the nose pickers,Gordon Korman,"...rdy exchange student who is actually an alien from the planet Pan, try to get Earth d..."
,A,aliens,alien,openlibrary_OL15037835W,Star Trek Voyager - Starfleet Academy - The Chance Factor,Diana G. Gallagher,...study to a wilderness planet involving alien animals and their handlers. Not getting...
,A,aliens,alien,openlibrary_OL15129442W,Star Trek The Next Generation - Starfleet Academy - Mystery of the Missing Crew,Michael Jan Friedman,...ets are left to face the wrath of a new alien race... who are demanding that Data and...
,A,aliens,alien,openlibrary_OL15141770W,Star Trek - Heart of the Sun,"Pamela Sargent, George Zebrowski","...without destroying a treasure trove of alien science, and time is running out......."
,A,aliens,alien,openlibrary_OL15165730W,Star Wars - Fate of the Jedi - Allies,Christie Golden,...liance against an evil more ancient and alien than they can imagine.While the Skywalk...
,A,aliens,alien,openlibrary_OL15180934W,Risk Assessment,James Goss,"...ing through the Rift. With thousands of alien bodies floating in the Bristol Channel,..."
,A,aliens,alien,openlibrary_OL15182156W,Destroyer,C. J. Cherryh,"...nt race. From its beginnings as a human-alien story of first contact, the Foreigner s..."
,A,aliens,aliens,openlibrary_OL15191459W,Attack of the Evil Elvises,Dan Greenburg,...are no ordinary Elvises--they are evil aliens from outer space in disguise with nefar...
,A,aliens,aliens,openlibrary_OL15414070W,You'll like it here (everybody does),Ruth White,"..., North Carolina town become fixated on aliens, and soon she and her family are forced..."
,A,aliens,Alien,openlibrary_OL15440026W,Alien encounter,Pamela F. Service,"...Alien agent Zack travels to Roswell, New Mexi..."
,A,aliens,aliens,openlibrary_OL15988919W,Beyond the frontier,Jack Campbell,...red back into action to investigate the aliens occupying the far side of Syndic space...
,A,aliens,alien,openlibrary_OL16057147W,Star Trek - Day of Honor - Treaty's Law,"Dean Wesley Smith, Kristine Kathryn Rusch","...asy alliance, however, when yet another alien fleet attacks both the Klingons and the..."
,A,aliens,alien,openlibrary_OL16126176W,Mothership,Martin Leicht,...Elvie finds herself in the middle of an alien race war and makes a startling discover...
,A,aliens,alien,openlibrary_OL16126420W,Wolf among the stars,Steve White,...ken off the devastating colonization by alien Lokaran invaders and totalitarian rule...
,A,aliens,aliens,openlibrary_OL16316454W,Escape from planet Yastol,Pamela F. Service,...el draws the attention of sinister blue aliens who capture Josh and his sister Maggie...
,A,aliens,aliens,openlibrary_OL16485809W,The challengers,Greg R. Fishbone,"...s Japanese cousins, and is recruited by aliens from the planet Mrendaria to help save..."
,A,aliens,alien,openlibrary_OL16561646W,"Punishment, Earth",R. A. Montgomery,"...You are a brave alien who lives on a planet of wise, technolo..."
,A,aliens,alien,openlibrary_OL16572000W,Paradox,Ammi-Joan Paquette,"...When Ava finds herself on a desolate alien planet with no memory of her past, she..."
,A,aliens,aliens,openlibrary_OL16681976W,Night of a thousand Doomsdays,Laurie Sutton,...Thousands of aliens have targeted Earth. The MAN OF STEEL b...
,A,aliens,extraterrestrial,openlibrary_OL16686850W,Zig and Wikki in The cow,Nadja Spiegelman,...Two extraterrestrial friends land on Earth in the center of...
,A,aliens,alien,openlibrary_OL17190879W,SPACE PATROL CHRONICLES - BOOK TWO,Warren Chaney,...r to save it from a rapidly approaching alien menace. It is retro-science fiction at...
,A,aliens,alien,openlibrary_OL17452823W,The Eternal Flame,Greg Egan,"...""In an alien universe, the generation ship Peerless..."
,A,aliens,alien,openlibrary_OL17463705W,Report From Planet Midnight,Nalo Hopkinson,"...iation of the Fantastic in the Arts, an alien addresses the crowd, evaluating Earth's..."
,A,aliens,alien,openlibrary_OL17465695W,Wizards Aliens And Starships Physics And Math In Fantasy And Science Fiction,Charles L. Adler,"...om teleportation and space elevators to alien contact and interstellar travel, scienc..."
,A,aliens,alien,openlibrary_OL17761415W,The Starcraft archive,"Jeff Grubb, Gabriel Mesta, Tracy Hickman",...t in the crossfire between two powerful alien races: the enigmatic protoss and the ru...
,A,aliens,aliens,openlibrary_OL17827844W,In Space No One Can Hear You Scream,Hank Davis,"...beyond the earth will be found friendly aliens, benevolent and possibly wiserthan huma..."
,A,aliens,alien,openlibrary_OL17878271W,The Venusian gambit,Michael J. Martinez,"...s of Venus! In the year 2135, dangerous alien life-forms freed in the destruction of..."
,A,aliens,aliens,openlibrary_OL17883968W,The Darkside War,Zachary Brown,...mn well wish we were ... There are many aliens out there. They come in all sorts of sh...
,A,aliens,aliens,openlibrary_OL1841309W,Star Wars - The New Jedi Order - Edge of Victory I - Conquest,J. Gregory Keyes,...Anakin may be in over his head. For the aliens have a different future in mind for Tah...
,A,aliens,alien,openlibrary_OL1902476W,The Morcai Battalion,Diana Palmer,...both their lives and the future of all alien nations hints that a greater unity may...
,A,aliens,alien,openlibrary_OL1902780W,A dark and hungry god arises,Stephen R. Donaldson,"...appetite can be sated. Gateway to the alien realm of the Amnion, the shipyard is a..."
,A,aliens,aliens,openlibrary_OL1911335W,The Midwich Cuckoos,John Wyndham,"...Midwich Cuckoos is the classic tale of aliens in our midst, exploring how we respond..."
,A,aliens,aliens,openlibrary_OL19557562W,Starstrike,"Douglas Niles, Kevin Dockery","...team finds itself kidnapped by hostile aliens and forced to steal an alien aircraft,..."
,A,aliens,alien,openlibrary_OL1955924W,Aces High,"George R. R. Martin, Wild Cards Trust Staff, Wild Cards Trust","...""After the alien virus struck humanity in the wake of Wo..."
,A,aliens,aliens,openlibrary_OL19717800W,Of Jenny and the aliens,Ryan Gebhart,"...tant planet has reached our radios. Are aliens about to invade? No one knows, and almo..."
,A,aliens,alien,openlibrary_OL19764015W,Halo,Troy Denning,...with a theocratic military alliance of alien races known as the Covenant. Now the ho...
,A,aliens,alien,openlibrary_OL19863086W,Doctor Who: The Drosten's Curse,A.L. Kennedy,"...on. Because something huge, ancient and alien lies hidden beneath the ground - and it..."
,A,aliens,alien,openlibrary_OL20001088W,Into the dorkness,John Kloepfer,"...xtraordinary Terrestrials, defeated the alien Mim and sent him back to prison--but no..."
,A,aliens,alien,openlibrary_OL20009502W,Ultraman,Eiichi Shimizu,...her and learned of a new and terrifying alien invasion. Though Shinjiro has his fathe...
,A,aliens,alien,openlibrary_OL20721276W,Star Trek The Next Generation - Headlong Flight,Dayton Ward,...wry. The Enterprise crewmembers and the alien scientists who created the technology b...
,A,aliens,alien,openlibrary_OL20801066W,"Star Wars - Tales from a Galaxy Far, Far Away - Aliens","Landry Q. Walker, Jason P Wojtowicz","...rlds of Star Wars are full of countless alien species, each stranger and more fascina..."
,A,aliens,alien,openlibrary_OL20810561W,Star Trek The Next Generation - Hearts and Minds,Dayton Ward,"...f several dispatched across space by an alien species, the Eizand, to search for a ne..."
,A,aliens,alien,openlibrary_OL20889237W,The legend of Frog,Guy Bass,...e is actually the prince of an invading alien army and that he's just given the go-ah...
,A,aliens,aliens,openlibrary_OL20935746W,Star Trek Voyager - A Pocket Full of Lies,Kirsten Beyer,...irst contact with the Nihydron—humanoid aliens that are collectors of history. They ra...
,A,aliens,aliens,openlibrary_OL21791860W,Homicidal Aliens and Other Disappointments,Brian Yansky,"...t a race of homicidal (but very polite) aliens invaded Earth, killing pretty much ever..."
,A,aliens,alien,openlibrary_OL23185373W,A hagfish called Shirley,Jennifer Allison,"..., Daniel has to convince him to use his alien powers to save the day and keep everyon..."
,A,aliens,alien,openlibrary_OL2334844W,Two thousand seasons,Ayi Kwei Armah,"...d seasons wasted wandering amazed along alien roads, another thousand spent finding p..."
,A,aliens,alien,openlibrary_OL235280W,A Voyage to Arcturus,"David Lindsay, David Lindsay","...e most unusual and brilliantly depicted alien worlds ever conceived, a profoundly mov..."
,A,aliens,alien,openlibrary_OL2397780W,Star Trek The Next Generation - Double Helix - Infection,John Gregory Betancourt,"...nds of mutant chromosomes, an insidious alien conspiracy winds its way through the en..."
,A,aliens,alien,openlibrary_OL24158910W,Close encounters of the invasive kind,Sarah Seymore,...cting human history and behavior on the alien Other. Case studies of 15 novels of ali...
,A,aliens,alien,openlibrary_OL2421571W,Star Trek - Insurrection,J. M. Dillard,"...n uneasy alliance with a mysterious new alien species of unknown origin, has discover..."
,A,aliens,alien,openlibrary_OL2576887W,Star Trek Deep Space Nine - Fallen Heroes,Dafydd Ab Hugh,...When a troop of alien warriors demands the return of an impri...
,A,aliens,Alien,openlibrary_OL2636544W,Alien expedition,Pamela F. Service,"...In the third book in the series, young Alien Agent Zack Gaither is sent to Mongolia..."
,A,aliens,alien,openlibrary_OL2636547W,Camp alien,Pamela F. Service,"...s he's not a normal kid. He's really an alien agent-in-training, brought to Earth to..."
,A,aliens,alien,openlibrary_OL2789345W,Lilo & Stitch,Michael Stewart,"...sister Nani, describes the creation of alien science experiment 626, and describes h..."
,A,aliens,alien,openlibrary_OL3071275W,Star Trek The Next Generation - Boogeymen,Mel Gilden,"...xologist, a specialist in all manner of alien lifeforms—and one of Captain Picard's o..."
,A,aliens,alien,openlibrary_OL3071292W,Star Trek Deep Space Nine - The Pet,"Mel Gilden, Ted Pedersen",...e and Nog try to save their pet from an alien's evil plan!...
,A,aliens,alien,openlibrary_OL3273050W,Frankenstein's daughters,Jane L. Donawerth,"...tific discourse that describes women as alien ""others"" rather than rational beings. T..."
,A,aliens,alien,openlibrary_OL3561084W,Star Trek Deep Space Nine - What You Leave Behind,Diane Carey,"...ago, Benjamin Sisko took command of an alien space station newly christened Deep Spa..."
,A,aliens,alien,openlibrary_OL35621W,Bloodchild and other stories,"Octavia E. Butler, Janina Edwards, consonni, Arrate Hidalgo, Nadia Barkate",...o become hosts for the offspring of the alien Tlic. Sometimes the procedure is harmle...
,A,aliens,alien,openlibrary_OL3578007W,The Joshua files,M. G. Harris,"...ry, which he believes involves UFOs and alien abduction...."
,A,aliens,Aliens,openlibrary_OL3739512W,The artificial paradise,S. Ben-Tov,"...euromancer, Vonnegut's fiction, and the Aliens movie in relation to ancient and modern..."
,A,aliens,aliens,openlibrary_OL4043046W,Herbert's wormhole,"Nelson, Peter","...nty-second century and face off against aliens, who are not as beneficent as most peop..."
,A,aliens,Martians,openlibrary_OL4280942W,Voices Prophesying War,I. F. Clarke,"...ans, Russians, Soviets, and, of course, Martians, followed in huge numbers."" ""Throughout..."
,A,aliens,aliens,openlibrary_OL4320804W,Star Trek The Next Generation - The Children of Hamlin,Carmen Carter,"...peared without a trace, abducted by the aliens who attacked with a ferocity and speed..."
,A,aliens,extraterrestrial,openlibrary_OL4471323W,Aliens for breakfast,Jonathan Etra,"...nt in his cereal box, Richard joins the extraterrestrial in a fight to save Earth from the Drane..."
,A,aliens,alien,openlibrary_OL4632944W,Death's Head,David Gunn,"...erous enough already, add in the lethal alien parasite that resides in his throat . ...."
,A,aliens,alien,openlibrary_OL474023W,Judas Unchained,Peter F. Hamilton,...nd filled with fully realized human and alien characters as complex as they are engag...
,A,aliens,alien,openlibrary_OL49503W,First meetings,Orson Scott Card,...lliant military commanders to repel the alien invasion. In John Paul Wiggin - the fu...
,A,aliens,aliens,openlibrary_OL520423W,Jimmy Neutron boy genius,Marc A. Cerasini,"...he adults of Retroville are abducted by aliens from the planet Yolkus, Jimmy Neutron a..."
,A,aliens,alien,openlibrary_OL522193W,Scattered Suns,"Kevin J. Anderson, David Colacci","...ue and adventure... The war between the alien hydrogues and the faeros rages, reducin..."
,A,aliens,aliens,openlibrary_OL522228W,Star Wars - Young Jedi Knights - Jedi Bounty,Kevin J. Anderson,...ans do against a planet full of hostile aliens?...
,A,aliens,alien,openlibrary_OL5337421W,The Dangerous Days of Daniel X,James Patterson,...Fifteen-year-old alien hunter Daniel X is on a mission to fini...
,A,aliens,alien,openlibrary_OL5687585W,Star Trek Voyager - String Theory - Evolution,Heather Jarman,"...ere, the Doctor, trapped in a dimension alien to human understanding, reunites with a..."
,A,aliens,alien,openlibrary_OL5696521W,Star Trek Vanguard - Summon the Thunder,"Dayton Ward, Kevin Dilmore","...e Taurus Reach, an ancient and powerful alien mind has awakened prematurely from aeon..."
,A,aliens,alien,openlibrary_OL5696533W,Star Trek Voyager - Marooned,Christie Golden,"...When an alien pirate abducts Kes, USS Voyager takes o..."
,A,aliens,alien,openlibrary_OL5696563W,Star Wars - Fate of the Jedi - Omen,Christie Golden,...the Kathol Rift and bargaining with an alien species as likely to destroy outsiders...
,A,aliens,alien,openlibrary_OL5704202W,The Ark / Her Majesty's Starship,Ben Jeapes,...rst interstellar delegation to visit an alien planet. His passengers are an ill-tempe...
,A,aliens,alien,openlibrary_OL5747040W,Green Lantern,Geoff Johns,"...Chosen by a dying alien to wear a ring powered by pure will, Ha..."
,A,aliens,alien,openlibrary_OL5808485W,The Empress' New Clothes,Jaid Black,...ho claim them. No one said love with an alien would come easily. Enjoy Kyra's spic...
,A,aliens,aliens,openlibrary_OL5817031W,Stranger Things Happen,Kelly Link,...apocalyptic beauty pageant. Sexy blond aliens invade New York City. A young girl lear...
,A,aliens,alien,openlibrary_OL5825653W,The Cole Protocol,"Tobias S. Buckell, Eric Nylund",...Colonies from discovery by a merciless alien foe. Many are called upon to rid the un...
,A,aliens,aliens,openlibrary_OL5836522W,Alien feast,"Simmons, Michael","...In 2017, human-eating aliens have kidnapped two scientists who might..."
,A,aliens,alien,openlibrary_OL58699W,Heaven's reach,David Brin,...gitive settlers of Jijo--both human and alien--brace for a final confrontation. The J...
,A,aliens,Alien,openlibrary_OL69286W,The attack of the two-inch teacher,Bruce Coville,...Alien Pleskit Meenom and his friend Tim borro...
,A,aliens,alien,openlibrary_OL8115256W,Elfangor's Secret,Katherine Applegate,...morph into animals in order to aid the alien Andalites in their battle against the e...
,A,aliens,aliens,openlibrary_OL8116385W,The Diversion,Katherine Applegate,"...alize that the Andalite Bandits are not aliens, but humans. Now, Tobias and the other..."
,A,aliens,Martians,openlibrary_OL81669W,The Martians,"Kim Stanley Robinson, Dominique Haas",...The Martians is a companion volume to the three volu...
,A,aliens,alien,openlibrary_OL8256900W,Star Trek The Next Generation - Starfleet Academy - Haunted Starship,"Brad Ferguson, Kathi Ferguson",...it mean? Is the ship haunted? Is it an alien invasion? The cadets are about to make...
,A,aliens,aliens,openlibrary_OL8258190W,Star Trek - Klingon,"Simon & Schuster, Hilary Bader, Dean Wesley Smith, Kristine Kathryn Rusch, Hilary Bader","...long the way you will encounter strange aliens, treacherous friends, and even serve ab..."
,A,aliens,alien,openlibrary_OL8269464W,Star Trek - Home is the Hunter,Dana Kramer-Rolls,"...is stopped by a mysterious and powerful alien being named Weyland, who decides to pun..."
,A,aliens,aliens,openlibrary_OL8269872W,Star Trek The Next Generation - Imbalance,V. E. Mitchell,"...n the ship, Now Picard must unravel the aliens' mystery before it's too late for the a..."
,A,aliens,alien,openlibrary_OL8271026W,Star Trek The Next Generation - Spartacus,T. L. Mancour,"...all, the USS Enterprise finds a damaged alien vessel—the Freedom—crewed by a race kno..."
,A,aliens,alien,openlibrary_OL83591W,Star Wars - Outbound Flight,Timothy Zahn,...of Unknown Space with the forces of the alien Chiss Ascendancy and the brilliant mast...
,A,aliens,aliens,openlibrary_OL83596W,Star Wars - Survivor's Quest,Timothy Zahn,"...Nirauan. Now, the fiercely honor-bound aliens who reside there wish to turn over the..."
,A,aliens,alien,openlibrary_OL84521W,Star Wars - The New Jedi Order - Dark Tide I - Onslaught,Michael A. Stackpole,...ainst Luke Skywalker's leadership. When alien invaders known as the Yuuzhan Vong stri...
,A,aliens,alien,openlibrary_OL84522W,Star Wars - The New Jedi Order - Dark Tide II - Ruin,Michael A. Stackpole,...The alien Yuuzhan Vong have launched an attack on...
,A,aliens,alien,openlibrary_OL8484957W,Hollow Earth,David Standish,"...the hollow earth, relics of an advanced alien civilization. And there are still devou..."
,A,aliens,alien,openlibrary_OL92400W,Star Wars - Corellian Trilogy - Assault at Selonia,Roger MacBride Allen,...an cousin and join forces with a female alien. Dracmus was arrested as a ringleader i...
,A,aliens,aliens,openlibrary_OL97694W,The Truce at Bakura,Kathy Tyers,"...e. Even as the Alliance arrives, the aliens have almost overcome the Bakura Imperia..."
,A,aliens,aliens,openlibrary_OL15038905W,Robber baron's daughter,Jamila Gavin,...ealth began with trafficking in illegal aliens....
,A,aliens,aliens,openlibrary_OL17080735W,"Fortunately, the Milk","Neil Gaiman, Chris Riddell, Skottie Young","...has a story to tell, a story involving aliens; pirates; ponies; wumpires (not the han..."
,A,aliens,aliens,openlibrary_OL17862130W,Super Schnoz and the invasion of the snore snatchers,Gary Urey,...er Schnoz and his friends find out that aliens are after his snores to take over Earth...
,A,aliens,alien,openlibrary_OL18572237W,A death retold,"Keith Wailoo, Julie Livingston","...In February 2003, a teen illegal alien from Mexico lay dying in a prominent Am..."
,A,aliens,alien,openlibrary_OL20016224W,I'm an alien and I want to go home,Jo Franklin,"...n his birthday, he embraces his pretend alien heritage and launches a mission with hi..."
,A,aliens,alien,openlibrary_OL20042769W,Jak and the magic nano-beans,Carl Bowen,...t the Kingdom is occupied by an immense alien monster....
,A,aliens,alien,openlibrary_OL20046850W,Stiltonix contro il mostro Slurp,Elisabetta Dami,...in order to restore harmony between its alien inhabitants and the cheese-loving slurp...
,A,aliens,aliens,openlibrary_OL2875350W,Alienated,"David O. Russell, Andrew Auseon","...by publishing a free tabloid about real aliens, but a clash over whether to print a ce..."
,A,aliens,Martian,openlibrary_OL14871308W,Ricky Ricotta's Mighty Robot #4 Vs. The Mecha-monkeys From Mars,Dav Pilkey,...attempt to save the Earth when an evil Martian monkey and his mechanical creations att...
,A,aliens,alien,openlibrary_OL16617785W,Hard to have heroes,Buddy Mays,...ther could never have even imagined the alien world they were about to enter. Bud’s n...
,A,aliens,aliens,openlibrary_OL20000115W,Cakes in space,Philip Reeve,"...hip and its crew from man-eating cakes, aliens, and more. The coauthor is Sarah McInty..."
,A,aliens,aliens,openlibrary_OL20940766W,Daddy's zigzagging bedtime story,Alan Lawrence Sitomer,...who drives a monster truck and battles aliens aided by a cupcake-baking unicorn....
,A,aliens,alien,openlibrary_OL15220949W,Stargazer Volume One,Von Allan,"...ving them alone and afraid under a very alien sky. After summoning their courage, Mar..."
,A,aliens,alien,openlibrary_OL15554801W,Battlestar Galactica,"Glen A. Larson, Richard J. Anobile",...great Battlestar Galactica can stop the alien Cylon marauders as they begin the final...
,A,aliens,extraterrestrial,openlibrary_OL16002082W,狼と香辛料V (light novel),支倉凍砂,...They arrived - tens of thousands of extraterrestrial beings - in huge spaceships the size of...
,A,aliens,alien,openlibrary_OL17356885W,Saga,Brian K. Vaughan,"...ew parents Marko and Alana travel to an alien world to visit their hero, while the fa..."
,A,aliens,alien,openlibrary_OL17398017W,Command School,"Christopher Yost, Orson Scott Card",...tect the human race against an invading alien force and his own teachers....
,A,aliens,alien,openlibrary_OL17886725W,Yu-Gi-Oh! R.,Akira Ito,...s earthly cards defeat Depres's deck of alien monsters? Plus a bonus story about Yugi...
,A,aliens,Martian,openlibrary_OL18583234W,Superman/Batman,"Mark Verheiden, Ethan Van Sciver","...of his oldest and most powerful allies, Martian Manhunter, he seeks the aid of Superman..."
,A,aliens,alien,openlibrary_OL20909517W,In the dimming light,Adam Beechen,...n Lantern Corps as they fight a trio of alien invaders--but he may turn out to be mor...
,A,aliens,alien,openlibrary_OL23300129W,True colors,Art Baltazar,...with the evil Red Lanterns over a small alien creature that the villains have trapped...
,A,aliens,alien,openlibrary_OL24307182W,Wanted,Charlotte Fullerton,"...g strangely. When he is captured by the alien bounty hunter Seven Seven, it's up to B..."
,A,aliens,aliens,openlibrary_OL15559516W,The shadow stealers,R. G. Austin,"...Weird aliens have invaded the city and the reader, a..."
,A,aliens,aliens,openlibrary_OL16116867W,Doctor Proctor's Fart Powder,Jo Nesbø,"...to protect Oslo, Norway, from invading aliens, enormous snakes in the sewers, seven-l..."
,A,aliens,Martian,openlibrary_OL16557737W,Star fighters,Max Chase,"...alaxy, first-year student Peri and half-Martian Diesel witness Earth getting bombarded..."
,A,aliens,alien,openlibrary_OL17717183W,Supersonic,Jonny Zucker,...e DFEA tells Max that there's a vicious alien race preparing for a revenge attack on...
,A,aliens,alien,openlibrary_OL17884940W,Crash landing,Max Chase,...enix is under fire from not one but two alien armies - Xion and Meigwor. Whilst tryin...
,A,aliens,Aliens,openlibrary_OL17895296W,Last plane to Heaven,Jay Lake,"...sembled thirty-two of the best of them. Aliens and angels fill these pages, from the t..."
,A,aliens,aliens,openlibrary_OL17924892W,Will Solvit and the mission of menace,Zed Storm,...Can Will Solvit stop aliens from invading the Earth? Partly in grap...
,A,aliens,aliens,openlibrary_OL18171099W,New frontiers,Ben Bova,"...s and heroes, scientists and explorers, aliens and artificial intelligences, and even..."
,A,aliens,alien,openlibrary_OL19721960W,Megy a világ,László Krasznahorkai,...rk one day into a surreal realm utterly alien from his daily toils. The World Goes On...
,A,aliens,alien,openlibrary_OL20884020W,Eddy Stone and the alien cat mash-up,Simon Cherry,"...When Eddy Stone meets an alien cat on a mission to destroy Earth, his..."
,A,aliens,alien,openlibrary_OL23780W,The best of Marion Zimmer Bradley,Marion Zimmer Bradley,"...of a magical distant lands and strange alien cultures, spanning the whole universe o..."
,A,aliens,alien,openlibrary_OL24250880W,Big Bang Generation,Gary Russell,"...Globb, Professor Horace Jaanson and an alien assassin called Kik arrive to claim the..."
,A,aliens,alien,openlibrary_OL25073189W,The end of the world as we know it,Iva-Marie Palmer,...have unwittingly become survivors of an alien invasion. Now they'll have to somehow p...
,A,aliens,Martian,openlibrary_OL27699165W,The Egg and Other Stories,Andy Weir,"...e few who have yet to experience ***The Martian***, it's a perfect appetizer. For passi..."
,A,aliens,aliens,openlibrary_OL2954183W,Jason and the aliens down the street,Gery Greer,"...Jason meets Cooper Vor and Lootna, aliens from space now living on Earth, and tra..."
,A,aliens,alien,openlibrary_OL3693570W,30 Stories to Remember,"Thomas Bertram Costain, George Bernard Shaw, William Faulkner, Agatha Christie, Arthur Conan Doyle, John Beecroft, Thomas B. Costain And John Beecroft (Ed)",...rom the book) / James M. Barrie -- The alien corn / W. Somerset Maugham -- A profil...
,A,aliens,alien,openlibrary_OL3946220W,Monopolies of Loss,Adam Mars-Jones,"...ly unconscionable notion of gay life as alien or other. Here are people - patients, l..."
,A,aliens,aliens,openlibrary_OL49507W,Future on Ice,Orson Scott Card,"..., is on the cultural impact of visiting aliens, while in Portraits of His Children by..."
,A,aliens,alien,openlibrary_OL8383907W,Coldheart,Trevor Baxendale,...rs just making a wish. Unless something alien and terrifying could be lurking inside...
,A,aliens,aliens,openlibrary_OL15187007W,BOOTY CALL,FIONA JAYDE,"...na enhanced werewolves or super-endowed aliens. And with a bit of luck, Dan Gust just..."
,A,aliens,Martians,openlibrary_OL16804773W,Slave to Six Worlds,Olivia M. Ravensworth,"...ips, supremely intellectual but lustful Martians, and seductive green-skinned Venusian l..."
,A,aliens,alien,openlibrary_OL19658916W,His Seed,"M. Arbon, Evey Brett, L. A. Fields, Keith Glaeske, Lawrence Jackson, Phillip Joy, Spencer Krell, C.B. Lewis, Dale Cameron Lowry, James Penha, Robert Russin, Sam Thorne, Connie Wilkins",...an aesthete's poisonous garden; and an alien paying our planet a visit to sample the...
,A,aliens,alien,openlibrary_OL20654630W,The Outcasts,Alexa Black,...rash-lands in a harsh world. Kara is an alien whose people are Outcasts who have been...
,A,aliens,aliens,openlibrary_OL28885074W,Soul Forged,Sevannah Storm,...now-it-all Oriana agreed to travel with aliens who need women. But she didn’t agree to...
,A,aliens,alien,openlibrary_OL14854068W,Runaway heart,Jane Peart,...forced to find her own way in this very alien and sometimes hostile culture....
,A,aliens,alien,openlibrary_OL16027197W,Wolves of the dawn,William Sarabande,...faces the challenge of a new life in an alien land. Led by the great chieftain Fomor...
,A,aliens,aliens,openlibrary_OL16690666W,Cowboys & aliens,Joan D. Vinge,"...shortly before the city is attacked by aliens, he marshalls resistance to the invader..."
,A,aliens,alien,openlibrary_OL18161089W,Frontier Earth,Bruce Boxleitner,...An alien sent to warn Earth of an invasion lands...
,A,aliens,aliens,openlibrary_OL5717240W,The fast red road,Stephen Graham Jones,"...nist, inhabits a world of illusion - of aliens, ghosts, telekinesis, and water-pistol..."
,A,aliens,Martian,hardcover_1118793,Rainbow Mars,Larry Niven,"...Mars was inhabited, and how the sapient Martian species were wiped out. He foresees th..."
,A,aliens,alien,hardcover_274539,Dragonfly,Julia Golding,"...n Antellus, the alter-earth circling an alien star at the dim ultima Thule of the uni..."
,A,aliens,alien,hardcover_311580,Beyond the Rift,Peter Watts,...ifting border between the known and the alien. The beauty and peril of technology and...
,A,aliens,alien,hardcover_446268,Out of Phaze,Piers Anthony,...h must learn to survive in environments alien to their own nature....
,A,aliens,alien,hardcover_457149,Orn,Piers Anthony,...r: Three humans and an extraordinary alien creature in a quest across the fave of...
,A,ghosts,ghosts,a_serpent_uncoiled,A Serpent Uncoiled,Simon Spurrier,"...nique and terrifying killer, but by the ghosts of his own brutal past...."
,A,ghosts,Ghosts,in_the_mouth_of_the_whale,In the Mouth of the Whale,Paul McAuley,"...the True beat back an advance party of Ghosts, a posthuman cult which colonised the n..."
,A,ghosts,ghosts,moodreads_6928,Crossroads,Devney Perry,"..., maybe this is our chance to put those ghosts to rest. Maybe this time we’ll finally..."
,A,ghosts,ghosts,moons_artifice,Moon's Artifice,Tom Lloyd,"...young woman, an old man haunted by the ghosts of his past and an assassin with no pas..."
,A,ghosts,ghost,openlibrary_OL1000690W,Spooksville - The Howling Ghost,Christopher Pike,"...with her younger brother, Neil, when a ghost appears out of nowhere and grabs the li..."
,A,ghosts,ghost,openlibrary_OL10243891W,Get Spooked! Terrifying Tales Untold,Talisman Soulraider,".... Written in vivid and gruesome detail, ghost stories will never be the same again! L..."
,A,ghosts,ghosts,openlibrary_OL104418W,The great ghost rescue,Eva Ibbotson,...ablish a sanctuary for an assortment of ghosts when the homes they have haunted are re...
,A,ghosts,ghost,openlibrary_OL1098497W,The return,Walter De la Mare,...Mare</a> has a reputation for crafting ghost stories of philosophical depth and haun...
,A,ghosts,ghostly,openlibrary_OL111418W,Black Rose,Nora Roberts,"...as long as anyone alive remembers, the ghostly Harper Bride has walked the halls, sing..."
,A,ghosts,ghostly,openlibrary_OL114292W,Lost boy lost girl,Peter Straub,...across its last and greatest secret: a ghostly lost girl who may have coaxed the needy...
,A,ghosts,ghost,openlibrary_OL114707W,McBroom's ghost,Sid Fleischman,...Broom family is plagued by a mysterious ghost that visits their farm after every prol...
,A,ghosts,ghost,openlibrary_OL116610W,Dare to be scared Thirteen Stories To Chill And Thrill,Robert D. San Souci,"...Shivery: Thirty Chilling Tales includes ghost tales, “jump” stories, dark fantasy, an..."
,A,ghosts,ghost,openlibrary_OL116632W,The boy and the ghost,Robert D. San Souci,"...American folk tradition. It combines a ghost, a hidden treasure, and an appealing yo..."
,A,ghosts,ghost,openlibrary_OL121005W,This Book Is Haunted,Joanne Rocklin,"...This book's ""not too scary"" ghost host tells five spooky stories...."
,A,ghosts,ghostly,openlibrary_OL121754W,The séance,Heather Graham,"...Jett Braden is skeptical of Christina’s ghostly encounters, but his police sources conf..."
,A,ghosts,ghost,openlibrary_OL121764W,Ghost walk,Heather Graham,...in two worlds. But when he realizes the ghost of a slain government agent is also try...
,A,ghosts,ghostly,openlibrary_OL121877W,Camp Princess 1,Kathryn Lasky,"...one shadowy night, when Alicia feels a ghostly presence in her room and begins to disc..."
,A,ghosts,ghosts,openlibrary_OL12290258W,Patrick Doyle presents Edgar Font's hunt for a house to haunt,Patrick Doyle,"...n abandoned lighthouse inhabited by two ghosts and must solve mysteries and puzzles, a..."
,A,ghosts,ghost,openlibrary_OL13404W,Bernie and the Bessledorf Ghost,Phyllis Reynolds Naylor,"..., where Mr. Magruder is manager. When a ghost begins to make appearances at the foot..."
,A,ghosts,ghost,openlibrary_OL13645189W,What would Jane Austen do?,Laurie Brown,...middle of the night she encounters two ghost sisters whose brother was killed in a d...
,A,ghosts,ghosts,openlibrary_OL13683598W,Give up the ghost,Megan Crewe,...ends are her dead sister and the school ghosts who feed her gossip that she uses to ma...
,A,ghosts,ghost,openlibrary_OL13692W,Fate Totally Worse Than Death,Paul Fleischman,...e beautiful new exchange student is the ghost of the girl whose death they caused the...
,A,ghosts,ghost,openlibrary_OL13769960W,I So Don't Do Spooky,Barrie Summy,"...ac behavior. But being that my mom is a ghost and all, me, my brother, and my dad rel..."
,A,ghosts,ghost,openlibrary_OL137988W,Ghost horse,"George Edward Stanley, George Stanley",...es up to find a horse in herbackyard--a ghost horse! WHERE did he come from? And why...
,A,ghosts,ghosts,openlibrary_OL14849919W,There's a dead person following my sister around,Vivian Vande Velde,...begins receiving visits from two female ghosts....
,A,ghosts,ghost,openlibrary_OL14850009W,Dunc and the Flaming Ghost,Gary Paulsen,...haunted house and encounter the flaming ghost of Blackbeard the Pirate....
,A,ghosts,ghosts,openlibrary_OL14863213W,Ghost and horror stories of Ambrose Bierce [24 stories],"Ambrose Bierce, E.F. Bleiler",...rence_at_Owl_Creek_Bridge) The ways of ghosts -- Some haunted house -- The suit...
,A,ghosts,Ghosts,openlibrary_OL14863227W,Tales of Soldiers and Civilians and Other Stories [36 stories],Ambrose Bierce,...265W) Haïta the Shepherd The Ways of Ghosts: Present at a Hanging A Wireless Me...
,A,ghosts,haunting,openlibrary_OL14868644W,Novels (Christmas Carol / Cricket on the Hearth),Charles Dickens,...in a new life as a gentleman. Dickens's haunting late novel depicts Pip's education and...
,A,ghosts,ghosts,openlibrary_OL14909823W,The smoky corridor,Chris Grabenstein,"...d new friend Malik, Zack Jennings faces ghosts and zombies at his new middle school, w..."
,A,ghosts,ghost,openlibrary_OL14912825W,Ghosts Don't Eat Potato Chips,"Debbie Dadey, Marcia Thornton Jones, Angeli Rafer","...ars there's nothing up there. Could the ghost of Eddie's Great-uncle Jasper, who died..."
,A,ghosts,ghosts,openlibrary_OL14913089W,Who's there?,Stephanie S. Tolan,...y discover that the house is haunted by ghosts and a deadly family secret....
,A,ghosts,ghost,openlibrary_OL14932454W,100 Crooked Little Crime Stories,"Robert Weinberg, Stefan R. Dziemianowicz, Martin H. Greenberg, Edgar Allan Poe",...r mayhem / Mack Reynolds Mine host the ghost / Costa Carousso Motive / August Derle...
,A,ghosts,haunting,openlibrary_OL14933176W,"Silent Night, Haunted Night (Nicki Styx, Book 4)",Terri Garey,"...o desire, but when a sexy spirit begins haunting his dreams, he finds himself ensnared b..."
,A,ghosts,ghost,openlibrary_OL14933221W,Love is hell,Melissa Marr,"...girl who falls hard for a good-looking ghost with a score to settle, the clever, qui..."
,A,ghosts,haunting,openlibrary_OL14938012W,In the Shadow of the Master,"Edgar Allan Poe, Michael Connelly, Nelson DeMille, Stephen King",...Few have crafted stories as haunting as those by Edgar Allan Poe. Collected...
,A,ghosts,ghost,openlibrary_OL14949601W,Aunt Dimity digs in,Nancy Atherton,"...t-selling series, featuring the beloved ghost Aunt Dimity, opens in a picturesque Eng..."
,A,ghosts,ghost,openlibrary_OL14955288W,The Secret of Laurel Oaks,Lois Ruby,...rteen-year-old Lila is contacted by the ghost of a slave girl unjustly convicted of m...
,A,ghosts,Ghosts,openlibrary_OL14958929W,Asimov's Ghosts / Asimov's Monsters [24 stories],"Isaac Asimov, Martin H. Greenberg, Charles G. Waugh, Montague Rhodes James, Richard Middleton, Madeleine L'Engle, Ray Bradbury, Arthur Quiller-Couch, Edward Page Mitchell, Edward Lucas White, Ellen Anderson Gholson Glasgow, H. F. Brinsmead, Howard Goldsmith, Anne Serling, Rod Serling, Phyllis MacLennan, Richard Parker, Theodore Cogswell, Barbara Williamson, Tanith Lee, Saki, Charles Beaumont, Jerome Bixby, Mack Reynolds, Clifford D. Simak, Stephen King, Jane Yolen",...**Asimov's Ghosts** Ghosts - essay by Isaac Asimov Lost...
,A,ghosts,haunting,openlibrary_OL14962673W,Conversations with Anne Rice,Michael Riley,"...ives of the Mayfair Witches novels, two haunting historical epics, and her controversial..."
,A,ghosts,ghosts,openlibrary_OL14973351W,The Spook's Tale and Other Horrors,Joseph Delaney,"...ow he was first exposed to the world of ghosts, ghasts, witches, and boggarts and late..."
,A,ghosts,ghost,openlibrary_OL14992751W,Queen Victoria,A. E. Moorat,"...was chained in the dungeon, fed tea and ghost stories, and kept busy writing the adve..."
,A,ghosts,ghost,openlibrary_OL15037902W,Boo!,Tony Johnston,"...While reading about the ghost of Old Clara Clabber, a farmer hears sp..."
,A,ghosts,ghost,openlibrary_OL15048351W,"Good night, sleep tight, don't let the bedbugs bite",Diane De Groat,...until he hears about the legendary camp ghost....
,A,ghosts,ghostly,openlibrary_OL15061155W,The Ghost of the Chattering Bones,Gertrude Chandler Warner,...ooch and investigate the existence of a ghostly stream....
,A,ghosts,ghost,openlibrary_OL15061407W,Inside a house that is haunted,Alyssa Satin Capucilli,"...A cumulative rhyme in which the spider, ghost, cat, and other inhabitants of a haunte..."
,A,ghosts,ghost,openlibrary_OL15069006W,My favorite ghost,Stephen Roos,...The legend of a ghost on the island where he is spending the...
,A,ghosts,ghost,openlibrary_OL15077060W,Haunted Houses,Robert D. San Souci,...Follows two ghost hunters as they explore abandoned and h...
,A,ghosts,ghosts,openlibrary_OL15078851W,My Big Fat Supernatural Honeymoon,"P. N. Elrod, Kelley Armstrong, Jim Butcher, Rachel Caine, Caitlin Kittredge, Marjorie M. Liu, Katie MacAlister, Lilith Saintcrow, Ronda Thompson",...r honeymoon suite is haunted by feuding ghosts? And what's a wizard to do when a grues...
,A,ghosts,ghost,openlibrary_OL15082743W,Ghost dog secrets,Peg Kehret,"...n hands, aided by his best friend and a ghost collie that leads Rusty to an even deep..."
,A,ghosts,ghosts,openlibrary_OL15094255W,Give Yourself Goosebumps - The Curse of the Creeping Coffin,Robert Lawrence Stine,...aring. But the dead aren't gone — their ghosts are moving. Right into your grandmother...
,A,ghosts,ghost,openlibrary_OL15094441W,Nightmare Hour - Time for Terror,Robert Lawrence Stine,...en in the hospital? How do you outwit a ghost who wants your skin? Why is Nightmare I...
,A,ghosts,Haunting,openlibrary_OL15094853W,The Haunting Hour - Chills in the Dead of Night,"Robert Lawrence Stine, Various",...ead of night and turn any hour into The Haunting Hour!...
,A,ghosts,ghosts,openlibrary_OL15103613W,The fright before Christmas,"James Howe, Jeff Mack",...g is afraid of Santa Claus and believes ghosts are haunting Christmas....
,A,ghosts,ghost,openlibrary_OL15104730W,Neopets Ghoul Catchers,Vivian LaRue,"...e. With the help of their new friend, a ghost named Kyrok, will they be able to resto..."
,A,ghosts,ghosts,openlibrary_OL15108027W,The Berenstain bears and the ghost of the forest,Stan Berenstain,...of young campers by telling them about ghosts in the woods comes to an unexpected con...
,A,ghosts,ghost,openlibrary_OL15135235W,Cam Jansen and the ghostly mystery,David A. Adler,...memory to catch a thief disguised as a ghost....
,A,ghosts,Ghosts,openlibrary_OL15140674W,Ghosts I have been / The dreadful future of Blossom Culp,Richard Peck,...Ghosts I have been: Blossom Culp's gift of sec...
,A,ghosts,Ghostly,openlibrary_OL15168171W,Ghost Stories,"Joan Aiken, Ruth Ainsworth, Brian Alderson, Robert Arthur, E. F. Benson, Ambrose Bierce, Lucy M. Boston, Arthur Conan Doyle, Helen Cresswell, Roald Dahl, Paul Dorrell, John Gordon, W. W. Jacobs, Montague Rhodes James, Michael Joseph, Gene Kemp, Walter De la Mare, Edith Nesbit, Oliver Onions, Philippa Pearce, Edgar Allan Poe, Arthur Quiller-Couch, Saki, H. Russell Wakefield, H. G. Wells",...(from The Phantom Roundabout and Other Ghostly Stories) | Ruth Ainsworth A PAIR OF H...
,A,ghosts,ghost,openlibrary_OL15262997W,Ruined,Paula Morris,...uction of Hurricane Katrina and meets a ghost girl named Lisette....
,A,ghosts,ghosts,openlibrary_OL15287939W,The Yggyssey,Daniel Manus Pinkwater,"...s on another plane, to try to learn why ghosts are disappearing from the Birnbaum's ho..."
,A,ghosts,ghosts,openlibrary_OL15352753W,The Other Side,"Nora Roberts, Mary Blayney, Ruth Ryan Langan, Mary Kay McComas, Patricia Gaffney","...oman is faced with the most impractical ghosts, who can't rest in peace until they fin..."
,A,ghosts,ghost,openlibrary_OL15358678W,Past Midnight,Mara Purnhagen,"...wants to be a normal teenager, but her ghost hunting parents make it hard. Pretty so..."
,A,ghosts,ghost,openlibrary_OL15401683W,The ghost's grave,Peg Kehret,...soon finds adventure when he meets the ghost of a coal miner....
,A,ghosts,ghost,openlibrary_OL15488103W,Ghoul strike!,Andrew Newbound,"...When twelve-year-old, psychic ghost hunter Alannah Malarra faces demons fro..."
,A,ghosts,ghosts,openlibrary_OL15499224W,Among the ghosts,Amber Benson,"...r, right? But these kids turn out to be ghosts, and they need Noh’s help. She is the o..."
,A,ghosts,ghost,openlibrary_OL15506790W,Skull of the skeleton,Tommy Donbavand,"...dless Horseman, the world's most famous ghost, makes a personal appearance at Everwel..."
,A,ghosts,ghostly,openlibrary_OL15530119W,The ghost at Camp David,Ron Roy,...re they find clues that point to either ghostly or criminal activity....
,A,ghosts,ghost,openlibrary_OL15672852W,Witches on the Road Tonight,Sheri Holman,"..., lies in bed with a stranger, spinning ghost stories. Between these two nights winds..."
,A,ghosts,ghosts,openlibrary_OL15840460W,Thrillers and More Thrillers,"Robert Arthur, August Derleth, Edgar Allan Poe","...p, by R. L. Stevenson. -- My displaced ghosts, by J. West. -- Faith, hope, and chari..."
,A,ghosts,ghost,openlibrary_OL15870126W,Shadows over Baker Street,"Michael Reaves, John Pelan, Neil Gaiman, Elizabeth Bear, Steve Perry, Steven-Elliot Altman, James Lowder, Brian Stableford, Poppy Z. Brite, David Ferguson, Barbara Hambly",...rces to protect a princess stalked by a ghost--or perhaps something far worse than a...
,A,ghosts,ghost,openlibrary_OL16014262W,The unquiet,Jeannine Garsee,...able secrets in their past and that the ghost that supposedly haunts the school seems...
,A,ghosts,Ghost,openlibrary_OL16025981W,The Haunted dusk,"Howard Kerr, John William Crowley, Charles L. Crow",...: Washington Irving and the American Ghost Story • essay by G. Richard Thompson [a...
,A,ghosts,GHOST,openlibrary_OL16041642W,Great Ghost Stories,"Betty Ann Schwartz, Edgar Allan Poe, Mark Twain, Charles Dickens, Ambrose Bierce",.../works/OL41059W) by Edgar Allan Poe A GHOST STORY by Mark Twain THE SECRET OF THE...
,A,ghosts,ghost,openlibrary_OL16057038W,Fireside Reader,"Reader's Digest Association, Robert Louis Stevenson, Roald Dahl, Charles Dickens, Jack London, William Faulkner, Arthur Conan Doyle, Edgar Allan Poe",...ise on the veld / Doris Lessing -- The ghost / Richard Hughes -- The birds / Daphne...
,A,ghosts,Ghost,openlibrary_OL16141787W,Ghost writers,"Keith Taylor, Laura Kasischke",...Book Description: For Ghost Writers: Us Haunting Them editors Keith...
,A,ghosts,ghost,openlibrary_OL16151952W,Lightbringer,K. D. McEntire,"...inal destinations, falls in love with a ghost and discovers horrific, dark forces in..."
,A,ghosts,ghost,openlibrary_OL16212121W,Truth or dare--,P. J. Night,"...starts suspecting that her stalker is a ghost, and not a jealous classmate...."
,A,ghosts,ghosts,openlibrary_OL16239425W,Eyes to see,Joseph Nassise,"...r a normal life, he enters the world of ghosts and even more dangerous entities from b..."
,A,ghosts,ghosts,openlibrary_OL16307973W,Balancing act,Lauren Barnholdt,"...first boyfriend, Brandon, and also the ghosts who need her help to cross over, includ..."
,A,ghosts,ghosts,openlibrary_OL16342432W,A gust of ghosts,Suzanne Harper,"...mbers claim to have, but when a crew of ghosts follows her home from the graveyard she..."
,A,ghosts,ghost,openlibrary_OL16415336W,The Dead and Buried,Kim Harrington,"...n she moves into a house haunted by the ghost of a beautiful, mean girl who ruled Jad..."
,A,ghosts,ghosts,openlibrary_OL16416561W,Approaching the undead,"Baron Specter, Setch Kneupper",...need to solve the mystery of who these ghosts are and what they want....
,A,ghosts,ghost,openlibrary_OL16442515W,All in a night's work,"Baron Specter, Setch Kneupper","...of a century-old feud between two rival ghost families, and finds himself cast in the..."
,A,ghosts,ghost,openlibrary_OL16442516W,How not to be killed by a zombie,"Baron Specter, Setch Kneupper",...ds to defeat the zombies and rescue the ghost dogs that they have trapped in a pit....
,A,ghosts,ghostly,openlibrary_OL16451126W,Shine,Jeri Smith-Ready,"...old Aura must decide between two loves--ghostly Logan and very alive Zachary, her Scott..."
,A,ghosts,ghost,openlibrary_OL16470022W,To wake the dead,Jason Strange,"...the attend a midnight horror movie by a ghost, but will he be able to leave?..."
,A,ghosts,ghost,openlibrary_OL16484373W,The haunted hamburger and other ghostly stories,David LaRochelle,...A ghost father tells his children three frighte...
,A,ghosts,haunting,openlibrary_OL16485W,Deadlines (Larkin Family Chronicles),Greg Bear,...cidedly more frightening territory in a haunting thriller that blends modern technology...
,A,ghosts,ghosts,openlibrary_OL16486376W,The mayhem on Mohawk Avenue,Megan Atwood,...investigate a new student's claim that ghosts are following him....
,A,ghosts,ghost,openlibrary_OL16495504W,The bridge of death,Megan Atwood,...Best friends Jinx and Jackson suspect a ghost may be responsible when several popular...
,A,ghosts,Ghosts,openlibrary_OL16501059W,The Sophisticated Cat,"Joyce Carol Oates, Daniel Halpern, Антон Павлович Чехов, Edgar Allan Poe, Mark Twain, Lewis Carroll, Ambrose Bierce",...e / Hart Crane A Rabbit as King of the Ghosts / Wallace Stevens Frightened Men / Rob...
,A,ghosts,ghosts,openlibrary_OL16516198W,Ghosts in Baker Street,"Martin H. Greenberg, Jon L. Lellenberg, Daniel Stashower","...d: ""This world is big enough for us. No ghosts need apply."" And when Dr. Mortimer aske..."
,A,ghosts,haunting,openlibrary_OL16518121W,Velveteen,Daniel Marks,...ing consequences. Velveteen’s obsessive haunting cracks the foundations of purgatory and...
,A,ghosts,ghost,openlibrary_OL16552754W,Chosen by fate,Virna DePaul,"...Para-Ops agent Wraith, a ghost with no memory of her human existence w..."
,A,ghosts,GHOST,openlibrary_OL16557647W,Mistle child,Ari Berk,"...YA. HORROR & GHOST STORIES, CHILLERS. Silas visits the anc..."
,A,ghosts,Ghost,openlibrary_OL16611241W,"Terrors, Terrors, Terrors","Helen Hoke, Davis Grubb, Robert Bloch, Manly Wade Wellman, Hazel Heald, H.P. Lovecraft, Robert Sheckley, Joseph F. Pumilia, Elizabeth Walter, Edgar Allan Poe, C. L. Ray, C. B. Colby, Stanley Ellin",...The Corner Shop • C. L. Ray Waterford Ghost's Revenge • C. B. Colby Unreasonable D...
,A,ghosts,ghost,openlibrary_OL16624497W,The whispering house,Rebecca Wade,...teen-year-old Hannah discovers that the ghost of a girl who died there at age eleven...
,A,ghosts,Ghost,openlibrary_OL166479W,Skeleton Hiccups,Margery Cuyler,...Ghost tries to help Skeleton get rid of the h...
,A,ghosts,ghosts,openlibrary_OL166725W,Campfire tales,William W. Forgey,"...A collection of stories about ghosts and other supernatural encounters, sele..."
,A,ghosts,ghost,openlibrary_OL16681822W,The Best Crime Stories Ever Told,"Dorothy L. Sayers, Ambrose Bierce, Herman Melville, Edgar Allan Poe",...escue / Henry Spicer The inexperienced ghost / H. G. W. Wells....
,A,ghosts,ghost,openlibrary_OL16705213W,The ghost of Dr. Mold,Roberto Pavanello,...A ghost is making a mess of the library at Cast...
,A,ghosts,ghostly,openlibrary_OL16705214W,The pirate with the golden tooth,Roberto Pavanello,...haunted by Goldtooth the pirate and his ghostly crew--and it is up to Echo and the Bat...
,A,ghosts,ghost,openlibrary_OL1687185W,The Twiddle twins' haunted house,"Howard Goldsmith, Jack Kent",...oise and are convinced that they have a ghost....
,A,ghosts,haunting,openlibrary_OL17319533W,Las cosas que perdimos en el fuego,Mariana Enríquez,...A haunting collection of short stories all set in...
,A,ghosts,ghost,openlibrary_OL17362025W,The Red Tags,Vince Darcangelo,...fear than past trauma and her sister's ghost. A pair of drifters—known as Red Tag...
,A,ghosts,Ghosts,openlibrary_OL17454237W,"The Devil’s Dictionary, Tales, & Memoirs",Ambrose Bierce,...L7973249W) The Stranger The Ways of Ghosts Present at a Hanging A Cold Greeting...
,A,ghosts,ghosts,openlibrary_OL17492794W,Delias Shadow,Jaime Lee Moyer,"..., for Delia's most loyal companions are ghosts, as she has been gifted (or some would..."
,A,ghosts,ghost,openlibrary_OL17568171W,Curiosity Killed the Cat                            Poison Apple,Sierra Harimann,"...uckily, Hannah doesn't believe all the ""ghost cat"" stories she's heard about the grav..."
,A,ghosts,ghost,openlibrary_OL17635826W,The Haunted Mansion Mystery,Virginia Masterman-Smith,...fore their million dollar mystery makes ghost of ***them....?***...
,A,ghosts,ghost,openlibrary_OL17708417W,Paper Valentine,Brenna Yovanoff,"...Followed everywhere by the ghost of her recently deceased best friend, H..."
,A,ghosts,ghosts,openlibrary_OL17732100W,Olivia Kidney and the secret beneath the city,Ellen Potter,...h a lot. Being able to communicate with ghosts means never a dull moment- or a normal...
,A,ghosts,ghost,openlibrary_OL17732255W,The Horror hall of fame,"Robert Silverberg, Martin H. Greenberg, Edgar Allan Poe, Ambrose Bierce, Ray Bradbury, Stephen King","...rd -- It / Theodore Sturgeon -- Smoke ghost / Fritz Leiber -- Yours truly, Jack th..."
,A,ghosts,ghost,openlibrary_OL17809088W,Scooby-Doo and the international express,Sonia Sander,...ding the rails. But--ruh-roh--there's a ghost haunting the train!...
,A,ghosts,ghosts,openlibrary_OL17825060W,"Unmarked (The Legion Series, Book 2)",Kami Garcia,"...n a world where vengeance spirits kill, ghosts keep secrets, and a demon walks the Ear..."
,A,ghosts,ghosts,openlibrary_OL17828196W,Behold the bones,Natalie C. Parker,"...with her friends, she does not see the ghosts like the others do and spends her time..."
,A,ghosts,ghostly,openlibrary_OL17830065W,Mercy,Sarah L. Thomson,"...e, eerie messages on the TV screen, and ghostly images on her camera. Just what?or who?..."
,A,ghosts,ghost,openlibrary_OL17849277W,It's all Downhill From Here You're Invited to a Creepover #10,P. J. Night,...This is one ghost who is determined to get his way—no mat...
,A,ghosts,ghosts,openlibrary_OL17851074W,The Harder the Fall (Girl Meets Ghost #2),Lauren Barnholdt,"...""Kendall Williams talks to ghosts. This time it's Lyra who can't move on...."
,A,ghosts,Ghosts,openlibrary_OL17859608W,Ghost mysteries,"Kathleen Weidner Zoehfeld, Nathan Hale","...Ghosts are a part of our lives, in the spookie..."
,A,ghosts,haunting,openlibrary_OL17872398W,The Orphan Choir,Sophie Hannah,...led Swallowfield. But it seems that the haunting melodies of the choir have followed her...
,A,ghosts,ghostly,openlibrary_OL17873562W,Attack of the Jack,Robert Lawrence Stine,"...cover an old, locked trunk containing a ghostly pirate named Jack, Devin and Violet fac..."
,A,ghosts,ghost,openlibrary_OL17875577W,"Life After Theft (Life After Theft Series, Book 1)",Aprilynne Pike,"...d the only one who can see Kimberlee, a ghost with a lot of (stolen) baggage. To help..."
,A,ghosts,ghost,openlibrary_OL17883771W,Woven,Michael R. Jensen,...A princess and a ghost set out on a journey to find a magic ne...
,A,ghosts,ghost,openlibrary_OL17889896W,The Curse of PCA (Zoey 101 #10),"Jane B. Mason, Sarah Hines Stephens",...ooky face appears in the gloom. Has the ghost of a missing student returned to seek r...
,A,ghosts,ghost,openlibrary_OL17904644W,Plop!,Dotti Enderle,...o figure out how to evict this stubborn ghost....
,A,ghosts,ghost,openlibrary_OL17912730W,The gloomy ghost,David Lubar,"...their little brother Rory turns into a ghost, he decides to visit the local haunted..."
,A,ghosts,ghost,openlibrary_OL17915834W,"Always, forever",Nancy Ohlin,"...h of his girlfriend, Becca, and Becca's ghost is not quite ready to let him go...."
,A,ghosts,Ghosts,openlibrary_OL17924773W,House of memories,Benjamin Hulme-Cross,"...er. Edgar and Mary help him fight evil. Ghosts, monsters and demons, beware!..."
,A,ghosts,ghost,openlibrary_OL17928788W,Rebel spirits,Lois Ruby,"...that is before she meets the Civil War ghost, Nathaniel, who needs her help, and dis..."
,A,ghosts,ghost,openlibrary_OL17930125W,Spirit Hunters (Spirit Hunters #1),Ellen Oh,...the walls pulse with dark liquid and a ghost presents himself as a rotting corpse. T...
,A,ghosts,ghost,openlibrary_OL18011524W,Deep down,Deborah Coates,"...ob. The good news is, she hasn't seen a ghost in weeks. All that changes when she get..."
,A,ghosts,ghosts,openlibrary_OL18147720W,Monster mansion,Sean O'Reilly,...aunted mansion until they encounter the ghosts....
,A,ghosts,haunting,openlibrary_OL18163704W,The House Next Door You're Invited to a Creepover #16,P. J. Night,...ey won’t be ignored any longer… This haunting tale is rated a Level 4 on the Creep-o-...
,A,ghosts,ghostly,openlibrary_OL18173303W,Model horse,Jenny Hughes,...ding on the beach come to a halt when a ghostly presence starts threatening the student...
,A,ghosts,ghosts,openlibrary_OL18183435W,The Winchester Reader,"Donald McQuade, Robert Atwan, George Orwell, E. B. White, Alice Walker, Doris Kearns Goodwin, Philip Roth, Fyodor Dostoyevsky, Mark Twain, Edgar Allan Poe, Richard Wright",...an just a shrine : paying homage to the ghosts of Ellis island / Mary Gordon -- Bridg...
,A,ghosts,ghosts,openlibrary_OL18265700W,Faces in the dark,"Chris Powling, Bailey, Peter",...A collection of stories about ghosts and other spooky subjects....
,A,ghosts,Ghost,openlibrary_OL1843421W,Come for a ride on the ghost train,"Hawkins, Colin.",...A journey on the amusement park Ghost Train takes the reader through a variet...
,A,ghosts,ghost,openlibrary_OL1845988W,Ghost Fever,Joe Hayes,"..., where only Elena can see and help the ghost of the young girl who died there...."
,A,ghosts,haunting,openlibrary_OL18622710W,Gothic hauntings,Christine Berthin,"...Building on psychoanalytic research on haunting, cryptonymy and melancholy, as well as..."
,A,ghosts,ghosts,openlibrary_OL1863587W,The Green Man,Kingsley Amis,...the female guests and telling tales of ghosts rumored to haunt the inn. After an enco...
,A,ghosts,ghost,openlibrary_OL1882850W,A taste of smoke,Marion Dane Bauer,...rusion of her sister's boyfriend or the ghost of a boy who died in the fire that dest...
,A,ghosts,ghost,openlibrary_OL1930173W,Suspicion,Barbara Rogan,"...house is haunted, but Emma, a writer of ghost stories herself, no more believes in re..."
,A,ghosts,ghost,openlibrary_OL1930889W,City of dreadful night,Lee Siegel,"...t of the book is an itinerant teller of ghost tales called Brahm Kathuwala, an old ma..."
,A,ghosts,ghosts,openlibrary_OL19336182W,City of Ghosts,V. E. Schwab,...The city of ghosts is more dangerous than she ever imagine...
,A,ghosts,haunting,openlibrary_OL19401492W,San Francisco Thrillers,"Miller, John, Smith, Tim","...ty by the Bay, and illustrated with the haunting vintage photographs of Francis Bruguier..."
,A,ghosts,ghost,openlibrary_OL19471231W,Scary Classics,"Maria Magallanes, Arthur Conan Doyle, Charles Dickens, Jack London",...n / Charles Dickens -- The Canterville ghost / Oscar Wilde -- A raid on the oyster...
,A,ghosts,haunting,openlibrary_OL1947862W,Starr Bright will be with you soon,Joyce Carol Oates,"...es of our darker, more violent selves - haunting reflections of our deepest fears and dr..."
,A,ghosts,ghost,openlibrary_OL19626052W,Ghostly,"Audrey Niffenegger, Neil Gaiman, Ray Bradbury, Oliver Onions, Montague Rhodes James, P. G. Wodehouse, Rudyard Kipling, Alfred McLelland Burrage, A. S. Byatt, Saki, Kelly Link, Anna Giacalone Ramat, Rebecca Curtis, Edgar Allan Poe, Edith Wharton",...Playmates / A.M. Burrage -- The July ghost / A.S. Byatt -- Laura / Saki -- The o...
,A,ghosts,ghostly,openlibrary_OL19631217W,Mississippi Roll,"George R. R. Martin, Stephen Leigh, David D. Levine, John J. Miller, Kevin Murphy, Cherie Priest, Carrie Vaughn, Wild Cards Trust","...p's secrets, including the truth behind ghostly sightings of its first captain...."
,A,ghosts,haunting,openlibrary_OL19650047W,Things Half In Shadow (Thorndike Press Large Print Crime Scene),Todd Ritter,"...""Postbellum America makes for a haunting backdrop in this historical and superna..."
,A,ghosts,ghosts,openlibrary_OL19662285W,Past Perfect,Danielle Steel,"...ury ago. Of course the Butterfields are ghosts, and only the Gregorys can see them, bu..."
,A,ghosts,ghost,openlibrary_OL19707751W,Ashes to ashes,Melissa Walker,"...Sixteen-year-old Callie McPhee, a ghost existing in The Prism between Earth and..."
,A,ghosts,ghost,openlibrary_OL19709580W,How I became a ghost,Tim Tingle,...journey to Oklahoma led him to become a ghost--one with the ability to help those he...
,A,ghosts,ghost,openlibrary_OL19710614W,Ghost of a chance,Susan Maupin Schmid,...and her friend Roger think they spot a ghost roaming the halls. Could the culprit be...
,A,ghosts,ghosts,openlibrary_OL19713935W,Midnight at Madame Leota's,John Esposito,"...ontact with the other side, and ghastly ghosts will materialize. So read on, if you da..."
,A,ghosts,ghost,openlibrary_OL19732016W,The case of the deadly doppelganger,Lucy Ann Banks,"...e the day Kester Lanner forced an angry ghost through the spirit door, but business p..."
,A,ghosts,ghosts,openlibrary_OL19733515W,The Weiser book of the fantastic and forgotten,Judika Illes,"...hours, when the wind is blowing and the ghosts are roaming outside, the night can be f..."
,A,ghosts,ghosts,openlibrary_OL19741664W,Royal City,Jeff Lemire,...mall factory town of ROYAL CITY and the ghosts that haunt them. In a return to the lit...
,A,ghosts,haunting,openlibrary_OL19755588W,Stowaway,Pam Withers,"...and as things head from bad to worse, a haunting incident from Owen's past tightens its..."
,A,ghosts,ghost,openlibrary_OL19763745W,Nobody's Sweetheart Now,Maggie Robinson,...s Waring? Rupert has a solid alibi as a ghost and an urge to detect. Enter Inspector...
,A,ghosts,ghost,openlibrary_OL1984767W,The teeny tiny ghost and the monster,Kay Winters,...The teeny tiny ghost and his classmates enter a monster-maki...
,A,ghosts,Apparition,openlibrary_OL19858065W,Penny Dreadfuls,"Stefan Dziemianowicz, Mary Shelley, Washington Irving, Richard Thomson, Edgar Allan Poe, Charles Whitehead, E.T.A. Hoffmann, Johann Ludwig Tieck, Wilkie Collins, Anonymous, Arthur Conan Doyle, Guy de Maupassant, James Hogg, Robert Louis Stevenson, Louisa May Alcott, Ralph Adams Cram, John Galt, Bram Stoker, William Godwin, James Malcom",.... Hyde / Robert Louis Stevenson -- The Apparition of Lord Tyrone to Lady Beresford / Anon...
,A,ghosts,ghost,openlibrary_OL19960187W,Trick or treat,Leo Landry,"...On Halloween, Oliver the ghost has a lot of work to do before the tric..."
,A,ghosts,ghostly,openlibrary_OL19968046W,Mystery in the Whispering Woods,Cathy Hapka,...ir weekend camping trip may turn into a ghostly adventure. Chapter Book #3...
,A,ghosts,ghost,openlibrary_OL19968056W,Ghost in the house,Ammi-Joan Paquette,"...s way through a haunted house, a little ghost is joined by a shuffling mummy, a happy..."
,A,ghosts,ghosts,openlibrary_OL19969891W,Constable & Toop,Gareth P. Jones,"...London, an undertaker's son who can see ghosts and is haunted by their constant demand..."
,A,ghosts,ghost,openlibrary_OL19971826W,Forevermore,Cindy Miles,...njure her--and her new best friend is a ghost named Logan. When sixteen-year-old Ivy...
,A,ghosts,Ghost,openlibrary_OL19971888W,Skeleton for dinner,Margery Cuyler,"...t list for a menu and takes off to warn Ghost and Ghoul, who hide with him in the hau..."
,A,ghosts,ghosts,openlibrary_OL19973920W,"Home, Sweet Haunt You're Invited to a Creepover #15",P. J. Night,...t she does seem to know a lot about the ghosts that are rumored to haunt the building....
,A,ghosts,ghosts,openlibrary_OL19974462W,The ghost prison,Joseph Delaney,...ust criminals he's guarding because the ghosts of executed prisoners haunt the place....
,A,ghosts,ghosts,openlibrary_OL19974541W,What I had before I had you,Sarah Cornwell,"...o to believe in the ever-present infant ghosts of her twin sisters, whom Myla took car..."
,A,ghosts,ghosts,openlibrary_OL19982964W,The phantom coach,"Michael Sims, Charles Dickens, Arthur Conan Doyle, Ambrose Bierce, Michael Sims","...manity's oldest supernatural obsession: ghosts. The Phantom Coach, gathers memorable g..."
,A,ghosts,ghosts,openlibrary_OL19985160W,The boy who drew monsters,Keith Donohue,"...her head with stories of shipwrecks and ghosts. His father, Tim, wanders the beach, fr..."
,A,ghosts,ghost,openlibrary_OL19991893W,Spirit's key,Edith Cohn,"...ve-year-old Spirit Holden, aided by the ghost of her beloved dog Sky, investigates th..."
,A,ghosts,ghost,openlibrary_OL20001086W,The ghost backstage,Dori Hillestad Butler,...ating a classmate's claim that he saw a ghost backstage while rehearsing for the scho...
,A,ghosts,Ghost,openlibrary_OL20007373W,Slappy's tales of horror,"Jamie Tolagson, Ted Naifeh, Dave Roman, Robert Lawrence Stine","...m famous ""Goosebumps"" stories includes ""Ghost Beach,"" in which two siblings investiga..."
,A,ghosts,ghost,openlibrary_OL20011260W,Guys read,"Jon Scieszka, Gris Grimly, Adam Gidwitz",...a bone-chilling collection of original ghost stories with illustrations by Gris Grim...
,A,ghosts,ghostly,openlibrary_OL20011694W,The hunt for the seventh,Christine Morton-shaw,"...dad and sister to Minerva Hall where a ghostly voice urging him to ""find the Seventh""..."
,A,ghosts,ghost,openlibrary_OL20035560W,The haunted mansion,Joshua Williamson,"...Looking for his grandfather's ghost, Danny becomes trapped in the Haunted M..."
,A,ghosts,ghost,openlibrary_OL20036177W,The next,Stephanie Gangi,"...east cancer, Joanna DeAngelis becomes a ghost bent on revenge against her ex and is e..."
,A,ghosts,ghost,openlibrary_OL20053988W,The girl with the ghost machine,Lauren DeStefano,"...Beaumont's father started building the ghost machine, she didn't expect it to bring..."
,A,ghosts,ghost,openlibrary_OL20054023W,The ghost of Grotteskew,Guy Bass,...The ghost of a villainous rogue haunts the halls...
,A,ghosts,ghost,openlibrary_OL20054207W,The white road of the moon,Rachel Neumeier,"...escape are a mysterious stranger and a ghost boy, who seem to need you desperatelyth..."
,A,ghosts,ghost,openlibrary_OL20056023W,Grief cottage,Gail Godwin,"...e by coming ever closer, even after the ghost of the boy who died seems to reveal him..."
,A,ghosts,ghost,openlibrary_OL2006659W,Stonewords,Pam Conrad,"...overs that her house is occupied by the ghost of an eleven-year-old girl, who carries..."
,A,ghosts,ghost,openlibrary_OL2009694W,The Dark Behind the Curtain,Gillian Cross,"...espair. From somewhere in the past, the ghost of that misery is returning to haunt th..."
,A,ghosts,ghost,openlibrary_OL20160635W,At Briarwood School for Girls,Michael Knight,...her own Briarwood legacy? Or a teenage ghost equally adept at communicating with the...
,A,ghosts,haunting,openlibrary_OL20171731W,City of Ash and Red,Hye-young Pyun,...paranoia on people's lives as well as a haunting novel about a man's loss of himself and...
,A,ghosts,ghost,openlibrary_OL20332478W,Girl Of Nightmares,Kendare Blake,"...crificed herself for seventeen-year-old ghost hunter Cas Lowood, persistent visions o..."
,A,ghosts,ghosts,openlibrary_OL2039060W,Starlight surprise,Linda Chapman,"...Lauren does not believe in ghosts, but there is definitely something spoo..."
,A,ghosts,Ghost,openlibrary_OL20633390W,The Black Cat (Black Cat / Cask of Amontillado / Descent Into the Maelstrom / Fall of the House of Usher / Gold-Bug / Masque of the Red Death / Ms. Found in a Bottle / Murders in the Rue Morgue / Mystery of Marie Roget / Oval Portrait / Pit and the Pendulum / Premature Burial / Purloined Letter / Tell-Tale Heart / William Wilson),Edgar Allan Poe,...4W) [Charles Keeping's Book of Classic Ghost Stories](https://openlibrary.org/works/...
,A,ghosts,ghosts,openlibrary_OL20678216W,Theres Dead Person Following My Sister Around Pa,Vivian Vande Velde,...begins receiving visits from two female ghosts....
,A,ghosts,ghost,openlibrary_OL20720698W,American Women's Ghost Stories in the Gilded Age,D. Downey,...ate nineteenth-century American women's ghost stories engaged with objects such as ph...
,A,ghosts,ghosts,openlibrary_OL2077136W,Driven to death,Marty M. Engle,...Three ghosts from a phantom pirate ship try to ensla...
,A,ghosts,ghost,openlibrary_OL2077159W,Deadly delivery,Marty M. Engle,...h experience unbelievable terror when a ghost transforms their house into a haunted c...
,A,ghosts,ghost,openlibrary_OL20829222W,Haunted Stories,"Aidan Chambers, August Derleth, Mark Twain, Agatha Christie, Edgar Allan Poe, William Trevor",...h a sweet little girl / Lance Salway A ghost story / Mark Twain Footsteps invisible...
,A,ghosts,Ghosts,openlibrary_OL20866894W,Home Before Dark,Todd Ritter,"...believe a word of her father’s claims. Ghosts, after all, don’t exist. When she inher..."
,A,ghosts,ghost,openlibrary_OL20869660W,Ghost Stories [35 stories],"Vic Parker, Robert Louis Stevenson, Edgar Allan Poe, Ambrose Bierce, Emily Brontë, Charles Dickens, Arthur Conan Doyle",...egend of Sleepy Hollow The Canterville ghost Narrative of a ghost hand Wuthering h...
,A,ghosts,ghost,openlibrary_OL20915778W,Afterlight,Rebecca Lim,"...sh start. That's until Eve, a beautiful ghost in black, starts making terrifying nigh..."
,A,ghosts,poltergeist,openlibrary_OL20937249W,Ghost detectors,Dotti Enderle,"...com and Dandy thwart a practical-joking poltergeist, rid the Miller house of a ghost, and g..."
,A,ghosts,ghost,openlibrary_OL21289720W,Ghosts of War #2,Steve Watkins,"...ade is dangerous... especially when the ghost of a soldier appears, claiming that it'..."
,A,ghosts,ghosts,openlibrary_OL2152476W,Dust 'n' Bones,Chris Mould,"...Presents ten stories about ghosts, ghouls, and haunted happenings from su..."
,A,ghosts,ghost,openlibrary_OL2152479W,The icy hand,Chris Mould,"...ew, young Stanley encounters a headless ghost, a talking fish, and a female companion..."
,A,ghosts,ghost,openlibrary_OL21814884W,The Ghost at the Grand Inn,Michael Teitelbaum,"..., siblings Craig and Melanie hunt for a ghost and uncover a mystery...."
,A,ghosts,ghost,openlibrary_OL21892224W,The Ghost Tree,Christina Henry,"...n boys than in spending time at the old ghost tree, the way they used to when they we..."
,A,ghosts,ghosts,openlibrary_OL22027918W,(Me) Moth,Amber McBride,...take a road trip that has them chasing ghosts and searching for ancestors. The way ea...
,A,ghosts,ghost,openlibrary_OL22302686W,Boo to you!,Sheila Sweeny,"...discovers that Sebastian, the motorized ghost that is supposed to pop out of a jack-o..."
,A,ghosts,ghost,openlibrary_OL2247556W,Eustace,Catherine Jinks,"...After Allie's last experience with a ghost, she thought she was finally free of ph..."
,A,ghosts,ghosts,openlibrary_OL23286971W,Peek-a-boo ghosts,"Charles Reasoner, Anna Jones","...is board book with simple rhyming text, ghosts haunt a house, appearing through the di..."
,A,ghosts,ghost,openlibrary_OL23304714W,The moonlit road,Vincent Goodwin,"...Joel Jr., his father, and his mother's ghost...."
,A,ghosts,ghost,openlibrary_OL23304737W,Rock & roll!,Dotti Enderle,...When the ghost of a rock star interferes with a music...
,A,ghosts,ghostly,openlibrary_OL23304738W,Yo ho no!,Dotti Enderle,"...and Dandy set out to get a picture of a ghostly pirate ship, they find themselves reele..."
,A,ghosts,ghosts,openlibrary_OL2347648W,"Alas, poor ghost!",Gillian Bennett,"...Manchester, England, asking them about ghosts and other supernatural experiences and..."
,A,ghosts,ghost,openlibrary_OL24184690W,Shades of grey,Clea Simon,"...bbed with Dulcie's own knife. Well, the ghost of Mr Grey did warn her ......"
,A,ghosts,ghost,openlibrary_OL24228485W,Creatures of Passage,Morowa Yejidé,...ers in a 1967 Plymouth Belvedere with a ghost in the trunk. Endless rides and alcohol...
,A,ghosts,ghost,openlibrary_OL24267881W,Grave danger,Gisela Tobien Sherman,"...old Cassie, who is being haunted by the ghost of her look-alike ancestor"" Cf. Our cho..."
,A,ghosts,haunting,openlibrary_OL2431024W,What Did Miss Darrington See?,"Jessica Amanda Salmonson, Emma B. Cobb",...lection of twenty-four entertaining and haunting 19th-and 20th-century tales from the US...
,A,ghosts,Ghost,openlibrary_OL24842037W,The River Has Teeth,Erica Waters,"...r’s only hope. **From the author of *Ghost Wood Song*, this eerie contemporary fan..."
,A,ghosts,ghost,openlibrary_OL24855564W,Three acclaimed novels,Jodi Picoult,...tural forces at work. Ross Wakeman is a ghost hunter who's never seen a ghost - all h...
,A,ghosts,ghost,openlibrary_OL253728W,Ghost Stories of an Antiquary,Montague Rhodes James,...the acknowledged master of the English ghost story. Disdaining gore in favour of atm...
,A,ghosts,ghost,openlibrary_OL2559195W,Thicker Than Water,Penelope Farmer,"...his mother's death, especially when the ghost of a child coal miner begins his insist..."
,A,ghosts,ghost,openlibrary_OL26285412W,Project Darcy,Jane Odiwe,...urbed by her encounters with Mr Darcy's ghost at the house where she's staying. When...
,A,ghosts,ghosts,openlibrary_OL2636551W,Phantom Victory,Pamela F. Service,"...eenage boy and girl, aided by ancestral ghosts, embark on a treasure hunt to find an h..."
,A,ghosts,ghost,openlibrary_OL26370801W,Great American Ghost Stories,"Bill Bowers, Peattie, Elia Wilkinson, Ambrose Bierce, Nathaniel Hawthorne, Edith Wharton, Mark Twain, Edgar Allan Poe",...miracle / by Nathaniel Hawthorne -- A ghost of the Sierras / by Bret Harte -- The...
,A,ghosts,ghost,openlibrary_OL2666340W,Backyard Ghost,Lynn Cullen,...her back yard is haunted by a Civil War ghost....
,A,ghosts,ghost,openlibrary_OL26789452W,Book 20,"Adrienne Enderle, Dave Shephard",...colm and Dandy are about to hunt down a ghost when they realize they have a bigger pr...
,A,ghosts,ghosts,openlibrary_OL2715857W,Murder of angels,Caitlín R. Kiernan,"...ays in a medicated haze, haunted by the ghosts of those she left behind ten years ago..."
,A,ghosts,ghost,openlibrary_OL2726565W,Something's in the woods,Richard Brightfield,"...adventure in the woods involving spooky ghost kids, disappearing parents, underground..."
,A,ghosts,ghosts,openlibrary_OL273673W,The  Scary Stories Treasury,Alvin Schwartz,"...Stories of ghosts and witches, ""jump"" stories, scary song..."
,A,ghosts,ghosts,openlibrary_OL27717632W,Where the Dead Walk,John Bowen,"...For some, ghosts are no more than the wounds loved ones..."
,A,ghosts,ghost,openlibrary_OL29238614W,Tadeo Tomate y su amigo fantasma,Marcos Morocote,...Tadeo Tomate befriends a ghost names Crispin whose family has been evi...
,A,ghosts,ghosts,openlibrary_OL29257016W,La mujer que veia fantasmas,Alejandro Licona,...n comes to town with the ability to see ghosts....
,A,ghosts,ghosts,openlibrary_OL2971758W,Campfire stories,"William, M.D. Forgery",...A collection of stories about ghosts and other supernatural encounters set i...
,A,ghosts,Ghost,openlibrary_OL2974860W,Ghost Dog,Ellen Leroe,"...Artie Jensen gets help from his new pet Ghost Dog, an invisible pug, after someone st..."
,A,ghosts,ghost,openlibrary_OL2986015W,The ghost sitter,Peni R. Griffin,...all-too-normal house is haunted-by the ghost of a girl who doesn't realize that she'...
,A,ghosts,ghost,openlibrary_OL2997527W,The ghost of the gravestone hearth,Betsy Haynes,...ach promises to be uneventful until the ghost of a sailor who died in 1712 persuades...
,A,ghosts,Haunting,openlibrary_OL3004367W,Haunted castles,Ray Russell,"...ever written,' to Shirley Jackson's The Haunting of Hill House and stories by Ray Bradbu..."
,A,ghosts,ghosts,openlibrary_OL31210962W,Informe preliminar sobre la existencia de los fantasmas,Toño Malpica,...as to do some scientific research about ghosts. It wouldn't be a bother except for one...
,A,ghosts,Ghost,openlibrary_OL31211861W,Grow a ghost!,Dotti Enderle,"...advertisement for Mystic Mack's Grow A Ghost, he jumps at the chance to have a butle..."
,A,ghosts,ghost,openlibrary_OL3151582W,Nightfrights,"Pete Haining, Ambrose Bierce, Ray Bradbury, Agatha Christie, Edgar Allan Poe, Robert Louis Stevenson",".../OL41059W) Le Fanu, J.S. Madam Crowl's ghost. -- Lang, A. The man in white. -- Nes..."
,A,ghosts,Ghostly,openlibrary_OL3151660W,The Nightmare Reader,"Peter Haining, Matthew Gregory Lewis, Mary Shelley, Washington Irving, Thomas De Quincey, Edward Bulwer Lytton, Baron Lytton, Edgar Allan Poe, Sheridan Le Fanu, C.F. Hoffman, Lafcadio Hearn, Елена Петровна Блаватская, Ambrose Bierce, Arthur Machen, Lord Dunsany, Arthur Conan Doyle, Aleister Crowley, H. G. Wells, Montague Rhodes James, Montague Summers, H.P. Lovecraft, August Derleth, John Gawsworth, Algernon Blackwood, Robert Bloch, Ray Bradbury, Arthur C. Clarke",...A dream of Armageddon / by H.G. Wells Ghostly visitation. A school story / by M.R. Ja...
,A,ghosts,ghosts,openlibrary_OL32474W,The ghost of Popcorn Hill,Betty Ren Wright,...re a mischievous new dog and two lonely ghosts....
,A,ghosts,ghost,openlibrary_OL32521W,Haunted Summer,Betty Ren Wright,...lder brother when they are haunted by a ghost that is trying to reclaim a stolen musi...
,A,ghosts,ghost,openlibrary_OL3261539W,Can't scare me!,Melissa Milich,"...are a special time in the evenings when ghost stories can sometimes be frightening, b..."
,A,ghosts,ghosts,openlibrary_OL3261593W,Ghostsitters,Angie Sage,"...o babysit, along with two rowdy teenage ghosts. At first, Araminta and Wanda are in he..."
,A,ghosts,ghosts,openlibrary_OL3261624W,My haunted house,Angie Sage,...Araminta enlists the help of several ghosts in an attempt to stop her Aunt Tabby fr...
,A,ghosts,Ghost,openlibrary_OL3333967W,Wolf's Complete Book of Terror,"Leonard Wolf, Helen Adam, Harlan Ellison, 谷崎潤一郎, Jerzy N. Kosinski, Julio Cortázar, Roald Dahl, Shirley Jackson, Jerome Bixby, Anthony Boucher, Ray Bradbury, Richard Matheson, John Crowe Ransom, Jorge Luis Borges, George Langelaan, Algernon Blackwood, Richard Hughes, Theodore Francis Powys, Langston Hughes, Ben Hecht, E. F. Benson, Edward Lucas White, Saki, H.P. Lovecraft, H. G. Wells, Hans Heinz Ewers, Frederick Marryat, Sax Rohmer, Ridge, Lola, W. W. Jacobs, Rudyard Kipling, Stephen Crane, Lafcadio Hearn, Bram Stoker, Chalotte Perkins Gilman, Joris-Karl Huysmans, Sheridan Le Fanu, Rosa Mulholland, Heinrich Hoffmann, James Malcolm Rymer, Guy de Maupassant, Charles Baudelaire, Edgar Allan Poe, Nathaniel Hawthorne, Prosper Mérimée, John Keats, Johann Wolfgang von Goethe, Marquis de Sade, P'u Sung-ling, John Milton, Charles Perrault, Lucius Apuleius",...aan The Doll / Algernon Blackwood The Ghost / Richard Hughes The Hunted Beast / T....
,A,ghosts,ghost,openlibrary_OL3338202W,The Ghost in the Mirror,John Bellairs,"...* Mrs. Zimmermann had felt that the ghost of Granny Wetherbee, who had taught Mrs..."
,A,ghosts,ghost,openlibrary_OL3359508W,Beating Heart,A. M. Jenkins,...s mineandI amits beating heart.She is a ghost: a figure glimpsed from the corner of y...
,A,ghosts,ghost,openlibrary_OL3470243W,"The rise of supernatural fiction, 1762-1800",E. J. Clery,"...ith the notorious case of the Cock Lane ghost, a performing poltergeist who became a..."
,A,ghosts,haunting,openlibrary_OL3518303W,The Séance,John Harwood,"...A haunting tale of apparitions, a cursed manor hou..."
,A,ghosts,ghost,openlibrary_OL3561826W,Babar and the ghost,Laurent de Brunhoff,...The ghost of the Black Castle follows Babar and h...
,A,ghosts,Ghosts,openlibrary_OL384658W,A season of ghosts,Ruskin Bond,"...Ghosts, fairies, witches, and monsters inhabit..."
,A,ghosts,ghost,openlibrary_OL3915434W,Campfire Chillers,"Edith M. Freeman, E.M. Freeman, Mary Eleanor Wilkins Freeman, Ambrose Bierce","...org/works/OL20084265W) Wells, H.G. The ghost of fear Blackwood, A. The wendigo...."
,A,ghosts,ghostly,openlibrary_OL3959890W,My mother's ghost,Margaret Buffie,...r-old Jessica slowly becomes aware of a ghostly link between her mother's grief and a l...
,A,ghosts,Ghostly,openlibrary_OL40987W,The Facts in the Case of M. Valdemar,Edgar Allan Poe,...s://openlibrary.org/works/OL3931584W) [Ghostly Tales and Eerie Poems of Edgar Allan Po...
,A,ghosts,ghosts,openlibrary_OL4107393W,The Sherwood Ring,Elizabeth Marie Pope,...one. The house is full of mysteries—and ghosts. Soon Peggy becomes involved with the s...
,A,ghosts,Ghost,openlibrary_OL4113986W,65 Great Spine Chillers,"Mary Danby, Joan Aiken, Ambrose Bierce, Ramsey Campbell, Roald Dahl, Arthur Conan Doyle, Stephen King, Richard Matheson, Edgar Allan Poe",...Playfellow Enid Bagnold - The Amorous Ghost Denys Val Baker - The Face In The Mirr...
,A,ghosts,ghostly,openlibrary_OL41201W,Aunt Dimity and the Duke (Aunt Dimity Mystery),Nancy Atherton,"...icions, and set her--with Aunt Dimity's ghostly guidance--on the path to Penford Hall's..."
,A,ghosts,ghost,openlibrary_OL42724W,The ghost of Grania O'Malley,Michael Morpurgo,"..., helped by her American cousin and the ghost of a notorious female pirate, finds the..."
,A,ghosts,ghost,openlibrary_OL4292617W,Meg Mackintosh and the mystery at Camp Creepy,Lucinda Landon,...lve the mystery of the camp's legendary ghost. The reader is challenged to interpret...
,A,ghosts,ghosts,openlibrary_OL441183W,Here there be ghosts,Jane Yolen,...ection of short stories and poems about ghosts....
,A,ghosts,ghostly,openlibrary_OL4444207W,The Chase,Lisa Jane Smith,"...enny's friends are lost one by one to a ghostly wolf and a phantom snake, instruments o..."
,A,ghosts,ghost,openlibrary_OL4507297W,Creepy Stories,"Fred Urquhart, Edgar Allan Poe, Ambrose Bierce",...le ; The snow -- The tarn -- A little ghost -- Mrs. Lunt -- Arthur Machen ; The I...
,A,ghosts,ghost,openlibrary_OL451816W,Rainbow and Mr. Zed,Jenny Nimmo,"...nd her connection to the sea, meets the ghost of her grandfather, and deals with Zed'..."
,A,ghosts,ghosts,openlibrary_OL453760W,Johnny and the Dead,"Terry Pratchett, Albert Vitó i Godina","...l suddenly starts seeing and talking to ghosts, he and his friends become involved in..."
,A,ghosts,ghost,openlibrary_OL457999W,Mystery Cats,"Lilian Jackson Braun, Roy Vickers, Fred Hamlin, Mary Reed, Theodore Sturgeon, Patricia Moyes, Hugh B. Cave, Gary Erickson, Margaret Maron, Edward D. Hoch, Joyce Harrington, Lillian De La Torre, Edgar Allan Poe, James Holding, Patricia Highsmith, Ruth Rendell",.... Susu and the 8:30 ghost / Lilian Jackson Braun Miss Paisley's...
,A,ghosts,ghost,openlibrary_OL4621928W,Gus was a Christmas ghost,Jane Thayer,"...Gus, the Christmas ghost, tries to help unfriendly Mr. Frizzel h..."
,A,ghosts,ghost,openlibrary_OL465336W,The seer of shadows,Avi,"...when Horace accidentally frees the real ghost of a dead girl bent on revenge, his lif..."
,A,ghosts,ghosts,openlibrary_OL465976W,Seven Strange and Ghostly Tales,Brian Jacques,"...epy stories. Maybe you don't believe in ghosts and vampires, and spooky things that cr..."
,A,ghosts,ghosts,openlibrary_OL469098W,Kit's Wilderness,David Almond,...ere the boys look to find the childhood ghosts of their long-gone ancestors. Written i...
,A,ghosts,ghost,openlibrary_OL47855W,The Hardy Boys Ghost Stories,Franklin W. Dixon,"...nted with the supernatural in these six ghost stories which include ""The Walking Scar..."
,A,ghosts,ghosts,openlibrary_OL488001W,Ghost cats,Susan Shreve,...ediscover their lost closeness when the ghosts of their dead pet cats begin to return...
,A,ghosts,ghost,openlibrary_OL492814W,The Mediator,Meg Cabot,...When the nineteenth-century ghost of Maria de Silva wakes her up in the m...
,A,ghosts,ghost,openlibrary_OL492830W,"Shadowland (The Mediator, Book 1)",Meg Cabot,"...ess with the living. But Jesse, the hot ghost haunting her bedroom, doesn't seem to n..."
,A,ghosts,ghost,openlibrary_OL503252W,The Haunting of Hip Hop,Bertice Berry,...A ghost story with a beat . . . Bertice Berry f...
,A,ghosts,ghost,openlibrary_OL504724W,The ghost of Cutler Creek,Cynthia C. DeFelice,"...When Allie is contacted by the ghost of a dog, she and Dub investigate the s..."
,A,ghosts,ghosts,openlibrary_OL5115829W,The Red Room Riddle,Scott Corbett,...dog who offers to introduce them to the ghosts in his house....
,A,ghosts,ghostly,openlibrary_OL523681W,Scrooge,Cathy East Dubowski,...he true meaning of Christmas when three ghostly visitors review his past and foretell h...
,A,ghosts,ghost,openlibrary_OL551022W,The Little Stranger,"Sarah Waters, Jaime Zulaika Goicoechea","...es to astonish us, now comes a chilling ghost story...."
,A,ghosts,ghost,openlibrary_OL556666W,Cougar,Helen V. Griffith,...a local bully and the appearances of a ghost horse that was supposed to have died in...
,A,ghosts,ghostly,openlibrary_OL5685551W,Precious Dragon,Liz Williams,"...to Hell, meanwhile a young boy born to ghostly parents in Hell ends up being the key t..."
,A,ghosts,spectral,openlibrary_OL5717153W,Golden & Grey,Louise Arnold,...den and Grey Arthur--along with several spectral friends--try to discover why ghosts acr...
,A,ghosts,ghosts,openlibrary_OL5717877W,A gathering of shades,David Stahler,"...s much about his family, including that ghosts inhabit an ancient orchard on the famil..."
,A,ghosts,ghost,openlibrary_OL5719075W,The Best Ghost Stories Ever,"Christopher Krovatin, Algernon Blackwell, W. W. Jacobs, Washington Irving, Edgar Allan Poe, Bram Stoker, Jerome Klapka Jérôme, Charlotte Perkins Gilman, Henry James, Anonymous",...The judge's house / by Bram Stoker A ghost story / by Jerome K. Jerome The yello...
,A,ghosts,ghost,openlibrary_OL5727912W,The ghost and Mrs. McClure,Alice Kimberly,...l play comes from the store's full-time ghost-a PI murdered on the very spot more tha...
,A,ghosts,ghost,openlibrary_OL5737436W,Get That Ghost to Go!,Catherine MacPhail,"...When a ghost begins haunting Duncan, turning his lif..."
,A,ghosts,Ghost,openlibrary_OL576650W,Haunted Schools,Allan Zullo,...***Haunted Schools (True Ghost Stories)Nine stories about ghosts and p...
,A,ghosts,ghosts,openlibrary_OL57989W,The Scary States of America,Michael Teitelbaum,"...Aliens, ghosts, and monsters haunt the pages of this e..."
,A,ghosts,ghost,openlibrary_OL5808922W,The roller ghoster,Joy Brewster,"...a theme park, but things change when a ghost starts haunting the park...."
,A,ghosts,ghosts,openlibrary_OL5810945W,The Awakening,Kelley Armstrong,"...science experiment — not only can I see ghosts, but I was genetically altered by a sin..."
,A,ghosts,ghost,openlibrary_OL5831632W,Ivy + Bean and the ghost that had to go,Annie Barrows,...aders Ivy and Bean set out to expel the ghost who is living in the girls' bathroom at...
,A,ghosts,ghost,openlibrary_OL5845033W,Suffragette City,Kate Muir,...Why does a ghost from the last century - a stroppy suffr...
,A,ghosts,Ghost,openlibrary_OL59128W,The ghost-eye tree,Bill Martin Jr.,...r argue over who is afraid of the dread Ghost-Eye tree....
,A,ghosts,ghosts,openlibrary_OL6042253W,Mystery at Jacob's Well,Marcia Allen Bennett,"...ends, try to ignore stories about local ghosts when they explore an area in Texas near..."
,A,ghosts,ghost,openlibrary_OL61324W,Prietita and the Ghost Woman / Prietita y la Llorona,"Gloria Anzaldúa, Maya Christina Gonzalez",...er mother and is aided by the legendary ghost woman. <small>from Google Books</sma...
,A,ghosts,ghosts,openlibrary_OL647048W,The collected ghost stories of E.F. Benson,E. F. Benson,...collection of horror stories - not only ghosts - by one of the early masters of the ge...
,A,ghosts,ghosts,openlibrary_OL66212W,Six Haunted Hairdos,Gregory Maguire,...t-do each other long enough to help the ghosts of a baby elephant and a herd of mastod...
,A,ghosts,ghostly,openlibrary_OL72376W,The Curse of Camp Cold Lake,Robert Lawrence Stine,"...badgering she is getting from Della, a ghostly girl who wants Sarah to be her dead bud..."
,A,ghosts,ghosts,openlibrary_OL72418W,My Best Friend is Invisible,Robert Lawrence Stine,...Sammy Jacobs is into ghosts and science fiction. Not exactly the sm...
,A,ghosts,ghosts,openlibrary_OL756217W,Mr Majeika and the ghost train,Humphrey Carpenter,"...areful, Mr Majeika, there might be real ghosts in there.'When Class Three and Mr Majei..."
,A,ghosts,ghost,openlibrary_OL759572W,Covered bridge,Brian Doyle,"...local covered bridge, home to a wayward ghost and her lovelorn postman, is threatened..."
,A,ghosts,ghosts,openlibrary_OL773506W,The funniest haunted house book ever!,Joseph Rosenbloom,"...d collection of jokes and riddles about ghosts, witches, monsters, and haunted houses...."
,A,ghosts,ghosts,openlibrary_OL79511W,The Secret of Quarry House,Claire Lorrimer,"...ally, it changes to a life of plots and ghosts from the past. She begins to sense the..."
,A,ghosts,Ghost,openlibrary_OL7961034W,Return to Ghost Camp,Robert Lawrence Stine,...Return to Ghost Camp is the nineteenth book in the Goos...
,A,ghosts,ghost,openlibrary_OL7961036W,The Haunted Car,Robert Lawrence Stine,"...f a sleek sportscar, yet when the car's ghost makes an appearance, the family realize..."
,A,ghosts,ghost,openlibrary_OL8044300W,The Dark-Thirty: Southern Tales of the Supernatural,Patricia McKissack,"...A collection of ghost stories with African American themes, d..."
,A,ghosts,haunting,openlibrary_OL8053275W,The Day Watch,"Sergeĭ Lukʹi͡anenko, Vasilev Vladimir","...c. It is a fast paced, darkly humorous, haunting world that will take root in the shadow..."
,A,ghosts,ghost,openlibrary_OL8088702W,"The Haunted and the Haunters, Or, The House and the Brain","Edward Bulwer Lytton, Baron Lytton",...This is a classic ghost story. It will send chills through the...
,A,ghosts,ghost,openlibrary_OL810402W,The House on the Borderland,William Hope Hodgson,"...He went beyond the existing ghost story and gothic molds, synthesizing a..."
,A,ghosts,ghost,openlibrary_OL8120012W,The Return of the Third-Grade Ghosthunters,Grace Maccarone,...The irrepressible third grade ghost-hunters are back to solve the mystery b...
,A,ghosts,apparition,openlibrary_OL81587W,The journals of Eleanor Druse,Richard Dooling,"...s trapped in the hospital, and that the apparition seeks resolution for her grisly death...."
,A,ghosts,ghost,openlibrary_OL8160700W,One Dark Night,"Kathleen Blease, Lennox Robinson, Mark Twain, Edgar Allan Poe, Ambrose Bierce",...he dead smile/ F. Marion Crawford -- A ghost story/ Mark Twain -- The judge's house...
,A,ghosts,ghost,openlibrary_OL817912W,Scooby Doo! and the Sunken Ship,James Gelsey,...sure have the locals acting fishy and a ghost acting frightful....
,A,ghosts,Apparition,openlibrary_OL8200891W,The Evil Image,"Patricia L. Skarda, Nora Jaffe, Daniel Defoe, John Aikin, Ann Radcliffe, Mary Alcock, Matthew Gregory Lewis, Samuel Taylor Coleridge, Lord Byron, John William Polidori, Mary Shelley, John Keats, Sir Walter Scott, Washington Irving, Edgar Allan Poe, Nathaniel Hawthorne, Charlotte Brontë, Emily Brontë, Charles Dickens, Christina Georgina Rosetti, Sheridan Le Fanu, Louisa May Alcott, Henry James, William Butler Yeats, Robert Louis Stevenson, Thomas Hardy, Stephen Crane, Montague Rhodes James, A. E. Coppard, William Faulkner, Eudora Welty, Flannery O'Connor, Anne Sexton, Stephen King",...e Gothic • essay by uncredited 2 • The Apparition of Mrs. Veal • (1919) • short story by...
,A,ghosts,ghostly,openlibrary_OL82818W,The Haunted Hotel,Ron Roy,...A ghostly guest has checked into the Shangri-la H...
,A,ghosts,ghost,openlibrary_OL8317321W,"Buffy, the vampire slayer","Jane Espenson, Cliff Richards",...Buffy is stalked by the ghost of Sunnydale's former mayor....
,A,ghosts,haunting,openlibrary_OL8383177W,Hellboy,"Mike Mignola, John Byrne","...reat storyteller whose work is in turns haunting, hilarious, and spellbinding. Mike Mign..."
,A,ghosts,ghost,openlibrary_OL8476718W,The Great Book of Thrillers,"H. G. Wells, A. J. Alan, Michael Arlen, Nathaniel Hawthorne, Edgar Allan Poe, Ambrose Bierce, Charles Dickens",...alian's story / Catherine Crowe -- The ghost of Dorothy Dingley / Daniel Defoe -- T...
,A,ghosts,ghosts,openlibrary_OL8698894W,Tales From 2 A.M,John Schreiber,"...engeance, of biological engineering and ghosts, of astronauts escaping the past and of..."
,A,ghosts,ghost,openlibrary_OL8855520W,Restless Spirits,"Catherine A. Lundie, Kate Chopin","...g been associated with the unconscious, ghost stories have often served as forums for..."
,A,ghosts,GHOST,openlibrary_OL8886170W,100 Creepy Little Creatures,"Stefan R. Dziemianowicz, Robert E. Weinberg, Martin H. Greenberg, Robert Weinberg, Arthur Conan Doyle, Ambrose Bierce, Edgar Allan Poe, Edith Hamilton",...A NEW BEST FRIEND PETER CANNON SNAIL GHOST WILL MURRAY SOMETHING NASTY WILLIAM...
,A,ghosts,ghost,openlibrary_OL8928024W,Feline Felonies,"Abigail Browning, Edgar Allan Poe",...atspaw / Woodruff -- SuSu and the 8:30 ghost / Braun -- The caller / Cave -- The A...
,A,ghosts,ghost,openlibrary_OL9002774W,After School Ghost Hunter (Pathway Books),J. Banscherus,...Klooz’s school has a ghost. But Klooz doesn’t believe in ghosts!...
,A,ghosts,ghost,openlibrary_OL9038831W,Classic Victorian & Edwardian Ghost Stories,"Rex Collings, Sir Walter Scott, Edgar Allan Poe, Charles Dickens",...ngton / Richard Harris Barham Botathen ghost / R.S. Hawker [Tell-tale Heart](https:...
,A,ghosts,Ghost,openlibrary_OL941686W,Gespensterjäger,Cornelia Funke,...ile dispel an IRG (Incredibly Revolting Ghost) from an old house....
,A,ghosts,Ghosts,openlibrary_OL9652017W,Ghost Stories,"Fitz-James O'Brien, Bram Stoker, Edith Nesbit, Arthur Conan Doyle, Sheridan Le Fanu, Edgar Allan Poe, Oscar Wilde, John Kendrick Bangs",...icture of Dorian Gray / Oscar Wilde -- Ghosts that have haunted me / J.K. Bangs....
,A,ghosts,ghosts,openlibrary_OL97312W,The Haunted House,"Jane Yolen, Martin H. Greenberg, Doron Ben-Ami",...lection of original scary stories about ghosts and spirits. The coauthor is Martin H....
,A,ghosts,ghosts,openlibrary_OL98524W,Works of Edith Wharton (Ethan Frome / House of Mirth / Tales of Men and Ghosts),Edith Wharton,...The house of mirth -- Tales of men and ghosts....
,A,ghosts,ghost,the_bastard_legion412,The Bastard Legion,Gavin Smith,"...ed in virtual reality by the electronic ghost of a dead marine sergeant, the thieves,..."
,A,ghosts,ghosts,the_graveyard_book,The Graveyard Book,Neil Gaiman,"...a graveyard. Raised from infancy by the ghosts, werewolves, and other cemetery denizen..."
,A,ghosts,apparition,the_strange_affair_of_spring_heeled_jack,The Strange Affair of Spring-Heeled Jack,Mark Hodder,"...lts on young women committed by a weird apparition known as Spring Heeled Jack, and to fin..."
,A,ghosts,Ghost,openlibrary_OL112317W,The Perfect Poison,Jayne Ann Krentz,"...amlight Trilogy, #2) Midnight Crystal (Ghost Hunters, #7; Arcane Society #9; Dreamli..."
,A,ghosts,Ghost,openlibrary_OL116310W,Ghost boy,Iain Lawrence,"...boy who thinks of himself as Harold the Ghost runs away to join the circus, where he..."
,A,ghosts,ghost,openlibrary_OL13842616W,Road trip of the living dead,Mark Henry,"...Then, with a little help from a Korean-ghost hood ornament, a masochist named Fishho..."
,A,ghosts,haunting,openlibrary_OL13847489W,Fringe dweller on the night shift,Monica Holy,...ream memories. The strong and sometimes haunting paintings provide the structure for thi...
,A,ghosts,ghost,openlibrary_OL14909786W,My favorite phantom,Karen Kelley,"...torian house, he should have expected a ghost. He certainly got one, the kind that li..."
,A,ghosts,ghosts,openlibrary_OL15131148W,A good night for ghosts,Mary Pope Osborne,"...Annie come head to head with some real ghosts, as well as discover the world of jazz..."
,A,ghosts,Ghost,openlibrary_OL15185003W,Coyote's Mate,Lora Leigh,...cally altered rebel known as the Coyote Ghost—to free a group of coyote women kept in...
,A,ghosts,haunting,openlibrary_OL15334093W,Novels 1942-1952 (Cannery Row / East of Eden / Moon is Down / Pearl),John Steinbeck,...eck's best-loved books. The Pearl--is a haunting parables one that distills Steinbeck's...
,A,ghosts,Ghost,openlibrary_OL16026242W,La vida vampire,Nancy Haddock,"..., she's well suited for a job as an Old Ghost Town Tour guide. Francesca's due for a..."
,A,ghosts,ghost,openlibrary_OL16215142W,Saphirblau,"Kerstin Gier, Anthea Bell, Luis Miralles de Imperial","...lers, aided by friend Lesley, James the ghost, Xemerius the gargoyle demon, and Gideo..."
,A,ghosts,apparition,openlibrary_OL16480333W,Classic Ghost Stories,"Sheridan Le Fanu, Charles Dickens, W. W. Jacobs, Sir Walter Scott, Bram Stoker, Margaret Oliphant, Mary Shelley, Nathaniel Hawthorne, Edwards, Amelia Ann Blanford, Wilkie Collins, Daniel Defoe, Frederick Marryat, Guy de Maupassant, Marion Crawford, Edward Bulwer Lytton, Baron Lytton","...ns, W. The dream woman. Defoe, D. The apparition of Mrs. Veal. Stoker, B. The judge's..."
,A,ghosts,ghosts,openlibrary_OL16518134W,13 hangmen,Art Corriveau,"...at different times in history! None are ghosts, all are flesh and blood, and somehow a..."
,A,ghosts,ghost,openlibrary_OL16610312W,A Gift of Two Silver Pistols,Nan Coleman,...tor Jack Jouett. Wanting to see Jack's ghost on the anniversary of his ride she camp...
,A,ghosts,ghosts,openlibrary_OL17377353W,Storm Of Reckoning,Doranna Durgin,...ners (#2) Lisa McGarrity lives to hunt ghosts. With the able assistance of her loy...
,A,ghosts,haunting,openlibrary_OL17406601W,My Friend Dahmer,"Derf Backderf, Derf Backderf","..., and car rides. In My Friend Dahmer, a haunting and original graphic novel, writer-arti..."
,A,ghosts,ghosts,openlibrary_OL17904408W,Blood spirits,Sherwood Smith,"...cal country of Dobrenica and encounters ghosts, magic, murder and mystery as she tries..."
,A,ghosts,ghosts,openlibrary_OL1881658W,El Amo Del Juego/Masters of the Game,Sidney Sheldon,"...e White House.** And for Kate there are ghosts, ghosts of absent friends and of enemie..."
,A,ghosts,ghost,openlibrary_OL19721395W,Ready to fall,Marcella Fleischman Pixley,"...with his mother's death, is cast as the ghost in Hamlet and finds strength in his new..."
,A,ghosts,ghosts,openlibrary_OL19727250W,Nagrada,Danielle Steel,"...hind her and begin a new life, with the ghosts of the past always close at hand. Gaëll..."
,A,ghosts,ghosts,openlibrary_OL19960615W,Whispers at Moonrise,C. C. Hunter,...never been normal. Not only can she see ghosts but she doesn't seem to belong to any o...
,A,ghosts,ghost,openlibrary_OL19977098W,Treasure in Trident City,Debbie Dadey,...spite a warning that it is guarded by a ghost. While preparing for a unit on storyte...
,A,ghosts,haunting,openlibrary_OL20017289W,"Friday Barnes, Girl Detective",R. A. Spratt,"...stolen lemon tarts to a mysterious yeti haunting the school swamp""--..."
,A,ghosts,ghosts,openlibrary_OL20059200W,A game of ghosts,John Connolly,"...and guilty alike are pawns in a game of ghosts.""-- ""The latest thriller in the Charli..."
,A,ghosts,ghosts,openlibrary_OL20096193W,The Ghosts of Eden Park,Karen Abbott,"...cal research with novelistic flair, The ghosts of Eden Park is the unforgettable, stra..."
,A,ghosts,ghost,openlibrary_OL24309282W,Written in blood,Paul Adams,...l historian Paul Adams joins writer and ghost-hunter Peter Underwood in a detailed an...
,A,ghosts,ghost,openlibrary_OL26438894W,The Ghost of Buxton Manor,Jonathan Ferrara,"...For nearly a century, the ghost of 17 year-old Rupert Buxton has been t..."
,A,ghosts,ghosts,openlibrary_OL3341160W,Right Behind You,Gail Giles,"...he is ready for a fresh start. But the ghosts of his past soon demand justice, and he..."
,A,ghosts,Ghosts,openlibrary_OL3904817W,Supernatural forces,Bonnie C. Winsbro,"...an Warrior: Memoirs of a Girlhood among Ghosts. By selecting these authors, Winsbro pr..."
,A,ghosts,Ghost,openlibrary_OL4085697W,Strangely Enough!,Carroll Burleigh Colby (1904-1977),...ities in Science and Nature. Stories of Ghost and the Supernatural. Flying Saucers an...
,A,ghosts,ghost,openlibrary_OL5255325W,50 Ways to Hex Your Lover,Linda Wisdom,"...ers, including Norma, the chain-smoking ghost who haunts Jazz's sports car, Dweezil,..."
,A,ghosts,ghost,openlibrary_OL55598W,Fingers,William Sleator,...to his brother as the dictations of a ghost....
,A,ghosts,Ghost,openlibrary_OL5821652W,Die Wellenläufer,Kai Meyer,...ely on a mysterious figure known as the Ghost Trader and a band of pirates to help th...
,A,ghosts,ghost,openlibrary_OL5856201W,Vicious Circle,Mike Carey,"...s is a seemingly insignificant ""missing ghost"" case that inexorably drags him and his..."
,A,ghosts,ghost,openlibrary_OL61913W,Star Wars - From the Adventures of Luke Skywalker,"George Lucas, Alan Dean Foster","...hs before the film was released. It was ghost written by Alan Dean Foster, but first..."
,A,ghosts,ghostly,openlibrary_OL8300174W,Barnaby Rudge,"Charles Dickens, Eileen Warren Norris","...private horror, its strange secrets and ghostly doublings, Barnaby Rudge is a powerful,..."
,A,ghosts,ghostly,openlibrary_OL874071W,Wolves Eat Dogs,Martin Cruz Smith,"...se to relocate. Renko's journey to this ghostly netherworld, the crimes he uncovers the..."
,A,ghosts,poltergeist,openlibrary_OL9177353W,The unseen,Alexandra Sokoloff,"...e about a house supposedly haunted by a poltergeist, investigated by another research team..."
,A,ghosts,haunting,openlibrary_OL11903852W,Call of the highland moon,Kendra Leigh Castle,"...om the Scottish Highlands. He loves the haunting beauty of his home, but runs away to up..."
,A,ghosts,ghost,openlibrary_OL121735W,Deadly harvest,"Heather Graham, Phil Gigante",...cop Jeremy Flynn doesn't have time for ghost stories. He's in town on another invest...
,A,ghosts,ghostly,openlibrary_OL121736W,Deadly night,Heather Graham,...Orleans plantation. They've inherited a ghostly presence... and a long-kept secret.Aida...
,A,ghosts,ghost,openlibrary_OL14906136W,"Two Ghosts for Sister Rachel / Run, Run, Rudolph / Six / The Harvest","Lynsay Sands, Kim Harrison, Vicki Pettersson, Marjorie M. Liu",...efer a romantic midnight walk through a ghost-infested graveyard . . . or a haunted h...
,A,ghosts,Ghost,openlibrary_OL14909785W,How to seduce a Texan,Karen Kelley,...Ghost Of A Chance Reporter Nikki “The Barracu...
,A,ghosts,Ghost,openlibrary_OL14913333W,Burning Lamp,Jayne Ann Krentz,"...amlight Trilogy, #2) Midnight Crystal (Ghost Hunters, #7; Arcane Society #9; Dreamli..."
,A,ghosts,ghosts,openlibrary_OL14981694W,Changeless (The Parasol Protectorate),Gail Carriger,"...n her doorstep, a plethora of exorcised ghosts, and an angry Queen Victoria.But Alexia..."
,A,ghosts,Haunting,openlibrary_OL15044045W,Invisible Terror Collection (Forbidden Doors),Bill Myers,"...or Bill Myers presents books 4--6---The Haunting, The Guardian, and The Encounter---whic..."
,A,ghosts,ghost,openlibrary_OL15211904W,Haunted party,Iza Trapani,"...troduces the numbers from one to ten, a ghost and his supernatural friends have a par..."
,A,ghosts,ghost,openlibrary_OL15361655W,Midnight Crystal,Jayne Ann Krentz,...stery will be unraveled. Head of the ghost hunters guild Adam Winters and dreamlig...
,A,ghosts,ghost,openlibrary_OL15692269W,Amulet of Avantia,Adam Blade,"...d! But to Tom's horror, his father is a ghost. To save Taladon, Tom must battle the G..."
,A,ghosts,ghosts,openlibrary_OL15976420W,Soul trapper,F. J. Lennon,"...ows him to hunt down, capture, and send ghosts from the earthly realm to the afterlife..."
,A,ghosts,haunting,openlibrary_OL16471210W,The terror of Black Eagle Tavern,Megan Atwood,"...asks Jinx and Jackson to investigate a haunting at his family's tavern, where glasses m..."
,A,ghosts,ghost,openlibrary_OL16538128W,Antología de la literatura fantástica,"Jorge Luis Borges, Silvina Ocampo, Adolfo Bioy Casares, Ryūnosuke Akutagawa, Thomas Bailey Aldrich, Леонид Николаевич Андреев, John Aubrey, J. G. Ballard, Sir Max Beerbohm, Ambrose Bierce, Ah'med Ech Chiruani, Léon Bloy, Delia Ingenieros, Ray Bradbury, Tor Åge Bringsværd, Martin Buber, Richard Francis Burton, Arturo Cancela, Pilar de Lusarreta, Thomas Carlyle, Lewis Carroll, Gilbert Keith Chesterton, Zhuangzi, Jean Cocteau, Julio Cortázar, Santiago Dabove, Alexandra David-Néel, Lord Edward Dunsay, Macedonio Fernandez, James George Frazer, Elena Garro, Herbert Allen Giles, Nathaniel Hawthorne, I. A. Ireland, W. W. Jacobs, James Joyce, Don Juan Manuel, Franz Kafka, Rudyard Kipling, Leopoldo Lugones, Arthur Machen, Walter De la Mare, Guy de Maupassant, Edwin Morgan, H. A. Murena, Niu Chiao, Papini, Giovanni, Carlos Peralta, Barry Perowne, Petronius, Manuel Peyrou, Edgar Allan Poe, Pu Songling, François Rabelais, Saki, May Sinclair, Walter W. Skeat, Olaf Stapledon, Emanuel Swedenborg, Лев Толстой, B. Traven, Tsʻao, Hsüeh-chʻin., Auguste comte de Villiers de L'Isle-Adam, Voltaire, Evelyn Waugh, Edward Lucas White, Juan Rodolfo Wilcock, Oscar Wilde, Richard Wilhelm, G. Willoughby-Meade, Mary Shelley, Wu Cheng'en, William Butler Yeats, Jose Zorilla",...ar de Lusarreta -- An actual authentic ghost / Thomas Carlyle -- Red king's dream /...
,A,ghosts,haunting,openlibrary_OL16769098W,The Archived,"V. E. Schwab, Julieta María Gorlero","...itself may crumble and fall. In this haunting, richly imagined novel, Victoria Schwab..."
,A,ghosts,haunting,openlibrary_OL17463865W,Whispers In The Dark,Maya Banks,...rs in the Dark: The Haven Protocol is a haunting psychological techno-thriller that expl...
,A,ghosts,Ghosts,openlibrary_OL17528445W,Black Howl,Christina Henry,"...wrong with the souls of Chicago's dead. Ghosts are walking the streets, and Maddy's bo..."
,A,ghosts,ghost,openlibrary_OL17575515W,The Last Kiss Goodbye A Novel,Karen Robards,...sionate relationship with the lingering ghost of charismatic bad boy Michael Garland....
,A,ghosts,ghosts,openlibrary_OL17712030W,True Love,Jude Deveraux,"...ing on the horizon, sparks fly, and the ghosts of the past begin to reveal themselves,..."
,A,ghosts,ghost,openlibrary_OL17740393W,The cold kiss of death,Suzanne McLeod,...Genny's being haunted by a ghost - but right now that's the least of her...
,A,ghosts,ghosts,openlibrary_OL17855259W,Kiss Me Deadly,"Trisha Telep, Michelle Zink, Diana Peterfreund, Karen Mahoney, Justine Musk, Sarah Rees Brennan, Becca Fitzpatrick, Caitlin Kittredge, Carrie Ryan, Michelle Rowen, Rachel Vincent, Daniel Marks, Maggie Stiefvater, Daniel Waters","...omantic lives of humans and werewolves, ghosts, fallen angels, zombies, and shape-shif..."
,A,ghosts,ghost,openlibrary_OL17867587W,Games creatures play,"Charlaine Harris, Toni L. P. Kelner",...bestselling author Scott Sigler follows ghost stomper Hunter Hunterson as he investig...
,A,ghosts,ghosts,openlibrary_OL17883610W,A barricade in hell,Jaime Lee Moyer,"...hood, her constant companions have been ghosts. She used her powers and the help of th..."
,A,ghosts,haunting,openlibrary_OL17895828W,The Emerald Shore,Barbara Mariconda,"...reasure that will end the magical curse haunting her family once and for all""--..."
,A,ghosts,haunting,openlibrary_OL17911303W,The widow's walk,Robert Barclay,"...Traveler's Wife comes Robert Barclay's haunting and romantic novel of passion, destiny,..."
,A,ghosts,apparition,openlibrary_OL17934149W,Forest of fortune,Jim Ruland,"...s an evil slot machine and a mysterious apparition, and it is up to three troubled guests..."
,A,ghosts,ghost,openlibrary_OL17935097W,Would-be witch,Kimberly Frost,"...ts from long-dead, smart-mouthed family ghost Edie. But when her locket—an heirloom t..."
,A,ghosts,ghost,openlibrary_OL1819800W,The blue girl,Charles de Lint,...f her introverted friend Maxine and the ghost of a boy who haunts the school after re...
,A,ghosts,Haunting,openlibrary_OL1838875W,Sands of Time,Barbara Erskine,...Haunting tales from the shifting sands of time.A...
,A,ghosts,haunting,openlibrary_OL1921198W,Libra,Don DeLillo,"...oth real and created, Libra is a grave, haunting, and brilliant examination of an event..."
,A,ghosts,ghosts,openlibrary_OL19358789W,Isadora,Charlotte McConaghy,"...enti. Crown Prince Thorne is plagued by ghosts, Lady Roselyn by the past. With his lan..."
,A,ghosts,ghost,openlibrary_OL19660849W,Dying Breath,Heather Graham,...ller. That was the first time she saw a ghost. Now the city of Boston is being terror...
,A,ghosts,ghost,openlibrary_OL19713924W,Elizabeth and Zenobia,Jessica Miller,...ed. Zenobia is convinced they'll find a ghost in the house and forces Elizabeth to co...
,A,ghosts,ghost,openlibrary_OL19919638W,Ghosts of the Shadow Market,"Cassandra Clare, Sarah Rees Brennan","...ket is hidden a lost heir and a beloved ghost, and no one can save you once you have..."
,A,ghosts,ghost,openlibrary_OL19980409W,Her last whisper,Karen Robards,"...Garland, the ever-present, fatally sexy ghost who goes where she does--Charlie heads..."
,A,ghosts,spectral,openlibrary_OL20022404W,Marked,Sue Tingey,...hen Lucky is called in to investigate a spectral disturbance at the all-girls school she...
,A,ghosts,haunting,openlibrary_OL20038416W,Lost gods,Gerald Brom,"...gritty and visceral prose takes us on a haunting, harrowing journey into the depths of t..."
,A,ghosts,haunting,openlibrary_OL20045227W,Illusion,Martina Boone,"...ever, she finds an unlikely ally in the haunting and enigmatic Obadiah, whose motivation..."
,A,ghosts,ghost,openlibrary_OL20047325W,Best worst American,Juan Martinez,"...e For You,"" the spooky Japanese girl (a ghost) is there for you, then she is not. The..."
,A,ghosts,haunting,openlibrary_OL20108098W,The Terror Behind the Mask You're Invited to a Creepover #19,P.J. Night,...s eerily like the face of the boogeyman haunting Jasmine’s dreams. Though her dad insist...
,A,ghosts,ghost,openlibrary_OL20170457W,Archival Quality,"Ivy Noelle Weir, Steenz","...photographs and objects, and home of a ghost seeking justice...."
,A,ghosts,ghost,openlibrary_OL20187044W,Dead After Dark,Sherrilyn Kenyon,...s estate is haunted by a stunning young ghost...until one passionate encounter leaves...
,A,ghosts,haunting,openlibrary_OL20662499W,De wraak van Arghus,Alexandra Penrhyn Lowe,...Appie's birthday. At twelve o'clock the haunting begins: one by one people disappear fro...
,A,ghosts,ghost,openlibrary_OL24324241W,Bibi Blocksberg,Olivia Vieweg,"...cultural exchange trip. Unfortunately, ghost hunting keeps them too busy for any sig..."
,A,ghosts,ghosts,openlibrary_OL24390421W,"Jamis Bachman, Ghost Hunter",Jen Jensen,"...s now a social media sensation, chasing ghosts, demons, and inter-dimensional aliens—i..."
,A,ghosts,ghost,openlibrary_OL2667613W,A face at the window,Dennis McFarland,...wn into a series of encounters with the ghost of a young girl who died in a fall from...
,A,ghosts,Ghost,openlibrary_OL276089W,Passions of the Ghost,Sara Mackenzie,...e has no choice but to believe that the Ghost has emerged from the shadows of time. A...
,A,ghosts,ghost,openlibrary_OL276090W,Return of the Highlander,Sara Mackenzie,"...The sensuous caress of her mysterious ""ghost lover"" is no mere fantasy, lifting Bell..."
,A,ghosts,ghosts,openlibrary_OL28770275W,Collide,Christine Fonseca,...here's more to paranormal activity than ghosts and cheap mind tricks. Now she must unc...
,A,ghosts,ghost,openlibrary_OL2907353W,Dead on,Paul Kropp,"...s occurrences involving an old house, a ghost, and a clairvoyant sister...."
,A,ghosts,Ghost,openlibrary_OL4026122W,And Loving It!,William Joseph Johnston,...#T-191 9. Max Smart and The Ghastly Ghost Affair #T-5326...
,A,ghosts,Ghost,openlibrary_OL4026140W,Missed it by That Much!,William Joseph Johnston,...#T-174 9. Max Smart and The Ghastly Ghost Affair #T-191...
,A,ghosts,ghosts,openlibrary_OL4098287W,Tales of horror and the supernatural,Arthur Liebman,"...iscussions on the treatment of witches, ghosts, werewolves, and vampires in literature..."
,A,ghosts,ghostly,openlibrary_OL457901W,Here and then,George Ella Lyon,...Through ghostly visitation and a diary that seems myste...
,A,ghosts,haunting,openlibrary_OL461256W,Darkling,Yasmine Galenorn,...re-turned-vampire- must face the demons haunting her memories....
,A,ghosts,ghost,openlibrary_OL5687077W,Shades of Rose,Deb Stover,...expects that the enigmatic beauty is a ghost who has been haunting his ancestral hom...
,A,ghosts,haunting,openlibrary_OL5692573W,Scooby-doo and the legend of the vampire,Jenny Markas,"...to disappear! Are there really vampires haunting Vampire Rock? It's up to Fred, Daphne,..."
,A,ghosts,ghost,openlibrary_OL5695899W,Unforgettable (Time Travel #6),Madeline Baker,"...ks the deserted streets of a California ghost town, his image seems to rise up out of..."
,A,ghosts,haunting,openlibrary_OL5724071W,Dark Truth,Lindsay McKenna,...es of Peru--and to a kind stranger with haunting green eyes.Mace Ridfort is no ordinary...
,A,ghosts,ghost,openlibrary_OL5913450W,Shapes of the Supernatural,"Seon Manley, H B Marryat, Arthur Conan Doyle, Edgar Allan Poe, Charles Dickens, Nathaniel Hawthorne, Agatha Christie","...The werewolf, by H. B. Marryat. The ghost-eater, by C. M. Eddy. The secret of G..."
,A,ghosts,ghost,openlibrary_OL6004464W,Prairie Fire,Terri Branson,"...forts, while catching the interest of a ghost named Fire Horse. All Max McKee wants i..."
,A,ghosts,haunting,openlibrary_OL8032256W,Bed On Arrival,Kelley St. John,"...ld soon, not to mention the woman who's haunting his dreams, he might just lose them bot..."
,A,ghosts,ghost,openlibrary_OL810215W,Someone to Love,Jude Deveraux,"...at the house is haunted by a headstrong ghost, Ann Stuart. Ann died under circumstanc..."
,A,ghosts,ghost,openlibrary_OL8957201W,A Lost Touch of Bliss,Amy Tolnitch,...s move on. And Cain has a very restless ghost he wishes fervently would leave his cas...
,A,ghosts,haunting,openlibrary_OL1002120W,A Hora da Estrela,Clarice Lispector,"...Rodrigo S.M., this brief, strange, and haunting tale is the story of Macabéa, one of li..."
,A,ghosts,haunting,openlibrary_OL111573W,Jewels of the Sun,Nora Roberts,...uncommon understanding of his country's haunting myths. Although he's devoted to managin...
,A,ghosts,Ghost,openlibrary_OL112325W,"The Third Circle:(Arcane Society, #4)",Jayne Ann Krentz,"...amlight Trilogy, #2) Midnight Crystal (Ghost Hunters, #7; Arcane Society #9; Dreamli..."
,A,ghosts,haunting,openlibrary_OL112342W,Late for the Wedding,Jayne Ann Krentz,...as's past. Aspasia Gray's beauty is as haunting as her connection to Tobias. Her long-d...
,A,ghosts,haunting,openlibrary_OL14927221W,Peony in Love,Lisa See,"...stiny, desire and sorrow--as Lisa See's haunting new novel, based on actual historical e..."
,A,ghosts,ghosts,openlibrary_OL14942533W,Stories and Poems for Extremely Intelligent Children of All Ages,"Harold Bloom, Gilbert Keith Chesterton, Mark Twain, Lewis Carroll, Arthur Conan Doyle, Nathaniel Hawthorne, Charles Dickens, Herman Melville, Edgar Allan Poe, Edith Wharton","...loaves / O. Henry The Horla, or modern ghosts / Guy de Maupassant The Belltower / He..."
,A,ghosts,haunting,openlibrary_OL14992302W,The Man in the Wooden Hat,Jane Gardam,"...and art merge. And now that beautiful, haunting novel has been joined by a companion th..."
,A,ghosts,haunting,openlibrary_OL15221636W,South of resurrection,Jonis Agee,"...ls whose friendship is both magical and haunting; and Dear Pearl, Moline's haughty but t..."
,A,ghosts,ghost,openlibrary_OL15825926W,Detective stories,"Philip Pullman, Arthur Conan Doyle, Agatha Christie, Isaac Asimov, E. C. Bentley, Erich Kästner, Dorothy L. Sayers, Raymond M. Smullyan, Damon Runyon, Michael Underwood, Ellery Queen, Italo Calvino, Tony Fletcher, Andrew Vachss, Stephen Leacock",...(an Italian folktale) Fingerprinting a ghost / Tony Fletcher (from Memories of murde...
,A,ghosts,haunting,openlibrary_OL16045676W,Ode to Billy Joe,Herman Raucher,...p its secrets***—the secrets within the haunting ballad that swept America. And bestsell...
,A,ghosts,ghosts,openlibrary_OL17819037W,The sisters Weiss,Naomi Ragen,...ngerous adventure that will stir up the ghosts of the past and alter the future in uni...
,A,ghosts,haunting,openlibrary_OL19627W,Su Luz Interior,"Danielle Steel, Masanori Hata","...er, painful memories, Steel brings us a haunting duet between and singular young man and..."
,A,ghosts,ghostly,openlibrary_OL19742764W,The Verdun Affair,Nick Dybek,...l into a complicated affair against the ghostly backdrop of the ruined city. Months lat...
,A,ghosts,haunting,openlibrary_OL2571790W,The bay at midnight,Diane Chamberlain,"...the secrets that families keep, and the haunting legacies they leave behind...."
,A,ghosts,ghosts,openlibrary_OL2775703W,The little witch presents a monster joke book,Linda Glovach,"...of jokes, riddles, and rhymes featuring ghosts, vampires, skeletons, and monsters of v..."
,A,ghosts,Ghost,openlibrary_OL3518416W,Sixteen Short Novels,"Wilfrid Sheed, Антон Павлович Чехов, Albert Camus",...My Mortal Enemy - Willa Cather The Ghost Writer - Philip Roth The Ebony Tower...
,A,ghosts,haunting,openlibrary_OL3846773W,Barracks,"John McGahern, Georges-Michel Sarotte","...desperation and joy, this is a novel of haunting power...."
,A,ghosts,Ghost,openlibrary_OL4026138W,Max Smart and the Perilous Pellets,William Joseph Johnston,...#T-174 9. Max Smart and The Ghastly Ghost Affair #T-191...
,A,ghosts,haunting,openlibrary_OL4106905W,For the soul of the people,Victoria Barnett,"...and politically, today. She provides a haunting glimpse of the German experience under..."
,A,ghosts,ghostly,openlibrary_OL46766W,Secrets in the Hills,Kathleen Ernst,...buried in the hills and even tales of a ghostly Weeping Woman who haunts the countrysid...
,A,ghosts,haunting,openlibrary_OL535185W,"Green Dolphin Country; or, Green Dolphin Street",Elizabeth Goudge,...A haunting love story set in the Channel Islands a...
,A,ghosts,ghost,openlibrary_OL535195W,A City of Bells,Elizabeth Goudge,...d slowly to the madness of love. So the ghost of Gabriel Ferranti guided their lives...
,A,ghosts,Ghost,openlibrary_OL5800955W,Blessed Trinity,Vanessa Davis Griggs,"...rch, led by the dreadlock-wearing, Holy Ghost-filled Pastor George Landris, just may..."
,A,ghosts,haunting,openlibrary_OL6560645W,"Edward, Edward",Lolah Burford,...This is a haunting tale of a strange romance between a wor...
,A,ghosts,ghost,openlibrary_OL7412489W,Darkness of Slumber,Rosemary Kutak,"...""***The ghost of a woman whose living body haunts her..."
,A,ghosts,ghost,openlibrary_OL9889709W,The scalpel and the soul,Allan J. Hamilton,...g burn victim remains in a coma until a ghost appears. A doctor discovers he can pred...
,A,ghosts,haunting,openlibrary_OL12724W,Bad love,Jonathan Kellerman,"...like voice delivering the enigmatic and haunting message:. ""Bad love. Bad love. Don't gi..."
,A,ghosts,ghostly,openlibrary_OL15157420W,Star Trek Voyager - Ghost of a Chance,"Mark Garland, Charles G. McGraw","...er may be too good to be true. Strange, ghostly visions trouble Janeway and her crew, w..."
,A,ghosts,haunting,openlibrary_OL15175417W,The Best Time Travel Stories of the 20th Century,"Harry Turtledove, Ray Bradbury, Martin H. Greenberg","...ure.""A Sound of Thunder"" Ray Bradbury's haunting vision of modern man gone dinosaur hunt..."
,A,ghosts,Ghost,openlibrary_OL15680434W,Story of Atari Missile Command,"Kid Stuff Publishing, John Braden",...Kid Stuff Records.} ** Pac-Man and the Ghost Diggers {DBR-205} ** Ms. Pac-Man's Pri...
,A,ghosts,Ghost,openlibrary_OL15680439W,Story of Atari Star Raiders,"Kid Stuff Publishing, John Braden",...on Kid Stuff Records.} Pac-Man and the Ghost Diggers {DBR-205} Ms. Pac-Man's Prize...
,A,ghosts,Ghost,openlibrary_OL16665012W,That the people might live,Arnold Krupat,"...koo'eex, examining as well a number of Ghost Dance songs, which have been reinterpre..."
,A,ghosts,ghosts,openlibrary_OL1672318W,Shadow,"Marcia Brown, Blaise Cendrars",...Shadow which represents the beliefs and ghosts of the past and is brought to life wher...
,A,ghosts,Ghost,openlibrary_OL17881493W,Star Wars rebels,Sadie Smith,...and his ragtag crew aboard the starship Ghost as they struggle against the evil rule...
,A,ghosts,ghosts,openlibrary_OL19670303W,Bleach 3-in-1,Tite Kubo,"...go Kurosaki has always been able to see ghosts, but this ability doesn't change his li..."
,A,ghosts,ghosts,openlibrary_OL20022896W,Southern Cross,Becky Cloonan,...y and fear as Braith struggles with the ghosts of her past on board a ship that holds...
,A,ghosts,Ghost,openlibrary_OL20025618W,Fight the Empire,David Fentiman,"...he daring adventures of the crew of the Ghost, and their heroic struggle to free the..."
,A,ghosts,ghost,openlibrary_OL21126598W,Adoring Outlander,Valerie Estelle Frankel,"...ssays explores the series as romance, a ghost story, an epic journey, a cozy mystery,..."
,A,ghosts,Ghosts,openlibrary_OL2661425W,Ghosts from the nursery,"Robin Karr-Morse, Meredith S. Wiley","...f the growing wave of violent children, Ghosts from the Nursery presents startling new..."
,A,ghosts,haunting,openlibrary_OL2741692W,Parastoo,"Mihrī Yalfānī, Mehri Yalfani, Mihri Yalfani",...Parastoo is a haunting collection of stories and poems tracing...
,A,ghosts,ghost,openlibrary_OL3261643W,"Septimus Heap, Book Three",Angie Sage,"...ten room in the Palace, he releases the ghost of a Queen who lived five hundred years..."
,A,ghosts,haunting,openlibrary_OL4318294W,"The criminal spectre in law, literature and aesthetics",Peter Hutchings,...tions designed for its regulation. That haunting persists today in a popular fear of cri...
,A,ghosts,ghosts,openlibrary_OL5810954W,Made to be Broken,Kelley Armstrong,"...the present is to face her own painful ghosts--and either bury them for good, or die..."
,A,ghosts,Ghost,openlibrary_OL5817031W,Stranger Things Happen,Kelly Link,...Are Two-Thirds Water (2001) - Louise's Ghost (2001) - The Girl Detective (1999)...
,A,ghosts,ghost,openlibrary_OL8030481W,The Soul Stealer (Rogue Angel),Alex Archer,"...ssing. The locals blame the Khosadam, a ghost of a fallen goddess said to ingest the..."
,A,ghosts,ghost,openlibrary_OL8256900W,Star Trek The Next Generation - Starfleet Academy - Haunted Starship,"Brad Ferguson, Kathi Ferguson",".... The next night Geordi sees Ikushima's ghost, arm raised, pointing directly at him!..."
,A,ghosts,ghostly,openlibrary_OL83573W,Star Wars - Thrawn Trilogy - Dark Force Rising,Timothy Zahn,...can Council--only to discover instead a ghostly fleet of warships that could bring doom...
,A,ghosts,ghost,openlibrary_OL13819983W,And then there were gnomes,Colleen A. F. Venable,...her the hamster who believes there is a ghost in the pet shop....
,A,ghosts,ghosts,openlibrary_OL14909654W,The city of lost girls,"Declan Hughes, Declan Hughes",...ward-winning series.Ed Loy has laid his ghosts to rest. He's been back in his hometown...
,A,ghosts,Ghostly,openlibrary_OL14932022W,Dirk Bones and the mystery of the missing books,Doug Cushman,...er who is stealing books in the town of Ghostly....
,A,ghosts,ghost,openlibrary_OL15061171W,The Haunted Clock Tower Mystery,"Gertrude Chandler Warner, Hodges Soileau","...f a buried Civil War treasure, and of a ghost in the bell tower, at Goldwin Universit..."
,A,ghosts,ghost,openlibrary_OL15061242W,The Mystery on Blizzard Mountain,Gertrude Chandler Warner,"...tain, a place said to be inhabited by a ghost looking for buried treasure, they begin..."
,A,ghosts,ghostly,openlibrary_OL15082658W,The fourth adventure,"Baron Specter, Dustin Evans",...rm and soon find themselves part of its ghostly crew....
,A,ghosts,ghost,openlibrary_OL15082661W,The third adventure,"Baron Specter, Dustin Evans",...ghthouse inhabited by a very unfriendly ghost....
,A,ghosts,haunting,openlibrary_OL15597945W,Prey on Patmos,Jeffrey Siger,...brings him face-to-face with a scandal haunting the world's oldest surviving monastic c...
,A,ghosts,ghost,openlibrary_OL15916340W,No such thing as ghosts,Ursula Vernon,...may have to sacrifice their candy to a ghost....
,A,ghosts,Ghost,openlibrary_OL1796933W,The Triumphs of Eugène Valmont,Robert Barr,"...bizarre and operatic melodrama of 'The Ghost with the Club-Foot', Barr's stories del..."
,A,ghosts,Ghost,openlibrary_OL18161593W,Ghost month,Ed Lin,"...""August is Ghost Month in Taiwan--a time to commemorate..."
,A,ghosts,haunting,openlibrary_OL19338823W,"Where Are You Going, Baby Lincoln?",Kate DiCamillo,"...ng it herself-- Patrick Ness has spun a haunting and darkly funny novel of mischief, los..."
,A,ghosts,ghosts,openlibrary_OL19340497W,Himself: A Novel,"Jess Kidd, Jesse Kidd","...living and dead. Because in Mulderrig, ghosts can be just as chatty and opinionated a..."
,A,ghosts,haunting,openlibrary_OL19637081W,"Blood Will Out: The True Story of a Murder, a Mystery, and a Masquerade","Walter Kirn, Walter Kirn","...e Mr Ripley, taking us on a bizarre and haunting journey from the private club rooms of..."
,A,ghosts,ghosts,openlibrary_OL19982010W,One of us,Tawni O'Dell,"...st Creek, a town grappling with its own ghosts, and comes face-to-face with the town's..."
,A,ghosts,ghost,openlibrary_OL2005032W,Over my dead body,Kate Klise,"...y Dick Tater tries to ban Halloween and ghost stories, as well as to break up the pop..."
,A,ghosts,haunting,openlibrary_OL201031W,Severed,John Gilmore,...shell . . . an impenetrable mystery—the haunting crown jewel of LAPD’s “unsolved” murder...
,A,ghosts,ghost,openlibrary_OL20642141W,Oligarchy,Scarlett Thomas,"...nd drowned herself in the lake, and her ghost is said to haunt the dorms. But the gir..."
,A,ghosts,ghost,openlibrary_OL24267080W,The ghost and Mrs. Fletcher,Jessica Fletcher,"...ouse to catch a killer who hasn't got a ghost of a chance. Jessica's friend, Eve Simp..."
,A,ghosts,haunting,openlibrary_OL2478790W,Baroque reason,Christine Buci-Glucksmann,...The author also examines Baudelaire's haunting image of the city and its profound effe...
,A,ghosts,haunting,openlibrary_OL2910906W,Nothing was the same,Kay R. Jamison,"...uthor of An Unquiet Mind, an exquisite, haunting meditation on mortality, grief, and los..."
,A,ghosts,ghost,openlibrary_OL3279868W,Ottoline goes to school,Chris Riddell,"...ecial gift, Mr. Munro worries about the ghost that is said to haunt the school at nig..."
,A,ghosts,ghost,openlibrary_OL41371W,Mrs. Patty Is Batty!,Dan Gutman,...say she's a witch and her husband is a ghost. Is it worth A.J. risking his life for...
,A,ghosts,ghost,openlibrary_OL458047W,The cat who talked to ghosts,Lilian Jackson Braun,...Moose County? And does Qwilleran have a ghost of a chance of solving this haunting my...
,A,ghosts,ghost,openlibrary_OL5815857W,Troll Blood,Katherine Langrish,...ng his wits in fear that the dead man's ghost is following him. Harald has an uncontr...
,A,ghosts,ghost,openlibrary_OL5881881W,Indo dreaming,"Grant, Neil","...found.So Goog flies north, chasing the ghost of his dead friend. He hooks up with Ni..."
,A,ghosts,Ghostly,openlibrary_OL6813366W,The Ghostly Trio,Nancy Woollcott Smith,...oise like that in a deserted house? The Ghostly Trio has come to explore but this is to...
,A,ghosts,haunting,openlibrary_OL9207377W,Chasing the Devil,David Reichert,...ary Ridgway. It would be yet another 11 haunting years before forensic science could pro...
,A,ghosts,ghosts,openlibrary_OL11989744W,Locke 1928,Shawna Yang Ryan,"...nd the lives of the townspeople and the ghosts who haunt themLocke, CA, 1928— Three be..."
,A,ghosts,ghostly,openlibrary_OL15078694W,The thorne maze,Karen Harper,"...unted, the queen sets a trap to snare a ghostly murderer before he or she strikes again..."
,A,ghosts,haunting,openlibrary_OL15678757W,Amaryllis in Blueberry,Christina Meldrum,...table backdrop.** **Told through the haunting voices of Dick and Seena Slepy and thei...
,A,ghosts,ghostly,openlibrary_OL16617785W,Hard to have heroes,Buddy Mays,"...lost outlaw gold, Apache folk lore, and ghostly Spanish maidens, it is an irresistible..."
,A,ghosts,ghosts,openlibrary_OL17566621W,The Incident Kenneth MacLeod,Kenneth Macleod,...Certainly there are ghosts in these towers. For me they are the gh...
,A,ghosts,ghosts,openlibrary_OL17795215W,Haunted by the earl's touch,Ann Lethbridge,"...enigmatic earl. He is as remote as the ghosts that supposedly haunt the Abbey--and, l..."
,A,ghosts,ghostly,openlibrary_OL17883772W,Worthless men,Andrew Cowan,"...men at bay. And everywhere is Walter, a ghostly presence who watches as the girl he lov..."
,A,ghosts,haunting,openlibrary_OL18020188W,Town Is by the Sea,Joanne Schwartz,"...ining, this beautifully understated and haunting story brings a piece of Canadian histor..."
,A,ghosts,haunting,openlibrary_OL1838870W,Kingdom of Shadows,Barbara Erskine,...ress from the distant past. Troubled by haunting inexplicable dreams that terrify – but...
,A,ghosts,haunting,openlibrary_OL1927683W,City of the Sun,David Levien,"...uth that is, in turn, dangerous ... and haunting.Richly textured and crackling with susp..."
,A,ghosts,haunting,openlibrary_OL19991379W,See how small,Scott Blackwood,"...ackwood has surpassed himself with this haunting, beautiful, and enormously powerful new..."
,A,ghosts,ghosts,openlibrary_OL20054931W,A Rising Man,Abir Mukherjee,"...ment to acclimatize or to deal with the ghosts that still haunt him, Wyndham is caught..."
,A,ghosts,Ghost,openlibrary_OL20058639W,Dancing with death,Amy Myers,...fancy dress ball followed by a midnight Ghost Hunt -- and chef Nell Drury knows she's...
,A,ghosts,ghosts,openlibrary_OL23538W,In pursuit of the green lion,Judith Merkle Riley,"...us noblemen, scheming ladies, truculent ghosts, and a steady stream of challenges plag..."
,A,ghosts,ghosts,openlibrary_OL24308813W,The wolves of St. Peter's,Gina Buonaguro,...d from the hills to stalk the city like ghosts. As Francesco follows the deepening mys...
,A,ghosts,haunting,openlibrary_OL272316W,Sons of Heaven,Terrence Cheng,...ackdrop of one of modern history's most haunting events: the Tiananmen Square massacre....
,A,ghosts,haunting,openlibrary_OL2729120W,Full Circle,Michael Thomas Ford,...Francisco in the wild seventies to the haunting spectre of AIDS in the eighties and the...
,A,ghosts,Ghost,openlibrary_OL2814354W,The Ghost Pirate,Julianna Bethlen,...The Ghost Pirate demands the royal treasures and...
,A,ghosts,haunting,openlibrary_OL3566827W,Priceless,Christina Dodd,"...Betrothed to Adam, a man branded by his haunting past, Bronwyn soon found herself at the..."
,A,ghosts,haunting,openlibrary_OL3871246W,For Valour,Douglas Reeman,"...survived, and crimson ribbon remains a haunting symbol of the sacrifice of ship and men..."
,A,ghosts,haunting,openlibrary_OL4627751W,Nightsong (Song #3),Valerie Sherwood,"...tirs his blood anew or lose forever the haunting, faint refrain of their . . . NIGHTSONG..."
,A,ghosts,haunting,openlibrary_OL548906W,The Greener Shore,Morgan Llywelyn,"...At last, the haunting sequel to Morgan Llywelyn's phenomenal..."
,A,ghosts,haunting,openlibrary_OL5731230W,The Harmony Silk Factory,Tash Aw,...fe of an enigmatic man at a pivotal and haunting moment in Malaysian history. The author...
,A,ghosts,ghost,openlibrary_OL57513W,Halloween Pie,Michael O. Tunnell,...Halloween pie for vampire and ghoul and ghost and banshee to enjoy....
,A,ghosts,ghost,openlibrary_OL669270W,With love from Booky,Bernice Thurman Hunter,"...n ever -- sneaking into a show, telling ghost stories and scaring the daylights out o..."
,A,ghosts,ghosts,openlibrary_OL8953594W,Mary,Janis Cooke Newman,"...erself who found me. She did believe in ghosts, after all. A few years back, on a visi..."
,A,ghosts,ghosts,openlibrary_OL9169466W,Highlander Unchained,Monica McCarty,...-even as the lingering curse and deadly ghosts of a past tragedy reach out to thwart a...
,A,ghosts,ghosts,openlibrary_OL115402W,On the run,Iris Johansen,"...idyllic home, the waiting is over. The ghosts of the past have returned. And they're..."
,A,ghosts,haunting,openlibrary_OL12079W,The Lake of Darkness,Ruth Rendell,"...od deed goes unpunished to a startling, haunting conclusion...."
,A,ghosts,ghostly,openlibrary_OL15082659W,The second adventure,"Baron Specter, Dustin Evans",...ay and soon find themselves part of its ghostly crew....
,A,ghosts,ghostly,openlibrary_OL15082660W,The sixth adventure,"Baron Specter, Dustin Evans","...nn, Massachusetts, Joey and Tank follow ghostly pirates into a cave that Joey's uncle t..."
,A,ghosts,Ghost,openlibrary_OL15181136W,Tom Clancy's Ghost Recon,"Tom Clancy, Peter Telep",...n the face of the earth—the soldiers of Ghost Recon....
,A,ghosts,Ghost,openlibrary_OL16086781W,Kill Me If You Can,"James Patterson, Marshall Karp","...d Central Station and is pursued by the Ghost, an assassin who had murdered the bag's..."
,A,ghosts,ghost,openlibrary_OL16183969W,Friends with boys,Faith Erin Hicks,...peers is complicated by the melancholy ghost that has followed her throughout her en...
,A,ghosts,poltergeist,openlibrary_OL16604681W,I date dead people,Ann Kerns,"...old Victorian house unearths a teenaged poltergeist who falls in love with Nora, causing mo..."
,A,ghosts,Haunting,openlibrary_OL16726730W,The girl on the cliff,"Lucinda Riley, Lucinda Riley","...pell and unlock the chains of the past. Haunting, uplifting and deeply moving, Aurora's..."
,A,ghosts,ghostly,openlibrary_OL17186024W,The Hound of the Baskervilles [adaptation],"Ian Edginton, Ian Culbard",...the late Sir Charles Baskerville and a ghostly hound....
,A,ghosts,haunting,openlibrary_OL17356858W,And After the Fire,Lauren Belfer,...hind a cryptic note that alludes to his haunting WWII experience as an Allied soldier in...
,A,ghosts,Ghosts,openlibrary_OL17847058W,The Smurflings,Peyo,"...lion on Puppy's collar, help the Little Ghosts, and deal with a pesky bird...."
,A,ghosts,haunting,openlibrary_OL19722216W,The disappearance of Adèle Bedeau,"Graeme Macrae Burnet, Raymond Brunet","...ze Finalist, His Bloody Project comes a haunting literary mystery and engrossing psychol..."
,A,ghosts,haunting,openlibrary_OL19741395W,Shadow child,Rahna R. Rizzuto,"...""A haunting and suspenseful literary tale set in 19..."
,A,ghosts,ghosts,openlibrary_OL19991372W,Wolf winter,"Cecilia Ekbäck, Cecilia Ekbäck","...er, is unconvinced and compelled by the ghosts of her past she determines to investiga..."
,A,ghosts,Ghost,openlibrary_OL20007260W,Great Pacific,Joe Harris,"...ssey. From acclaimed writer Joe Harris (Ghost Projekt, Spontaneous) and artist Martin..."
,A,ghosts,ghosts,openlibrary_OL20028060W,Agony,Mark Beyer,"...They are menaced by bears, beheaded by ghosts, and hunted by the cops, but still they..."
,A,ghosts,haunting,openlibrary_OL20746197W,Catherine House,Elisabeth Thomas,"...mysterious curriculum. Combining the haunting sophistication and dusky, atmospheric s..."
,A,ghosts,haunting,openlibrary_OL20794698W,Desert Boys,Chris McCormick,"...into cities, of boys into men, and the haunting effects produced when the two transform..."
,A,ghosts,haunting,openlibrary_OL20895762W,Egghead,Karla Oceanak,...d a mysterious man with yellow eyes was haunting my neighborhood. Talk about eerie! Then...
,A,ghosts,Ghost,openlibrary_OL21287890W,Justice League,"John Sazaklis, Steve Foxe",...stivities turn frightful when Gentleman Ghost awakens the undead monster Solomno Grun...
,A,ghosts,ghost,openlibrary_OL3232017W,Crossed bones,Carolyn Haines,"...eeps up a running conversation with the ghost of her great-great-grandmother's nanny,..."
,A,ghosts,ghosts,openlibrary_OL503324W,The Notorious Dr. August,Christopher Bram,"...a clairvoyant pianist who communes with ghosts, and who finds meaning in his life thro..."
,A,ghosts,ghosts,openlibrary_OL548292W,A Gentleman By Any Other Name,Kasey Michaels,...swept coast of Romney Marsh...where the ghosts of his childhood still linger.Newly hir...
,A,ghosts,haunting,openlibrary_OL5734167W,Winter in Madrid,C. J. Sansom,"...tlefields of the Jarama. In a vivid and haunting depiction of wartime Spain, Winter in M..."
,A,ghosts,ghost,openlibrary_OL5825195W,Rainy-day music,Judith Jensen Hyde,"...nlivens a boring, rainy day by playing ""ghost fiddle,"" a musical activity involving w..."
,A,ghosts,haunting,openlibrary_OL5957137W,Your Mouth Is Lovely,Nancy Richler,"...m she gave up at birth, Miriam weaves a haunting tale of life in a small Jewish village..."
,A,ghosts,ghosts,openlibrary_OL6214252W,When the Elephants Dance,Tess Uriza Holthe,"...ries, which feature a dazzling array of ghosts, witches, supernatural creatures, and c..."
,A,ghosts,Ghost,openlibrary_OL8992752W,Koukaku Kidoutai 1.5,Masamune Shirow,...Ghost in the Shell 1.5: Human-Error Processor...
,A,ghosts,haunting,openlibrary_OL1325745W,Seven Gothic tales,Isak Dinesen,...stic of the modern short story with the haunting mystery of the nineteenth-century Gothi...
,A,ghosts,Ghost,openlibrary_OL14848808W,The ghost wagon and other great western adventures,Frederick Faust,...The Ghost Wagon and Other Great Western Adventure...
,A,ghosts,ghost,openlibrary_OL14851371W,The serial garden,Joan Aiken,"...e airing cupboard, Latin lessons with a ghost, furious Furies on the doorstep, and an..."
,A,ghosts,ghosts,openlibrary_OL14958934W,Asimov's Ghosts,"Isaac Asimov, Martin H. Greenberg, Charles Waugh, Montague Rhodes James, Richard Middleton, Madeleine L'Engle, Ray Bradbury, Arthur Quiller-Couch, Richard Matheson, Edward Page Mitchell, Edward Lucas White, Ellen Anderson Gholson Glasgow, H. F. Brinsmead, Howard Goldsmith, Anne Serling, Rod Serling",...Includes twelve tales involving young ghosts by a variety of authors: Lost Hearts...
,A,ghosts,ghosts,openlibrary_OL15105421W,"The Ghost of John Wayne, and Other Stories","Ray Gonzalez, Ray González","...ss, history and amnesia, haunted by the ghosts of the oppressed and the forgotten, who..."
,A,ghosts,Ghost,openlibrary_OL15825924W,Detection by Gaslight,"Douglas G. Greene, Arthur Conan Doyle, Arthur Morrison, Catherine Louisa Pirkis, Rudyard Kipling, Headon Hill, Emma Orczy, George Robert Sims, R. Austin Freeman, L. T. Meade, Robert Eustace, Silas K. Hocking, Gilbert Keith Chesterton, Robert W. Chambers, Jacques Futrelle, E. Heron, H. Heron",...he lost foreigner / Arthur Morrison -- Ghost of Fountain Lane / Catherine L. Pirkis...
,A,ghosts,ghost,openlibrary_OL17081004W,The Assassination of Margaret Thatcher,Hilary Mantel,...humor in each story--which range from a ghost story to a vampire story to near-memoir...
,A,ghosts,ghost,openlibrary_OL176740W,The Supernatural in Fiction,Peter Penzoldt,"...al tales, on various motifs such as the ghost, the vampire, the werewolf, the witch,..."
,A,ghosts,Ghosts,openlibrary_OL17681758W,Sherlock Holmes in America,"Martin H. Greenberg, Daniel Stashower, Jon L. Lellenberg, Lyndsay Faye, Lloyd Rose, Steve Hockensmith, Robert Pohle, Loren D. Estleman, Victoria Thompson, Gillian Linscott, Bill Crider, Paula Cohen, Matthew Pearl, Carolyn Wheat, Jon L. Breen, Michael Walsh, Christopher Redmond, Arthur Conan Doyle",...Warburton's madness / Lyndsay Faye -- Ghosts and the machine / Lloyd Rose -- Exerpt...
,A,ghosts,Spectral,openlibrary_OL17848092W,Philan's Way,David J Warren,"...t, manipulative), Willan (an Aboriginal Spectral tracker), Tilly (a tuff female station..."
,A,ghosts,ghost,openlibrary_OL17861953W,Bark,"Lorrie Moore, L'Olivier","...Juniper Tree,” a teacher visited by the ghost of her recently deceased friend is forc..."
,A,ghosts,ghost,openlibrary_OL1800776W,The ghost of Camp Whispering Pines,Susan Korman,...scavenger hunt that may lead them to a ghost....
,A,ghosts,ghosts,openlibrary_OL18150385W,"Agatha, girl of mystery",Maya Gold,...umors of ancient curses and mischievous ghosts surround the disappearance of a pricele...
,A,ghosts,Ghost,openlibrary_OL18182178W,Goosebumps - Vanishing collection,Robert Lawrence Stine,"...nd, The Streets of Panic Park, When the Ghost Dog Howls, Little Shop of Hamsters, Hea..."
,A,ghosts,ghost,openlibrary_OL1819841W,Dreams Underfoot,Charles de Lint,"...ie, playing fiddle while he dreams of a ghost; and the Angel of Grasso Street gatheri..."
,A,ghosts,haunting,openlibrary_OL1826040W,Infidelities,Josip Novakovich,...assion she cannot find release from the haunting memories of her homeland. These stories...
,A,ghosts,haunting,openlibrary_OL1965328W,A chain of voices,"André Philippus Brink, Andre Brink","...bsalom, Absalom!; it is a beautiful and haunting illustration of racism’s plague on Sout..."
,A,ghosts,ghost,openlibrary_OL19669894W,The people in the castle,"Joan Aiken, Lizza Aiken, Kelly Link","...he creak upstairs, that half-remembered ghost story that won't let you sleep, the sou..."
,A,ghosts,haunting,openlibrary_OL19704951W,The corpse exhibition,Ḥasan Balāsim,"...asim offers us a pageant of horrors, as haunting as the photos of Abu Ghraib and as diff..."
,A,ghosts,haunting,openlibrary_OL1976837W,Elijah visible,Thane Rosenbaum,"...Posner, Rosenbaum reveals, through the haunting cadences of his fiction, that we all re..."
,A,ghosts,ghost,openlibrary_OL19996186W,Barefoot dogs,Antonio Ruiz-Camacho,"...ving streets, in search of his father's ghost. Multiple award-winning author Antonio..."
,A,ghosts,ghost,openlibrary_OL20637578W,Dead man walking,Ethan Flagg,"...st, but Fate steps in, in the form of a ghost from the past...."
,A,ghosts,ghosts,openlibrary_OL24709212W,The midnight ghosts,Jane Bingham,...family home is haunted but what are the ghosts trying to tell Adam and Sally....
,A,ghosts,Ghost,openlibrary_OL24720952W,The ghost horse,Les Savage,"...In ""The Ghost of Jean Lafitte,"" Ernie Denvers is runn..."
,A,ghosts,haunting,openlibrary_OL263111W,Buying a Fishing Rod for My Grandfather,Gao Xingjian,"...the fragility of love and life, and the haunting power of memory, are beautifully unveil..."
,A,ghosts,ghost,openlibrary_OL26445941W,Glory hole,"Reece, Terry Captain","...visible, Judd is convinced it exists, a ghost of things past. He needs to find a way..."
,A,ghosts,haunting,openlibrary_OL2737376W,Samuel Johnson is indignant,"Lydia Davis, Victor Úbeda, Victor Úbeda","...st), ""Strong, seemingly effortless, and haunting work"" (Kirkus Reviews), and ""Amazing"" (..."
,A,ghosts,haunting,openlibrary_OL2953350W,Concrete candy,Apollo,"...ult is this collection of six powerful, haunting tales of boys dangerously adrift in the..."
,A,ghosts,Ghost,openlibrary_OL2989328W,Bodies of the Dead and Other Great American Ghost Stories,"David G. Hartwell, Edith Wharton, Arlo Bates, Harvey, Alexander, Peattie, Elia Wilkinson, Willa Cather, Francis Marion Crawford, Nathaniel Hawthorne, Lafcadio Hearn, G. Ranger Wormser, Harriet Elizabeth Prescott Spofford, Julian Hawthorne, Ambrose Bierce, Edgar Allan Poe",...rfol by Edith Wharton The Intoxicated Ghost by Arlo Bates The Golden Rat by Alex...
,A,ghosts,ghost,openlibrary_OL3529019W,JUMP UP AND SAY,Linda Goss,"...re are family stories and moral fables, ghost stories and tales rich in humor, as wel..."
,A,ghosts,ghost,openlibrary_OL3943077W,Revenge of the Mooncake Vixen,Marilyn Chin,"...references classical Chinese tales and ghost stories that are by turns sensual, luri..."
,A,ghosts,ghost,openlibrary_OL4164508W,Crime for Christmas,Richard Dalby,...ristmas tragedy / Agatha Christie The ghost's touch / Fergus Hume The grotto / Pa...
,A,ghosts,Haunting,openlibrary_OL455342W,The Minister's Black Veil,Nathaniel Hawthorne,...//openlibrary.org/works/OL455617W) - [Haunting Tales](https://openlibrary.org/works/OL...
,A,ghosts,Ghosts,openlibrary_OL458044W,Novels,Lilian Jackson Braun,"...In The Cat Who Talked to Ghosts, Qwill must investigate the death of hi..."
,A,ghosts,ghost,openlibrary_OL4621929W,Gus was a Mexican ghost,Jane Thayer,...The adventures of Gus the ghost who takes a trip to Mexico....
,A,ghosts,ghost,openlibrary_OL5961311W,Women in the grove,Paula W. Peterson,"...man soul. Cherry physically battles the ghost of her ex-husband, Duane, who appears i..."
,A,ghosts,ghost,openlibrary_OL7025345W,The stolen spoon mystery,Irene Bowen,...of all a haunted house complete with a ghost. When Renie's mother states her plan to...
,A,ghosts,ghost,openlibrary_OL7138711W,The sea-green horse,"Barbara Howes, Barbara, Comp. Howes, Barbara Howes, John Steinbeck, Jack London, Ray Bradbury, Ambrose Bierce, William Faulkner",...a fire / Jack London -- The night the ghost got in / James Thurber -- The fog horn...
,A,ghosts,ghost,openlibrary_OL84920W,Vixen 03,"Clive Cussler, Anibal Leal Fernández","...icate matters further, the World War II ghost ship bearing the catastrophic warheads..."
,A,ghosts,ghosts,openlibrary_OL11876770W,Submission,Cherie Feather,...i and Ethan's erotic obsession. But the ghosts of the past are not at rest. They've be...
,A,ghosts,ghosts,openlibrary_OL15176282W,Skin on Skin,Sunny,...for two strangers looking to banish the ghosts in their pasts. But more than their ski...
,A,ghosts,haunting,openlibrary_OL16137183W,Bastian,Elizabeth Amber,"...an Satyr. Out of nowhere, a mysterious, haunting voice calls out to him... and lures him..."
,A,ghosts,haunting,openlibrary_OL17450616W,A Night of No Return,Sarah Morgan,...ycoon Lucas Jackson escape his dark and haunting past. Arriving at his rural castle in a...
,A,ghosts,ghosts,openlibrary_OL17575521W,Complete Me A Novel,Julie Kenner,"...y. Yet not even Damien can run from his ghosts, or shield Nikki from the dangers yet t..."
,A,ghosts,Ghost,openlibrary_OL175978W,Nights of Terror,Steve Frazee,...e taken to posting a night guard at Big Ghost Basin. These guards are being killed --...
,A,ghosts,ghost,openlibrary_OL19417430W,The Phantom Strikes,Walt Keene,...padres are satisfied they have laid the ghost to rest. But when a mortally wounded ma...
,A,ghosts,haunting,openlibrary_OL19996020W,Love hotel,Jane Unrue,"...mysterious couple, a woman embarks on a haunting search for a stranger (a child? somebod..."
,A,ghosts,ghosts,openlibrary_OL20882738W,The golden locket,Primula Bond,"...y enjoy their New York pleasure ground, ghosts start to emerge from Gustav's past, and..."
,A,ghosts,ghosts,openlibrary_OL20893536W,Pierced - Lucian & Lia 1,Sydney Landon,"...seeing a kindred soul in the other. As ghosts from their past rise to haunt them, the..."
,A,ghosts,Ghost,openlibrary_OL21223388W,Ghost riders at Shotgun Bluffs,Robert Anderson,"...Zak Carter was a boy when the Ghost Riders arrived on the bluffs, shot down..."
,A,ghosts,ghost,openlibrary_OL21420005W,Ghost Town Belles,Chap O'Keefe,...lusive ex-miner who lives in a mountain ghost town where he keeps captive his two bea...
,A,ghosts,ghosts,openlibrary_OL21766555W,Glimmer,Beth Kery,...at are starting to haunt Alice. And the ghosts of the truth might tear Dylan and Alice...
,A,ghosts,Ghost,openlibrary_OL22645301W,Heart of danger,Lisa Marie Rice,"...c"" McEnroe, Team Leader of the betrayed Ghost Ops force, is the most dangerous thing..."
,A,ghosts,haunting,openlibrary_OL24250384W,Being me,Lisa Renee Jones,"...Merit, Sara must face a past as deeply haunting as Rebecca's written words. In one man'..."
,A,ghosts,ghosts,openlibrary_OL25688429W,Pivot and Slip,Lilah Suzanne,"...ealing of his own to do. Faced with the ghosts of his athletic aspirations, can Jack r..."
,A,ghosts,ghost,openlibrary_OL2630220W,Midnight Butterfly,Joan Elizabeth Lloyd,"...ther, it introduces her to the charming ghost of a flamboyant, warm-hearted professio..."
,A,ghosts,ghosts,openlibrary_OL26431125W,Texas Winter,RJ Scott,"...**Riley Hayes thought he'd left the ghosts of his past behind, but fate had other..."
,A,ghosts,ghostly,openlibrary_OL4275656W,Midnight Confessions,Bonnie Edwards,"...…oh my. But in fact, they do, and their ghostly tales of amorous encounters are awakeni..."
,A,ghosts,ghosts,openlibrary_OL4275657W,Midnight Confessions II,Bonnie Edwards,"...house comes with the bawdy, opinionated ghosts of the women who once worked there. Fay..."
,A,ghosts,ghost,openlibrary_OL5966025W,A History of Barbed Wire,Jeff Mann,"...ture tormented characters: the sadistic ghost of a Confederate soldier, a yearning fo..."
,A,ghosts,Ghost,openlibrary_OL748785W,Ernesto's ghost,Edward Gonzalez,"...op of real people and events, Ernesto's Ghost is more than an espionage thriller or h..."
,A,ghosts,ghost,openlibrary_OL8028908W,Cinderella Search,Judy Griffith Gill,...n is haunted. But if she thinks playing ghost would scare off the ruthless resort mag...
,A,ghosts,ghostly,openlibrary_OL8488776W,Take Me There,P.F. Kozak,"...oung doctor who saved her, and Vadim, a ghostly lover from another time, she’s about to..."
,A,ghosts,haunting,openlibrary_OL8777027W,Wild instinct,Sarah McCarty,"...a problem, yet this time his prey is a haunting woman possessing terrible secrets—and l..."
,A,ghosts,ghosts,openlibrary_OL8967338W,PsyCop,Jordan Castillo Price,"...ople consider him a little odd, but the ghosts of violent crimes can't wait to tell hi..."
,A,ghosts,Ghost,openlibrary_OL9031992W,Devil's Range,Skeeter Dodds,"...ife of drifting, Caleb makes his way to Ghost Creek, full of optimism, only to find h..."
,A,ghosts,ghosts,openlibrary_OL9225351W,Angel's Share,Maya Hess,"...n desire for sexual freedom, she fights ghosts from her past to discover the true iden..."
,A,ghosts,Ghost,openlibrary_OL11381732W,Pay Dirt,Erle Stanley Gardner,"...of the real hi-graders? >""Law of the Ghost Town"" is a story about personalities, p..."
,A,ghosts,ghost,openlibrary_OL14914053W,Nightrose,Dorothy Garlock,"...only people left in a desolate Montana ghost town. Without a horse or a rifle, they..."
,A,ghosts,haunting,openlibrary_OL15859239W,Monument Rock,Louis L'Amour,"...o drive her from her home....And in the haunting short novel Monument Rock, a shadowy ho..."
,A,ghosts,ghosts,openlibrary_OL17442337W,The Ghost Of Apache Creek A Ralph Compton Novel,Joseph A. West,"...streets, the only folks left behind are ghosts, including Marshal Sam Pace. Even thoug..."
,A,ghosts,ghost,openlibrary_OL17725632W,Spirit of steamboat,"Johnson, Craig",...ember 24th when he's interrupted by the ghost of Christmas past: a young woman with a...
,A,ghosts,ghost,openlibrary_OL17800436W,The secret of Lodestar,Tim Champlin,...s his prey to the hidden treasure--in a ghost town called Lodestar....
,A,ghosts,ghost,openlibrary_OL17842868W,The long high noon,Loren D. Estleman,...hrough the Old West--through soon-to-be ghost towns and major cities; cattle ranches...
,A,ghosts,ghost,openlibrary_OL17874798W,The Valley of Dry Bones,Arthur Henry Gooden,"...am in the valley, turning Alamos into a ghost town and destroying the Bar Chaine Ranc..."
,A,ghosts,ghosts,openlibrary_OL1896467W,The coming of the kid,Oakley Hall,"...s and Frenchmen named Frenchie, and the ghosts of some wonderful characters that A b..."
,A,ghosts,Ghost,openlibrary_OL19654632W,The high rocks,Loren D. Estleman,"...prehending the renegade Cheyenne leader Ghost Shirt, who is responsible for several m..."
,A,ghosts,ghost,openlibrary_OL19981760W,Jailhouse glock,Liz Lipperman,"...ramed for murder, her three sisters and ghost of her fourth sister team up to clear M..."
,A,ghosts,Ghost,openlibrary_OL20026408W,Cape Hell,Loren D. Estleman,"...n a steam train named ""El Espanto""--The Ghost. With only Hector Cansado, an engineer..."
,A,ghosts,ghostly,openlibrary_OL20913975W,The prairie man,I. J. Parnham,...Temple Kennedy and Hank Pierce ignored ghostly warnings about the 'Prairie Man' and co...
,A,ghosts,ghost,openlibrary_OL20941402W,Lone hand,Theodore V. Olsen,...ychological depth. Jason's Journal is a ghost story of passion and betrayal set on th...
,A,ghosts,haunting,openlibrary_OL21259247W,Moving On,Jane Candia Coleman,"...rage on the American Frontier. From the haunting story of the night Billy the Kid died,..."
,A,ghosts,Ghost,openlibrary_OL21446022W,Range of terror,Billy Hall,"...unseen but deadly menace, known as the 'Ghost Dog', which had left a trail of dead an..."
,A,ghosts,ghost,openlibrary_OL22094365W,Longshot,C. J. Sommers,...traced. And who better to take on this ghost hunt than the tenacious Laredo?...
,A,ghosts,ghost,openlibrary_OL24283238W,Lone hand,T. V. Olsen,...ychological depth. Jason's Journal is a ghost story of passion and betrayal set on th...
,A,ghosts,ghosts,openlibrary_OL2591377W,Ghosts of the Green Swamp,Lee Gramling,...forces behind the local legends of the ghosts and witches of the swamp. This Cracker...
,A,ghosts,ghosts,openlibrary_OL27057835W,The Cherokee Strip /‡cDusty Richards,Dusty Richards,...they've been searching for? Or will the ghosts of the past burn it all to bitter ashes...
,A,ghosts,ghost,openlibrary_OL2947751W,Bad boys and black sheep,Robert Gish,...e contemporary California coast and the ghost-haunted hills of Oklahoma Indian Territ...
,A,ghosts,ghost,openlibrary_OL3282215W,The Wages of Sin (The Ash Tallman Series),Matt Braun,...in Texas is on the brink of becoming a ghost town. That's when it's time to call in...
,A,ghosts,ghosts,openlibrary_OL3341720W,The signal,"Carlson, Ron., Ron Carlson",...d stunning mountains of Wyoming full of ghosts and danger. Mack comes from a long line...
,A,ghosts,ghosts,openlibrary_OL3698077W,Lightning,Fred Stenson,"...e once left for dead. Harrowed along by ghosts of murder and loss, by walls of wind an..."
,A,ghosts,haunting,openlibrary_OL50944W,Trouble Shooter,Louis L'Amour,...confronts a mystery as hellish as it is haunting--a bloody trail that leads to the stran...
,A,ghosts,Ghost,openlibrary_OL51030W,The outlaws of Mesquite,Louis L'Amour,...ward because he was afraid of the bronc Ghost Maker—until he showed them the true col...
,A,ghosts,ghosts,openlibrary_OL5717240W,The fast red road,Stephen Graham Jones,"...habits a world of illusion - of aliens, ghosts, telekinesis, and water-pistol violence..."
,A,ghosts,haunting,openlibrary_OL58295W,God's country,"Percival L. Everett, Madison Smartt Bell","...prairie. God's Country is hilarious and haunting by turns, a slam-bang parable of the wa..."
,A,ghosts,ghost,openlibrary_OL999565W,Border bravados,Jon Sharpe,"...enesis, all that's left is a burned-out ghost town, thanks to a sadistic gang leader..."
,A,ghosts,ghost,openlibrary_OL999585W,Trailsman 151,Robert J. Randisi,"...and a renegade Indian who moved like a ghost and killed like a fiend, turning the bu..."
,A,ghosts,ghost,openlibrary_OL999589W,Dakota Prairie Pirates,Robert J. Randisi,...ories-they want him to find a long-dead ghost town where a priceless treasure awaits....
,A,ghosts,haunting,hardcover_108263,Citadel,Kate Mosse,"...the rugged action of Labyrinth with the haunting mystery of Sepulchre, #1 bestselling au..."
,A,ghosts,haunting,hardcover_134159,Limitless,Alan Glynn,"...t thriller for this Adderall age, and a haunting meditation on the allure and the curse..."
,A,ghosts,ghosts,hardcover_1369635,Creation's Captive,Melody Joanne,"...Vivian, a young woman who can see ghosts, and Leon, a ""Destroyer"" creature taske..."
,A,ghosts,ghost,hardcover_2189750,The Girl with a Thousand Faces,Sunyi Dean,"...me in Kowloon Walled City, an infamous, ghost-infested slum full of lost and traumati..."
,A,ghosts,ghosts,hardcover_244089,The Ghosts of Belfast,Stuart Neville,"...an, a former IRA hit man haunted by the ghosts of the 12 people he killed, realizes th..."
,A,ghosts,ghosts,hardcover_428356,The Rose Garden,Susanna Kearsley,"...er time. But Eva must confront her own ghosts, as well as those of long ago. As he be..."
,A,ghosts,Haunting,hardcover_445030,"Monster, She Wrote","Lisa Kröger, Melanie R. Anderson","...rangest tales, from Frankenstein to The Haunting of Hill House and beyond. Frankenstein..."
,A,ghosts,haunting,hardcover_449263,A Man Lies Dreaming,Lavie Tidhar,"...to a novel both shocking and profoundly haunting."" --..."
,A,ghosts,ghost,hardcover_459205,Hide Me Among the Graves,Tim Powers,"...reets of Victorian London, the vampiric ghost of John Polidori, the onetime physician..."
,A,ghosts,ghost,hardcover_474098,Snake Agent,Liz Williams,"...t"" Chen finds himself in hot pursuit of ghost-girl, Pearl Tang, and the father who mu..."
,A,ghosts,ghost,hardcover_48745,The Photograph,Penelope Lively,"...ing looks and casual ways, moves like a ghost through the memories of everyone who kn..."
,A,ghosts,haunting,hardcover_555662,The House at the Edge of Night,Catherine Banner,"...rials and sacrifice, this beautiful and haunting novel follows the lives of the Esposito..."
,A,ghosts,haunting,hardcover_61318,Beneath the Dark Ice,Greig Beck,"...nergy source, only specters of the dead haunting the tunnels. But soon they will discove..."
,A,mermaids,mermaids,openlibrary_OL18182595W,A mischief of mermaids,Suzanne Harper,"...avis who look and act suspiciously like mermaids, which she knows do not exist...."
,A,mermaids,mermaids,openlibrary_OL27849219W,We Won't Be Here Tomorrow,Margaret Killjoy,"...Spaceships, man-eating mermaids, swords, demons, ghouls, thieves, hitch..."
,A,mermaids,merman,openlibrary_OL5357363W,Literature as Art,"Ralph A. Britsch, Todd A Britch, Gail W. Bell, Όμηρος, William Shakespeare, Edgar Allan Poe, Nathaniel Hawthorne, Mark Twain, George Bernard Shaw, Антон Павлович Чехов, James Joyce",...ight / Robert Browning -- The forsaken merman / Matthew Arnold -- Dover Beach / Matt...
,A,mermaids,mermaid,openlibrary_OL15049633W,La Petite Sirene (French Well Loved Tales),"Hans Christian Andersen, Yayoi Kusama, Bernadette Watts","...incess, longing to be human, trades her mermaid's tail for legs, hoping to win the love..."
,A,mermaids,mermaid,openlibrary_OL18155012W,Classics of children's literature. Third edition,"Griffith, John W., Charles H. Frey, Charles Dickens, Lewis Carroll, Mark Twain, Laura Ingalls Wilder",...: A tale in seven stories ; The little mermaid ; The princess and the pea ; The tinder...
,A,mermaids,mermaids,openlibrary_OL19977098W,Treasure in Trident City,Debbie Dadey,"...eparing for a unit on storytelling, the mermaids of Trident Academy learn of a legendary..."
,A,mermaids,Mermaid,openlibrary_OL25397W,Fairy Tales and Stories,Hans Christian Andersen,"...The Emperor's New Clothes', 'The Little Mermaid', 'The Ice Maiden', 'The Red Shoes', 'T..."
,A,mermaids,mermaid,openlibrary_OL5816038W,My New Best Friend,Julie Bowe,"...od. When the friends discover a magical mermaid night-light that seems to grant wishes,..."
,A,mermaids,merman,openlibrary_OL16695001W,River road,Suzanne Johnson,"...lling the wizards. Is it a malcontented merman, the naughty nymph, or some other critt..."
,A,mermaids,Mermaid,openlibrary_OL17355446W,Bay of Sighs,Nora Roberts,".... Mermaid Annika is from the sea, and it is there..."
,A,mermaids,mermaid,openlibrary_OL17565881W,Sirens Desire                            Dark Tides Novel,Devyn Quinn,"...While fighting for their lives, three mermaid sisters must battle dark and forbidden..."
,A,mermaids,merman,openlibrary_OL17875417W,Wrecked,Anna Davies,"...-old Miranda meets Christian, a sort of merman who saved her life but was then charged..."
,A,mermaids,Mermaid,openlibrary_OL17877323W,Sink or swim,Sarah Mlynowski,...nd themselves interfering in the Little Mermaid story--and needing to set things right...
,A,mermaids,mermaid,openlibrary_OL20007383W,Amphitrite the bubbly,"Joan Holub, Suzanne Williams",...When a mermaid named Amphitrite arrives at Mount Olymp...
,A,mermaids,mermaid,openlibrary_OL2696034W,The Islands of the Blessed,Nancy Farmer,...ont the malevolent spirit of a vengeful mermaid and begin a quest that casts them among...
,A,mermaids,mermaids,openlibrary_OL36165W,"20,000 baseball cards under the sea",Jon Buller,...ere a cache of old loot gathered by the mermaids turns out to contain a lot of very valu...
,A,mermaids,Mermaid,openlibrary_OL9172346W,Pichi pichi pitch,"Pink Hanamori, Michiko Yokote",...Mermaid princess Lucia Nanami has survived seve...
,A,mermaids,mermaid,openlibrary_OL111420W,"Catherine, Amanda and Lilah",Nora Roberts,...in must have hallucinated the beautiful mermaid who came to his rescue. But Lilah was n...
,A,mermaids,mermaids,openlibrary_OL811649W,Illustrations of the fairy mythology of A midsummer night's dream,James Orchard Halliwell-Phillipps,"...ies, giants, gnomes, goblins, griffins, mermaids, talking animals, trolls, unicorns, or..."
,A,mermaids,mermaid,openlibrary_OL12284356W,Pichi pichi pitch,"Pinku Hanamori, Pink Hanamori, Michiko Yokote","...rage, but they have a secret. They are mermaid princesses living among humans to searc..."
,A,mermaids,mermaids,openlibrary_OL16597018W,Above World (Above World #1),Jenn Reese,"...cation the Coral Kampii, like legendary mermaids, live isolated from the Above World, bu..."
,A,mermaids,mermaid,openlibrary_OL15836321W,The fish in Room 11,Heather Dyer,"...When his friendship with Eliza and her mermaid parents arouses suspicion, he tries to..."
,A,mermaids,mermaid,openlibrary_OL20054345W,Goldie Vance,Hope Larson,"...rced her dad years ago, works as a live mermaid at a club downtown. Goldie has an insat..."
,A,mermaids,mermaid,openlibrary_OL55320W,Sirena,Donna Jo Napoli,"...if they can win a man's love, Sirena's mermaid sisters use their silvery voices to lur..."
,A,mermaids,mermaids,openlibrary_OL15153534W,Swim to me,Betsy Carter,"...nstant repairs, bills, and mischievous ""mermaids,"" but everyone's luck takes a turn for..."
,A,mermaids,merman,openlibrary_OL16495568W,Poseidon,George O'Connor,"...they are. The winged horse Pegasus, the merman Triton, the one-eyed giant Polyphemus,..."
,A,mermaids,mermaid,openlibrary_OL1878549W,The marshmallow mermaid,Michael Dahl,...ntil Halo stars investigating. A deadly mermaid lives in a cave connected to the school...
,A,mermaids,mermaids,openlibrary_OL28768406W,Canopy,Karine Bernadou,"...tic farmer, a flute player with singing mermaids, and a faceless lover. She's left to cr..."
,A,mermaids,mermaid,openlibrary_OL15326461W,False mermaid,Erin Hart,"...What is the significance of the ""false mermaid . [2-3] of jacket...."
,A,mermaids,mermaids,openlibrary_OL15942681W,Jasmine and the treasure chest,Katy Kit,...A Water fairy tells the mermaids a sad love story: the legend of mermai...
,A,mermaids,mermaid,openlibrary_OL17877814W,Thora and the green sea-unicorn,Gillian Johnson,"...town of her guardian Mr Walters. With a mermaid mother, pet peacock and rare sea-unicor..."
,A,mermaids,mermaids,openlibrary_OL1819841W,Dreams Underfoot,Charles de Lint,"...kells traverse the tunnels below, while mermaids swim in the grey harbor waters and fill..."
,A,mermaids,mermaid,openlibrary_OL2272529W,Once upon a more enlightened time,James Finn Garner,"...tically correct"" versions of The little mermaid and Sleeping Beauty...."
,A,mermaids,mermaids,openlibrary_OL5826583W,Amber's first clue,Gillian Shields,...Amber leads her fellow mermaids in trying to help beluga whales that ar...
,A,mermaids,mermaid,openlibrary_OL8803488W,The Forgotten Voyage of the H.M.S. Baci,R. Kline,"...questor, unsung cataloger of the worlds mermaid population and champion of all battles..."
,A,mermaids,mermaid,openlibrary_OL17794871W,A mermaid's kiss,Joey W. Hill,"...e sea, where he is rescued by Anna, the mermaid daughter of Arianne, and is confronted..."
,A,noir,noir,openlibrary_OL15169421W,Fist of the Spider Woman,Amber Dawn,"...ul female villains, such as the classic noir ""spider women,"" use their sexual prowes..."
,A,noir,noir,openlibrary_OL20633390W,The Black Cat (Black Cat / Cask of Amontillado / Descent Into the Maelstrom / Fall of the House of Usher / Gold-Bug / Masque of the Red Death / Ms. Found in a Bottle / Murders in the Rue Morgue / Mystery of Marie Roget / Oval Portrait / Pit and the Pendulum / Premature Burial / Purloined Letter / Tell-Tale Heart / William Wilson),Edgar Allan Poe,...enlibrary.org/works/OL18370216W) [Chat noir et autres contes fantastiques](https://...
,A,noir,noir,openlibrary_OL5721700W,Bone song,John Meaney,"...ous new thriller that blends futuristic noir with gothic fantasy. Here, in a city of..."
,A,noir,noir,openlibrary_OL158655W,Danslärarens återkomst,Henning Mankell,"...meurtre. Or, les ombres d'un passé très noir se sont réveillées. Elles ont frappé. E..."
,A,noir,noir,openlibrary_OL16064734W,Snow,Orhan Pamuk,"...al intrigue and philosophy, romance and noir"" (Vogue) and the lethal chemistry betwe..."
,A,noir,Noir,openlibrary_OL17063120W,The Drop,Dennis Lehane,"...t form as ""Animal Rescue"" in <em>Boston Noir</em>, published in 2009 by Akashic Book..."
,A,noir,hard-boiled,openlibrary_OL1831257W,The Web of Iniquity,Catherine Ross Nickerson,"...h the expression and dissemination of a hard-boiled style of masculinity. In fact, several..."
,A,noir,noir,openlibrary_OL20059200W,A game of ghosts,John Connolly,"...returns with another ""superb fusion of noir and the supernatural"" (My Bookish Ways)..."
,A,noir,noir,openlibrary_OL31213591W,Salut Max!,Hélène Lavery,"...hanie se replie sur elle-même, broie du noir et se brouille avec ses meilleures copi..."
,A,noir,hard-boiled,openlibrary_OL5684138W,Come the night,Susan Krinard,"...no longer the man she remembers, but a hard-boiled ex-cop who harbors a dark secret.The di..."
,A,noir,hard-boiled,openlibrary_OL5709617W,Booze and the private eye,Rita Elizabeth Rippetoe,...- it's an image as old as the genre of hard-boiled detective fiction itself. Alcohol has l...
,A,noir,hard-boiled,openlibrary_OL15174809W,Mean Streets,"Jim Butcher, Kat Richardson, Green, Simon, Thomas E. Sniegoski",...stselling author Jim Butcher delivers a hard-boiled tale in which Harry Dresden's latest ca...
,A,noir,hard-boiled,openlibrary_OL17413644W,The Return Of The Thin Man,Dashiell Hammett,...ists that readers expect from America's hard-boiled master craftsman. >AFTER THE THIN MA...
,A,noir,noir,openlibrary_OL1904168W,The World at Night,Alan Furst,"...Reminiscent of the films noir of the 1940s, Alan Furst's World War II..."
,A,noir,hard-boiled,openlibrary_OL119070W,The next accident,Lisa Gardner,...But this killer is like none these two hard-boiled pros have ever encountered. This twiste...
,A,noir,noir,openlibrary_OL17046882W,Tomorrow and Tomorrow,Thomas Sweterlitsch,"...A genre-mixing sci-fi, dystopian noir mystery, a disturbing tale of deceit, w..."
,A,noir,noir,openlibrary_OL20725318W,Tech-Noir Film,Emily E. Auger,"...James Cameron mega-hit Terminator, tech-noir has emerged as a distinct genre, with r..."
,A,noir,noir,openlibrary_OL28756701W,Le piège des oizorribles,Steve Cole,"...de l'autodérision. Les illustrations en noir et blanc, se réclamant de la BD et du d..."
,A,noir,noir,openlibrary_OL45408848W,Daredevil,"Ed Brubaker, Michael Lark","...out of the country, on a swashbuckling noir adventure that hasn't been seen in the..."
,A,noir,noir,openlibrary_OL13617821W,Loser's town,Daniel Depp,"...getting started. Loser's Town is gritty noir fiction, but also a Hollywood-insider n..."
,A,noir,noir,openlibrary_OL15174937W,Known to Evil,Walter Mosley,...ing hailed as a classic of contemporary noir. Leonid McGill-the protagonist introduc...
,A,noir,noir,openlibrary_OL17425006W,Swedish Crime Fiction Novel Film Television,Steven Peacock,"...ks looks at the rich history of ""Nordic noir"" examines the appeal of this particular..."
,A,noir,noir,openlibrary_OL17823317W,Deep Winter,Samuel W. Gailey,"...""In this compelling rural noir, a devastating murder in an isolated sm..."
,A,noir,noir,openlibrary_OL19969826W,Inherit the dead,"Jonathan Santlofer, Mark Billingham, Lawrence Block, C. J. Box, Ken Bruen, Alafair Burke, Stephen L. Carter, Marcia Clark, Mary Higgins Clark, Max Allan Collins, John Connolly, Grady, James, Heather Graham, Bryan Gruley, Charlaine Harris, Val McDermid, S. J. Rozan, Dana Stabenow, Lisa Unger, Sarah Weinman, Lee Child, John Connolly, Christopher Evan Welch",...t caught in the crossfire. This classic noir tale twists and turns down New York's m...
,A,noir,noir,openlibrary_OL201031W,Severed,John Gilmore,"...p culture, an almost mythical symbol of noir Hollywood. In this expanded edition, Jo..."
,A,noir,noir,openlibrary_OL27958837W,Words to die for,Lynn Kostoff,...weight of caring for an autistic son. A noir journey into the heartland of America a...
,A,noir,Noir,openlibrary_OL17548737W,Deadly Strategy,"Scott Lobdell, Paulo Henrique","...th cameos by Lindsay Rider, the Sisters Noir, and Dennis Hogan, this special case in..."
,A,noir,noir,openlibrary_OL17911477W,This is how it really sounds,"Cohen, Stuart","...""Ranging from the wicked noir Shanghai of 1946, to the echo chambers..."
,A,noir,noir,openlibrary_OL19712318W,To have & to hold,Graham Chaffee,"...pulpy, nocturnal atmosphere of classic noir...."
,A,noir,Noir,openlibrary_OL19743885W,Miraculous,"Thomas Astruc, Justin Birch","...ow Miraculous: Tales of Ladybug and Cat Noir. Join the premier superheroes of Paris,..."
,A,noir,Noir,openlibrary_OL20821593W,Dimma,Ragnar Jónasson,...ne of the most exciting names in Nordic Noir. The body of a young Russian woman wash...
,A,noir,noir,openlibrary_OL5724188W,Stray dog winter,David Francis,"...suspenseful, this novel is pure Soviet noir, a remarkable tale of love, passion, po..."
,A,noir,Noir,openlibrary_OL15179368W,Mexico City Noir,"Paco Ignacio Taibo II, Achy Obejas","...Mexico City enters the Noir Series arena, edited by one of Mexico's..."
,A,noir,noir,openlibrary_OL16125858W,Haiti noir,"Edwidge Danticat, Collectif",...A collection of crime and noir stories set in Haiti....
,A,noir,noir,openlibrary_OL16142308W,Los Angeles Stories,Ry Cooder,"...ies* is a collection of loosely linked, noir-ish tales that evoke a bygone era in on..."
,A,noir,noir,openlibrary_OL17824506W,Detroit noir,John Hocking,...esents short stories about Detroit with noir and crime fiction by writers such as Jo...
,A,noir,noir,openlibrary_OL19714785W,New Haven noir,Amy Bloom,"...er dark tales shine. Maybe she offers a noir version of Light and Truth after all.""..."
,A,noir,noir,openlibrary_OL20008055W,"Mothers, tell your daughters",Bonnie Jo Campbell,"...as one of our top ten writers of rural noir, Bonnie Jo Campbell is a keen observer..."
,A,noir,noir,openlibrary_OL20022406W,New Orleans noir,"Julie Smith, Julie Smith","...es its award-winning series of original noir anthologies, launched in 2004 with Broo..."
,A,noir,noir,openlibrary_OL21809303W,The whole she-bang,Janet Costello,"...dging process, the stories are cozy and noir, humorous and poignant, historical and..."
,A,noir,noir,openlibrary_OL2756372W,Black feathers,Cecilia M. Tan,...h the fantasy of daydream; she combines noir erotica at its most potent with startli...
,A,noir,hard-boiled,openlibrary_OL28953005W,Dead duck,John M. Spafford,...oned detective work. And a deadline. If hard-boiled detective Jud Carson is not what he see...
,A,noir,noir,openlibrary_OL4304254W,Adrenaline,James Robert Baker,"...nd soulless culture of Hollywood, and a noir thriller peppered with hilarious vignet..."
,A,noir,Hard-boiled,openlibrary_OL8606553W,Booty Boys (Idol),Jay Russell,"...Hard-boiled, hard-bodied black British private eye..."
,A,noir,noir,openlibrary_OL17928857W,Hop Alley,Scott Phillips,"...step forward for the burgeoning king of noir Scott Phillips, and his dark and gritty..."
,A,noir,noir,hardcover_244089,The Ghosts of Belfast,Stuart Neville,"...ian McKinty, who have reinvigorated the noir tradition with a Celtic edge. Gerry Feg..."
,A,noir,Noir,hardcover_274539,Dragonfly,Julia Golding,.... A Mythic Adventure with a Touch of Noir Deinothax was white-hot and smoking...
,A,occult,occult,medusas_web,Medusa's Web,Tim Powers,...e fiction in which one man must uncover occult secrets of 1920s Hollywood to save his...
,A,occult,black magic,openlibrary_OL14911298W,Unhallowed ground,"Heather Graham, Emily Durante",...ng and a dead housekeeper who practiced black magic. Then she makes a grim discovery. Hidde...
,A,occult,black magic,openlibrary_OL14966748W,Simpsons Treehouse of horror,Matt Groening,"...ained, as Bart provides a little bit of black magic. What is Halloween without The Simps..."
,A,occult,occult,openlibrary_OL15093915W,The Second Evil,Robert Lawrence Stine,"..., her friend has become obsessed by the occult, and a strange young man is following..."
,A,occult,Occult,openlibrary_OL16025981W,The Haunted dusk,"Howard Kerr, John William Crowley, Charles L. Crow","...J. Gerald Kennedy Philanthropy and the Occult in the Fiction of Hawthorne, Brownson,..."
,A,occult,occult,openlibrary_OL16566554W,The Supernatural Solution,Michel Parry,...eir supernatural aspects. Many of these occult detectives - such as Dennis Wheatley's...
,A,occult,occult,openlibrary_OL19733515W,The Weiser book of the fantastic and forgotten,Judika Illes,"...features classic stories by masters of occult fiction including Dion Fortune, Edgar A..."
,A,occult,occult,openlibrary_OL29896W,The headless Cupid,Zilpha Keatley Snyder,"...of his new stepsister, a student of the occult...."
,A,occult,occult,openlibrary_OL3338208W,The Lamp from the Warlock's Tomb,John Bellairs,...d tomb--a frightening place where eerie occult rituals used to be held. When Anthony...
,A,occult,occult,openlibrary_OL4481621W,Omega Factor,Jack Gerson,"...nightmares. Researching a series on the occult for his Sunday newspaper, he disturbs d..."
,A,occult,occult,openlibrary_OL505730W,The Magician,William Somerset Maugham,...gham's exploration of hypnotism and the occult was inspired by the sinister black magi...
,A,occult,necromancer,openlibrary_OL5810945W,The Awakening,Kelley Armstrong,"...that mean? For starters, I'm a teenage necromancer whose powers are out of control; I rais..."
,A,occult,occult,openlibrary_OL6037462W,The Book of Living and Dying,Natale Ghent,...journey into the mystical realm of the occult. But plagued by headaches and falling i...
,A,occult,NECROMANCER,openlibrary_OL8886170W,100 Creepy Little Creatures,"Stefan R. Dziemianowicz, Robert E. Weinberg, Martin H. Greenberg, Robert Weinberg, Arthur Conan Doyle, Ambrose Bierce, Edgar Allan Poe, Edith Hamilton","...MY FATHER, THE CAT HENRY SLESAR THE NECROMANCER ARTHUR GRAY NIGHT SHAPES ROBERT WEIN..."
,A,occult,necromancy,openlibrary_OL15212247W,Witches and Jesuits,Garry Wills,"...chantment."" We see that the treason and necromancy in Macbeth were more than the imagining..."
,A,occult,occult,openlibrary_OL17377353W,Storm Of Reckoning,Doranna Durgin,"...nd in Sedona who desperately needs some occult assistance. Making matters worse, Trev..."
,A,occult,occult,openlibrary_OL17502224W,Nice Girls Don't Date Dead Men,Molly Harper,"...an, Jane Jameson now works at a rundown occult bookstore. Once a regular gal, she's no..."
,A,occult,occult,openlibrary_OL17715959W,House of Secrets,"Chris Columbus, Ned Vizzini, Chris Columbus, Chris COLUMBUS","...d Victorian house, formerly the home of occult novelist Denver Kristoff—a house that s..."
,A,occult,occult,openlibrary_OL2717452W,London in the 1890s,Karl E. Beckson,...gues for a new age of mysticism and the occult; widespread feeling that the world is c...
,A,occult,occult,openlibrary_OL121735W,Deadly harvest,"Heather Graham, Phil Gigante","...tery. Complicating his efforts is local occult expert Rowenna Cavanaugh, who launches..."
,A,occult,occult,openlibrary_OL13769963W,Devil's Kiss,Sarwat Chadda,"...of weapons' practice, demon killing and occult lore – and a lot of bruises.But then te..."
,A,occult,black magic,openlibrary_OL14906809W,No Rest for the Witches,"Lori Handeland, Cheyenne McCray, Christine Warren, MaryJanice Davidson","...From broomsticks to black magic, leather-clad warriors to love potions..."
,A,occult,necromancer,openlibrary_OL14937051W,Flirt,Laurell K. Hamilton,"...inced, isthat the thing she can do as a necromancer isn'tthe miracle he thinks he needs. Th..."
,A,occult,occult,openlibrary_OL16558262W,The apocalypse codex,Charles Stross,"...cy tasked with defending the realm from occult threats. Assigned to External Assets, B..."
,A,occult,occult,openlibrary_OL16671697W,Dance of shadows,Yelena Black,"...ny others. it includes elements of the occult, sisterly love and adolescent mischief,..."
,A,occult,Necromancer,openlibrary_OL17079377W,Necromancer's Apprentice,Shakna Israel,"...the latest novel I've been working on, Necromancer's Apprentice under this license, and se..."
,A,occult,necromancer,openlibrary_OL17708075W,Elysian Fields,Suzanne Johnson,...s the attacks aren't random--an unknown necromancer has resurrected the original Axeman of...
,A,occult,necromancy,openlibrary_OL19707535W,The Midnight Witch,Paula Brackston,"...ed as a witch, instructed in the art of necromancy, Lilith faces a daunting future, for th..."
,A,occult,necromancer,openlibrary_OL24166691W,Face of Death,Kelly Hashway,...A teenaged necromancer must steal another person's body to fin...
,A,occult,black magic,openlibrary_OL2641766W,The witches' hammer,Jane Stanton Hitchcock,...dealer the fifteenth-century manual of black magic—a grimoire—he'd received from a gratefu...
,A,occult,occult,openlibrary_OL38837W,The secret rose,William Butler Yeats,"...evoted to the study and practice of the occult, metaphysics, and paranormal activities..."
,A,occult,black magic,openlibrary_OL4772202W,An enemy at Green Knowe,Lucy M. Boston,...nts of Green Knowe become involved with black magic when a modern-day witch attempts to fin...
,A,occult,black magic,openlibrary_OL481756W,The Robe of Skulls,"Vivian French, Ross Collins",...op at nothing--including kidnapping and black magic--to get the money to pay for it. The s...
,A,occult,occult,openlibrary_OL6805319W,Jay's Journal,Beatrice Sparks,"...crowd that's dabbling in drugs and the occult, he finds himself in over his head and..."
,A,occult,necromancer,openlibrary_OL8211890W,らんま½ 31,高橋留美子,...lks the city's docks. Led by a powerful necromancer who has mastered both the elements and...
,A,occult,occult,openlibrary_OL8454618W,Very Gothic Christmas,"Melanie George, Christine Feehan",...supernatural mysteries and magic of the occult and the extraordinary wonder of the hol...
,A,occult,Occult,openlibrary_OL9845613W,Psychic Warfare -  Brain Fighting,Mark Desade,...s classic IGOS.. International Guild of Occult Sciences training manual is back in pri...
,A,occult,occult,openlibrary_OL2156313W,Leave it to chance,"Robinson, James.","...Falconer, a teenage investigator of the occult...."
,A,occult,occult,openlibrary_OL61825W,The Coming Race,"Edward Bulwer Lytton, Baron Lytton",...ant civilization of the world spawned a occult secret society known as the Vril Societ...
,A,occult,occult,openlibrary_OL1874001W,Mari of Magdala,Beatrice Gormley,"...an who instructs her in the ways of the occult arts. In the spirit world, Mari finds s..."
,A,occult,occult,openlibrary_OL2004256W,The Allingham Minibus,Margery Allingham,"...Crime Margery Allingham dabbles in the occult, the mysterious, and the murderous. Alw..."
,A,occult,occult,openlibrary_OL6796902W,"""Yellow peril""",Richard Jaccoma,...A occult thriller -- homage to the great pulp a...
,A,occult,occult,openlibrary_OL19995252W,The witch of painted sorrows,"Rose, M. J.","...den night world of Paris, the forbidden occult underground and Sandrine's deepest desi..."
,A,occult,black magic,openlibrary_OL8935489W,Being a Girl,Chloe Thurlow,...erotic journey from convent school to a black magic coven in the heart of Cambridge academi...
,A,occult,occult,openlibrary_OL9033206W,Vocational Girl,Rosa Mundi,"...alling, moving from artistic soirees to occult circles, she is manoeuvred into porn st..."
,A,occult,occult,openlibrary_OL9228881W,Black Lipstick Kisses,Monica Belle,"...ctorian decadence. Perfecting an air of occult sexiness, she enjoys teasing men to dis..."
,A,occult,necromancer,openlibrary_OL16176268W,Dust of the damned,Peter Brandvold,"...Aided by a beautiful Mexican witch and necromancer, werebeasts are searching the deserts f..."
,A,occult,black magic,hardcover_245479,Days of Blood and Fire,Katharine Kerr,...oy is tangled in a web of intrigue and black magic that drags him far from home. In the c...
,A,pirates,pirate,openlibrary_OL114699W,The Thirteenth Floor,Sid Fleischman,...ds himself aboard a seventeenth-century pirate ship captained by a distant relative....
,A,pirates,Pirate,openlibrary_OL14850009W,Dunc and the Flaming Ghost,Gary Paulsen,...ter the flaming ghost of Blackbeard the Pirate....
,A,pirates,pirate,openlibrary_OL16705214W,The pirate with the golden tooth,Roberto Pavanello,...cursed island haunted by Goldtooth the pirate and his ghostly crew--and it is up to E...
,A,pirates,pirate,openlibrary_OL17873562W,Attack of the Jack,Robert Lawrence Stine,"...old, locked trunk containing a ghostly pirate named Jack, Devin and Violet face a tro..."
,A,pirates,pirates,openlibrary_OL19471231W,Scary Classics,"Maria Magallanes, Arthur Conan Doyle, Charles Dickens, Jack London",.../ Oscar Wilde -- A raid on the oyster pirates / Jack London -- At the edge of the cr...
,A,pirates,pirates,openlibrary_OL1971685W,Skeleton crew,Allan Ahlberg,"...acation, until their boat is boarded by pirates...."
,A,pirates,Pirate,openlibrary_OL20035560W,The haunted mansion,Joshua Williamson,...with the ghost prisoners of the cursed Pirate Captain....
,A,pirates,pirate,openlibrary_OL2077136W,Driven to death,Marty M. Engle,...Three ghosts from a phantom pirate ship try to enslave Darren and his olde...
,A,pirates,pirates,openlibrary_OL2152479W,The icy hand,Chris Mould,"...ns Stanley in a battle against ""deadly"" pirates bent on stealing a magical family heirl..."
,A,pirates,pirate,openlibrary_OL23304738W,Yo ho no!,Dotti Enderle,"...y set out to get a picture of a ghostly pirate ship, they find themselves reeled in by..."
,A,pirates,pirate,openlibrary_OL42724W,The ghost of Grania O'Malley,Michael Morpurgo,"...sin and the ghost of a notorious female pirate, finds the strength to prevail over bot..."
,A,pirates,pirate,openlibrary_OL817912W,Scooby Doo! and the Sunken Ship,James Gelsey,"...ch party at Sandy Cove, but rumors of a pirate's hidden treasure have the locals actin..."
,A,pirates,pirates,tome_of_the_undergates,Tome of the Undergates,Sam Sykes,...p they are travelling on is attacked by pirates things don't go very well. They go a wh...
,A,pirates,pirate,veteran,Veteran,Gavin Smith,"...y sized orbital elevators, and a cyborg pirate king who believes himself to be a mytho..."
,A,pirates,pirate,without_warning,Without Warning,John Birmingham,"...ed sailboat, manned by a drug runner, a pirate, and two gun-slinging beauties, is witn..."
,A,pirates,pirates,openlibrary_OL14950539W,Pirate Latitudes,"Michael Crichton, John Bedford Lloyd","...irresistible adventure of swashbuckling pirates in the New World, a classic story of tr..."
,A,pirates,pirate,openlibrary_OL17471487W,The Lost Night,Jayne Ann Krentz,"...ebastian, the descendant of a notorious pirate, arrives to investigate strange develop..."
,A,pirates,pirates,openlibrary_OL17715959W,House of Secrets,"Chris Columbus, Ned Vizzini, Chris Columbus, Chris COLUMBUS","...rol the woods around them, supernatural pirates roam the neighboring seas, and a power-..."
,A,pirates,pirates,openlibrary_OL17872720W,The ire of Iron Claw,K. R. Hamilton,"...forces with Nikola Tesla to defeat sky pirates, cross Europe in a giant mechanical spi..."
,A,pirates,pirate,openlibrary_OL17928828W,The outcasts,Kathleen Kent,"...ake them both rich, chasing rumors of a pirate's buried treasure. Meanwhile Nate Canno..."
,A,pirates,Pirate,openlibrary_OL18025924W,Panda Man and the treasure hunt,Shō Makura,"...a contest to retrieve the treasures of Pirate Island, in a tale told in graphic novel..."
,A,pirates,pirates,openlibrary_OL1937674W,Admiral Hornblower in the West Indies,"C. S. Forester, C. S. Forrester, c.s. forester","...e West Indies, Admiral Hornblower faces pirates, revolutionaries, and a blistering hurr..."
,A,pirates,pirate,openlibrary_OL19730879W,Descendants 2,Disney,"...on Prep with the other VKs, Uma and her pirate gang plots to break the barrier between..."
,A,pirates,pirate,openlibrary_OL19977098W,Treasure in Trident City,Debbie Dadey,...of Trident Academy learn of a legendary pirate treasure in their own city and Pearl de...
,A,pirates,pirate,openlibrary_OL23183W,Steinbeck,"John Steinbeck, Pascal Covici, Jr.",...From Tortilla Flat. Danny ; Pilon ; The pirate ; The treasure hunt ; Tortillas and bea...
,A,pirates,pirates,openlibrary_OL2319934W,The Coral Island,"Robert Michael Ballantyne, Ralph Crane, George Dalziel, Edward Dalziel",...f rival Polynesian war parties and then pirates. After various adventures the boys find...
,A,pirates,pirates,openlibrary_OL468850W,Del amor y otros demonios,Gabriel García Márquez,"...and Inquisitors, saints and lepers and pirates. Sierva Maria, only child of a decaying..."
,A,pirates,Pirate,openlibrary_OL4722810W,Moonstruck,"Susan Grant, Susan Grant",...er thoughts...and her heart. Warleader. Pirate.Either title sat easily on Finn's battl...
,A,pirates,pirates,openlibrary_OL5821652W,Die Wellenläufer,Kai Meyer,...known as the Ghost Trader and a band of pirates to help them escape from the evil that...
,A,pirates,pirate,openlibrary_OL5838222W,Lost treasures of the pirates of the Caribbean,"James A. Owen, Jeremy Owen, Lon Saline, Mary McCray",...enable the reader to find long-missing pirate treasure....
,A,pirates,pirate,openlibrary_OL84069W,Looking for Bobowicz,Daniel Manus Pinkwater,"...friends, bonding over Classics Comics, pirate radio, and a plan to find the legendary..."
,A,pirates,pirate,openlibrary_OL15329701W,The Unsinkable Walker Bean,Aaron Renier,...ker Bean never wanted to be a high-seas pirate waging a pitched battle against the for...
,A,pirates,Pirate,openlibrary_OL15602078W,Empire of night,Justin Somper,"...faces growing opposition from both the Pirate Federation and the vampirate realm, twi..."
,A,pirates,pirates,openlibrary_OL15729429W,Timothy and the Dragon's Gate,Adrienne Kress,...and defeat a fleet of murderous Chinese pirates?...
,A,pirates,Pirate,openlibrary_OL15947678W,Immortal war,Justin Somper,...When the Pirate Federation and Nocturnals form an allia...
,A,pirates,pirate,openlibrary_OL16694669W,The Hunters,John Flanagan,"...o recover the Adomal and to prevent the pirate Zavac from doing more damage, Hal and h..."
,A,pirates,pirates,openlibrary_OL16695001W,River road,Suzanne Johnson,"...novels filled with wizards, mermen and pirates. These novels are "" Hurricane Katri..."
,A,pirates,pirates,openlibrary_OL17127202W,Silver Moon Deja vu,Marti Melville,...ness learned from living with Caribbean pirates as they fight against justice and honor...
,A,pirates,pirates,openlibrary_OL17293479W,Beyond,"Sfé R Monster, Taneka Stotts","...th stories starring swashbuckling space pirates, legendary dragon slayers, death-defyin..."
,A,pirates,pirates,openlibrary_OL17708075W,Elysian Fields,Suzanne Johnson,"...novels filled with wizards, mermen, and pirates. "" (Booklist) The mer feud has been se..."
,A,pirates,pirates,openlibrary_OL17789529W,Breath of iron,Kate Cross,"...line when she is kidnapped by a band of pirates, only to discover that the airship capt..."
,A,pirates,pirates,openlibrary_OL17881628W,House of secrets,Chris Columbus,"...Walker kids must battle against deadly pirates, bloodthirsty warriors and a bone-crush..."
,A,pirates,pirate,openlibrary_OL17895828W,The Emerald Shore,Barbara Mariconda,...r magical house-turned-ship to find the pirate treasure that will end the magical curs...
,A,pirates,pirate,openlibrary_OL19665038W,The map to everywhere,Carrie Ryan,"...e-year-old Fin, a master thief from the pirate world of Khaznot Quay, and Marrill, als..."
,A,pirates,pirates,openlibrary_OL15145435W,Lovefire,Julia Grice,"...d untold adventure --- among rogues and pirates, and on a slave ship bound for danger...."
,A,pirates,Pirate,openlibrary_OL16664819W,The turncoat,Donna Thorland,...of the American Revolution) The Rebel Pirate (Renegades of the American Revolution)...
,A,pirates,Pirate,openlibrary_OL18855120W,Mrs. Pirate,Nick Sharratt,"...Mrs. Pirate goes shopping, alternating her purchase..."
,A,pirates,privateer,openlibrary_OL20908046W,The Rebel Pirate Renegades of the Revolution,Donna Thorland,...nds himself held hostage aboard a Rebel privateer. Sarah Ward never set out to break the...
,A,pirates,pirates,openlibrary_OL21164316W,British Pirates in Print and Performance,M. Powell,"...book tracks the interconnections among pirates, pirates in print, and pirates on stage..."
,A,pirates,pirates,openlibrary_OL2254374W,Callirhoe,Chariton,"...lirhoe, beginning with her abduction by pirates - adventures that take her as far as th..."
,A,pirates,pirate,openlibrary_OL2402280W,Bumface,"Morris Gleitzman, Moris Gleitzman","...ng bold, brave, wild and free. Like the pirate in the stories he tells his younger bro..."
,A,pirates,Pirates,openlibrary_OL102548W,Star Trek - Log Five,Alan Dean Foster,"...episodes ""The Ambergris Element"", ""The Pirates of Orion"", and ""Jihad""...."
,A,pirates,pirate,openlibrary_OL1099321W,Ante la bandera (Face au drapeau),Jules Verne,"...ctor rests in a sanatorium, the vicious pirate Ker Karraje kidnaps both Roch and Hart...."
,A,pirates,Pirates,openlibrary_OL11822669W,Zorgamazoo,Robert Paul Weston,...e You a Believer in Fanciful Things? In Pirates and Dragons and Creatures and Kings?The...
,A,pirates,buccaneer,openlibrary_OL14871929W,Pirate Freedom,Gene Wolfe,...inds himself caught up in the life of a buccaneer and trolling the waters of the Caribbea...
,A,pirates,pirates,openlibrary_OL14949644W,Executive intent,Dale Brown,"...rs worse, days after the crisis, Somali pirates board a Chinese freighter off the coast..."
,A,pirates,pirates,openlibrary_OL15680430W,The Story of Atari Asteroids,"Kid Stuff Publishing, John Braden","...Space Patrol, and they are attacked by pirates that have hijacked the ship they where..."
,A,pirates,pirate,openlibrary_OL15881171W,Sardine in outer space 6,Emmanuel Guibert,"...d thwarting tyranny, a mischievous girl pirate named Sardine leaves a little time for..."
,A,pirates,pirates,openlibrary_OL17408814W,Star Wars - Razor's Edge,Martha Wells,"...ip to flee into territory controlled by pirates, Leia makes a shocking discovery: the f..."
,A,pirates,pirate,openlibrary_OL17569988W,Fast Ships Black Sails,"Jeff VanderMeer, Ann VanderMeer","...yes, plunder! Oh, the Devil does love a pirate — and so do readers everywhere! Swashb..."
,A,pirates,pirates,openlibrary_OL1902780W,A dark and hungry god arises,Stephen R. Donaldson,"...Billingate--illegal shipyard, haven for pirates and brigands, where every vice flourish..."
,A,pirates,pirates,openlibrary_OL20002104W,The Fog diver,Joel N. Ross,"...deadly Fog, and airships transport the pirates of the skies. Daring 13-year-old tether..."
,A,pirates,pirates,openlibrary_OL20911598W,The ire of Iron Claw,Kersten Hamilton,"...forces with Nikola Tesla to defeat sky pirates, cross Europe in a giant mechanical spi..."
,A,pirates,pirate,openlibrary_OL2737402W,Rio Lento,Nicola Griffith,"...the rain walked Spanner, an expert data pirate who took her in, cared for her wounds,..."
,A,pirates,pirate,openlibrary_OL3291580W,Star Wars - The Courtship of Princess Leia,Dave Wolverton,"...re than a shiftless rogue and Corellian pirate, unworthy of her hand. Now he makes a d..."
,A,pirates,pirate,openlibrary_OL5696533W,Star Trek Voyager - Marooned,Christie Golden,"...When an alien pirate abducts Kes, USS Voyager takes off in h..."
,A,pirates,Pirate,openlibrary_OL5728262W,End of the world blues,Jon Courtenay Grimwood,"...veteran, expatriate, and part owner of Pirate Mary's, the best Irish bar in Tokyo, Ki..."
,A,pirates,pirate,openlibrary_OL83578W,Star Wars - Hand of Thrawn Duology - Specter of the Past,Timothy Zahn,"...ng the Force to track down a mysterious pirate ship with a crew of clones. Yet, perhap..."
,A,pirates,pirates,openlibrary_OL892583W,The January Dancer,Michael Flynn,"...or destroy. Collectors want the Dancer; pirates take it, rulers crave it, and they'll a..."
,A,pirates,pirate,openlibrary_OL909818W,Pirate's cross,Sigmund Brouwer,"...entury Welfaro finds himself on board a pirate ship, with a renegade pirate challengin..."
,A,pirates,pirate,openlibrary_OL12644W,Pirate's Promise,"Clyde Robert Bulla, Peter Burchard","...a bonded servant, but the good-hearted pirate captain who rescues him makes possible..."
,A,pirates,pirate,openlibrary_OL151064W,Le trésor de Rackham le Rouge,Hergé,...arless boy reporter explores for sunken pirate treasure with his friend Captain Haddoc...
,A,pirates,Pirates,openlibrary_OL15176607W,Pirates,Ross Kemp,...Pirates have been around as long as people have...
,A,pirates,pirates,openlibrary_OL17080735W,"Fortunately, the Milk","Neil Gaiman, Chris Riddell, Skottie Young","...tory to tell, a story involving aliens; pirates; ponies; wumpires (not the handsome, br..."
,A,pirates,pirate,openlibrary_OL17400238W,The Art Of Making Do In Naples,Jason Pine,"...ed economy animated by wedding singers, pirate TV, and tens of thousands of fans throu..."
,A,pirates,pirates,openlibrary_OL17823797W,Pirate Alley,Stephen Coonts,...ptured by a band of bloodthirsty Somali pirates. An initial rescue mission ends in fail...
,A,pirates,pirate,openlibrary_OL19360353W,Attacco Alla Statua D'Oro!,Elisabetta Dami,...ronimo Stilton tries to stop a group of pirate cats from stealing the Statue of Libert...
,A,pirates,pirates,openlibrary_OL2167439W,Treasure Island,Pat Boyette,...island aswarm with a crew of murderous pirates in greedy pursuit of buried riches....
,A,pirates,pirates,openlibrary_OL2345179W,The cruise of the Cachalot around the world after sperm whales,Frank Thomas Bullen,...men almost lost their whale to Chinese pirates in the Hong Kong harbor. Bullen himself...
,A,pirates,pirates,openlibrary_OL40983W,The Gold-Bug,Edgar Allan Poe,...e on a shoreline formerly infested with pirates sends William Legrand and his friends o...
,A,pirates,pirate,openlibrary_OL45307W,Captain Singleton,Daniel Defoe,...The classic tale about the pirate who sailed from the Atlantic Ocean to t...
,A,pirates,pirates,openlibrary_OL458024W,The cat who went up the creek,Lilian Jackson Braun,"...rospectors, wildlife photographers, and pirates arrive at the Nutcracker Inn to take pa..."
,A,pirates,pirate,openlibrary_OL86184W,Great piratical rumbustification,Margaret Mahy,...ists have mischievous fun with a former pirate and a band of robbers....
,A,pirates,pirate,openlibrary_OL892282W,How I became a pirate,"Melinda Long, Miguel Tristan, Hélène Rioux, David Shannon",...Jeremy Jacob joins Braid Beard and his pirate crew and finds out about pirate languag...
,A,pirates,Pirate,openlibrary_OL9482753W,Heck,Dale E. Basye,"...chard Nixon, or gym with Blackbeard the Pirate--is especially, well, heckish for the F..."
,A,pirates,pirates,openlibrary_OL14857944W,Captive Embraces,Fern Michaels,"...z once commanded her own ship, battling pirates to avenge her sister’s brutal death. Bu..."
,A,pirates,pirates,openlibrary_OL14872680W,The Pirate Round,James L. Nelson,...struggle against shrinking markets and pirates lurking off the coast. But American sea...
,A,pirates,Pirate,openlibrary_OL14979087W,In Bed with the Duke:(Governess Brides #9),Christina Dodd,"...by the Prince (Governess Brides #10) A Pirate's Wife for Me (Governess Brides, #11)..."
,A,pirates,pirate,openlibrary_OL15044834W,Blackbeard's last fight,Eric A. Kimmel,...capture and execution of Blackbeard the pirate....
,A,pirates,Pirate,openlibrary_OL15176459W,Viking in Love,Sandra Hill,"...0) Santa Viking (Viking I, #10.5) The Pirate Bride (Viking I, #11)..."
,A,pirates,privateer,openlibrary_OL15603472W,Captured,Beverly Jenkins,".... . . Dominic LeVeq, the most notorious privateer ever to command the high seas, has just..."
,A,pirates,pirates,openlibrary_OL15862183W,The princess and the pirates,John Maddox Roberts,"...o the Mediterranean to clear the sea of pirates, playboy detective Decius Caecilius Met..."
,A,pirates,pirate,openlibrary_OL159120W,Rhiannon,Vicki Grove,...help from a young monk and a mysterious pirate from France Rhiannon hatches a dangerou...
,A,pirates,pirate,openlibrary_OL17406603W,Cinnamon And Gunpowder,"Eli Brown, Eli Brown","...s meals at the behest of his kidnapper, pirate queen Mad Hannah Mabbot, while she push..."
,A,pirates,pirate,openlibrary_OL18733722W,Branded Ann,Merry Shannon,...No pirate on the high seas is more bloodthirsty t...
,A,pirates,pirate,openlibrary_OL1979160W,The Pirate Bride,Heather Graham,"...ath of Red Robert would never guess the pirate's secret--Red Robert is a woman, masque..."
,A,pirates,pirates,openlibrary_OL1982581W,Annapolis,William Martin,"...cal events, from fighting Barbary Coast pirates to Confederate raiders, from the Battle..."
,A,pirates,Pirates,openlibrary_OL2022011W,Howard Pyle's Book of Pirates,Howard Pyle,"...Pirates, buccaneers, marooners--those cruel, bu..."
,A,pirates,pirates,openlibrary_OL276268W,The Last Witchfinder,"James Morrow, James Morrow","...d in the Caribbean, braving West Indies pirates, Algonquin Indian captors, the machinat..."
,A,pirates,pirate,openlibrary_OL27962810W,Secrets at sea,Sabre Moore,"...s in love. When Zandra is captured by a pirate from her past, she learns of the strain..."
,A,pirates,Pirate,openlibrary_OL2814354W,The Ghost Pirate,Julianna Bethlen,...The Ghost Pirate demands the royal treasures and orders...
,A,pirates,Pirate,openlibrary_OL3566767W,"In My Wildest Dreams (Governess Brides, Book 4)",Christina Dodd,"...by the Prince (Governess Brides #10) A Pirate's Wife for Me (Governess Brides, #11)..."
,A,pirates,Pirate,openlibrary_OL3566818W,My favorite bride:(Governess Brides #7),Christina Dodd,"...by the Prince (Governess Brides #10) A Pirate's Wife for Me (Governess Brides, #11)..."
,A,pirates,buccaneer,openlibrary_OL4627751W,Nightsong (Song #3),Valerie Sherwood,...S OF LOVE'S EMBRACE . . . the gallant buccaneer Kells sailed away again to win his fort...
,A,pirates,pirate,openlibrary_OL4627761W,Rich Radiant Love (Love #4),Valerie Sherwood,"...en Bride With her hair the color of pirate's treasure, Anna Smith was a beauty bey..."
,A,pirates,pirates,openlibrary_OL4797994W,The Sea and the Sand,Christopher Nicole,...ican interests stalks the seas. Barbary pirates operating out of Tripoli have cast thei...
,A,pirates,Pirates,openlibrary_OL5684896W,High seas stowaway,Amanda McCabe,"...Pirates, passion and danger on the high seas!Ba..."
,A,pirates,Pirates,openlibrary_OL5730480W,Sovay,Celia Rees,"...Witch Child, Sorceress, Pirates! and now Sovay – the pulse-quickening s..."
,A,pirates,pirate,openlibrary_OL77998W,The Red Rover: A Tale,James Fenimore Cooper,"...In ""The Red Rover,"" a notorious pirate is chased by a disguised agent of the R..."
,A,pirates,privateer,openlibrary_OL78011W,"The Wing-and-wing: Or, Le Feu-follet. A Tale",James Fenimore Cooper,"...rccioli’s daughter, the spirited French privateer, Raoul Yvard, and his wily sailing mast..."
,A,pirates,pirates,openlibrary_OL8786323W,Cave of the Dark Wind,"Dave Barry, Ridley Pearson, Ridley Pearson","...ued by Captain Hook and his gold-hungry pirates, their only hope of survival is to solv..."
,A,pirates,pirate,openlibrary_OL9166798W,Broken Wing,Judith James,"...ce it on his own. Becoming a mercenary, pirate, and professional gambler, he travels t..."
,A,pirates,pirate,openlibrary_OL14854541W,Pirate Hannah Pritchard,Bonnie Pryor,"...itchard, masquerading as a boy, and her pirate crewmates discover treasure, but are ca..."
,A,pirates,pirates,openlibrary_OL15082660W,The sixth adventure,"Baron Specter, Dustin Evans","...achusetts, Joey and Tank follow ghostly pirates into a cave that Joey's uncle tells the..."
,A,pirates,pirates,openlibrary_OL15276913W,Captured by Pirates,"Justine Fontes, Ron Fontes",...Match your wits against a band of pirates on the high seas. You decide whether to...
,A,pirates,pirates,openlibrary_OL16145736W,The sublime and spirited voyage of Original Sin,Colette Moody,"...The Gulf of Mexico, 1702: When pirates of the square-rigger Original Sin steal..."
,A,pirates,pirates,openlibrary_OL17746642W,Hazardous duty,William E. Butterworth III,...e streets of Laredo and El Paso. Somali pirates are holding three U.S. tankers for rans...
,A,pirates,pirates,openlibrary_OL17936875W,TeenBoat!,Dave Roman,"...m breaking out into barnacles to facing pirates and detention, all the challenges of ad..."
,A,pirates,Pirates,openlibrary_OL19964688W,Adventures away,Iginio Straffi,"...In ""Trouble With Pirates,"" the Winx Club time-travels to a myste..."
,A,pirates,pirate,openlibrary_OL22639627W,Big River's Daughter,Bobbi Miller,"...When River Fillian's powerful father, a pirate on a Mississippi keeler, disappears aft..."
,A,pirates,pirate,openlibrary_OL26195358W,Catfoot's vengeance,Chris Schweizer,"...becomes the new favorite of an infamous pirate captain, he incurs the wrath of the mur..."
,A,pirates,pirate,openlibrary_OL3683616W,Treasure Island,"Thomas, Roy",...inds a treasure map that leads him to a pirate's fortune....
,A,pirates,pirate,openlibrary_OL4627754W,This Loving Torment,Valerie Sherwood,"...oon to the simple hut of a Quaker, from pirate ship to plantation. Beauty might have b..."
,A,pirates,Buccaneer,openlibrary_OL4627756W,Wild Willful Love (Love #3),Valerie Sherwood,"...She was once The Buccaneer's Lady but when beautiful, willful Imog..."
,A,pirates,pirate,openlibrary_OL5603262W,Sebastian Darke,Philip Caveney,"...arch of the fabled lost treasure of the pirate King, Captain Callinestra. But first, t..."
,A,pirates,privateer,openlibrary_OL8950393W,Northwest Passage The Annotated Collection,Scott Chantler,...fights the brutally treacherous French privateer Guerin Montglave and longs for a second...
,A,pirates,Pirates,openlibrary_OL9394972W,Black Ships,Jo Graham,"...From the doomed bastions of the City of Pirates to the temples of Byblos, from the intr..."
,A,pirates,pirates,openlibrary_OL11928975W,The lost island of Tamarind,Nadia Aguiar,"...land with the darkest of secrets, where pirates lurk and jaguars roam - and a precious..."
,A,pirates,privateer,openlibrary_OL15012280W,Peril on the sea,Michael Cadnum,"...n a shipwreck, finds himself aboard the privateer Vixen, captained by the notorious and e..."
,A,pirates,pirate,openlibrary_OL15273763W,Lilly and the pirates,"Phyllis Root, Rob Shepperson","...at-uncle and sets out with an old woman pirate to rescue her parents, who were shipwre..."
,A,pirates,pirates,openlibrary_OL15339372W,Captain Deadlock,Laurence Hyde,"...ere, a young English boy is captured by pirates, befriended by a highwayman, and impris..."
,A,pirates,Pirate,openlibrary_OL15444907W,The Rich and The Dead,"Mystery Writers of America, Nelson DeMille, Ted Bell, Daniel J. Hale, Tim Chapman","...h and infamous. In Ted Bell's ***The Pirate of Palm Beach***, an arrogant society c..."
,A,pirates,pirate,openlibrary_OL15616008W,Trundle's Quest (Sundered Lands #1),Allan Frewin Jones,"...aptain Grizzletusk and his bloodthirsty pirate crew! (Series also knows as ""The Six..."
,A,pirates,pirates,openlibrary_OL15829684W,Captain Nemo,Kevin J. Anderson,"...to sea as a cabin boy, faces marauding pirates and bloodthirsty sharks, is marooned fo..."
,A,pirates,pirate,openlibrary_OL16315305W,The pirate princess,Neil Philip,"...general audience, a princess becomes a pirate in her quest for her one true love; a p..."
,A,pirates,pirate,openlibrary_OL16470077W,Captain Hannah Pritchard,Bonnie Pryor,...ntinental navy while searching for lost pirate treasure and trying to evade an evil pi...
,A,pirates,pirate,openlibrary_OL17421829W,Stone of Tymora,R. A. Salvatore,"...d flees out to sea, stowing away on the pirate hunting ship, Sea Sprite, where he come..."
,A,pirates,pirate,openlibrary_OL17439876W,Pirates ’n’ Pistols,"Chris Mould, Albert Jané Riera","...mbines original stories with tales from pirate legend and literature, including the Gr..."
,A,pirates,Pirate,openlibrary_OL17484879W,The Widow Ching Pirate [5 stories],Jorge Luis Borges,"...Contains: The Widow Ching- Pirate Monk Eastman, Purveyor of Iniquities..."
,A,pirates,pirate,openlibrary_OL17888387W,Stowaway!,Erin Soderberg,...y looks for adventure and finds it on a pirate ship run by puppy pirates....
,A,pirates,pirate,openlibrary_OL18557170W,Diary of a pirate voyage,Nicholas Harris,...d three hundred years back in time on a pirate ship....
,A,pirates,pirate,openlibrary_OL19655939W,The golden lion,Wilbur Smith,"...""The son of pirate and merchant Sir Frances Courtney, Henr..."
,A,pirates,pirate,openlibrary_OL19746385W,Wolf & parchment,支倉凍砂,"...to make her his wife. After leaving the pirate islands, the two get caught up in a sto..."
,A,pirates,pirates,openlibrary_OL19993218W,We are pirates,Lemony Snicket,"...the twenty-first century and a crew of pirates is terrorizing the San Francisco Bay""--..."
,A,pirates,pirate,openlibrary_OL20008025W,Captain in Calico,George MacDonald Fraser,"...ain John Rackham, called Calico Jack, a pirate who marauded the Caribbean seas, is wan..."
,A,pirates,pirate,openlibrary_OL20020253W,The pirate who's back in bunny slippers,Annabeth Bondor-Stone,"...""Shivers, the pirate who's afraid of everything, is embarkin..."
,A,pirates,pirate,openlibrary_OL20024524W,A tyranny of petticoats,Jessica Spotswood,"...d ships, stagecoaches and trains from pirate ships off the coast of the Carolinas to..."
,A,pirates,pirates,openlibrary_OL20040448W,Troll overboard,Rob Harrell,"...dventure, where they meet sea monsters, pirates, and a mer-pig""--..."
,A,pirates,pirate,openlibrary_OL2021995W,The Rose of Paradise,Howard Pyle,"...n Mackra, in connection with the famous pirate, Edward England, in the year 1720, off..."
,A,pirates,pirates,openlibrary_OL2022008W,The story of Jack Ballister's fortunes,Howard Pyle,...l master and joins Blackbeard's gang of pirates....
,A,pirates,pirate,openlibrary_OL20354010W,Treasure Island [adaptation],Philip S. Jennings,...son find a treasure map that leads to a pirate fortune as well as great danger....
,A,pirates,pirate,openlibrary_OL20984367W,"Unlikely Adventures of Mabel Jones, the",Will Mabbitt,...dled into a sack and carried off to the pirate ship the Feroshus Maggot. Crewed by the...
,A,pirates,pirate,openlibrary_OL21271387W,A pirate's tale,Gertjan Zwiggelaar,...He and two female friends help a famous pirate escape from the Halifax jail. Realizing...
,A,pirates,pirate,openlibrary_OL24720952W,The ghost horse,Les Savage,"...was once the hideaway of the notorious pirate, Jean Lafitte. To the woman's dismay, s..."
,A,pirates,pirate,openlibrary_OL26177056W,Plundering paradise,Geraldine McCaughrean,"...accompany Tamo, the son of a notorious pirate, to his homeland of Madagascar where th..."
,A,pirates,pirate,openlibrary_OL28772338W,Ostrov sokrovishch,Robert Louis Stevenson,...Classic tale of pirate adventures....
,A,pirates,pirate,openlibrary_OL2986611W,Amy's eyes,"Richard Kennedy, Richard Egielski",...has changed into a sea captain sail the pirate-ridden high seas with a crew of Mother...
,A,pirates,pirates,openlibrary_OL3273060W,The night pirates,"Harris, Peter","...s the band of rough, tough, little girl pirates who have come to steal the front of his..."
,A,pirates,pirate,openlibrary_OL3905293W,Treasure Island [adaptation],Lisa Norby,...inds a treasure map that leads him to a pirate's fortune....
,A,pirates,pirate,openlibrary_OL4785990W,Treasure Island,Earle Hitchner,...ind a treasure map that leads them to a pirate's fortune....
,A,pirates,pirates,openlibrary_OL50927W,Off the Mangrove Coast,Louis L'Amour,"...ple up a river ruled by headhunters and pirates, risks everything in pursuit of a legen..."
,A,pirates,pirates,openlibrary_OL5821251W,Pirate Pink and treasures of the reef,Jan Day,"...edbeard, and her first mate Juan battle pirates and sharks for sunken treasure...."
,A,pirates,pirates,openlibrary_OL6437859W,Sophia Scrooby preserved,Martha Sherman Bacon,"...slavery in America, into the company of pirates in New Orleans, to fame and fortune in..."
,A,pirates,pirates,openlibrary_OL6605454W,Pirate royal,John Louis Beatty,...h-century English youth joins a band of pirates. Several years later he gains both pard...
,A,pirates,pirates,openlibrary_OL74483W,A Son of the Sun,Jack London,"...ith adventurers, scoundrels, swindlers, pirates, and cannibals. (Source: [Wikipedia]..."
,A,pirates,pirate,openlibrary_OL8400318W,Jack Jones and the pirate curse,Judith Rossell,"...-generation descendant of the Caribbean pirate Blackstrap Morgan, he is next in line t..."
,A,pirates,pirate,openlibrary_OL8507026W,Don't Mention Pirates,Sarah McConnell,"...Scarlet Silver wants to be a pirate, just like her Grandma, Long Joan Silve..."
,A,pirates,pirate,openlibrary_OL852304W,Summer on Kidd's Creek,"Holland, Robert M.A.","...est rumored to be buried in 1699 by the pirate, Captain Kidd, near Kidd's Creek, Maine..."
,A,pirates,pirate,openlibrary_OL8803488W,The Forgotten Voyage of the H.M.S. Baci,R. Kline,"...all battles save one with the loathsome pirate, Naughty Nat, circumnavigates the globe..."
,A,pirates,pirate,openlibrary_OL15175357W,Ruthless Awakening,Sara Craven,.... He's also the descendant of a Spanish pirate! So he kidnaps Rhianna and she finds he...
,A,pirates,pirates,openlibrary_OL15186576W,Hot For It,Melissa MacNeal,...knew she would be captured by the wrong pirates?Now Cat is the sex slave of two real pi...
,A,pirates,pirates,openlibrary_OL16804773W,Slave to Six Worlds,Olivia M. Ravensworth,"...e is abducted by coarse, grinning space pirates who of course use and abuse the poor sh..."
,A,pirates,pirates,openlibrary_OL17396372W,Swept Away By A Kiss,Katharine Ashe,...A SECRET IDENTITY When pirates storm Viscount Steven Ashford's ship up...
,A,pirates,pirate,openlibrary_OL17820839W,Scandalous liaisons,Sylvia Day,"...ies of his title to become the infamous pirate, Captain Phoenix. But the booty he’s ju..."
,A,pirates,privateer,openlibrary_OL24276390W,The lady and the Dragon,Shelley Bradley,...m sneaks aboard the ship of an infamous privateer determined to save his brother and resi...
,A,pirates,pirates,openlibrary_OL24856396W,The trail of whitened skulls,Thomas Wakefield Blackburn,"...fare to help protect the riverboat from pirates, Cle takes a chance. The odds are formi..."
,A,pirates,pirate,openlibrary_OL8488807W,Hot silk,Sharon Page,"...sual, Devlin Sharpe is a highwayman and pirate—a scoundrel whose world is ruled solely..."
,A,pirates,buccaneer,openlibrary_OL9841495W,The Desires of Rebecca,Olivia M. Ravensworth,...Rebecca comes to realize that the swift buccaneer *Sappho* is not quite the feminine para...
,A,pirates,pirate,openlibrary_OL17741044W,Rattlesnake Valley,J. A. Johnstone,"...Texas ranch from his brother. A former pirate named ""Black Terrance"" Malone, who has..."
,A,pirates,Pirates,openlibrary_OL19982696W,Wild ran the rivers,James D. Crownover,"...ettle new country, perhaps in Arkansas. Pirates kill their parents, and the kids become..."
,A,pirates,pirate,openlibrary_OL19990227W,The shotgun arcana,R. S. Belcher,"...ding a fallen angel, a mad scientist, a pirate queen, and a deputy who is kin to coyot..."
,A,pirates,pirates,openlibrary_OL21127371W,Eight Hours to Die,"William W. Johnstone, J. A. Johnstone",...tire country. A group of merciless land pirates have been hiding behind Chico's brutal...
,A,pirates,pirates,openlibrary_OL50948W,The Warrior's Path,Louis L'Amour,"...to the exotic West Indies. There, among pirates, cutthroats, and ruthless ""businessmen,..."
,A,pirates,pirate,hardcover_1915042,The Stealers of Dreams,Steve Lyons,...mebody is challenging the status quo. A pirate TV station urges people to fight back....
,A,pirates,pirates,hardcover_257514,Scholar,L. E. Modesitt Jr.,"...ssion, scholar-imager Quaeryt must face pirates, storms, poisonings, attempted murder,..."
,A,pirates,pirate,hardcover_820646,Nemo: Heart of Ice,"Alan Moore, Kevin    O'Neill","...a rich mosaic, it's 1975. Janni Dakkar, pirate queen of Lincoln Island and head of the..."
,A,space,interstellar,a_million_open_doors,A Million Open Doors,John Barnes,"...ention of the ""springer""--instantaneous interstellar travel, at a price--spreads throughout..."
,A,space,interstellar,coyote,Coyote,Allen Steele,"...irst-century Earth to seek new lives as interstellar colonists, placing themselves in cold s..."
,A,space,interstellar,in_the_mouth_of_the_whale,In the Mouth of the Whale,Paul McAuley,"...its single gas giant planet, a captured interstellar wanderer far older than the rest of Fom..."
,A,space,interstellar,lost_fleet_dauntless,Lost Fleet: Dauntless,Jack Campbell,"...as survived the journey into unexplored interstellar space, a voyage that led to the discove..."
,A,space,spaceship,openlibrary_OL20270249W,Scooby-Doo! Read and Solve,Gail Herman,...ange is going on at the game. There's a spaceship in the sky above the stadium and the fa...
,A,space,Space travel,openlibrary_OL3931584W,Future perfect,"H. Bruce Franklin, Nathaniel Hawthorne, Edgar Allan Poe, Herman Melville, Ambrose Bierce",...nce fiction ; To whom this may come -- Space travel. The blindman's world ; Fitz-James O'Br...
,A,space,starship,openlibrary_OL5687552W,Star Trek The Next Generation - Invasion - The Soldiers of Fear,"Dean Wesley Smith, Kristine Kathryn Rusch",...Decades after the original starship Enterprise had warded off the conquerin...
,A,space,outer space,openlibrary_OL5828791W,The cult of alien gods,Jason Colavito,...alled ancient astronauts (visitors from outer space) were responsible for historical wonder...
,A,space,spacefaring,openlibrary_OL8110872W,Venusian Lullaby (Dr Who,Paul Leonard,"...salvation whatever the cost. Then a spacefaring race arrives, offering to rescue the Ve..."
,A,space,starship,terra,Terra,Mitch Benn,"...of massive lemon coloured, lemon shaped starship that really shouldn't be hanging in the..."
,A,space,INTERSTELLAR,the_other_end_of_time,The Other End Of Time,Frederik Pohl,"...back cover Tor paperback July 1997: INTERSTELLAR WAR Earth, 2031: Alien contact Si..."
,A,space,starship,vast,Vast,Linda Nagata,"...Aboard Null Boundary, a giant starship thousands of years old, four survivors..."
,A,space,starship,openlibrary_OL4722810W,Moonstruck,"Susan Grant, Susan Grant",...Peace was for little girlsAnd Coalition starship admiral Brit Bandar was one tough woman...
,A,space,outer space,openlibrary_OL5714585W,George's Secret Key to the Universe,"Stephen Hawking, Lucy Hawking, Hugh Dancy","...y travel through a computer portal into outer space, where they explore such mysteries as b..."
,A,space,outer space,openlibrary_OL5823166W,The Way Back Home,Oliver Jeffers,"...s extraordinary airplane takes him into outer space, a boy meets a marooned young Martian w..."
,A,space,outer space,openlibrary_OL14990918W,Choose Your Own Adventure - Vampire Invaders,Edward Packard,...ies fight the invasion of vampires from outer space....
,A,space,Starship,openlibrary_OL15545791W,Star Trek Voyager - Battle Lines,"Dave Galanter, Greg Brodeur","...ther crew members held hostage, and the Starship Voyager under the control of the Edesia..."
,A,space,spaceship,openlibrary_OL15836010W,Enchantress from the Stars,Sylvia Engdahl,"...unexpectedly joins the team leaving the spaceship to study the planet Andrecia, she becom..."
,A,space,interstellar,openlibrary_OL18145465W,Land of the dead,"Harlan, Thomas.",...et in an alternate world Aztec-Japanese interstellar empire in the far future which is threa...
,A,space,starship,openlibrary_OL5804780W,Star Trek - Section 31 - Cloak,S. D. Perry,"...mysterious disaster aboard a Federation starship, Kirk discovers that the same technolog..."
,A,space,outer space,openlibrary_OL60672W,Stepsister from the Planet Weird,"Francess Lin Lantz, Francess Lantz","...usually discounts her younger brother's outer space fantasies, she is not so certain that h..."
,A,space,interstellar,openlibrary_OL8514692W,Blindsight,"Peter Watts, Peter Watts","...e. You send them all to the edge of interstellar space, praying you can trust such freak..."
,A,space,space station,openlibrary_OL448759W,Sophie and the scoundrels,Nancy N. Rue,"...nds transform Fiona's tree house into a space station as a school science project, despite sa..."
,A,space,Space travel,openlibrary_OL9723154W,Black Gemini,Rachael Kirby,"...d biologically, but also independently. Space travel of the twenty first century, modern med..."
,A,space,interstellar,openlibrary_OL100120W,Berserker Man,Fred Saberhagen,...al doomsday weapons of a long forgotten interstellar war between two extraterrestrial races...
,A,space,starship,openlibrary_OL116030W,Star Trek - Mirror Universe - Spectre,William Shatner,"...on: James Tiberius Kirk, captain of the starship Enterprise. Although Kirk was believed..."
,A,space,Starship,openlibrary_OL116037W,The Ashes of Eden,William Shatner,...EK's gallant commander of the legendary Starship Enterprise and her crew. Now William Sh...
,A,space,spacecraft,openlibrary_OL13838574W,Cactus Island,"William Manchee, Manchee, William.",...He claims he was distracted by an alien spacecraft flying overhead. At first Stan thinks h...
,A,space,starship,openlibrary_OL145199W,Star Trek - Dreams of the Raven,Carmen Carter,...rprise speeding to the rescue! But the starship's mission of mercy soon becomes a despe...
,A,space,spaceship,openlibrary_OL14865162W,"Lights, camera-- liftoff!",Dan Greenburg,...n television show while waiting for the spaceship that will take them home....
,A,space,outer space,openlibrary_OL14949644W,Executive intent,Dale Brown,...on must be answered in the stillness of outer space and the corridors of the White House.Th...
,A,space,Starship,openlibrary_OL14954142W,Star Trek - Captain's Blood,"William Shatner, Judith Reeves-Stevens","...assistance by Captain Will Riker of the Starship Titan, and accompanied by his good frie..."
,A,space,Starship,openlibrary_OL15141770W,Star Trek - Heart of the Sun,"Pamela Sargent, George Zebrowski","...und within a distant asteroid belt, the Starship Enterprise is sent to investigate. Capt..."
,A,space,starship,openlibrary_OL15157420W,Star Trek Voyager - Ghost of a Chance,"Mark Garland, Charles G. McGraw",...Drenar Four face extinction unless the starship Voyager intervenes—something the Prime...
,A,space,spacecraft,openlibrary_OL15182156W,Destroyer,C. J. Cherryh,...he epic tale of the survivors of a lost spacecraft who crash-land on a planet inhabited by...
,A,space,spaceship,openlibrary_OL15191459W,Attack of the Evil Elvises,Dan Greenburg,"...After thier spaceship is taken by the Great Ones, Ploo, Klatu..."
,A,space,spaceship,openlibrary_OL15440026W,Alien encounter,Pamela F. Service,...earch for an alien boy who has stolen a spaceship in order to find his missing father who...
,A,space,starship,openlibrary_OL15544886W,Star Trek Voyager - Equinox,"Diane Carey, Brannon Braga, Joe Menosky, Rick Berman","...e rescue of the USS Equinox, a battered starship besieged by a revenging horde of extra-..."
,A,space,starship,openlibrary_OL15546658W,Star Trek Deep Space Nine - Trials and Tribble-ations,"Diane Carey, Ronald D. Moore, Rene E'chevarria, Ira S. Behr",...ptain James T. Kirk and the crew of the starship Enterprise first encountered the irresi...
,A,space,space station,openlibrary_OL15546835W,Star Trek Deep Space Nine - The Search,"Diane Carey, Ira S. Behr, Robert H. Wolfe, Ronald D. Moore","...face. At the edge of the wormhole, the space station Deep Space Nine and the planet Bajor si..."
,A,space,space station,openlibrary_OL15562303W,Star Trek Deep Space Nine - Far Beyond the Stars,"Steven Barnes, Ira S. Behr, Hans Beimler","...onger a Starfleet captain, commander of space station Deep Space 9, he is Benny Russell, a st..."
,A,space,space travel,openlibrary_OL15598144W,Man-Kzin Wars XII,"Larry Niven, Hal Colebatch","...s were on the planet before the dawn of space travel, and claim to be part of the Roman Empi..."
,A,space,spaceship,openlibrary_OL15918109W,Under the moon,Rowena Akinyemi,"...e, news from the planet Earth. And in a spaceship high above Earth, a young man watches n..."
,A,space,space colony,openlibrary_OL16067170W,The Christmas adventure of Space Elf Sam,Audrey Wood,"...is way to deliver Christmas presents to space colony Alpha One, Space Elf Sam crash lands on..."
,A,space,spaceship,openlibrary_OL16126176W,Mothership,Martin Leicht,"...g Teen Mothers aboard an earth-orbiting spaceship, sixteen-year-old Elvie finds herself i..."
,A,space,outer space,openlibrary_OL16134400W,Jacob Wonderbar for President of the Universe,Nathan Bransford,"...nds Sarah Daisy and Dexter take off for outer space to campaign, and in the process suffer..."
,A,space,starship,openlibrary_OL16804624W,Mercury,Samuel Blondahl,...The crew of the starship Mercury prepare for a short trip to Mar...
,A,space,interstellar,openlibrary_OL17465695W,Wizards Aliens And Starships Physics And Math In Fantasy And Science Fiction,Charles L. Adler,"...nd space elevators to alien contact and interstellar travel, science fiction and fantasy wri..."
,A,space,interstellar,openlibrary_OL17822425W,Andymon,"Angela Steinmüller, Karlheinz Steinmüller",...topie. [English] Humans raised on an interstellar ship are sent out to terraform and popu...
,A,space,starship,openlibrary_OL17881493W,Star Wars rebels,Sadie Smith,...n Jarrus and his ragtag crew aboard the starship Ghost as they struggle against the evil...
,A,space,spacecraft,openlibrary_OL17889012W,The only words that are worth remembering,Jeffrey Rotter,"...em with a no-win choice: test-pilot the spacecraft together as a family, or be sent separa..."
,A,space,Starship,openlibrary_OL17929309W,Star Trek Corps of Engineers - Grand Designs,"Dayton Ward, Kevin Dilmore, Allyn Gibson, Kevin Killiany, Dave Galanter, David Alan Mack",...Corps of Engineers team lead by former Starship Enterprise engineer Commander Sonya Gom...
,A,space,Deep Space,openlibrary_OL1852659W,Star Trek Deep Space Nine - Bloodletter,K. W. Jeter,"...nder Sisko, Major Kira, and the crew of Deep Space Nine to set up a Federation station the..."
,A,space,Starship,openlibrary_OL19166416W,Star Trek The Next Generation - Do Comets Dream?,S. P. Somtow,...t to Captain Picard and the crew of the Starship Enterprise™; the Death-Bringer appears...
,A,space,starship,openlibrary_OL1921484W,Enterprise,Vonda N. McIntyre,...He was the youngest man to captain a starship in Federation history. His crew include...
,A,space,deep space,openlibrary_OL1960649W,Nightwings,"Robert Silverberg, Michael Netzer","...the ancient city, leaving the skies and deep space unguarded. And so the invaders came and..."
,A,space,deep space,openlibrary_OL19717800W,Of Jenny and the aliens,Ryan Gebhart,"...ears after Earth sent messages out into deep space, there has been an answer. Music from a..."
,A,space,space station,openlibrary_OL19763875W,Sanity & Tallulah,Molly Brooks,"...""Sanity and Tallulah live in a space station at the end of the galaxy. When Sanity's..."
,A,space,outer space,openlibrary_OL19995937W,Willy Maykit in space,Greg Trine,"...ded on Planet Ed during a class trip to outer space, he is in for an adventure. But will he..."
,A,space,interstellar,openlibrary_OL20040421W,The World of Edena,Moebius,...Stel and Atan are interstellar repairmen searching for a lost space st...
,A,space,Starship,openlibrary_OL20721276W,Star Trek The Next Generation - Headlong Flight,Dayton Ward,...ain Jean-Luc Picard and the crew of the Starship Enterprise encounter a rogue planet. Li...
,A,space,spacecraft,openlibrary_OL20810561W,Star Trek The Next Generation - Hearts and Minds,Dayton Ward,"...fighter jets shoot down an unidentified spacecraft and take its crew into custody. Soon, i..."
,A,space,spaceship,openlibrary_OL20935057W,The Seventh Voyage,"Stanisław Lem, Jon J. Muth","...es astronaut and space traveller Ijon's spaceship, and he finds himself caught in a time..."
,A,space,space travel,openlibrary_OL21307151W,Space Raptor Butt Trilogy,Chuck Tingle,...ve between a raptor and a man is giving space travel a bad name. Lance is arguing that there...
,A,space,interstellar,openlibrary_OL235280W,A Voyage to Arcturus,"David Lindsay, David Lindsay","...human and unique. After a strange interstellar journey, Maskull, a man from Earth, awa..."
,A,space,Starship,openlibrary_OL2397780W,Star Trek The Next Generation - Double Helix - Infection,John Gregory Betancourt,...tart of Captain Picard's command of the Starship Enterprise! It is only the first yea...
,A,space,Starship,openlibrary_OL2421571W,Star Trek - Insurrection,J. M. Dillard,...ain Jean-Luc Picard and the crew of the Starship Enterprise return to the big screen in...
,A,space,starship,openlibrary_OL2421572W,Star Trek - The Lost Years,J. M. Dillard,...new lives apart from each other and the starship. We see the newly promoted Admiral K...
,A,space,Starship,openlibrary_OL2421577W,Star Trek - Bloodthirst,J. M. Dillard,...hat will bring death to the crew of the Starship Enterprise....
,A,space,Deep Space,openlibrary_OL2576887W,Star Trek Deep Space Nine - Fallen Heroes,Dafydd Ab Hugh,...imprisoned comrade—a prisoner no one on Deep Space Nine knows anything about—Commander Ben...
,A,space,outer space,openlibrary_OL266010W,When the Tripods Came (The Tripods #0.5),"Sam Youd, Joe Burleson",...e England when the Tripods descend from outer space and begin brainwashing everyone with th...
,A,space,interstellar,openlibrary_OL2761319W,The Final Nexus,Gene DeWeese,...m beyond our galaxy created a series of interstellar gates—shortcuts across our universe—and...
,A,space,interstellar,openlibrary_OL2816425W,Star Trek The Next Generation - Survivors,Jean Lorrah,...ey were on the verge of becoming a true interstellar community—a full fledged member of the...
,A,space,Deep Space,openlibrary_OL284194W,Star Trek Deep Space Nine - Avatar Book One,S. D. Perry,"...t to the brink of destruction, Starbase Deep Space 9—the galaxy's nexus of scientific and..."
,A,space,Starship,openlibrary_OL2993217W,Star Trek The Next Generation - The Romulan Prize,Simon Hawke,"...ear the border of the Neutral Zone, the Starship Enterprise discovers an advanced Romula..."
,A,space,Deep Space,openlibrary_OL3071292W,Star Trek Deep Space Nine - The Pet,"Mel Gilden, Ted Pedersen",...from all over the galaxy are headed to Deep Space Nine to celebrate. When the freighter U...
,A,space,Starship,openlibrary_OL3092106W,Star Trek - Deep Domain,Howard Weinstein,...Akkalla - and death for the crew of the Starship Enterprise....
,A,space,space station,openlibrary_OL3561084W,Star Trek Deep Space Nine - What You Leave Behind,Diane Carey,...Benjamin Sisko took command of an alien space station newly christened Deep Space Nine. There...
,A,space,Deep Space,openlibrary_OL3572415W,Star Trek Deep Space Nine - Betrayal,Lois Tilton,...l over the Federation have assembled on Deep Space 9 for a conference that will determine...
,A,space,spacecraft,openlibrary_OL4115134W,Star Wars - Black Fleet Crisis - Shield of Lies,Michael P. Kube-McDowell,...ndo becomes a prisoner aboard a runaway spacecraft of unknown origin. Luke continues his q...
,A,space,spaceship,openlibrary_OL4115135W,Star Wars - Black Fleet Crisis - Tyrant's Test,Michael P. Kube-McDowell,"...r takes his battle to the runaway Qella spaceship, Luke's continuing search for his mothe..."
,A,space,starship,openlibrary_OL4320804W,Star Trek The Next Generation - The Children of Hamlin,Carmen Carter,...ain Jean-Luc Picard—and the crew of the starship Enterprise....
,A,space,interstellar,openlibrary_OL474023W,Judas Unchained,Peter F. Hamilton,"...'s superbly imagined, cunningly plotted interstellar adventures are conceived on a staggerin..."
,A,space,starship,openlibrary_OL480294W,"Star Trek - Double, Double",Michael Jan Friedman,"...On a routine exploratory mission, the starship USS Hood picks up a distress signal fro..."
,A,space,interstellar,openlibrary_OL522193W,Scattered Suns,"Kevin J. Anderson, David Colacci","...Seven Suns, his boldly imagined epic of interstellar intrigue and adventure... The war betwe..."
,A,space,Outer Space,openlibrary_OL5352750W,Operation,Murray Leinster,...Incorrect title. See Operation: Outer Space elsewhere in the list of Leinster title...
,A,space,Deep Space,openlibrary_OL5687545W,Star Trek Deep Space Nine - The Long Night,"Dean Wesley Smith, Kristine Kathryn Rusch",...in seiner Heimat. Plötzlich taucht auf Deep Space Nine eine Figur aus den Schatzkammern v...
,A,space,Starship,openlibrary_OL5687549W,Star Trek Voyager - Section 31 - Shadow,"Dean Wesley Smith, Kristine Kathryn Rusch",...ain Kathryn Janeway and the crew of the Starship Voyager fight for their lives against t...
,A,space,Deep Space,openlibrary_OL5687553W,Star Trek - Strange New Worlds II,"Dean Wesley Smith, John J. Ordover, Paula M. Block","...Trek: The Next Generation®, Star Trek: Deep Space Nine®, and Star Trek: Voyager® stories..."
,A,space,starship,openlibrary_OL5687585W,Star Trek Voyager - String Theory - Evolution,Heather Jarman,"...powerful forces have allied to give the starship aid. Toward this end, a familiar nemesi..."
,A,space,space travel,openlibrary_OL5687767W,Friend or Foe (Outernet),"Steve Barlow, Steve Skidmore","...upside down as he becomes involved with space travel, extraterrestrials, and an intergalacti..."
,A,space,interstellar,openlibrary_OL5696521W,Star Trek Vanguard - Summon the Thunder,"Dayton Ward, Kevin Dilmore",...The Taurus Reach: a remote interstellar expanse that holds a very old and poten...
,A,space,starship,openlibrary_OL5696563W,Star Wars - Fate of the Jedi - Omen,Christie Golden,"...looming. Millennia in the past, a Sith starship crashed on an unknown low-tech planet,..."
,A,space,interstellar,openlibrary_OL5704202W,The Ark / Her Majesty's Starship,Ben Jeapes,...HMSS Ark Royal is part of Earth’s first interstellar delegation to visit an alien planet. Hi...
,A,space,starship,openlibrary_OL5948119W,The New Voyages 2,"Sondra Marshak, Myrna Culbreath","...ound eyes, the men and the women of the starship Enterprise embark again on eight dazzli..."
,A,space,starship,openlibrary_OL6568087W,Star Trek,Gene Roddenberry,"...r Star Trek characters—who invented the starship Enterprise, who gave the show its looks..."
,A,space,starship,openlibrary_OL8126235W,Star Trek New Frontier - House of Cards,Peter David,...destruction. The Federation must send a starship to help where it can and report what it...
,A,space,Starship,openlibrary_OL8126242W,Star Trek The Next Generation - Imzadi II - Triangle,Peter David,"...including Counselor Deanna Troi of the Starship Enterprise, it means ""beloved"" and deno..."
,A,space,interstellar,openlibrary_OL8126259W,Star Trek - New Frontier,Peter David,"...are, and worse. Faced with a tragedy of interstellar proportions, Starfleet assembles a new,..."
,A,space,starship,openlibrary_OL8256900W,Star Trek The Next Generation - Starfleet Academy - Haunted Starship,"Brad Ferguson, Kathi Ferguson","..., Sanchez calls up a history of the old starship and Ben's first commander, the heroic I..."
,A,space,starship,openlibrary_OL8269871W,Star Trek - Enemy Unseen,V. E. Mitchell,...Command would consider using some other starship to ferry diplomatic personnel…...
,A,space,starship,openlibrary_OL8270122W,Star Trek The Next Generation - Gulliver's Fugitives,Keith Sharee,"...While searching for the USS Huxley, a starship missing for over ten years, the Enterpr..."
,A,space,Deep Space,openlibrary_OL8272707W,Star Trek Deep Space Nine - The Big Game,"Sandy Schofield, Dean Wesley Smith, Kristine Kathryn Rusch","...When Quark holds a poker tournament on Deep Space 9, someone from almost every sentient r..."
,A,space,starship,openlibrary_OL83591W,Star Wars - Outbound Flight,Timothy Zahn,"...dangerous challenge. Once underway, the starship crosses paths at the edge of Unknown Sp..."
,A,space,Starship,openlibrary_OL8454432W,Star Trek - The Joy Machine,James E. Gunn,...ed. Captain Kirk and the crew of the Starship Enterprise are shocked to discover the...
,A,space,interstellar,openlibrary_OL892583W,The January Dancer,Michael Flynn,"...omplex, decadent, brawling, mongrelized interstellar human civilization the artifact might s..."
,A,space,space travel,openlibrary_OL909896W,Oxygen Level Zero (Mars Diaries),Sigmund Brouwer,"...will love the cool, high-tech gadgets, space travel, and great plot twists in this exciting..."
,A,space,outer space,openlibrary_OL16698808W,Killer koalas from outer space,Andy Griffiths,"...ants, and of course, killer koalas from outer space...."
,A,space,spaceship,openlibrary_OL17090752W,NeraI Naufraghi Delle Stelle,Elisabetta Dami,"...ot, things start to go wrong, including spaceship wrecks and rebellious robots. Can the T..."
,A,space,outer space,openlibrary_OL17913900W,The Schnoz of Doom,Andrea Beaty,...es and Kevin face new evil bunnies from outer space when odorous extraterrestrials that use...
,A,space,spaceship,openlibrary_OL20942780W,Space penguins galaxy race!,L. A. Courtenay,"..., and when the penguins rescue a racing spaceship, and the owner tells them to keep it, h..."
,A,space,space ship,openlibrary_OL441130W,Commander Toad and the big black hole,Jane Yolen,"...The space ship Star Warts, commanded by Commander Toad..."
,A,space,spaceship,openlibrary_OL20000115W,Cakes in space,Philip Reeve,"...ve to a new planet, she must save the spaceship and its crew from man-eating cakes, ali..."
,A,space,outer space,openlibrary_OL17886725W,Yu-Gi-Oh! R.,Akira Ito,...ghts Depres in the cosmic duel field of outer space. Can Yugi's earthly cards defeat Depres...
,A,space,Space Station,openlibrary_OL20333428W,CatStronauts,Drew Brockington,"...s the CatStronauts on the International Space Station, she has to get to work right away--the..."
,A,space,outer space,openlibrary_OL3454754W,Walt Disney's Goofy in Giant Trouble,"Christensen, Don",...**The discovery of a device from outer space which can enlarge him to giant size giv...
,A,space,space station,openlibrary_OL6690119W,Strike Force,Dale Brown,"...eactivation of America's first military space station, Silver Tower, has rekindled fears of a..."
,A,space,space station,openlibrary_OL8966195W,Infinite Ryvius,"Shinsuke Kurihashi, Yatate Hajime, Yosuke Kuroda",...agers is in astronaut training aboard a space station when the station is destroyed. The teen...
,A,space,Spaceship,openlibrary_OL13694789W,Captain Cal and the robot army,Jan Dallimore,"...oard the Silver Pig Intergalactic Probe Spaceship embark on another dangerous mission, th..."
,A,space,spaceship,openlibrary_OL15154509W,Tom Swift in the race to the Moon,"Victor Appleton II, James Duncan Lawrence",...mpleting Tom Swift Jr.'s newest type of spaceship. It is a race against time and the stak...
,A,space,spaceship,openlibrary_OL16188976W,Jacob Wonderbar and the cosmic space kapow,Nathan Bransford,...and his friends Sarah and Dexter find a spaceship crashed in the woods near their suburba...
,A,space,outer space,openlibrary_OL16664199W,Racing the moon,Alan W. Armstrong,...ho shares their interest in rockets and outer space travel....
,A,space,interstellar,openlibrary_OL18171099W,New frontiers,Ben Bova,...Baghdad of the Arabian Nights to a vast interstellar empire thousands of years in the future...
,A,space,space ship,openlibrary_OL1970121W,Freddy and the space ship,"Walter R. Brooks, Kurt Wiese","...friends take off for Mars in Mr. Bean's space ship, but things go awry when Mrs. Peppercor..."
,A,space,outer space,openlibrary_OL20884020W,Eddy Stone and the alien cat mash-up,Simon Cherry,"...ekend suddenly takes off. Shooting into outer space with his annoying cousin Millie, can Ed..."
,A,space,spaceship,openlibrary_OL21288522W,Doctor Who : Web in Space,"Dave Bailey, David Bailey","...alls the TARDIS to the Black Horizon, a spaceship under attack from the Empire of Eternal..."
,A,space,space station,openlibrary_OL4653554W,Tom Swift and his Outpost in Space,"Victor Appleton II, James Duncan Lawrence",...sign and build the first solar-operated space station....
,A,space,space station,openlibrary_OL473125W,Rocket to Luna,Evan Hunter,"...und rocket blasted off from the Earth's space station in 1983, it was as ready for every even..."
,A,space,spaceship,openlibrary_OL8072658W,Sheep Blast Off!,Nancy E. Shaw,"...Upon finding a spaceship, sheep climb aboard and bumble around u..."
,A,space,starship,openlibrary_OL8366029W,Star Trek Adventures - The New Voyages,"Sondra Marshak, Myrna Culbreath",...These are the new voyages of the starship Enterprise—its continuing mission: to s...
,A,space,spaceship,openlibrary_OL16813073W,The Demon's Possession,Kiersten Fay,...After being enslaved on the spaceship Extarga for most of her life Analia has...
,A,space,deep space,openlibrary_OL6244596W,The Initiation of PB500,Kyle Stone,...A deep space catastrophe strands Sub-captain Micah S...
,A,space,spaceship,openlibrary_OL8110210W,Ellora's Cavemen,Lora Leigh,...re: Amelia's Journey By Lora Leigh A spaceship of scientists crashes on Venus. The cre...
,A,space,outer space,openlibrary_OL8691325W,Astral Nights,Kay Stone,"...allan has learned how to zap trash into outer space with telekinesis, speak telepathically..."
,A,spies,undercover agent,changes,Changes,Mercedes Lackey,...trained by the King's Own Herald as an undercover agent for Valdemar. Shy Bardic Trainee Lena h...
,A,spies,intelligence officer,ethan_of_athos,Ethan of Athos,Lois McMaster Bujold,"...li Quinn, an utterly gorgeous mercenary intelligence officer who has her own secret interest in Atho..."
,A,spies,intelligence officer,europe_at_midnight,Europe at Midnight,Dave Hutchinson,"...re, some literally overnight. For an intelligence officer like Jim, it’s a nightmare. Every week..."
,A,spies,espionage,in_the_shadow_of_swords,In the Shadow of Swords,Val Gunn,"...ator into prey, this part fantasy, part espionage novel races along as it follows the now..."
,A,spies,espionage,openlibrary_OL13956W,A Night in the Lonesome October,Roger Zelazny,...ury London. Twists and turns of magical espionage and adventure unfold as this unforgetta...
,A,spies,secret agent,openlibrary_OL15182418W,Blood Oath,Christopher Farnsworth,"...n he's partnered with Nathaniel Cade, a secret agent sworn to protect the president. But Cad..."
,A,spies,secret agent,the_duke_of_uranium,The Duke of Uranium,John Barnes,"...who has been secretly grooming Jak as a secret agent, as he embarks on his first assignment..."
,A,spies,secret agent,without_warning,Without Warning,John Birmingham,"...y's only hope, from the cancer-stricken secret agent to a drug runner off the Mexican coast..."
,A,spies,spy ring,openlibrary_OL111657W,Up in Honey's Room,Elmore Leonard,...esn't know that Walter is a member of a spy ring that sends U.S. war production data to...
,A,spies,Secret Agent,openlibrary_OL13730336W,Agente Secreto Zero Zero Kappa,Elisabetta Dami,"...knew where to start! Geronimo Stilton, Secret Agent Mouse? Maybe I could get used to that...."
,A,spies,Intelligence agent,openlibrary_OL14914310W,The God of the Hive,Laurie R. King,"...cloth, Holmes' brother, Mycroft, and an Intelligence agent who knows too much: Everyone Russell an..."
,A,spies,undercover operative,openlibrary_OL16915198W,Going Rogue,Robin Benway,"...a local New York City high school as an undercover operative has its moments, good and bad, for 16-y..."
,A,spies,CIA officer,openlibrary_OL19996547W,Tom Clancy,Mark Greaney,...rashes into the Sea of Japan. A veteran CIA officer is murdered in Ho Chi Minh City. A pack...
,A,spies,secret agent,openlibrary_OL2257206W,Identity Theft,"Scott Lobdell, Daniel Rendon","...n Teens Against Crime) rescue a British secret agent. Then, they are assigned to go undercov..."
,A,spies,spy thriller,openlibrary_OL23797W,The Riddle of the Sands,Erskine Childers,"...THE SANDS, considered the first modern spy thriller, is recognisable as the brilliant forer..."
,A,spies,CIA agent,openlibrary_OL24204911W,Star,Theresa Oliver,"...nd, better known as Star, is a kick-ass CIA agent. But what's different about her is that..."
,A,spies,secret agent,openlibrary_OL37623219W,Octopussy and the Living Daylights - Octopussy/The property of a lady/The living daylights/007 in New York,Ian Fleming,...that push 007 to the limit and find the secret agent questioning where he can go from there…...
,A,spies,espionage,openlibrary_OL48308W,Dangerous Dossiers,Herbert Mitgang,...Recounts the fifty year espionage campaign waged by intelligence agencies...
,A,spies,secret agent,openlibrary_OL5815935W,Looney Tunes [2003] Back in Action Reader,Jackie Glassman,...t means traveling around the world as a secret agent in search of the famous Blue Monkey Dia...
,A,spies,secret agent,openlibrary_OL16624546W,Angelmaker,Nick Harkaway,...al device that turns out to be a former secret agent's doomsday machine and incurs the wrath...
,A,spies,espionage,openlibrary_OL17190030W,Delilah dirk and the king's shilling,Tony Cliff,"...irk and her friend Selim are accused of espionage against the British crown, they must cl..."
,A,spies,CIA operative,openlibrary_OL17731851W,Biting the bullet,Jennifer Rardin,"...n-packed debut series from Rardin about CIA operative Jaz Parks and her boss, Vayl--a vampire..."
,A,spies,espionage,openlibrary_OL17895023W,The dark deeps,Arthur Slade,...ce more into the world of international espionage. This time he's on the trail of a myste...
,A,spies,Secret Agent,openlibrary_OL19827049W,Apocalypse to go,Katharine Kerr,"...atic trans-world law enforcement group, Secret Agent Nola O'Grady questions his loyalties as..."
,A,spies,espionage,openlibrary_OL20038321W,Blood crime,Sebastià Alzamora,"...mplicated by the politics, dangers, and espionage of daily life in a war zone. The Marist..."
,A,spies,espionage,openlibrary_OL27707669W,Skandal,Anna Godbersen,"...sequel to Sekret, this psychic Cold War espionage thriller follows Yulia to Washington, D..."
,A,spies,espionage,openlibrary_OL2994385W,Young Indiana Jones and the circle of death,William McCay,...Dark Druids with a connection to German espionage activities....
,A,spies,undercover operative,openlibrary_OL9003569W,Carinian's Seeker (Vampire Council of Ethics),T J Michaels,...Seeker for the Council—an assassin and undercover operative in a world of humans. Bix must get clos...
,A,spies,CIA operative,openlibrary_OL15837850W,Lion eyes,Claire Berlinski,"..., and suspense featuring a young female CIA operative--book critic Frank Bascombe observed: ""..."
,A,spies,undercover agent,openlibrary_OL16664819W,The turncoat,Donna Thorland,...s General Washington her services as an undercover agent in the City of Brotherly Love. Month...
,A,spies,KGB officer,openlibrary_OL17820224W,The 14th colony,Steve Berry,"...Malone learns that Zorin and another ex-KGB officer, this one a sleeper still embedded in t..."
,A,spies,espionage,openlibrary_OL1904168W,The World at Night,Alan Furst,...as the most authentic and best-written espionage fiction today. In The World at Night Fu...
,A,spies,espionage,openlibrary_OL1975557W,The spy novels of John le Carré,Myron J. Aronoff,"...demonstrates that le Carre's novels use espionage as a metaphor for politics, and his unf..."
,A,spies,secret agent,openlibrary_OL20496516W,Spy,Danielle Steel,"...and German, she would make the perfect secret agent. Within a year, Alex is shocking her fa..."
,A,spies,undercover agent,openlibrary_OL8110216W,Killer secrets,Lora Leigh,"...Kira Porter, an undercover agent for the Department of Homeland Security..."
,A,spies,secret agent,openlibrary_OL15598144W,Man-Kzin Wars XII,"Larry Niven, Hal Colebatch","...t-selling writer Larry Niven."" ""A human secret agent and her hired kzin companion infiltrate..."
,A,spies,secret agent,openlibrary_OL16636930W,The Red Ruby,Lars Jakobsen,"...Mortimer Mortensen, a secret agent who travels through time to prevent thi..."
,A,spies,double agent,openlibrary_OL2421562W,Star Trek - Mindshadow,J. M. Dillard,...ers an evil Romulan plot—with a cunning double agent in the middle. As Spock begins to rega...
,A,spies,spy thriller,openlibrary_OL4280942W,Voices Prophesying War,I. F. Clarke,"...The Amtrak Wars. Here sci-fi meets the spy thriller, the war novel meets the novel of dysto..."
,A,spies,MI6 operative,openlibrary_OL115388W,Deadlock,Iris Johansen,...When CIA and MI6 operative John Garret is tapped for a mission to...
,A,spies,secret agent,openlibrary_OL15044007W,The case of the chewable worms,Bill Myers,"...e Dingledorf very reluctantly acts as a secret agent again, this time to fight the B.A.D.D...."
,A,spies,CIA agent,openlibrary_OL15131516W,An Absence of Light,David L. Lindsey,"...story starring Arnette Kepner, a former CIA agent in the Far East, now an independent ope..."
,A,spies,intelligence operative,openlibrary_OL157690W,Without mercy,Henry Patterson,"...ins' acclaimed bestseller DARK JUSTICE, intelligence operative Sean Dillon and his colleagues in Brita..."
,A,spies,CIA Operative,openlibrary_OL17799223W,Live to see tomorrow,Iris Johansen,"...ts of Hong Kong, she has been a shadowy CIA Operative since she was fourteen years old. Now,..."
,A,spies,MI5 officer,openlibrary_OL17921102W,Retribution,Adrian Magson,...Former MI5 officer Harry Tate is charged with finding the...
,A,spies,spy network,openlibrary_OL19710787W,The Ends of the Earth,Robert Goddard,...father's murder and take down Lemmer's spy network once and for all. But what Max's cohort...
,A,spies,espionage,openlibrary_OL1978005W,Firewall -- Canadian Book Club,Andy McNab,...re and hires him to baby-sit a computer espionage expert on a jaunt into Finland. Not all...
,A,spies,Secret Agent,openlibrary_OL20029252W,Secret Agent Man goes shopping for shoes,Tim Wynne-Jones,...Secret Agent Man (S.A.M.) needs new shoes. His mom...
,A,spies,espionage,openlibrary_OL145032W,Mapa del creador,Emilio Calderón,"...ecomes more and more deeply involved in espionage, as does Jose Maria, for his own reason..."
,A,spies,espionage,openlibrary_OL15297761W,Angel of Darkness,Christopher Nicole,".... The result is a breathtaking story of espionage and revenge, reaching a dramatic and hi..."
,A,spies,double agent,openlibrary_OL4797922W,Angel in Jeopardy (Angel),Christopher Nicole,"...ars old, Anna has for four years been a double agent, working for the British SIS and now th..."
,A,spies,double agent,openlibrary_OL4797923W,Angel in Red,Christopher Nicole,"...nst her beloved family, she serves as a double agent for the English in the turmoil of the S..."
,A,spies,double agent,openlibrary_OL4797924W,Angel of Vengeance (Angel (Severn House)),Christopher Nicole,...ehrbach is the most feared assassin and double agent of her time. An invaluable asset to the...
,A,spies,espionage,openlibrary_OL5682448W,His Dark and Dangerous Ways,Edith Layton,...her who could prove a worthy partner—in espionage and in love.Forced to live by her wiles...
,A,spies,spy thriller,openlibrary_OL5739281W,CIRCLE AROUND THE SUN,M. D. Johnson,"...er subject, M. D. Johnson has created a spy thriller masterpiece with a brilliant cast of ch..."
,A,spies,intelligence agent,openlibrary_OL8124477W,Son of Holmes,John T. Lescroart,...mpts to solve the baffling murder of an intelligence agent......
,A,spies,CIA agent,openlibrary_OL11651248W,The lemur,"John Banville, Eduard Castanyo Montserrat","...-law, communications magnate and former CIA agent Big Bill Mulholland. He works in a big..."
,A,spies,CIA agent,openlibrary_OL137404W,Blindfold game,Dana Stabenow,"...in which Hugh Rincon - a Langley-based CIA agent - and his wife, Sara Lange (executive o..."
,A,spies,espionage,openlibrary_OL14864697W,A gentleman's game,Greg Rucka,...boy network. The world of international espionage is about to learn the hard way that spy...
,A,spies,spy ring,openlibrary_OL14872071W,Murder in the Executive Mansion,Elliott Roosevelt,"...osevelt is shocked to discover a German spy ring working inside the White House, just as..."
,A,spies,MI6 officer,openlibrary_OL15190848W,Dead Spy Running,Jon Stock,"...son Bourne!Daniel Marchant, a suspended MI6 officer, is running the London Marathon. He is..."
,A,spies,double agent,openlibrary_OL15297758W,Angel of Doom,Christopher Nicole,"...seems, and in her capacity as a British double agent was herself integral to the conspiracy...."
,A,spies,double agent,openlibrary_OL15297759W,Angel Rising,Christopher Nicole,"...MI6's decision to retire their premier double agent-cum-assassin, it seems the war is final..."
,A,spies,espionage,openlibrary_OL15420261W,Red,Warren Ellis,"...In the explosive espionage-thriller Red, Warren Ellis and artist C..."
,A,spies,intelligence agent,openlibrary_OL157283W,Bad Company,Henry Patterson,"...Danger and Midnight Runner put British intelligence agent Sean Dillon through ""a lot of thrills [..."
,A,spies,Intelligence Officer,openlibrary_OL16420165W,Dead line,Stella Rimington,...MI5 Intelligence Officer Liz Carlyle is summoned to a meeting wi...
,A,spies,espionage,openlibrary_OL16471457W,The Thief,"Clive Cussler, Justin Scott, Jofre Homedes Beutnagel","...war clouds are looming, and a ruthless espionage agent has spotted a priceless opportuni..."
,A,spies,Mossad agent,openlibrary_OL16498967W,Robert Ludlum's The Bourne imperative,Eric Van Lustbader,"...minder of Bourne's own past. Meanwhile, Mossad agent Rebekah is so determined to find this m..."
,A,spies,espionage,openlibrary_OL16643961W,Games traitors play,Jon Stock,"...r that combines the nuances of Cold War espionage with the ejector-seat excitement of ""To..."
,A,spies,intelligence officer,openlibrary_OL17417492W,The Geneva Trap,Stella Rimington,...When a Russian intelligence officer insists on speaking to no one but her a...
,A,spies,intelligence officer,openlibrary_OL181814W,The little drummer girl,John le Carré,"...'the theatre of the real' by an Israeli intelligence officer. Forced to play her ultimate role, she..."
,A,spies,undercover agent,openlibrary_OL19350551W,The Assassination Option,"William E. Butterworth III, William E. Butterworth IV",.... And he's due for a rendezvous with an undercover agent against the Soviets known only as Seven...
,A,spies,CIA agent,openlibrary_OL19707516W,The Cairo affair,Olen Steinhauer,"...nd killed. Stan Bertolli, a Cairo-based CIA agent, has fielded his share of midnight call..."
,A,spies,espionage,openlibrary_OL20003830W,Code of conduct,Brad Thor,"...darkest, most clandestine fears of the espionage world"" -- ""The next Scot Harvath thril..."
,A,spies,espionage,openlibrary_OL20026419W,A hero of France,Alan Furst,"...""From the bestselling master espionage writer, hailed by Vince Flynn as ""the b..."
,A,spies,intelligence officer,openlibrary_OL20055150W,Where dead men meet,"Mark Mills, Mark Mills","...aris, 1937. Luke Hamilton, a junior air intelligence officer at the British Embassy, becomes the tar..."
,A,spies,ESPIONAGE,openlibrary_OL20243159W,Robert Ludlum's  The Patriot Attack,Kyle Mills,...ESPIONAGE & SPY THRILLER. An attack on a Japanese...
,A,spies,espionage,openlibrary_OL20512712W,Under Occupation,Alan Furst,"...us Turkish woman who is in the contract espionage business.""--..."
,A,spies,secret agent,openlibrary_OL20639860W,The secret guests,John Banville,"...in ""neutral"" Ireland. A female English secret agent, Miss Celia Nashe, and a young Irish de..."
,A,spies,CIA operative,openlibrary_OL20892511W,What Doesn't Kill You,Iris Johansen,...When CIA operative Catherine Ling's old friend Hu Chang cr...
,A,spies,intelligence operative,openlibrary_OL2200095W,Old Boys,Charles McCarry,"...retired colleagues to find his cousin, intelligence operative Paul Christopher, who has mysteriously..."
,A,spies,CIA agent,openlibrary_OL23289W,Scoundrel (The Thrillers #5),Bernard Cornwell,"...urveyor, smuggler, gunrunner, suspected CIA agent. A full-time scoundrel with ties to not..."
,A,spies,espionage,openlibrary_OL23294W,Copperhead,"Bernard Cornwell, Francisco Rodríguez de Lecea",...caught up in a dangerous double game of espionage.A copperhead is a turncoat – a northern...
,A,spies,CIA Operative,openlibrary_OL24172046W,Vortex,Catherine Coulter,...g to keep them from learning the truth. CIA Operative Olivia Hildebrandt is a team leader on...
,A,spies,CIA agent,openlibrary_OL2454246W,Robert Ludlum's Jason Bourne in The Bourne legacy,Eric Van Lustbader,"...ever, was merely an identity assumed by CIA agent David Webb, a personality implanted by..."
,A,spies,secret agent,openlibrary_OL2976296W,James Bond in John Gardner's death is forever,John Gardner,"...Bond, Weisen plans to ""neutralize"" the secret agent before undertaking his true mission; th..."
,A,spies,espionage,openlibrary_OL3353287W,"Signed, Mata Hari",Yannick Murphy,...in Paris awaiting trial on charges of espionage. The penalty is death by firing squad....
,A,spies,intelligence agent,openlibrary_OL549414W,The devil's banker,Christopher Reich,...e of fire when he teams up with British intelligence agent Sarah Churchill. The two are assigned...
,A,spies,espionage,openlibrary_OL5724188W,Stray dog winter,David Francis,"...love, passion, politics, identity, and espionage...."
,A,spies,CIA operative,openlibrary_OL5727483W,Requiem for an Assassin,Barry Eisler,"...e business, his hand is forced by rogue CIA operative Jim Hilger. Hilger kidnaps Dox, Rain's..."
,A,spies,espionage,openlibrary_OL8013760W,The Yellowcake Conspiracy,Stephen Davies,"...A grippping tale of murder, espionage and nuclear terrorism.'Get back on the..."
,A,spies,spy thriller,openlibrary_OL9762022W,The Palestine Conspiracy,Robert Spirko,...y violence often follows. This is a spy thriller with many bends and twists. It is incre...
,A,spies,CIA agent,openlibrary_OL97866W,Agents of Innocence,David Ignatius,"...sponsibility. One such is Tom Rogers, a CIA agent who penetrates a prime Palestinian unit..."
,A,spies,spy network,openlibrary_OL14851438W,Dido and Pa (Wolves #7),Joan Aiken,"...raculous healing powers of music, and a spy network made up of abandoned street children ca..."
,A,spies,espionage,openlibrary_OL15980223W,The family Hitchcock,"Jennifer Flackett, Mark Levin",...get mixed up in a ring of international espionage....
,A,spies,Secret Agent,openlibrary_OL17525575W,Biggles Dangerous Missions,W. E. Johns,...gles - Air Commodore) - 1937 Biggles - Secret Agent - 1940 Biggles - Flying Detective (aka...
,A,spies,CIA operative,openlibrary_OL175559W,Extreme denial,David Morrell,...CIA operative Steve Decker leaves the spy world becau...
,A,spies,intelligence operative,openlibrary_OL175577W,Assumed identity,David Morrell,"...e story of Brendon Buchanan, undercover intelligence operative and master of over two hundred false id..."
,A,spies,spy novel,openlibrary_OL18171075W,Smert£ na brudershaft,Борис Акунин,"...Third installment in the spy novel set in Europe during World War I, illus..."
,A,spies,espionage,openlibrary_OL19720204W,The quantum spy,David Ignatius,"...of David Ignatius's timely, sharp-eyed espionage novels follows CIA agent Harris Chang i..."
,A,spies,CIA agent,openlibrary_OL19969876W,Babayaga,Toby Barlow,"...In 1959 Paris, a CIA agent mystified by Parisian girls, a beautifu..."
,A,spies,CIA agent,openlibrary_OL28166194W,The manipulators,Kane Conlan,"...ble opponents, who include a premier, a CIA agent, and the heads of state in Canada and t..."
,A,spies,undercover agent,openlibrary_OL15024467W,Dangerous Secrets,"Lisa Marie Rice, Elizabeth Jennings","...Delta Force operator, now a high-level undercover agent, he will do whatever his government ask..."
,A,spies,Undercover agent,openlibrary_OL15174262W,Deliciously Dangerous,Karen Anders,...Undercover agent Callie Carpenter is closing in on her e...
,A,spies,double agent,openlibrary_OL15175657W,I'd Rather Fight Than Swish,Troy Conway,...uch too soon. One of his team must be a double agent. But who? And how can Rod uncover the t...
,A,spies,undercover agent,openlibrary_OL15183721W,Up Close and Dangerously Sexy,Karen Anders,"...f his top operatives out of commission, undercover agent (and total hotness) Drew Miller will en..."
,A,spies,double agent,openlibrary_OL20237007W,Slave Hunt,J.A. Rock,...tasy. And Kamen inadvertently becomes a double agent when he aligns himself with two differe...
,A,spies,espionage,openlibrary_OL25649085W,"Ace Lewis, International Agent",Kyle Cicero,...In today's dangerous world of espionage and counterespionage one man is known a...
,A,spies,Intelligence Agent,openlibrary_OL25649769W,Wild Borders,Cheyenne McCray,...ng in his powerful arms and in his bed. Intelligence Agent Rick McAllister is hot on the trail of...
,A,spies,Undercover agent,openlibrary_OL5726488W,Lone Star surrender,Lisa Renee Jones,...Undercover agent Constantine Vega sacrificed three years...
,A,spies,espionage,openlibrary_OL748785W,Ernesto's ghost,Edward Gonzalez,"...events, Ernesto's Ghost is more than an espionage thriller or historical novel about Cuba..."
,A,spies,undercover agent,openlibrary_OL8052045W,Taming the fire,Sydney Croft,"...power to seduce her into submission. An undercover agent with unique hypnotic gifts, Trance is s..."
,A,spies,spy thriller,openlibrary_OL41114W,Be Shot for Sixpence,Michael Francis Gilbert,...**A gripping spy thriller with a deserved reputation.** Phili...
,A,spies,intelligence officer,hardcover_1721787,V2: A novel of World War II,Robert Harris,"...while, Kay Caton-Walsh, a young English intelligence officer, is living through the turmoil of war...."
,A,spies,secret agent,hardcover_218074,Night Probe!,Clive Cussler,...nfrontation with Britian’s most cunning secret agent—and into the throes of a torrid love tr...
,A,spies,CIA agent,hardcover_379324,The Faithful Spy,Alex Berenson,...before.John Wells is the only American CIA agent ever to penetrate al Qaeda. Since befor...
,A,spies,espionage,hardcover_437179,Our Woman in Moscow,Beatriz Williams,"...between family drama and a suspenseful espionage plot, and makes every word and note cou..."
,A,spies,KGB officer,hardcover_663456,Icon,Frederick Forsyth,"...his mind. Colonel Anatoli Grishin, the KGB officer who tortured and murdered four of Monk'..."
,A,steampunk,steampunk,openlibrary_OL19337762W,Steampunk Poe (Balloon-Hoax / Bells / City in the Sea / Conqueror Worm / Dream Within a Dream / Fall of the House of Usher / Masque of the Red Death / Murders in the Rue Morgue / Raven / Spectacles / System of Dr. Tarr and Prof. Fether / Tell-Tale Heart / To Helen),Edgar Allan Poe,"...Usher,"" and ""The Raven,"" accompanied by steampunk-inspired illustrations. Balloon-Hoax..."
,A,steampunk,steampunk,openlibrary_OL34960984W,The Shivering Ground & Other Stories,Sara Barkat,"...t, a collection of weird fiction with a steampunk aesthetic. In ""The Door at the End o..."
,A,steampunk,Steampunk,openlibrary_OL16621352W,Steampunk,"Ann VanderMeer, Jeff VanderMeer, Michael Moorcock, James Baylock, Ian R. MacLeod, Mary Gentle, Jay Lake, Joe R. Lansdale, Molly Brown, Ted Chiang, Michael Chabon, Paul Di Filippo, Rachel Pollack, Stepan Chapman, Neal Stephenson, Rick Klaw, Bill Baker",...brilliant blend of fantastical stories. Steampunk originates in the romantic elegance of...
,A,steampunk,steampunk,openlibrary_OL17411846W,Disenchanted Co,Lynn Viehl,"...n the Provincial Union of Victoriana, a steampunk America that lost the Revolutionary War..."
,A,steampunk,steampunk,openlibrary_OL17331722W,Questionable practices,Eileen Gunn,"...ad' to a slightly alternate world. Into steampunk's heart. Never where we might expect.""-..."
,A,steampunk,steampunk,openlibrary_OL17475578W,Luminous Chaos,Mahendra Singh,"...two in The Mysteries of New Venice, the steampunk adventure series The Guardian called a..."
,A,steampunk,steampunk,openlibrary_OL1852667W,Morlock Night,K. W. Jeter,"...which Jeter aptly captured in the term ""steampunk""...."
,A,steampunk,Steampunk,openlibrary_OL19987884W,"Prophecies, libels and dreams",Ysabeau S. Wilce,"...and she has published work in Asimov's, Steampunk!, and Fantasy & Science Fiction. She li..."
,A,steampunk,steampunk,openlibrary_OL15456701W,The Buntline special,Mike Resnick,"...In a steampunk-style alternate-history fantasy tale, A..."
,A,steampunk,steampunk,openlibrary_OL19990227W,The shotgun arcana,R. S. Belcher,"...ldly inventive mixture of dark fantasy, steampunk, and the Wild West. Now Belcher returns..."
,A,superheroes,superhero,openlibrary_OL13771735W,Headless stuntman,Jeremy Diamond,"...During the off-season, superhero NASCAR driver Jimmy Dash skips practice..."
,A,superheroes,Superheroes,openlibrary_OL16467130W,The Official Rocky Horror Picture Show Movie Novel,"Richard J. Anobile, Richard O'Brien, Jim Sharman","...ich is missing the first two verses of ""Superheroes.""..."
,A,superheroes,superhero,openlibrary_OL16529211W,Dark star,Bethany Frenette,"...rey, the sixteen-year-old daughter of a superhero, must access powers she never knew she..."
,A,superheroes,superhero,openlibrary_OL17931940W,The Adventures of Shrinkman,Robert Lawrence Stine,...adventures of Shrinkman. The comic-book superhero Shrinkman can shrink to the size of a b...
,A,superheroes,superhero,openlibrary_OL19663149W,The five stages of Andrew Brawley,Shaun David Hutchinson,...life around. Includes excerpts from the superhero comic Drew creates....
,A,superheroes,superhero,openlibrary_OL19734553W,Super Sorda,Cece Bell,...all. But the funny thing about being a superhero is that it's just another way of feelin...
,A,superheroes,superhero,openlibrary_OL6213633W,The adventures of Super Diaper Baby,Dav Pilkey,"...orge and Harold create a new comic book superhero, Super Diaper Baby...."
,A,superheroes,super-powered,openlibrary_OL14906136W,"Two Ghosts for Sister Rachel / Run, Run, Rudolph / Six / The Harvest","Lynsay Sands, Kim Harrison, Vicki Pettersson, Marjorie M. Liu","...ith the wonderful Marjorie M. Liu, or a super-powered Thanksgiving with the phenomenal Vicki..."
,A,superheroes,superheroes,openlibrary_OL15951515W,Super black,"Adilifu Nama, Adilifu Nama",...er Black places the appearance of black superheroes alongside broad and sweeping cultural t...
,A,superheroes,superhero,openlibrary_OL16099562W,Catawampus Tales,Bob Frey,"...t if there really was such a thing as a superhero, what problems might he or she face? Su..."
,A,superheroes,Superheroes,openlibrary_OL16518075W,Villain school,Stephanie Sanders,...nt at Dr. Do-Good's School for Superior Superheroes and they're here to take down Master Dr...
,A,superheroes,superhero,openlibrary_OL1917817W,Superman,"Jerry Siegel, Don Cameron, Joe Shuster","...an"" newspaper comic strip, covering the superhero's origin and such stories as ""Clark Ken..."
,A,superheroes,super-powered,openlibrary_OL1955938W,Aces Abroad,"George R. R. Martin, Wild Cards Trust, Stephen Leigh","...of the Wild Cards series, as a group of super-powered Aces set off on a fact-finding tour of..."
,A,superheroes,superpowered,openlibrary_OL20049415W,The balance of power,Stan Lee,...ow far he will go to protect his fellow superpowered friends....
,A,superheroes,superhero,openlibrary_OL21247176W,"American Theology, Superhero Comics, and Cinema",Anthony Mills,...hin both American theology and American superhero comics and films does not occur simply...
,A,superheroes,superheroes,openlibrary_OL2897798W,Watchmen,"Alan Moore, Dave Gibbons, John Higgins","...een forever altered by the existence of superheroes, Alan Moore and Dave Gibbons' monumenta..."
,A,superheroes,super-powered,openlibrary_OL15149710W,Pride & joy,Brian K. Vaughan,"...discover their parents are all secretly super-powered villains, the shocked teenagers find st..."
,A,superheroes,superhero,openlibrary_OL16415272W,"Geeks, girls, and secret identities",Mike Jung,"...someone new becomes Earth's most famous superhero, without knowing anything about him, ju..."
,A,superheroes,superhero,openlibrary_OL16646361W,Only superhuman,Christopher L. Bennett,"...Troubleshooter. Inspired by the classic superhero comics of the twentieth century, she's..."
,A,superheroes,Superhero,openlibrary_OL17885727W,School for sidekicks,Kelly McCullough,"...""Superhero geek Evan survives a supervillian's dea..."
,A,superheroes,superheroes,openlibrary_OL17904315W,These are the guardians,Clarissa Wong,...Introduces the superheroes who comprise the Guardians of the Galax...
,A,superheroes,superhero,openlibrary_OL19658760W,A Little More Human: A Novel,"Fiona Maazel, Fiona Maazel","...nd moonlights as Brainstorm, a costumed superhero. But when Phil wakes up from a blackout..."
,A,superheroes,superheroes,openlibrary_OL19735728W,Geeked Out,Obert Skye,"...And what if those heroes were geeked-up superheroes? Get ready. Better yet, get LAME!..."
,A,superheroes,superhero,openlibrary_OL19983654W,The Shadow Hero,"Gene Luen Yang, Sonny Liew","...io, Hank's mother wants him to become a superhero. Hank is not interested, until gangster..."
,A,superheroes,superhero,openlibrary_OL20042771W,"Red Riding Hood, superhero",Otis Frampton,...hood that turn the ten-year-old into a superhero--and now she must use her powers to res...
,A,superheroes,superheroes,openlibrary_OL20050153W,Wonder Woman and Justice League America,Dan Vado,"...This volume features many of DC's 1990s superheroes, including the Ray,Captain Atom, Fire a..."
,A,superheroes,Superheroes,openlibrary_OL20060137W,Justice League vs. Suicide Squad,"Joshua Williamson, Tim Seeley, Rob Williams, Simon Spurrier, Jay Fabok, Tony S. Daniel, Jesús Merino, Fernando Pasarin, Alex Sinclair, Ivan Plascencia, Rob Leigh",...a dealbreaker for the World's Greatest Superheroes. But you can bet the Wall and her gang...
,A,superheroes,superhero,openlibrary_OL21147314W,"Comics, Trauma, and the New Art of War",Harriet E. H. Earle,...across the form and placing mainstream superhero comics alongside alternative and art co...
,A,superheroes,superheroes,openlibrary_OL5711535W,Operation Squish!,"Dan Danko, Tom Mason","...evil Dada Robah plots to squish all the superheroes of the League of Big Justice, Guy Marti..."
,A,superheroes,superhero,openlibrary_OL5715239W,Grow up!,"Steinberg, David","...tor turns Daniel (aka Loud Boy) and his superhero friends into prune-eating, cane-wieldin..."
,A,superheroes,superhero,openlibrary_OL16342409W,Captain Disaster,Jennifer L. Holm,"...d following the example of his favorite superhero, must figure out how to turn a losing s..."
,A,superheroes,superhero,openlibrary_OL16695135W,Superhero silliness,Tony Abbott,"...""The Goofballs are invited to a superhero masquerade to stop a mysterious figure..."
,A,superheroes,superhero,openlibrary_OL20006790W,My brother is a superhero,David Solomons,...e-street brother Zack got turned into a superhero. Luke can t believe the unfairness of i...
,A,superheroes,superheroes,openlibrary_OL549472W,Meet The Gecko,Wendelin Van Draanen,...Even superheroes have problems. That's what Nolan discov...
,A,superheroes,superhero,openlibrary_OL549474W,The power potion,Wendelin Van Draanen,...after-school courier . . . and a secret superhero! So far Dave's been able to juggle his...
,A,superheroes,superhero,openlibrary_OL549504W,The Gecko and Sticky,Wendelin Van Draanen,...the perfect opportunity to make like a superhero! So Dave and Sticky set off after the r...
,A,superheroes,superheroes,openlibrary_OL21284054W,Remaking History,Jerome De Groot,"..., along with cultural phenomena such as superheroes and vampires, broker relationships to h..."
,A,superheroes,superhero,openlibrary_OL14854268W,Batman's dark secret,Kelley Puckett,...of the dark and became a crime-fighting superhero....
,A,superheroes,superhero,openlibrary_OL15069570W,Mascot to the rescue!,Peter David,"...Everything that happens to Mascot, the superhero sidekick in the Captain Major comic boo..."
,A,superheroes,superheroes,openlibrary_OL15090796W,Medikidz explain depression,Kim Chilman-Blair,...Join superheroes the Medikidz as they travel inside the...
,A,superheroes,super-powered,openlibrary_OL15153831W,Teenage wasteland,Brian K. Vaughan,"...er-villain parents, this motley crew of super-powered kids finds a kindred spirit in a daring..."
,A,superheroes,superheroes,openlibrary_OL15378656W,500 Great Comicbook Action Heroes,Mike Conroy,...An Encyclopaedia of superheroes and other comic characters from various...
,A,superheroes,superhero,openlibrary_OL15941437W,Fashion Kitty versus the B.O.Y.S.,Charise Mericle Harper,"...Fashion Kitty, a superhero who rescues victims from fashion emerge..."
,A,superheroes,superhero,openlibrary_OL16263303W,The Avengers and philosophy,Mark D. White,...d the action of Marvel Comics' all-star superhero team. Arms you with new insights into...
,A,superheroes,superhero,openlibrary_OL16638302W,The beak strikes!,John Green,...ting outfit they invented to become the superhero the Beak and fight the villain Kakapoop...
,A,superheroes,superpowered,openlibrary_OL1878594W,Sugar hero,Michael Dahl,"...ombat Doozie Hiss, a rival student with superpowered hair...."
,A,superheroes,superhero,openlibrary_OL19715274W,The many lives of Catwoman,Tim Hanley,...film set her apart from the rest of the superhero world. When female-led comics were few...
,A,superheroes,superheroes,openlibrary_OL19743885W,Miraculous,"Thomas Astruc, Justin Birch","...Ladybug and Cat Noir. Join the premier superheroes of Paris, Ladybug and Cat Noir, as they..."
,A,superheroes,superheroes,openlibrary_OL19957987W,Secret invasion,Brian Michael Bendis,...ll invasion begins for real and Earth's superheroes are forced to fight the invasion withou...
,A,superheroes,superheroes,openlibrary_OL20583813W,Superheroes and Their Ancient Jewish Parallels,Johnny E. Miles,...e Jewish culture. Using modern American superheroes and their stories in a cross-cultural d...
,A,superheroes,superhero,openlibrary_OL20719401W,Does a Great Job,Chris Eliopoulos,...Your favorite superhero is back and better than ever! Mr. Puzzl...
,A,superheroes,superhero,openlibrary_OL20820248W,Invisible Men,Ken Quattro,"...rew, mostly covertly behind the scenes, superhero, horror, and romance comics in the earl..."
,A,superheroes,superhero,openlibrary_OL21019703W,Kick-Ass,"Mark Millar, John Romita Jr., Jane Goldman, Matthew Vaughn","...ic book enthusiast, decides to become a superhero despite having no powers or training. O..."
,A,superheroes,Superhero,openlibrary_OL27062110W,El bien y el mal,Michael Pearl,...The Ultimate Superhero Graphic Novel!! In the beginning -- Bef...
,A,superheroes,superheroes,openlibrary_OL5749650W,The Ultimates,"Mark Millar, Bryan Hitch, Andrew Currie","...res of the government-sponsored band of superheroes, including the Hulk, Captain America, I..."
,A,superheroes,superhero,openlibrary_OL5857471W,Love fights,Andi Watson,...cold when Nora becomes occupied with a superhero sex scandal. Never mind that she almost...
,A,superheroes,superheros,openlibrary_OL14962001W,The Gecko and Sticky in-- the villain's lair,Wendelin Van Draanen,...w series is sure to be a hit with young superheros everywhere.Wendelin Van Draanen spent m...
,A,superheroes,superhero,openlibrary_OL1955927W,Down & dirty,"George R. R. Martin, Wild Cards Trust","...h volume of the reissued ""shared world"" superhero series created by current New York Time..."
,A,superheroes,superhero,openlibrary_OL19724217W,New York fantastic,Paula Guran,...powers becomes New York City's greatest superhero . . . A love affair blossoms between th...
,A,superheroes,superhero,openlibrary_OL19970547W,Super stories of heroes & villains,Claude Lalumière,"...some of the most exciting and original superhero stories of the past few decades, along..."
,A,superheroes,superhero,openlibrary_OL28762861W,Captain Mack and the giant squid,John Lomas-Bullivant,...ew will soon run out of oxygen. But our superhero soon detects something very fishy going...
,A,superheroes,superheroes,openlibrary_OL5748393W,Race to the Tower of Power,Catherine Lukas,...o the World in Tower of Pwer. Will the superheroes -- Uniqua and Austin-- be able to stop...
,A,vampires,vampire,bloodshot,Bloodshot,Cherie Priest,"...Raylene Pendle (AKA Cheshire Red), a vampire and world-renowned thief, doesn’t usual..."
,A,vampires,vampire,night_shift2,Night Shift,Charlaine Harris,"...out why blood is being spilled than the vampire Lemuel, who, while translating mysterio..."
,A,vampires,vampire,openlibrary_OL12467545W,Vampire Kisses,Diana McKeon Charkalis,"...lute last thing goth-girl Raven and her vampire boyfriend, Alexander, need is another h..."
,A,vampires,vampires,openlibrary_OL14906812W,My Big Fat Supernatural Wedding,"Lori Handeland, P. N. Elrod, L. A. Banks, Jim Butcher, Rachel Caine, Esther M. Friesner, Charlaine Harris, Sherrilyn Kenyon, Susan Krinard, L. A. Banks","...Werewolves, vampires, and Elvis populate this collection of..."
,A,vampires,Vampire,openlibrary_OL14962673W,Conversations with Anne Rice,Michael Riley,"...e Rice to the world, Interview with the Vampire, a reporter seeks out the facts behind..."
,A,vampires,vampire,openlibrary_OL14963398W,Jane bites back,Michael Thomas Ford,...inished just before being turned into a vampire has been rejected by publishers--116 ti...
,A,vampires,vampire,openlibrary_OL14982396W,Shadow souls,Lisa Jane Smith,"...the run . . .Elena Gilbert's love, the vampire Stefan Salvatore, has been captured and..."
,A,vampires,vampire,openlibrary_OL14992760W,Thirteen Years Later,Jasper Kent,"...ling sequel to the acclaimed historical vampire novel, TwelveAleksandr made a silent pr..."
,A,vampires,vampire,openlibrary_OL15059076W,The new kid in school is a vampire bat,George Edward Stanley,...nced that the new kid in his class is a vampire bat because his hair comes to a point o...
,A,vampires,vampire,openlibrary_OL15078833W,Art in the Blood,P. N. Elrod,"...I'm a vampire, not an artist, but I know what I like...."
,A,vampires,vampire,openlibrary_OL15078851W,My Big Fat Supernatural Honeymoon,"P. N. Elrod, Kelley Armstrong, Jim Butcher, Rachel Caine, Caitlin Kittredge, Marjorie M. Liu, Katie MacAlister, Lilith Saintcrow, Ronda Thompson",...llection of supernatural stories. Can a vampire-hunter enjoy her honeymoon when she's j...
,A,vampires,vampire,openlibrary_OL15082790W,Little vampire women,Lynn Messina,"...em to be good little women. Good little vampire women, that is. That's right: Meg, Jo,..."
,A,vampires,Vampires,openlibrary_OL15168768W,"Dark Angel, The Chosen, Soulmate",Lisa Jane Smith,"...Vampires, werewolves, witches, shapeshifters --..."
,A,vampires,vampire,openlibrary_OL15182418W,Blood Oath,Christopher Farnsworth,...et. The ultimate agent. The President's vampire. Zach Barrows is an ambitious young Whi...
,A,vampires,vampire,openlibrary_OL15184420W,Tenth Grade Bleeds,Z Brewer,...Bathory High for Vladimir Tod. The evil vampire D'Ablo is hunting for the ritual that c...
,A,vampires,vampire,openlibrary_OL15597341W,Darkened Hills,Gary Lee Vincent,...mare was over. But when a centuries-old vampire is discovered they find out the hard wa...
,A,vampires,vampires,openlibrary_OL15621360W,The Origins,Lisa Jane Smith,...woman who wants to turn them both into vampires....
,A,vampires,vampire,openlibrary_OL15854403W,In the shadow of the Vampire,Jana Marcus,...has single-handedly re-popularized the vampire genre for a massive international audie...
,A,vampires,vampires,openlibrary_OL15975268W,Teeth,"Genevieve Valentine, Steve Berman, Christopher Barzak, Neil Gaiman, Delia Sherman, Garth Nix, Suzy McKee Charnas, Kaaron Warren, Cecil Castellucci, Jeffrey Ford, Nathan Ballingrud, Kathe Koja, Catherynne M. Valente, Melissa Marr, Ellen Kushner, Cassandra Clare, Holly Black, Lucius Shepard, Emma Bull, Tanith Lee",...eteen original stories of teenagers and vampires....
,A,vampires,vampires,openlibrary_OL16004832W,The vampire files,Amy Rickman,"...s such popular entertainments featuring vampires as the television programs ""True Blood""..."
,A,vampires,vampires,openlibrary_OL16025403W,Borne in blood,Chelsea Quinn Yarbro,"...nne Rice is the celebrity journalist of vampires, Yarbro is their domestic chronicler. T..."
,A,vampires,vampires,openlibrary_OL16109383W,Hellhole West Virginia,Rich Bottles Jr.,"...this tour de force cast of Eco-friendly vampires, beach-yearning zombies and sex-starved..."
,A,vampires,vampiric,openlibrary_OL16117200W,Night eternal,Guillermo del Toro,"...years It’s been two years since the vampiric virus was unleashed in The Strain, and..."
,A,vampires,vampires,openlibrary_OL16118466W,Vampire Beach 2,Alex Duval,"...eights High School which is filled with vampires, and another student are attacked by so..."
,A,vampires,vampire,openlibrary_OL16281703W,"My boyfriend bites or once bitten, twice shy",Dan Jolley,"...here to help although he, himself, is a vampire...."
,A,vampires,vampire,openlibrary_OL16342584W,Hemlock Grove,Brian McGreevy,"...ths, and nightmares - the werewolf, the vampire, Frankenstein - and reimagining them fo..."
,A,vampires,vampire,openlibrary_OL1650992W,Vamps,Nancy A. Collins,"...y, where the young ladies of the finest vampire families are trained in shapeshifting a..."
,A,vampires,vampire,openlibrary_OL16557708W,Alchemy,Kevin Wignall,"...""An ancient vampire continues his search for the world's gr..."
,A,vampires,vampire,openlibrary_OL16564004W,The Triumph of Death,Jason Henderson,...Fourteen-year-old vampire hunter Alex Van Helsing teams up with a...
,A,vampires,vampire,openlibrary_OL17555662W,"Preacher, Book Two",Garth Ennis,"...ip, and their friend Cassidy, the Irish vampire, head west to a party of Babylonian pro..."
,A,vampires,vampire,openlibrary_OL17597102W,In the Absence of Sun,Nicole Vlachos,"...The remarkable new vampire novel from Nicole Vlachos, co-author of..."
,A,vampires,vampires,openlibrary_OL17638700W,Buffy the Vampire Slayer (Buffy the Vampire Slayer,"Richie Tankersley Cusick, Joss Whedon",...California cheerleaders - can stop the vampires before they engulf L.A. They're everywh...
,A,vampires,vampire,openlibrary_OL17695506W,Blue moon,Laurell K. Hamilton,"...concile herself to his werewolf nature, vampire hunter Anita Blake seeks to prove his i..."
,A,vampires,vampire,openlibrary_OL17721909W,Fright Night,NOW Comics,...the continuing adventures of movie star/vampire killer/TV horror host Peter Vincent and...
,A,vampires,Vampire,openlibrary_OL17735259W,Cry to Heaven,Anne Rice,"...vengeance, the acclaimed author of The Vampire Chronicles draws readers into eighteent..."
,A,vampires,vampire,openlibrary_OL17830065W,Mercy,Sarah L. Thomson,...overcome her own doubts and confront a vampire in order to save herself and her family...
,A,vampires,vampire,openlibrary_OL17852851W,Spirits of ash and foam,Greg Weisman,"...hidden world of mysticism, and faces a vampire...."
,A,vampires,vampire,openlibrary_OL17857187W,The fifth house of the heart,Ben Tripp,"...y are memorable, this chilling twist on vampire fiction packs a punch in the bestsellin..."
,A,vampires,vampires,openlibrary_OL17927294W,By blood we live,Glen Duncan,"...tle for survival between werewolves and vampires, and one last incisive--brilliantly iro..."
,A,vampires,vampire,openlibrary_OL1828380W,Prism of the night,Katherine M. Ramsland,"...jor novels including Interview with the vampire, The vampire Lestat, The queen of the d..."
,A,vampires,vampire,openlibrary_OL1865447W,The Gilda Stories,Jewelle Gomez,...A very unusual vampire story. A young Black woman escapes bein...
,A,vampires,vampires,openlibrary_OL19089956W,The Vampire Diaries,Lisa Jane Smith,...t not be exposed to the world - they're vampires. Elena's feelings for the two of them g...
,A,vampires,vampires,openlibrary_OL1930889W,City of dreadful night,Lee Siegel,"...dieval India of magicians, witches, and vampires, through the British colonial period wi..."
,A,vampires,vampire,openlibrary_OL19748972W,Serpentine,Laurell K. Hamilton,"...""Return to vampire hunter Anita Blake's thrilling world in..."
,A,vampires,vampiric,openlibrary_OL20057627W,Penny dreadful,Krysty Wilson-Cairns,"...ker, and exposes the true nature of the vampiric monsters infesting Victorian London. Be..."
,A,vampires,vampire,openlibrary_OL24777843W,The Wisdom of Blood,A. G. Howard,"...hone in A.G. Howard’s newest lush adult vampire fantasy fraught with passion, horror, a..."
,A,vampires,vampire,openlibrary_OL2720852W,Somewhere in the night,Jeffrey N. McMahan,"...and macabre wit glitter throughout. One vampire, for example, is an unwillingly undead..."
,A,vampires,Vampire,openlibrary_OL2738175W,Buffy the Vampire Slayer,"Joss Whedon, Georges Jeanty, Andy Owens, Jo Chen","...Collects: Buffy the Vampire Slayer: Season Eight, #1–5 Since the..."
,A,vampires,vampire,openlibrary_OL2755229W,Hollywood gothic,"David J. Skal, Manuela Carmona García, David Muñoz Pantiga, Óscar Palmer Yáñez, El Pulpo Design",...The primal image of the black-caped vampire Dracula has become an indelible fixture...
,A,vampires,vampire,openlibrary_OL277730W,The Awakening,Lisa Jane Smith,...alks about a human whose in love with a vampire whose vampire brother loves her too....
,A,vampires,vampires,openlibrary_OL28941064W,Vampire nation ; & Attack of the monster Venus melon!,Johnathan Rand,...two spine tingling horror stories about vampires and monsters....
,A,vampires,Vampires,openlibrary_OL2989230W,"Vampires, mummies, and liberals","Glover, David","...ism, and correspondence of Bram Stoker, Vampires, Mummies, and Liberals reconstructs the..."
,A,vampires,vampires,openlibrary_OL3234679W,"The secret life of Laszlo, Count Dracula","Roderick Anscombe, Arthur Conan Doyle, Bram Stoker, Charlotte Brontë, Emily Brontë, S. T. Joshi, Mary Shelley, Oscar Wilde, Miguel Muñoz, Bram Stoker, Robert Louis Stevenson, Robert Stevenson, Washington Irving, Horace Walpole, Edgar Allan Poe, Mark Twain, Lucy Maud Montgomery, Spyri, Johanna, Eleanor Hodgman Porter, Frances Hodgson Burnett, Mary Shelley, Yohav Ha'Levi",...ess killer of young women. There are no vampires in this stunningly erotic reinvention o...
,A,vampires,vampire,openlibrary_OL3240804W,Anne Rice,"Smith, Jennifer","...udes individual chapters on each of her vampire, mummy, and witch novels, including Mem..."
,A,vampires,Vampire,openlibrary_OL3333967W,Wolf's Complete Book of Terror,"Leonard Wolf, Helen Adam, Harlan Ellison, 谷崎潤一郎, Jerzy N. Kosinski, Julio Cortázar, Roald Dahl, Shirley Jackson, Jerome Bixby, Anthony Boucher, Ray Bradbury, Richard Matheson, John Crowe Ransom, Jorge Luis Borges, George Langelaan, Algernon Blackwood, Richard Hughes, Theodore Francis Powys, Langston Hughes, Ben Hecht, E. F. Benson, Edward Lucas White, Saki, H.P. Lovecraft, H. G. Wells, Hans Heinz Ewers, Frederick Marryat, Sax Rohmer, Ridge, Lola, W. W. Jacobs, Rudyard Kipling, Stephen Crane, Lafcadio Hearn, Bram Stoker, Chalotte Perkins Gilman, Joris-Karl Huysmans, Sheridan Le Fanu, Rosa Mulholland, Heinrich Hoffmann, James Malcolm Rymer, Guy de Maupassant, Charles Baudelaire, Edgar Allan Poe, Nathaniel Hawthorne, Prosper Mérimée, John Keats, Johann Wolfgang von Goethe, Marquis de Sade, P'u Sung-ling, John Milton, Charles Perrault, Lucius Apuleius","...mous Bluebeard / Charles Perrault The Vampire, Episode from The Golden Ass / Lucius A..."
,A,vampires,vampires,openlibrary_OL3497190W,Vampire & Werewolf Stories,"Alan Durant, Alan Durant, Alan Durant,Nick Hardcastle, Arthur Conan Doyle","...A collection of stories about vampires and werewolves, including Jane Yolen's..."
,A,vampires,vampire,openlibrary_OL3625242W,The Vampyre,John William Polidori,"...1819 and is considered the first modern vampire story. The story features Lord Ruthven,..."
,A,vampires,vampire,openlibrary_OL3877423W,Vampire legends in contemporary American culture,William Patrick Day,"...""While vampire stories have been part of Western cultu..."
,A,vampires,vampires,openlibrary_OL4444210W,Dark reunion,Lisa Jane Smith,"...lena, Stefan and his brother, Damon are vampires back for the final conflict and the las..."
,A,vampires,Vampire,openlibrary_OL4444212W,The Fury and Dark Reunion,Lisa Jane Smith,"...Presents the first two volumes in the Vampire Diaries series, in which popular and be..."
,A,vampires,vampire,openlibrary_OL4444213W,Huntress,Lisa Jane Smith,...Jez who's half vampire wants to stay faithful to the human she...
,A,vampires,vampire,openlibrary_OL4444217W,Nightfall,Lisa Jane Smith,"...lena sacrificed herself to save the two vampire brothers who love her — the handsome, b..."
,A,vampires,vampire,openlibrary_OL461888W,Incubus dreams,Laurell K. Hamilton,...be a case involving a serial killer- a vampire serial killer- who may be preying on st...
,A,vampires,vampire,openlibrary_OL461914W,Skin Trade,Laurell K. Hamilton,...h her most anticipated novel yet.When a vampire serial killer sends Anita Blake a grisl...
,A,vampires,vampire,openlibrary_OL461922W,Danse Macabre,Laurell K. Hamilton,"...days, Anita Blake is less interested in vampire politics than in an ancient, ordinary d..."
,A,vampires,vampires,openlibrary_OL461933W,The Laughing Corpse (Anita Blake Vampire Hunter),Laurell K. Hamilton,"...t imposing. Raise the dead, kill a few vampires, and people start considering you are o..."
,A,vampires,vampires,openlibrary_OL461938W,"Anita Blake, Vampire Hunter",Laurell K. Hamilton,"...In a world where vampires, zombies and werewolves are legal citiz..."
,A,vampires,vampires,openlibrary_OL465976W,Seven Strange and Ghostly Tales,Brian Jacques,".... Maybe you don't believe in ghosts and vampires, and spooky things that creep around in..."
,A,vampires,vampire,openlibrary_OL470256W,Dracula,"Stephanie Spinner, Adapted by Stephanie Spinner",...people vow to rid the world of the evil vampire....
,A,vampires,Vampire,openlibrary_OL555822W,Angel,"Nancy Holder, Jeff Mariotte, Maryelizabeth Hart","...series *Angel*, a spinoff of *Buffy the Vampire Slayer*. The ensouled vampire Angel rel..."
,A,vampires,vampires,openlibrary_OL5720865W,Bloodline Book Two,Kate Cary,"...rrible nightmares, fears the dark, sees vampires everywhere she turns. And when a strang..."
,A,vampires,vampires,openlibrary_OL5727053W,"Killers of the Dawn (Cirque Du Freak, The Saga of Darren Shan #9)",Darren Shan,"...their enemies clamoring for blood, the vampires prepare for a deadly battle. Is this th..."
,A,vampires,vampire,openlibrary_OL5730092W,Blood Retribution,David Thurlo,...Lee Nez is a nightwalker-a Navajo vampire-and a New Mexico state police officer....
,A,vampires,vampire,openlibrary_OL5730095W,Second Sunrise,David Thurlo,"...nightwalker, the Navajo equivalent of a vampire, Lee lives with one foot in the human w..."
,A,vampires,vampires,openlibrary_OL5730148W,Bride of the fat white vampire,Andrew Fox,...ls when an exclusive club of blue blood vampires demands that the 450-pound cabbie find...
,A,vampires,vampire,openlibrary_OL5730149W,Fat white vampire blues,Andrew Fox,...Jules Duchon was a real New Orleans vampire. Born and bred in the working-class Nin...
,A,vampires,vampire,openlibrary_OL5756345W,High Stakes,Erin McCarthy,"...is a nice guy-and a hot, casino-owning vampire. And with elections coming up, he'd lik..."
,A,vampires,Vampire,openlibrary_OL5964575W,Castlevania,David S. J. Hodgson,"...nshots of each of the games except the ""Vampire Killer"" game for the MSX computer. Glue..."
,A,vampires,vampire,openlibrary_OL5995452W,The Vampire Cinema,David Pirie,"...The cult of the vampire, with its undertones of violent sexuali..."
,A,vampires,Vampire,openlibrary_OL72404W,Vampire Breath,Robert Lawrence Stine,"...s basement along with a bottle labeled ""Vampire Breath,"" and quickly learn that opening..."
,A,vampires,vampires,openlibrary_OL72421W,Dangerous girls,Robert Lawrence Stine,...e to drink blood. Have they turned into vampires? How will they keep their horrifying se...
,A,vampires,Vampire,openlibrary_OL77828W,The Queen of the Damned,Anne Rice,"...The third book in The Vampire Chronicles, Queen of the Damned, follow..."
,A,vampires,Vampire,openlibrary_OL790526W,Immortal,"Christopher Golden, Nancy Holder","...l novel based in the world of Buffy the Vampire Slayer. Buffy battles Veronique, an anc..."
,A,vampires,vampire,openlibrary_OL8110490W,"Claimed By Shadow (Cassandra Palmer Series, Book 2)",Karen Chance,...o their side. But one particular master vampire didn't ask what Cassie wanted before pu...
,A,vampires,vampires,openlibrary_OL8122359W,Darkside (Book 1),Tom Becker,"...world of nightmares and secrets, where vampires and werewolves stalk the streets, where..."
,A,vampires,Vampire,openlibrary_OL82382W,"Definitely Dead (Southern Vampire Mysteries, Book 6)",Charlaine Harris,"...d be her cousin Hadley—a consort of the Vampire Queen of New Orleans. After all, techni..."
,A,vampires,vampire,openlibrary_OL8333973W,Ninth Grade Slays (The Chronicles of Vladimir Tod),"Z Brewer, Zac Brewer, Heather Brewer","...While half-vampire Vlad, his best friend Henry, and Henry'..."
,A,vampires,vampire,openlibrary_OL8333975W,Eleventh grade burns,"Z Brewer, Zac Brewer","...ger with an appetite for blood. Joss, a vampire slayer and Vlad's former friend, has mo..."
,A,vampires,vampire,openlibrary_OL8383177W,Hellboy,"Mike Mignola, John Byrne","...rail of a sleeping legend: the nobleman vampire, Vladimir Guirescu. Nazi scientists, re..."
,A,vampires,vampire,openlibrary_OL8494161W,Hellsing,"Kohta Hirano, Duane Johnson, Wilbert Lacuna",...embattled and London is falling to Nazi vampire forces. It seems to be the end of Integ...
,A,vampires,vampires,openlibrary_OL8698894W,Tales From 2 A.M,John Schreiber,"...r eyes wide open. These are tales of vampires and vengeance, of biological engineerin..."
,A,vampires,vampire,openlibrary_OL8783316W,Vampire knight,樋野 まつり,...Neither the vampire aristocrats nor the vampire hunters app...
,A,vampires,Vampire,openlibrary_OL8816893W,Bite Me!,Nikki Stafford,"...analysis sinks its teeth into Buffy the Vampire Slayer, examining the development of th..."
,A,vampires,VAMPIRE,openlibrary_OL8886170W,100 Creepy Little Creatures,"Stefan R. Dziemianowicz, Robert E. Weinberg, Martin H. Greenberg, Robert Weinberg, Arthur Conan Doyle, Ambrose Bierce, Edgar Allan Poe, Edith Hamilton",...AMILIAR FACE ROBERT M. PRICE FATHER'S VAMPIRE ALVIN TAYLOR AND LEN J. MOFFATT THE F...
,A,vampires,vampire,openlibrary_OL9046502W,Fang of the Vampire,Tommy Donbavand,"...he undead. Luke soon makes friends with vampire Resus Negative and mummy Cleo Farr, but..."
,A,vampires,vampire,openlibrary_OL92655W,Sherlock Holmes vs. Dracula,"Loren D. Estleman, Loren D. Estleman","...trail of no mortal enemy, but the arch-vampire himself - Count Dracula...From the impa..."
,A,vampires,vampire,waking_nightmares,Waking Nightmares,Christopher Golden,"...Peter Octavian, once a vampire, now a powerful mage, has been living a..."
,A,vampires,vampires,openlibrary_OL1000725W,Spooksville - Night of the vampire,Christopher Pike,"...nds are in real trouble now. A bunch of vampires are stalking Spooksville, turning the n..."
,A,vampires,vampire,openlibrary_OL10022754W,Magic Lilly and the vampire with the wiggly tooth,KNISTER,"...er hearing Lilly's story about a little vampire with a loose tooth like his own, Leon w..."
,A,vampires,vampire,openlibrary_OL11967435W,One more bite,Jennifer Rardin,"...t to assassinate the Coven's leader, my vampire boss and I are brought in to take out t..."
,A,vampires,Vampire,openlibrary_OL14909206W,Bite,"Charlaine Harris, MaryJanice Davidson, Angela Knight, Vickie Taylor, Laurell K. Hamilton","...A never-before-published Anita Blake, Vampire Hunter story from New York Times bestse..."
,A,vampires,vampire,openlibrary_OL14981032W,"Jealousy (Strange Angels, #3)",Lili St. Crow,"...learn what it means to be svetocha—half vampire, half human, and all deadly. If she sur..."
,A,vampires,vampires,openlibrary_OL15025533W,Red moon rising,"Moore, Peter","...In a world where vampires dominate and werewolves are despised, a..."
,A,vampires,vampires,openlibrary_OL15174910W,Bite Me,Christopher Moore,"...Well, reborn, that is, now that they're vampires. Good thing theirs is an undying love,..."
,A,vampires,Vampire,openlibrary_OL15178457W,Ardeur,Laurell K. Hamilton,"...Laurell K. Hamilton's, Vampire Hunter series is a literary sensation,..."
,A,vampires,vampire,openlibrary_OL15180129W,The Den of Shadows Quartet,Amelia Atwater-Rhodes,"...d years ago she was human. Now she is a vampire, a powerful one. And her past has come..."
,A,vampires,vampires,openlibrary_OL15187236W,Bad Blood,James Goss,...Denise back in town? Why have Bristol's vampires suddenly started hanging around whereve...
,A,vampires,vampires,openlibrary_OL15192562W,Unchained (The Dark Forgotten),Sharon Ashwood,"...ter. Easier said than done. Lovelorn vampires haunt the library, a slime demon is han..."
,A,vampires,vampire,openlibrary_OL15422060W,Kitty and the dead man's hand,Carrie Vaughn,...n might be wielding the real thing; the vampire community is harboring a dark secret; a...
,A,vampires,vampires,openlibrary_OL15537910W,End of days,Max Turner,"...sterious Mr. Hyde, a creature who hunts vampires...."
,A,vampires,vampires,openlibrary_OL15921749W,The bite before Christmas,Heidi Betts,...It's beginning to look a lot like vampires-- and vampire matchmaker Angelina is he...
,A,vampires,vampire,openlibrary_OL16026242W,La vida vampire,Nancy Haddock,"...police suspect her. After all, she is a vampire. Which is why a crazed vampire-hunting..."
,A,vampires,vampires,openlibrary_OL16152967W,Bride of the night,Heather Graham,...and Confederate spy Tara Fox (both half-vampires) attempt to foil a conspiracy to kill P...
,A,vampires,vampires,openlibrary_OL16342270W,Darkest at Dawn,Christine Feehan,"...De La Cruz has spent centuries hunting vampires, but what he's following now is the sce..."
,A,vampires,vampires,openlibrary_OL16517060W,Bloody good,Georgia Evans,"...ver. They're not just fascists. They're vampires.Alice has no time for fantasy, but when..."
,A,vampires,vampire,openlibrary_OL16524676W,Predators and Prey,Joss Whedon,...goes awry when former-classmate-turned-vampire Harmony Kendall lands her own reality T...
,A,vampires,vampires,openlibrary_OL16601888W,Sexiest vampire alive,Kerrelyn Sparks,"...When a video reveals to the world that vampires live among us, it's up to ""young"" vamp..."
,A,vampires,vampire,openlibrary_OL16667096W,Forever vampire,Michele Hauf,"...Vail the Unwanted is a pure-blooded vampire. But raised by Faery, he has neither ho..."
,A,vampires,vampire,openlibrary_OL16766838W,The Salem branch,Lara Parker,"...The Salem Branch Barnabas Collins, the vampire hero of the series, has recently become..."
,A,vampires,vampire,openlibrary_OL17313991W,Vampalicious!,Sienna Mercer,"...United with her twin sister Ivy, a vampire, for only a few months, Olivia risks lo..."
,A,vampires,vampire,openlibrary_OL17425005W,Angels Flight,Nalini Singh,"...Warrior angels, vampire hunters and angels gone bad heat up thi..."
,A,vampires,vampire,openlibrary_OL17502224W,Nice Girls Don't Date Dead Men,Molly Harper,"...kstore. Once a regular gal, she's now a vampire. And instead of a bride, she's an etern..."
,A,vampires,vampire,openlibrary_OL17596799W,Mythic Blood,Shannon Lee,...er after being tortured and turned into vampire killing machines by sinister forces for...
,A,vampires,vampire,openlibrary_OL17711038W,Kitty raises hell,Carrie Vaughn,...sadistic cult of lycanthropes and their vampire priestess have laid a curse on Kitty in...
,A,vampires,Vampire,openlibrary_OL17735522W,Highland beast,Hannah Howell,"...y their explosive union. . . ""The Vampire Hunter"" by Heather Grothaus As the..."
,A,vampires,Vampire,openlibrary_OL17783671W,Darkest desire of the vampire,Rhyannon Byrd,...Wicked in moonlight: . Vampire island: ....
,A,vampires,vampire,openlibrary_OL17787206W,Daylighters,Rachel Caine,"...e Daylight Foundation is striving for a vampire-free world, so now, Claire, Shane and E..."
,A,vampires,vampire,openlibrary_OL17794927W,Don't kill the messenger,Eileen Rendahl,...learns from the handsome ER doctor (and vampire) who gave her the envelope that it cont...
,A,vampires,vampire,openlibrary_OL17927643W,The red thirst,Benjamin Hulme-Cross,"...Dark Hunter, is outside watching for a vampire, Edgar and Mary are locked in a chapel..."
,A,vampires,vampire,openlibrary_OL19707517W,The King,J. R. Ward,...en she mated with the last pure blooded vampire on the planet: An easy ride was not it....
,A,vampires,vampire,openlibrary_OL19710288W,Kicking it,"Faith Hunter, Kalayna Price","...d rodeo of trouble. Boot-loving Cadogan vampire Lindsey must team up with off-again, on..."
,A,vampires,vampire,openlibrary_OL19955459W,De muerto en peor,Charlaine Harris,"...atrina and the manmade explosion at the vampire summit in New Orleans, Sookie Stackhous..."
,A,vampires,vampire,openlibrary_OL19978928W,Millennium snow,Bisco Hatori,"...Toya, 18, is a vampire who hates blood and refuses to enter in..."
,A,vampires,vampires,openlibrary_OL19988270W,Otherworld Nights,Kelley Armstrong,"...d by witches, werewolves, necromancers, vampires, and half-demons. Many of the novels ha..."
,A,vampires,vampires,openlibrary_OL19997978W,Bloodkin,Amelia Atwater-Rhodes,...bow to anyone in Midnight-including the vampires who claim to rule this world and the sh...
,A,vampires,vampire,openlibrary_OL20021599W,Blood in her veins,Faith Hunter,"...thrilling adventures from the world of vampire-hunter Jane Yellowrock, including many..."
,A,vampires,vampire,openlibrary_OL20311943W,Dracula and Philosophy,Nicolas Michaud,"...his crimes, since it's his nature as a vampire to behave a certain way. Robert Arp arg..."
,A,vampires,vampire,openlibrary_OL21529886W,Possessed by a Warrior,Sharon Ashwood,"...derous thieves hot on their trail, this vampire vows to protect her. POSSESSED BY AN..."
,A,vampires,vampire,openlibrary_OL23193490W,Little Dead Riding Hood,Amie Borst,"...""""Twelve-year-old vampire, Scarlet Small, learns how to make frie..."
,A,vampires,vampire,openlibrary_OL23203069W,Cherry bomb,Caitlín R. Kiernan,"...""Meet Siobhan Quinn-Half vampire, half werewolf, and retired monster hun..."
,A,vampires,vampire,openlibrary_OL24139395W,Soul to Keep,Rebekah Weatherspoon,"...oad, her blood pledge to feed a certain vampire, and all the community service hours sh..."
,A,vampires,Vampires,openlibrary_OL24309282W,Written in blood,Paul Adams,"...Vampires, chilling supernatural creatures of the..."
,A,vampires,vampires,openlibrary_OL24646838W,Drawing vampires,Carter Hayn,"..., step-by-step instructions for drawing vampires, provides tips on tools and techniques,..."
,A,vampires,vampire,openlibrary_OL5255325W,50 Ways to Hex Your Lover,Linda Wisdom,...lai Gregorivich is a drop-dead gorgeous vampire cop on the trail of a serial killer...
,A,vampires,vampire,openlibrary_OL5683695W,"Be Still My Vampire Heart (Love at Stake, Book 3)",Kerrelyn Sparks,"...cks. But then he discovers that she's a vampire slayer, intent on killing the ""monsters..."
,A,vampires,vampire,openlibrary_OL5683835W,Dark Hunger,Christine Feehan,...nga!Christine Feehan has reinvented the vampire novel with her New York Times bestselli...
,A,vampires,vampire,openlibrary_OL5683939W,The Burning,Susan Squires,"...ble transgression against his own kind, vampire Stephan Sincai has become a vigilante w..."
,A,vampires,vampire,openlibrary_OL5684124W,"Chasing Midnight (The Roaring Twenties Supernaturals Series, Book 1)",Susan Krinard,"...ined morals of jazz-age society, even a vampire can fall prey to the temptations of the..."
,A,vampires,vampires,openlibrary_OL5685305W,Bloodline,Maggie Shayne,...CIA facility where humans are bred into vampires willing to kill on command. He refused...
,A,vampires,vampire,openlibrary_OL5697326W,His forgotten forever,Michele Hauf,"...ing, even after she discovered he was a vampire. Drawn in by his dark side, Lucy was on..."
,A,vampires,vampires,openlibrary_OL5698091W,"Lord of the Night (Night Slayer, Book 4)",Robin T. Popp,"...After vampires killed her parents, Kacie Renault devot..."
,A,vampires,vampires,openlibrary_OL5709570W,The parliament of blood,Justin Richards,"...ictorian London, after discovering that vampires really do exist and plot to end the hum..."
,A,vampires,Vampire,openlibrary_OL5738506W,The awakening,L. A. Banks,...Vampire huntress Damali Richards confronts powe...
,A,vampires,vampire,openlibrary_OL6037471W,Dear Vampa,Ross Collins,...A young vampire writes a letter to his grandfather bemo...
,A,vampires,vampire,openlibrary_OL7978672W,Rabbit-cadabra!,"James Howe, Alan Daniel","...c show, he comes up with a plan to stop vampire bunnies...."
,A,vampires,vampire,openlibrary_OL803790W,Night Spies,Tracey West,"...ace an extremely powerful challenger, a vampire with a deck full of powerful dark monst..."
,A,vampires,vampire,openlibrary_OL8115858W,Una granita di mosche per il Conte,Elisabetta Dami,...o they know Transratania is the land of vampire mice!...
,A,vampires,Vampire,openlibrary_OL8287177W,The Annotated Sherlock Holmes [2/2],"Arthur Conan Doyle, William S. Baring-Gould",...Veiled Lodger Adventure of the Sussex Vampire [Adventure of the Missing Three-Quarte...
,A,vampires,vampires,openlibrary_OL8488892W,Vampire Academy,"Richelle Mead, Richelle Mead",...arding school-it's a hidden place where vampires are educated in the ways of magic and h...
,A,vampires,vampire,openlibrary_OL8541667W,Blood Kin (Pinnacle Horror),Ronald Kelly,...Synopsis - Pray for the Dawn – The vampire curse of the Cravens ended over a centu...
,A,vampires,vampire,openlibrary_OL8751925W,Twilight Hour,Brad Lawson,...n just a vision in Angie's head-he is a vampire. He soon includes them in his wicked pl...
,A,vampires,vampires,openlibrary_OL9756071W,Night Biters,Adrian Harper,...fix can aide them against the danger of vampires. But danger has never been as attractiv...
,A,vampires,vampire,openlibrary_OL100070W,Demon in My View,Amelia Atwater-Rhodes,"...knows it, she's a published author. Her vampire novel Tiger, Tiger has just come out un..."
,A,vampires,vampire,openlibrary_OL102421W,Vampire Junction,S. P. Somtow,"...my Valentine, teen rock star and secret vampire, tries to come to terms with the feelin..."
,A,vampires,vampire,openlibrary_OL111457W,Morrigan's Cross,"Nora Roberts, Dick Hill","...ling kiss. But now, this woman known as vampire will stop at nothing until she rules th..."
,A,vampires,vampires,openlibrary_OL11787183W,Jessica's guide to dating on the dark side,Beth Fantaskey,...descended from a royal line of Romanian vampires and that she is betrothed to a vampire...
,A,vampires,vampire,openlibrary_OL11893W,Bunnicula strikes again!,"James Howe, Alan Daniel",...cat renew their suspicions that he is a vampire....
,A,vampires,vampire,openlibrary_OL11904W,Harold and Chester in Rabbit-Cadabra,James Howe,...ey jump to an alarming conclusion about vampire rabbits....
,A,vampires,vampires,openlibrary_OL12005900W,Svetlana Grimm and the Circle of Red,Lewis Harris,"...mell, hearing and the ability to detect vampires...."
,A,vampires,vampires,openlibrary_OL13652223W,Sucks to be me,Kimberly Pauley,"...ead. (Or undead to be precise.) They're vampires, and like it or not, Mina must decide..."
,A,vampires,vampire,openlibrary_OL13694772W,Vamped,Lucienne Diver,"...After being turned into a vampire, Gina realizes that she, along with man..."
,A,vampires,vampire,openlibrary_OL13730922W,Bite me!,Melissa McKenzie Francis,"...AJ, a teenage vampire, hides her identity from her new stepfa..."
,A,vampires,vampire,openlibrary_OL13804766W,The Vampire Mystery,Gertrude Chandler Warner,"...l author who has written a book about a vampire, they end up investigating activities t..."
,A,vampires,vampire,openlibrary_OL14906127W,Eternal Lover,"Lynsay Sands, Hannah Howell, Jackie Kessler, Richelle Mead, Richelle Mead, Saranna DeWylde",...Lynsay Sands** Keeran’s existence as a vampire has taught him to accept a life without...
,A,vampires,vampire,openlibrary_OL14906134W,The Renegade Hunter,Lynsay Sands,...ecret . . . one of their own is a rogue vampire! Nicholas Argeneau was once a succes...
,A,vampires,vampire,openlibrary_OL14906135W,Undead in the Garden of Good and Evil / The Claire Switch Project / Chaotic / Dead Man Dating,"Lynsay Sands, Kim Harrison, Kelley Armstrong, Lori Handeland, Lori Handeland",...Hollows #2.5) by Kim Harrison - Ivy and vampire Art are partners on homicide case for I...
,A,vampires,vampire,openlibrary_OL14906136W,"Two Ghosts for Sister Rachel / Run, Run, Rudolph / Six / The Harvest","Lynsay Sands, Kim Harrison, Vicki Pettersson, Marjorie M. Liu",...house candlelight dinner with the sexy vampire of your dreams. The (black) magical sea...
,A,vampires,vampire,openlibrary_OL14906170W,"Secret Life of a Vampire (Love at Stake, Book 6)",Kerrelyn Sparks,...all about beers and beautiful women. A vampire bachelor party is no different -- excep...
,A,vampires,vampire,openlibrary_OL14906399W,Dark Peril,Christine Feehan,...do so: ingest the parasitic blood of a vampire. He knows that it is a mission from wh...
,A,vampires,vampire,openlibrary_OL14907717W,Surrogate Evil,David Thurlo,...rs to the supernatural--Lee is a Navajo vampire and Diane's last FBI partner was killed...
,A,vampires,vampire,openlibrary_OL14909424W,Tales of the Otherworld,Kelley Armstrong,...me that looks to be the work of a rogue vampire?Now devotees of the Otherworld can shar...
,A,vampires,vampire,openlibrary_OL14909433W,Master of Fire,Angela Knight,"...fe of Logan MacRoy, the mortal son of a vampire. Passionately attracted to Giada, Logan..."
,A,vampires,vampire,openlibrary_OL14909460W,Vampire Kisses 7,Ellen Schreiber,"...As a mortal girl dating a vampire, Raven knows that love isn't always eas..."
,A,vampires,Vampires,openlibrary_OL14909690W,Jailbait zombie,Mario Acevedo,"...Vampires versus Zombies, round one . . .Vampire..."
,A,vampires,Vampire,openlibrary_OL14909856W,Love Me Forever,Rosemary Laurey,"...n, Sam, browse through books at Dixie's Vampire Emporium. She hadn't counted on the sho..."
,A,vampires,vampires,openlibrary_OL14911197W,Blood Red,Heather Graham,"...th crosses and holy water, in search of vampires, whose existence, he insists, is real...."
,A,vampires,vampire,openlibrary_OL14924993W,Must love hellhounds,Charlaine Harris,"...in the midst of a guild of non- lethal vampire trackers, one that intends to eradicate..."
,A,vampires,vampire,openlibrary_OL14933256W,Destined for an Early Grave,Jeaniene Frost,...LEAVE HER IN GRAVE DANGER Since half-vampire Cat Crawfield and her undead lover Bone...
,A,vampires,vampire,openlibrary_OL14933260W,At Grave's End,Jeaniene Frost,...D It should be the best time of half-vampire Cat Crawfield's life. With her undead l...
,A,vampires,vampire,openlibrary_OL14937827W,Ashes of Midnight,Lara Adrian,"...Then, from out of the flames and ash, a vampire warrior emerges. He is Andreas Reichen,..."
,A,vampires,vampire,openlibrary_OL14937828W,Shades of Midnight,"Lara Adrian, Lara Adrian","...savage attacks and stop the slaughter, vampire warrior Kade has his own reasons for re..."
,A,vampires,vampire,openlibrary_OL14954388W,Touch of Surrender (Hqn),Rhyannon Byrd,"...e Kierland's brother, they must track a vampire—and use their combined shape-shifting s..."
,A,vampires,vampires,openlibrary_OL14990918W,Choose Your Own Adventure - Vampire Invaders,Edward Packard,...which authorities fight the invasion of vampires from outer space....
,A,vampires,Vampire,openlibrary_OL15078858W,Dark road rising,P. N. Elrod,...The first new Vampire Files novel in four years! Vampire P.I....
,A,vampires,vampire,openlibrary_OL15103604W,Bunnicula escapes!,James Howe,"...When Bunnicula, the vampire rabbit, escapes while at the county fai..."
,A,vampires,vampire,openlibrary_OL15104158W,Into the Dark,Gena Showalter,"...URSE — A tale of AtlantisZane, a fierce vampire warrior, has been enslaved by the Amazo..."
,A,vampires,Vampire,openlibrary_OL15155309W,The vampire's vacation,Ron Roy,"...V is for Vampire . . .Grab your garlic, Green Lawn! When..."
,A,vampires,Vampire,openlibrary_OL15166983W,Vampire Valentine / Hearts Untamed / Kiss and Kill Cupid,"Lynsay Sands, Pamela Palmer, Jaime Rush",...***Vampire Valentine*** by Lynsay Sands Mirabeau...
,A,vampires,vampire,openlibrary_OL15169235W,Cody,Kimberly Raye,"...ddock has always loved the ladies. As a vampire, each time he brings a woman satisfacti..."
,A,vampires,vampires,openlibrary_OL15177658W,A New Dawn: Your Favorite Authors on Stephenie Meyer's Twilight Series,"Ellen Hopkins, Leah Wilson",...d or Jacob? How much control do Meyer's vampires and werewolves really have over their o...
,A,vampires,vampire,openlibrary_OL15179553W,Sunrise in a Garden of Love & Evil,Barbara Monajem,"...murder, and when blood-and-love starved vampire Ophelia Beliveau calls the police to sc..."
,A,vampires,vampire,openlibrary_OL15179695W,The Eye of the Moon,Anonymous,"...g haunted. Hot on his heels are several vampire gangs, the Secret Service, a couple of..."
,A,vampires,vampire,openlibrary_OL15182721W,Many Bloody Returns,"Charlaine Harris, Toni L. P. Kelner, Jeanne C. Stein, Tanya Huff, Tate Hallaway, Elaine Viets, Christopher Golden, Bill Crider, Kelley Armstrong, Jim Butcher, P. N. Elrod, Rachel Caine, Carolyn Haines","...Never-before-published vampire stories by Charlaine Harris, Jim Butche..."
,A,vampires,vampires,openlibrary_OL15192071W,Queene of Light,Jennifer Armintrout,"...s and dwarves; and the Darkworld, where vampires, werewolves, angels and demons lurk. No..."
,A,vampires,vampire,openlibrary_OL15287934W,The Werewolf Club meets Dorkula,"Daniel Manus Pinkwater, Pinkwater, Daniel Manus, Pinkwater, Jill",...A new student who claims to be a vampire joins the Watson Elementary School Were...
,A,vampires,vampires,openlibrary_OL15361981W,Born to Bite,Lynsay Sands,"...n enforcer, it's her job to bring rogue vampires to justice, even if the rogue in questi..."
,A,vampires,vampires,openlibrary_OL15383377W,Bespelling Jane Austen,"Mary Balogh, Colleen Gleason, Susan Krinard, Janet Mullany",...usten had believed in reincarnation and vampires? Join four bestselling romance authors...
,A,vampires,vampires,openlibrary_OL15385834W,Siren Song,Cat Adams,...ives in a world where magic is real and vampires roam the night. When an attack leaves h...
,A,vampires,vampire,openlibrary_OL15386762W,Taken by Midnight,Lara Adrian,"...mpound of the Order, an ancient race of vampire warriors whose very existence is shroud..."
,A,vampires,vampires,openlibrary_OL15413861W,Unbalanced,Cindy Lynn Speer,"...UN to keep the peace among werewolves, vampires and magic users. It’s a busy start for..."
,A,vampires,vampires,openlibrary_OL15440794W,"And falling, fly",Skyler White,"...urned-out rock stars and angels-turned- vampires, a revolutionary neuroscientist and a f..."
,A,vampires,vampire,openlibrary_OL15506883W,Out for blood,Alyxandra Harvey,"...ve Helios-Ra Academy, eighteen-year-old vampire hunter Hunter Wild just wants to make i..."
,A,vampires,vampire,openlibrary_OL15506901W,Fat vampire,Adam Rex,"...After being bitten by a vampire, not only is fifteen-year-old Doug doom..."
,A,vampires,vampires,openlibrary_OL15586705W,Scary School,Derek Taylor Kent,...and the teachers range from dragons to vampires....
,A,vampires,vampire,openlibrary_OL15616000W,Blood ninja II,Nick Lake,"...In sixteenth-century Japan, Taro, a vampire like all ninja warriors, tries to prote..."
,A,vampires,vampire,openlibrary_OL15672266W,Blood ties,Kevin Emerson,"...Dean, and Emalie search the underground vampire city of Morosia for Selene, a mysteriou..."
,A,vampires,vampire,openlibrary_OL15676391W,This Side of the Grave,Jeaniene Frost,...Half-vampire Cat Crawfield and her vampire husband B...
,A,vampires,vampire,openlibrary_OL15688556W,Midnight,Lisa Jane Smith,...The vampire love triangle that spawned hundreds of...
,A,vampires,Vampire,openlibrary_OL15692058W,The Abused Werewolf Rescue Group,Catherine Jinks,...s darkly comedic sequel to The Reformed Vampire Support Group . . . Jinks has a few oth...
,A,vampires,Vampires,openlibrary_OL15884139W,Casketball capers,Peter Bently,...ts of St. Orlok's Elementary School for Vampires face a cheating werewolf in a game of c...
,A,vampires,Vampires,openlibrary_OL15884140W,Ghoul trip,Peter Bently,...from St. Orlock's Elementary School for Vampires find and help capture some robbers....
,A,vampires,vampire,openlibrary_OL15897270W,The twilight circus,Di Toft,...up in a struggle against a black widow vampire and her terrifying hive....
,A,vampires,Vampire,openlibrary_OL15932709W,Sacrifice,Laura J. Burns,"...Vampire Gabriel and half-vampire Shay, convince..."
,A,vampires,vampire,openlibrary_OL15946993W,Plain fear,Leanna Ellis,"...ling to come to terms with shooting his vampire brother Jacob two years earlier, Samuel..."
,A,vampires,vampire,openlibrary_OL15976077W,Blessed,Cynthia Leitich Smith,"...adjusts to her appetites as a neophyte vampire, she must clear her true love, the hybr..."
,A,vampires,vampire,openlibrary_OL15976909W,"Hard Bitten (Chicagoland Vampires, #4)",Chloe Neill,...Times are hard for newly minted vampire Merit. Ever since shapeshifters announc...
,A,vampires,vampire,openlibrary_OL15999335W,After midnight,Lynn Viehl,"...that they are descended from legendary vampire hunter Van Helsing, when, after she and..."
,A,vampires,vampires,openlibrary_OL16002533W,The Gift / Home for the Holidays,"Lynsay Sands, Jeaniene Frost",...Christmas proves that nobody does sexy vampires better than Sands and Frost. . For J...
,A,vampires,vampires,openlibrary_OL16010195W,Emma and the vampires,Wayne Josephson,...some and noble of the gentlemen village vampires. Blithely unaware of the secret society...
,A,vampires,vampire,openlibrary_OL16014584W,"Drink Deep (Chicagoland Vampires, #5)",Chloe Neill,"...over Cadogan House, and recently turned vampire Merit can’t tell if this is the darknes..."
,A,vampires,vampire,openlibrary_OL16014585W,Temptation at twilight,Jo Carlisle,"...has long been the name of the game for vampire brothers Aldric, Soren, and Luc Fontain..."
,A,vampires,vampire,openlibrary_OL16069256W,Aunt Dimity,Nancy Atherton,"...mity and her dear friend Kit Smith. The vampire-hunting trail leads to Leo, a charismat..."
,A,vampires,vampire,openlibrary_OL16071619W,Unleashed,Rebecca York,"...lantis myth, Diane Whiteside's story of vampire love, a seductive tale of werewolf love..."
,A,vampires,Vampire,openlibrary_OL16099562W,Catawampus Tales,Bob Frey,...ome strange conversation. Trials of a Vampire Hunter begins where most vampire tales...
,A,vampires,vampire,openlibrary_OL16118342W,Vampire Kisses 8,Ellen Schreiber,"...pen a new club, goth-girl Raven and her vampire boyfriend, Alexander, must figure out w..."
,A,vampires,vampire,openlibrary_OL16125978W,Queen of kings,Maria Dahvana Headley,"...uction. Cleopatra is transformed into a vampire, an immortal shapeshifter of superhuman..."
,A,vampires,vampires,openlibrary_OL16134440W,Team Human,Justine Larbalestier,"...in New Whitby, Maine, a town founded by vampires trying to escape persecution, Mel finds..."
,A,vampires,vampire,openlibrary_OL16134676W,Commedia della morte,Chelsea Quinn Yarbro,...nt-Germain learns that Madelaine--now a vampire--has been arrested by France's Revoluti...
,A,vampires,vampire,openlibrary_OL16139144W,Red wet dirt,Nicholas Grabowsky,...r gets his childhood wish of becoming a vampire when he's recruited into a male-only bi...
,A,vampires,vampires,openlibrary_OL16190778W,Retribution,Sherrilyn Kenyon,...igail Yager was taken in by a family of vampires and raised on one belief- Dark-Hunters...
,A,vampires,vampire,openlibrary_OL16263658W,Teacher screecher,Peter Bently,...When Lee and his vampire friends get a monster for a substitute...
,A,vampires,Vampire,openlibrary_OL16340850W,"Strange Angels & Betrayals (Strange Angels, #1-2)",Lili St. Crow,"...or all Dru’s fans as well as readers of Vampire Academy, House of Night, and The Darkes..."
,A,vampires,vampire,openlibrary_OL16360708W,The Blood Coven Vampires,Marianne Mancusi,"..., sixteen-year-old Sunny is bitten by a vampire and races against time to avoid becomin..."
,A,vampires,vampire,openlibrary_OL16361055W,Fang girl,Helen Keeble,"...fifteen-year-old Jane has always loved vampire lore, she is surprised to awaken in her..."
,A,vampires,vampire,openlibrary_OL16414294W,Vampire Academy,Leigh Dragoon,"...Retold in graphic novel format, runaway vampire princess Lissa and her guardian-in-trai..."
,A,vampires,vampire,openlibrary_OL16415385W,Soul bound,Marianne Mancusi,"...own her twin sister, Sunny, and Sunny's vampire boyfriend, Magnus, for what will mean c..."
,A,vampires,vampires,openlibrary_OL16442589W,Vampires are not your friends,"Baron Specter, Setch Kneupper",...convinced that she and her parents are vampires....
,A,vampires,Vampire,openlibrary_OL16475173W,Vampire mine,Kerrelyn Sparks,"...Vampire Connor Buchanan, who has vowed never to..."
,A,vampires,Vampires,openlibrary_OL16509083W,Crave,Melissa Darnell,"...nce, new experiences, relationships and Vampires...."
,A,vampires,vampire,openlibrary_OL1650969W,After dark,Nancy A. Collins,...of the season in New York's upper-crust vampire society. The Rauhnacht Grand Ball has e...
,A,vampires,vampire,openlibrary_OL16510095W,The gremlin's curse,Sean O'Reilly,"...Vlad the vampire is having a really bad day, and it look..."
,A,vampires,vampires,openlibrary_OL16517784W,Kitty's house of horrors,Carrie Vaughn,"...ufactured drama starring shapeshifters, vampires, and psychics. But what begins as a pub..."
,A,vampires,vampire,openlibrary_OL16517882W,Prince of Dorkness,Tim Collins,"...to super-attractive over school break, vampire Nigel acquires a girlfriend, Chloe, and..."
,A,vampires,vampire,openlibrary_OL16524499W,Gemini Bites,Patrick Ryan,...es in with them…who may or may not be a vampire. Judy and Kyle Renneker are sixteen-...
,A,vampires,vampire,openlibrary_OL16529183W,Vampire Kisses 9,Ellen Schreiber,...The relationship of Raven and her vampire boyfriend Alexander is tested when his...
,A,vampires,vampires,openlibrary_OL16531989W,Kiss the dead,Laurell K. Hamilton,"...a fifteen-year-old girl is abducted by vampires, it's up to U.S. Marshal Anita Blake to..."
,A,vampires,vampire,openlibrary_OL16557755W,Blood Moon,Alyxandra Harvey,...When the vampire tribes convene for the rare Blood Moon...
,A,vampires,vampire,openlibrary_OL16564564W,Incarnation,Emma Cornwall,"...toker's Dracula, hunts down the ancient vampire who turned her in order to regain her h..."
,A,vampires,vampire,openlibrary_OL16567624W,The eternal tomb,Kevin Emerson,...y wants to escape his fate. Can a young vampire really save his friends and change his...
,A,vampires,vampire,openlibrary_OL16584844W,The bitter seed of magic,Suzanne McLeod,"...s life seems ripple-free: the seductive vampire, Malik al-Khan has vanished back into t..."
,A,vampires,Vampire,openlibrary_OL16589189W,Highland Hunger,"Hannah Howell, Jackie Ivie, Michele Sinclair",...Knight Beyond Black By Jackie Ivie** Vampire Iain Duncan MacAvee has stepped forward...
,A,vampires,vampire,openlibrary_OL16607691W,Spooky friends,Jane Feder,"...Scarlet the vampire and Igor the mummy are friends, even th..."
,A,vampires,vampire,openlibrary_OL16667105W,Blood rights,Kristen L. Painter,...l world and seeks help from the outcast vampire Malkolm....
,A,vampires,vampire,openlibrary_OL16794742W,...Si la sfarsit a mai ramas cosmarul (...And Then The Nightmare Came At Last - A Dark Vampire Tale),Oliviu Craznic,"...maybe a perverted werewolf, maybe a mad vampire) preying on the guests at a very strang..."
,A,vampires,vampire,openlibrary_OL16937955W,Miss Mary is scary!,Dan Gutman,"...and love of blood sausage mark her as a vampire, while Mr. Granite simply hopes her mus..."
,A,vampires,vampires,openlibrary_OL17203414W,Boundary Crossed,Melissa F Olson,"...When two vampires try to kidnap her baby niece Charlie, f..."
,A,vampires,vampire,openlibrary_OL17203415W,Dead Spots,Melissa F Olson,...ccused of a gruesome murder by the head vampire in her region. She has only a couple of...
,A,vampires,vampire,openlibrary_OL17440604W,One Lucky Vampire,Lynsay Sands,"...ldn't want to be a tall, dark, powerful vampire? Jake, for one. He's barely had time to..."
,A,vampires,vampires,openlibrary_OL17442665W,God Save The Queen,Kate Locke,"...ristocracy is made up of werewolves and vampires, where goblins live underground, and wh..."
,A,vampires,vampires,openlibrary_OL17459314W,Never Been Bit,Lydia Dare,"...Read for: Paranormal romance, witches, vampires, tortured hero, angelic heroine. Alec..."
,A,vampires,Vampires,openlibrary_OL17473450W,Murder In Vein A Fangincheek Mystery,Sue Ann Jaffarian,"...a barbequed rib on the Fourth of July. Vampires. Vam-pires. Real live--er, dead (undead..."
,A,vampires,vampire,openlibrary_OL17484393W,Twisted,Gena Showalter,...His vampire girlfriend might have brought him back...
,A,vampires,vampires,openlibrary_OL17488826W,"House Rules (Chicagoland Vampires, #7)",Chloe Neill,"...In a city full of vampires, trouble never sleeps. At the tender..."
,A,vampires,vampire,openlibrary_OL17492439W,Kiss Of Revenge,Debbie Viguié,"...or their most important battle with the vampire Richelieu, but they find themselves div..."
,A,vampires,vampires,openlibrary_OL17525787W,Black City,Christina Henry,"...But now Chicago has been infested with vampires immune to the effects of the sun, and t..."
,A,vampires,Vampire,openlibrary_OL17546974W,How To Draw Goosebumps,Ron Zalme,"...lappy, The Haunted Mask, The Mummy, and Vampire Breath to life!..."
,A,vampires,vampire,openlibrary_OL17554715W,Shadows Claim The Dacians,Kresley Cole,"...llowing the royal bloodline of Dacia, a vampire kingdom hidden within the Lore of the I..."
,A,vampires,vampire,openlibrary_OL17563310W,Kitty Rocks the House,Carrie Vaughn,"...he can muster to go against the ancient vampire, Roman, if she's to have any hope of de..."
,A,vampires,vampire,openlibrary_OL17566893W,Hexed,"Kevin Hearne, Luke Daniels","...ket-propelled grenade launcher, and his vampire attorney, Atticus is ready to sweep the..."
,A,vampires,vampire,openlibrary_OL17654843W,Consume,Melissa Darnell,"...Tristan survives the transformation to vampire, Savannah, aware that she has triggered..."
,A,vampires,vampires,openlibrary_OL17681409W,"I kissed a zombie, and I liked it",Adam Selzer,"...id of--at the same time she learns that vampires, a group as tightly-knit as the mafia,..."
,A,vampires,vampire,openlibrary_OL17701581W,Let them eat stake,Sarah Zettel,"...high-profile wedding of a 200-year-old vampire and a wealthy witch, ""Vampire Chef"" Cha..."
,A,vampires,Vampire,openlibrary_OL17731851W,Biting the bullet,Jennifer Rardin,"...""Mr. and Mrs. Smith"" meets ""Buffy the Vampire Slayer,"" in this wild, action-packed de..."
,A,vampires,vampire,openlibrary_OL17804291W,By a thread,Jennifer Estep,"...alled out of retirement when a powerful vampire threatens an old friend of Bria's, and..."
,A,vampires,vampire,openlibrary_OL17828010W,Human for a day,"Martin H. Greenberg, Jennifer Brozek",...f that day? If a magic spell switched a vampire and a teenage girl into one another's b...
,A,vampires,vampires,openlibrary_OL17863483W,Werewolf smackdown,Mario Acevedo,"...f an ex-girlfriend, and a gang of other vampires trying to take off his head, this is on..."
,A,vampires,vampire,openlibrary_OL17870521W,Box office poison,Phillipa Bornikova,"...et Ellery, a human lawyer working for a vampire law firm, to serve as arbitrator. Linne..."
,A,vampires,vampire,openlibrary_OL17887320W,The vampire bewitched,Pete Johnson,".... He has an amazing secret: he's a half-vampire, with incredible special powers. And to..."
,A,vampires,vampires,openlibrary_OL17898076W,Becoming darkness,Lindsay Brambles,"...st of humanity and turned the rest into vampires, except for those like seventeen-year-o..."
,A,vampires,vampires,openlibrary_OL17900287W,A vampire for Christmas,Laurie London,...ome for the holidays—and these dazzling vampires can't wait for an invitation....
,A,vampires,vampire,openlibrary_OL17928533W,Eventide,Elle Jasper,"...ng in unimaginable ways. Eli Dupre, her vampire lover, has seen the change in her and f..."
,A,vampires,vampire,openlibrary_OL17928720W,Prophecy girl,Cecily White,"...ve days to solve the murders, prevent a vampire uprising, and thwart the pesky prophecy..."
,A,vampires,vampire,openlibrary_OL18011156W,Touched by a vampire,Beth Felker Jones,"...of a regular girl's relationship with a vampire who has chosen to follow his ""good"" sid..."
,A,vampires,vampire,openlibrary_OL18020222W,Blood Fury,"J. R. Ward, jr ward","...""A vampire aristocrat, Peyton is well aware of his..."
,A,vampires,vampire,openlibrary_OL18153725W,Blood and bullets,James R. Tuck,"...After barely escaping a vampire ambush, bounty hunter Deacon Chalk, sad..."
,A,vampires,vampire,openlibrary_OL18166504W,Deep in the woods,Chris Marie Green,...Stuntwoman-turned-vampire hunter Dawn Madison fights off a pack o...
,A,vampires,vampire,openlibrary_OL18178459W,Seduced by blood,Laurie London,...ttle for supremacy rages on between two vampire coalitions:Guardian enforcers sworn to...
,A,vampires,vampire,openlibrary_OL18200743W,Edge of Darkness,"Christine Feehan, Maggie Shayne, Lori Herter","...e and Lori Herter, two other masters of vampire romance in an original anthology that t..."
,A,vampires,vampires,openlibrary_OL1843525W,Vampires,"Hawkins, Colin.",...s tips on how to recognize and ward off vampires and looks at the daily life of a vampir...
,A,vampires,vampire,openlibrary_OL1851489W,Vampire Island,Adele Griffin,"...Lexie, and Hudson Livingstone, who are vampire-fruit bat hybrids, struggle to adjust t..."
,A,vampires,vampires,openlibrary_OL18574909W,Fangtastic!,Sienna Mercer,...from uncovering the secret community of vampires in Franklin Grove....
,A,vampires,vampire,openlibrary_OL18652051W,Jane Slayre,Sherri Browning Erwin,"...Brontë's ""Jane Eyre"" so that Jane is a vampire slayer and Rochester's wife is a werewo..."
,A,vampires,vampires,openlibrary_OL18698312W,Blood ninja,Nick Lake,...overs the connection between ninjas and vampires and finds himself being dragged into a...
,A,vampires,vampire,openlibrary_OL19131813W,Undead and Unworthy,MaryJanice Davidson,"...ardians of her little brother, Jon. Two vampire parents - albeit vampire royalty - for..."
,A,vampires,vampire,openlibrary_OL19339752W,To Dance With the Devil (The Blood Singer Novels),Cat Adams,"...elia's personal life is looking up. Her vampire abilities seem to be under control, her..."
,A,vampires,Vampire,openlibrary_OL19544952W,About A Vampire,Lynsay Sands,"...Vampire Justin Bricker has a way with women, so..."
,A,vampires,vampire,openlibrary_OL19661425W,The Thief: A Novel of the Black Dagger Brotherhood,J. R. Ward,"...uman woman. They have no future: he's a vampire, and he is not about to stop dealing ar..."
,A,vampires,vampire,openlibrary_OL19749328W,Dark Sentinel,Christine Feehan,...Carpathian lifemate--and of an ancient vampire with a score to settle. After the devas...
,A,vampires,vampire,openlibrary_OL19753351W,Vampires Like It Hot,Lynsay Sands,"...After rescuing a mortal woman, vampire Raffaele Notte discovers that she is th..."
,A,vampires,vampire,openlibrary_OL19754686W,Isadora Moon goes to the ballet,Harriet Muncaster,"...Isadora Moon, a half-fairy, half-vampire, goes on school trip to her first balle..."
,A,vampires,vampire,openlibrary_OL1979135W,Beneath a blood red moon,Heather Graham,"...the beauty and the beast whom some call vampire... Maggie Montgomery, the owner of M..."
,A,vampires,vampires,openlibrary_OL19860808W,Immortal Ever After,Lynsay Sands,.... . Valerie Moyer doesn't believe in vampires -- until she is kidnapped by a fanged p...
,A,vampires,vampire,openlibrary_OL19863664W,The Immortal Hunter,Lynsay Sands,...When vampire Decker Argeneau saves the life of Danie...
,A,vampires,Vampire,openlibrary_OL19915991W,On The Hunt,"Alexandra Ivy, Rebecca Zanetti, Dianne Duvall, Hannah Jayne",...eternity. STAKE OUT by Hannah Jayne Vampire fashion designer Nina LaShay has a lot...
,A,vampires,vampires,openlibrary_OL19919638W,Ghosts of the Shadow Market,"Cassandra Clare, Sarah Rees Brennan","...for faeries, werewolves, warlocks, and vampires. There, the Downworlders buy and sell m..."
,A,vampires,vampire,openlibrary_OL19956723W,Daughter of Light,V.C. Andrews,...arkness finds Lorelei escaping from the vampire world of her early life and struggling...
,A,vampires,vampire,openlibrary_OL19960185W,Twin spins!,Sienna Mercer,...orbidden to share - she could be off to vampire school in Transylvania. Is Ivy really g...
,A,vampires,vampire,openlibrary_OL19964527W,Twice Tempted,Jeaniene Frost,...er--especially from the darkly handsome vampire who still won't admit that he loves her...
,A,vampires,vampire,openlibrary_OL19967580W,Kitty in the underworld,Carrie Vaughn,"...As Denver adjusts to a new master vampire, Kitty gets word of an intruder in the..."
,A,vampires,vampires,openlibrary_OL19969991W,After daybreak,J. A. London,...venteen-year-old Dawn must convince the vampires to unite with humans against the evil D...
,A,vampires,vampire,openlibrary_OL19976841W,Night owls,Lauren M. Roy,"...le from the underworld conflicts of her vampire brethren. She's experienced that life,..."
,A,vampires,vampire,openlibrary_OL19982104W,Flying solo,Sienna Mercer,"...is is a funny, super-girly story with a vampire bite to it. Sink your teeth into Olivia..."
,A,vampires,vampire,openlibrary_OL19982122W,Shadow Falls After Dark,C. C. Hunter,"...ella to be reborn, she is bonded to the vampire Chase, despite her attraction to shapes..."
,A,vampires,vampire,openlibrary_OL19984643W,Undead and unwary,MaryJanice Davidson,"...""How do you out-devil the devil? For vampire queen Betsy Taylor, the answer is relat..."
,A,vampires,vampire,openlibrary_OL19987718W,Lailah,Nikki Kelly,"...tity, Lailah is torn between an injured vampire and a rogue angel who appears in her dr..."
,A,vampires,vampire,openlibrary_OL20008450W,My dog is better than your dog,Tom Greenwald,...w dog may or may not be a crimefighting vampire....
,A,vampires,vampires,openlibrary_OL20020529W,Dark Promises,Christine Feehan,"...from the Carpathian mountains, far from vampires and the shadows cast by the crumbling m..."
,A,vampires,Vampires,openlibrary_OL20026383W,Midnight marked,Chloe Neill,"...""As the Chicagoland Vampires series continues, Merit and Ethan find..."
,A,vampires,vampire,openlibrary_OL20038321W,Blood crime,Sebastià Alzamora,"...city of no happy endings? Narrated by a vampire who thrives in the havoc of the war, th..."
,A,vampires,vampire,openlibrary_OL20040877W,It's a doggy dog world,Tom Greenwald,"...of crime in Quietville lately, Jimmy's vampire dog, Abby, has chewed up his mother's e..."
,A,vampires,vampire,openlibrary_OL2006405W,The fabulous Fantoras,Adèle Geras,"...her, an invisible boy, and a vegetarian vampire aunt...."
,A,vampires,vampires,openlibrary_OL20142351W,Wayward Son,Rainbow Rowell,"...They find trouble, of course. (Dragons, vampires, skunk-headed things with shotguns.) An..."
,A,vampires,vampire,openlibrary_OL20147880W,Hunter's Rise,Shiloh Walker,"...While hunting a devious killer, vampire Sylvia, a take-no-prisoners mercenary,..."
,A,vampires,vampires,openlibrary_OL20894082W,Biting Nixie,Mary Hughes,"...oup of suitsand an even shadier gang of vampires. But his biggest problem is Nixie, who..."
,A,vampires,vampiric,openlibrary_OL20895626W,The dragon hammer,Tony Daniel,...d his land from intruders controlled by vampiric evil....
,A,vampires,vampires,openlibrary_OL21186800W,House of the rising sun,Kristen L. Painter,"...home to find Olivia's been attacked by vampires, he knows his idyllic life has comes to..."
,A,vampires,vampires,openlibrary_OL22057843W,Effrayons les monstres!,Claude Champagne,...ière donne directement sur le monde des vampires (cf. opus précédent)! Pour retrouver so...
,A,vampires,vampire,openlibrary_OL22308635W,Wild about you,Kerrelyn Sparks,"...ng at Elsa on the TV. When his meddling vampire employer gets involved, the star is sud..."
,A,vampires,vampires,openlibrary_OL22308665W,The vampire with the dragon tattoo,Kerrelyn Sparks,...uspecting mortals from these villainous vampires who want to rule the world. But first h...
,A,vampires,vampire,openlibrary_OL2247544W,The reformed vampire support group,Catherine Jinks,"...Wickedly witty, this alternative vampire story combines humour, romance and myst..."
,A,vampires,vampires,openlibrary_OL22638917W,The dark heroine,Abigail Gibbs,"...up of murderers, who, to her shock, are vampires. Now a pawn in a game of politics betwe..."
,A,vampires,vampires,openlibrary_OL22639423W,Notes from a hairy-not-scary werewolf,Tim Collins,...may not be enough to stop a war between vampires and werewolves that threatens to destro...
,A,vampires,Vampire,openlibrary_OL22666398W,Buffy and the Art of Story Season One,"Lisa M. Lilly, L. M. Lilly",...Joss Whedon's cult TV series Buffy the Vampire Slayer. She examines major plot points...
,A,vampires,Vampire,openlibrary_OL23304725W,The littlest vampire's story,Rusty Fischer,"...Told in rhyming text, little Vickie the Vampire ignores her mother, and goes out lookin..."
,A,vampires,vampire,openlibrary_OL23330885W,Fangs a lot,Tim Collins,"...Tired of running the vampire coven, Nigel Mullet surrenders the lead..."
,A,vampires,vampire,openlibrary_OL24206968W,Jóvenes vampiros,José Aguilar,"...horn, Marco accepts the help of an evil vampire to heal her...."
,A,vampires,vampires,openlibrary_OL24212004W,Twice Bitten,Lynsay Sands,"...lling mother, she's tracking down rogue vampires and enjoying some overdue freedom. A fl..."
,A,vampires,vampire,openlibrary_OL24280259W,Le sang de l'épouvanteur,Joseph Delaney,...acé d'être jeté en pâture à ce terrible vampire. Même s'il peut compter sur l'aide de J...
,A,vampires,vampires,openlibrary_OL24601242W,Mile High with a Vampire,Lynsay Sands,...d lust and drain Jet dry. But hungry vampires are the least of their worries -- the c...
,A,vampires,Vampire,openlibrary_OL24648323W,Hex on the Beach,"Kelley Armstrong, Jeaniene Frost, Melissa Marr","...bestselling author, Jeaniene Frost. Vampire Cat Crawfield Russell is looking forwar..."
,A,vampires,Vampire,openlibrary_OL24670510W,The Witch Doctor Is In,Mindy Klasky,...aines: Tough guy. Secret service agent. Vampire.Bad news comes in threes at Empire Gene...
,A,vampires,vampire,openlibrary_OL24832780W,The Illuminati's promise,Alice Hatter,...Illuminati. Now my future resides in a vampire hired by my father to protect me....
,A,vampires,vampire,openlibrary_OL24920434W,Nectar,DD Prince,"...presented as a gift to Tristan, a bored vampire prince who is destined to become a king..."
,A,vampires,vampire,openlibrary_OL25207432W,Where the Wild Things Bite,Molly Harper,"...ow when her plane goes down, and a sexy vampire comes to her rescue. He's clearly got u..."
,A,vampires,vampire,openlibrary_OL26185219W,Sombre secret,Ruth Ames,...en realization ... Could Emma-Rose be a vampire?...
,A,vampires,vampire,openlibrary_OL26448994W,Mission royale pour Rouge-Babine,Lili Chartrand,...Rouge-Babine est une jeune vampire un peu spéciale : pour cause d'allergie...
,A,vampires,vampires,openlibrary_OL2670099W,Great-Uncle Dracula,Jayne Harvey,"...own, Transylvania, U.S.A., populated by vampires, witches, and the like, without the bul..."
,A,vampires,vampire,openlibrary_OL26772648W,After the Bite,Lynsay Sands,...ever did run smooth -- especially for a vampire and a mortal. And when danger stalks Na...
,A,vampires,vampire,openlibrary_OL27719308W,For whom the spell tolls,H. P. Mallory,"...n The Resistance and the Netherworld. A vampire who isn't all that he appears, and the..."
,A,vampires,Vampires,openlibrary_OL28172930W,Vampires,Fiona MacDonald,"...s favourite bloodsucker, Count Dracula, Vampires: A Very Peculiar History features the o..."
,A,vampires,vampires,openlibrary_OL28961296W,The Endangered,S. L. Eaves,"...ewolves, and only a small population of vampires, known as The Endangered, are capable o..."
,A,vampires,vampire,openlibrary_OL31081W,The vampire brides,Erica Farber,...The vampire brides are enraged when their dancing p...
,A,vampires,Vampire,openlibrary_OL3500286W,Little Vampire and the Midnight Bear,Mary DeBall Kwitz,...Little Vampire discovers that he can fly when he needs...
,A,vampires,vampires,openlibrary_OL3522029W,Seize the night,"Sherrilyn Kenyon, Fred Berman","...One minute I was in my element, killing vampires and the next thing I knew a self-styled..."
,A,vampires,vampire,openlibrary_OL3546538W,Dracula,Robert Marrero,"...An extensive listing of vampire films, each with slight reviews by the..."
,A,vampires,Vampire,openlibrary_OL4028742W,Holiday with a vampire II,Merline Lovelace,...as truly given up on love after all.The Vampire Who Stole Christmas by Lori DevotiOn a...
,A,vampires,vampires,openlibrary_OL4098287W,Tales of horror and the supernatural,Arthur Liebman,"...ent of witches, ghosts, werewolves, and vampires in literature accompany nineteen repres..."
,A,vampires,vampires,openlibrary_OL461256W,Darkling,Yasmine Galenorn,"...go missing, then turn up as newly born vampires, Menolly- an acrobat extraordinaire-tur..."
,A,vampires,Vampire,openlibrary_OL461925W,Narcissus in chains,Laurell K. Hamilton,".... I may not have seen Jean-Claude, the Vampire Master of the City, for six months, but..."
,A,vampires,vampire,openlibrary_OL47259W,Midnight's choice,"Kate Thompson, Kate Thompson","...whether to ""Switch"" into a phoenix or a vampire for the rest of time...."
,A,vampires,vampire,openlibrary_OL48096W,Vunce upon a time,J.otto Seibold,"...A fearful young vampire, who prefers candy to blood, bravely ve..."
,A,vampires,vampire,openlibrary_OL4850072W,Leo's Midnight Rescue,Louise Leblanc,...tch are very worried because Julio is a vampire and cannot be exposed to daylight. The...
,A,vampires,vampires,openlibrary_OL5090656W,"Vampires, burial, and death",Paul Barber,...Surveys centuries of folklore about vampires and offers a scientific explanation for...
,A,vampires,vampire,openlibrary_OL544360W,Dracula steps out,Michael Ratnett,"...e of a typical night out for the famous vampire, but with a surprise at the end and sli..."
,A,vampires,Vampire,openlibrary_OL555766W,Keep Me in Mind (Stake Your Destiny),Nancy Holder,"...our Destiny series, featuring Buffy the Vampire Slayer. Welcome to Sunnydale High, w..."
,A,vampires,vampire,openlibrary_OL5682575W,The good girls' guide to getting even,Julie Kenner,"...going great until she is turned into a vampire, so now she is trying to find a way to..."
,A,vampires,vampire,openlibrary_OL5682670W,Wicked Nights,Nina Bangs,"...t. Tonight, Eric, the castle’s resident vampire, will prove that he’s everything bad sh..."
,A,vampires,vampire,openlibrary_OL5682675W,Dead Sexy,Kimberly Raye,"...could be the ideal man--if he wasn't a vampire. Well, at least that explains his...uh...."
,A,vampires,vampire,openlibrary_OL5682683W,Just One Bite,Kimberly Raye,"...S HAVE NEVER BEEN HIGHER.Lil Marchette, vampire extraordinaire and owner of Manhattan's..."
,A,vampires,vampire,openlibrary_OL5682781W,Moon called,"Patricia Briggs, David Lawrence","...a gremlin. And she's fixing a bus for a vampire. This is the world of Mercy Thompson, o..."
,A,vampires,vampire,openlibrary_OL5682975W,The Accidental Vampire,Lynsay Sands,"...imagined she'd meet Victor Argeneau, a vampire who could have his pick of any woman—de..."
,A,vampires,vampire,openlibrary_OL5682978W,Bite me if you can,Lynsay Sands,"...ly hours of the morning, and the next a vampire is sinking his teeth into her neck. Tur..."
,A,vampires,vampire,openlibrary_OL5682980W,A bite to remember,Lynsay Sands,"...here to stop a killer from turning this vampire into dust, not to jump into bed with hi..."
,A,vampires,vampire,openlibrary_OL5682992W,Single White Vampire,Lynsay Sands,...impress upon him the growing demand for vampire romances. And even though he'd expresse...
,A,vampires,vampires,openlibrary_OL5683006W,"Tall, Dark & Hungry",Lynsay Sands,"...Unwittingly invited to a marriage of vampires, an Englishwoman finds herself falling..."
,A,vampires,vampires,openlibrary_OL5683690W,All I want for Christmas is a vampire,Kerrelyn Sparks,"...she told the police she was attacked by vampires, and the only way for Toni to get her o..."
,A,vampires,vampire,openlibrary_OL5683837W,Dark Possession,Christine Feehan,...was dangerously close to turning into a vampire. The last thing he expected after being...
,A,vampires,vampire,openlibrary_OL5683853W,Dark Symphony,Christine Feehan,"...on, a Carpathian male and hunter of the vampire follows the sound of compelling music t..."
,A,vampires,vampire,openlibrary_OL5683867W,Dark Destiny,Christine Feehan,...d her in the ancient art of hunting the vampire. Yet he could not bend her to his will....
,A,vampires,vampires,openlibrary_OL5683893W,Dark Celebration,Christine Feehan,"...re their adversaries uniting – hunters, vampires, demons, and betrayers – bringing untol..."
,A,vampires,vampire,openlibrary_OL5684139W,Dark Of The Moon,Susan Krinard,...His iron hand once kept the warring vampire clans of decadent 1920s New York from o...
,A,vampires,vampire,openlibrary_OL5685366W,Angel's pain,Maggie Shayne,"...on her hit list is Gregor, the renegade vampire who schooled her in brutality, then bet..."
,A,vampires,Vampire,openlibrary_OL5692573W,Scooby-doo and the legend of the vampire,Jenny Markas,...ang decides to get groovy at the annual Vampire Rock music festival. But-RUH ROH--NO so...
,A,vampires,vampire,openlibrary_OL5730094W,Pale death,David Thurlo,"...To Diane, the killer is unmistakably a vampire--but the only vampire she knows of is L..."
,A,vampires,vampire,openlibrary_OL5736829W,Little Vampire,Joann Sfar,"...An unusual friendship forms between a vampire and a human, when Little Vampire leaves..."
,A,vampires,Vampire,openlibrary_OL5736830W,Little Vampire does Kung Fu!,Joann Sfar,...Little Vampire and his monster companions help their h...
,A,vampires,vampire,openlibrary_OL5736831W,Little vampire goes to school,Joann Sfar,"...A lonely little vampire, yearning for a friend, gets permission..."
,A,vampires,vampires,openlibrary_OL5738529W,The darkness,L. A. Banks,...Nuit and Sebastian are creating master vampires....
,A,vampires,vampires,openlibrary_OL5754445W,"Undead and Unpopular (Queen Betsy, Book 5)",MaryJanice Davidson,...e of mind to face the powerful European vampires who have finally come to pay their resp...
,A,vampires,Vampire,openlibrary_OL5754453W,Undead and uneasy,MaryJanice Davidson,"...eddings are never easy. But when you're Vampire Queen Betsy Taylor, they can become dow..."
,A,vampires,vampire,openlibrary_OL5756329W,Bled Dry,Erin McCarthy,...Hooking up with a vampire has its risks-but getting pregnant usua...
,A,vampires,vampires,openlibrary_OL5805838W,Night rising,Crystal Green,...s when a Hollywood underground coven of vampires comes to light-and gets targeted by the...
,A,vampires,Vampire,openlibrary_OL5815470W,Vampire Kisses 6,Ellen Schreiber,...h book in Ellen Schreiber's bestselling Vampire Kisses series takes an unusual twist in...
,A,vampires,vampire,openlibrary_OL5823367W,Suck it up,Brian Meehl,...ARE YOU UP to your neck in bloodsucking vampire stories?Tired of those tales about dent...
,A,vampires,vampire,openlibrary_OL5826845W,Don't Talk Back to Your Vampire,Michele Bardsley,...when everyone else did: during a rogue vampire's feeding frenzy. But books still make...
,A,vampires,vampires,openlibrary_OL5826850W,Wait till your vampire gets home,Michele Bardsley,"...rumors of strange goings-on—and finding vampires, lycanthropes, and zombies. She neverex..."
,A,vampires,vampire,openlibrary_OL5852241W,Boys that bite,Marianne Mancusi,"...a Goth club called Club Fang, Magnus, a vampire hottie, went for Sunshine's innocent ne..."
,A,vampires,Vampires,openlibrary_OL5888091W,"Dead Witch Walking (Rachel Morgan, Book 1)","Kim Harrison, Gavin Marguerite","..., to prowl, to party... and to feed. Vampires rule the darkness in a predator-eat-pre..."
,A,vampires,Vampire,openlibrary_OL6043971W,Vampire hunt,Dan Jolley,...Vampire hunters are creeping through an ancient...
,A,vampires,vampire,openlibrary_OL7910734W,The vampire's quest,Vivi Anna,...n hotbed of temptation yielded sport no vampire could resistcriminologist Sophie St. Cl...
,A,vampires,vampire,openlibrary_OL7978685W,The Vampire Bunny,James Howe,...at their foundling baby bunny must be a vampire....
,A,vampires,Vampire,openlibrary_OL7989179W,Vikram and the Vampire,"Richard Francis Burton, Ernest Henry Griset, Isabel Lady Burton","...or Magician, brings to him the Baital (Vampire), who is hanging on a tree. The difficu..."
,A,vampires,vampires,openlibrary_OL8076581W,Camp Creepy Time,"Gina Gershon, Dann Gershon","...they completely transform into mummies, vampires, and werewolves). He writes home and re..."
,A,vampires,vampire,openlibrary_OL8110283W,Hunting the Hunter,Shiloh Walker,".... THE PREY Kendall is accustomed to vampire games. After all, she is one herself--p..."
,A,vampires,vampire,openlibrary_OL8110312W,Stake That!,"Mari Mancusi, Marianne Mancusi",...The edgy young vampire series continues! A fresh voice and fre...
,A,vampires,vampires,openlibrary_OL8110367W,Real Vampires Don't Diet,Gerry Bartlett,...espite the fact that alcohol and turned vampires don't exactly mix. Glory speeds over...
,A,vampires,vampire,openlibrary_OL8126414W,Key to Conspiracy,Talia Gryphon,"...Count Aleksei Rachlav, the irresistible vampire she left behind, Gillian is vulnerable..."
,A,vampires,Vampire,openlibrary_OL82365W,A touch of dead,Charlaine Harris,...h her “spunky” (Tampa Tribune) Southern Vampire novels starring telepathic waitress Soo...
,A,vampires,vampire,openlibrary_OL8369453W,"Kiss of Crimson (The Midnight Breed, Book 2)","Lara Adrian, Lara Adrian","...is no man at all, but one of the Breed, vampire warriors engaged in a desperate battle...."
,A,vampires,vampire,openlibrary_OL8369456W,"Midnight Rising (The Midnight Breed, Book 4)",Lara Adrian,...man with the power to expose the entire vampire race. For an ancient evil has been awak...
,A,vampires,vampire,openlibrary_OL84115W,The stress of her regard,Tim Powers,"...e, but to avoid the deadly embrace of a vampire who has claimed him as her true bridegr..."
,A,vampires,vampire,openlibrary_OL8514692W,Blindsight,"Peter Watts, Peter Watts","...n extinct hominid predator once called ""vampire,"" recalled from the grave with the vood..."
,A,vampires,vampire,openlibrary_OL8536114W,"Ashes to Ashes (Blood Ties, Book 3)",Jennifer Armintrout,...Being a vampire is a life-or-death situation. When I wa...
,A,vampires,vampires,openlibrary_OL8777002W,Scions,Patrice Michelle,...n.A prophecy has said that his kind and vampires would one day come to a truce. But that...
,A,vampires,vampire,openlibrary_OL8831094W,The Book of Vampire,David A. Poulsen,"...The vampire gang war is still raging and when the ""..."
,A,vampires,vampires,openlibrary_OL8842704W,Hotter After Midnight,Cynthia Eden,"...ises and mother fixations, Emily treats vampires with blood phobias and sex-demons looki..."
,A,vampires,vampire,openlibrary_OL8958919W,The accidental human,Dakota Cassidy,"...a death sentence. With a werewolf and a vampire for best friends, she has options that..."
,A,vampires,Vampire,openlibrary_OL9003569W,Carinian's Seeker (Vampire Council of Ethics),T J Michaels,"...his mate. Aw, hell! Book One in the Vampire Council of Ethics series. Beautiful..."
,A,vampires,vampire,openlibrary_OL9210439W,"Another One Bites the Dust (Jaz Parks, Book 2)",Jennifer Rardin,...e doesn't need is more trouble with her vampire boss and another mission. This time she...
,A,vampires,vampire,openlibrary_OL9210440W,"Biting the Bullet (Jaz Parks, Book 3)","Jennifer Rardin, Jennifer Rardin","...s).This is a mission unlike anything my vampire boss, Vayl, and I have ever been on. I..."
,A,vampires,vampires,openlibrary_OL2775703W,The little witch presents a monster joke book,Linda Glovach,"..., riddles, and rhymes featuring ghosts, vampires, skeletons, and monsters of various sor..."
,A,vampires,vampire,openlibrary_OL17493253W,Dirty Bertie,Alan MacDonald,"...ced that the grumpy school janitor is a vampire, but locking Mr. Grouch in a shed is pr..."
,A,vampires,vampire,openlibrary_OL17868194W,The book of blood,H. P. Newquist,"...o weave their own explanations. Whether vampire legends, medieval medical practices, an..."
,A,vampires,Vampire,openlibrary_OL21899577W,Adventure Time,Pendleton Ward,...favorite characters from Marceline the Vampire Queen to Cinnamon Bun. This collection...
,A,vampires,vampires,openlibrary_OL24855651W,The Big Book of Serial Killers,Jack Rosewood,"...ent of human flesh. They are cannibals, vampires and monsters, and they walk among us...."
,A,vampires,vampires,openlibrary_OL276675W,By Their Father's Hand,Monte Francis,"...ultist who envisioned vengeful gods and vampires, and totally controlled those closest t..."
,A,vampires,vampire,openlibrary_OL82380W,Grave Surprise,Charlaine Harris,...nd a New York Times bestseller with her vampire mysteries starring Sookie Stackhouse an...
,A,vampires,vampires,openlibrary_OL15186916W,The Dead Travel Fast,Deanna Raybourn,"...burgh bound for Rumania, where tales of vampires are still whispered, to visit an old fr..."
,A,vampires,vampires,openlibrary_OL21284054W,Remaking History,Jerome De Groot,"...tural phenomena such as superheroes and vampires, broker relationships to history, while..."
,A,vampires,vampire,openlibrary_OL57513W,Halloween Pie,Michael O. Tunnell,...ked smile and makes a Halloween pie for vampire and ghoul and ghost and banshee to enjo...
,A,vampires,vampire,openlibrary_OL17427932W,Mortensens Escapades,Lars Jakobsen,...looks like the work of a time-traveling vampire! And Mortensen thinks he's out for more...
,A,vampires,vampire,openlibrary_OL17081004W,The Assassination of Margaret Thatcher,Hilary Mantel,...ry--which range from a ghost story to a vampire story to near-memoir to mini-sagas of f...
,A,vampires,vampire,openlibrary_OL176740W,The Supernatural in Fiction,Peter Penzoldt,"...n various motifs such as the ghost, the vampire, the werewolf, the witch, on the relati..."
,A,vampires,vampire,openlibrary_OL14981450W,Addicted,Lydia Parks,"..... Once Bitten Once a lawman, now a vampire, Jake Brand still likes to play fair. S..."
,A,vampires,vampires,openlibrary_OL15004742W,The Aluria Chronicles,Calissa Leigh,...orribly betrayed by one of the cruelest vampires named Kakale. And if things weren't bad...
,A,vampires,vampire,openlibrary_OL15021546W,Vampire mistress,Joey W. Hill,...Gideon Green is a hard-core vampire hunter. But in the past year Gideon's o...
,A,vampires,Vampire,openlibrary_OL15021547W,Beloved vampire,Joey W. Hill,...h in the “darkly rich”(TwoLips Reviews) Vampire Queen series.Escaping the depraved serv...
,A,vampires,vampire,openlibrary_OL15187431W,Seduced By Darkness,Delilah Devlin,"...Tomas is not an ordinary policewoman. A vampire, she works only at night, patrolling a..."
,A,vampires,Vampire,openlibrary_OL15979884W,Jace,Sarah McCarty,...Together they have one chance... Vampire Jace Johnson was not a family man until...
,A,vampires,vampires,openlibrary_OL16444062W,Blood cursed,Erica Hayes,...fairy who sells her bewitching blood to vampires then robs her besotted victims afterwar...
,A,vampires,vampire,openlibrary_OL16811560W,Scion's Avalon,J. Annas Walker,"...Three years have passed since vampire princess Cassy Daniels, Scion of the Ho..."
,A,vampires,vampires,openlibrary_OL19952354W,Girls who bite,Delilah Devlin,"...lection of erotic stories about lesbian vampires, from a variety of authors...."
,A,vampires,vampire,openlibrary_OL2022175W,"Carmilla, the Return",Kyle Marffin,...cting the genre's most notorious female vampire - the seductive Countess Carmilla Karns...
,A,vampires,vampire,openlibrary_OL20649495W,Darkness unleashed,Alexandra Ivy,"...now, as a member of Chicago's powerful vampire clan, he has certain obligations to ful..."
,A,vampires,vampire,openlibrary_OL2295862W,Hard men,Patrick Califia,"...ttom fantasy, and a touchingly lovelorn vampire. These are just a few of the hard men y..."
,A,vampires,vampire,openlibrary_OL276693W,Return to Me,Julia Templeton,...ept the help of a five-hundred-year-old vampire who's as dangerous to her chaste body a...
,A,vampires,Vampire,openlibrary_OL461951W,Strange Candy,Laurell K. Hamilton,"...Infatuated with Death,"" an Anita Blake, Vampire Hunter story, as well as ""House of Wiza..."
,A,vampires,vampires,openlibrary_OL5730035W,Homosex,Simon Sheppard,"...hustlers to uptight accountants and gay vampires, this is an outstanding new collection..."
,A,vampires,vampires,openlibrary_OL5808048W,My sister is a werewolf,Kathy Love,...’s brothers think they have it rough as vampires? Ha! Two words for them: unwanted hair....
,A,vampires,vampire,openlibrary_OL5836959W,Bond of Blood,Diane Whiteside,...fael Perez is now leader of the largest vampire territory in Texas. He has sworn never...
,A,vampires,vampire,openlibrary_OL5966025W,A History of Barbed Wire,Jeff Mann,"..., a yearning forestry student, a hungry vampire, a hairy biker. Exploring the sex and p..."
,A,vampires,vampire,openlibrary_OL8032291W,Wicked Game,Jeri Smith-Ready,...s a job at a radio station populated by vampire DJs....
,A,vampires,vampire,openlibrary_OL8110454W,A vampire's claim,Joey W. Hill,"...aniela is considered aristocracy in the vampire world. Still, she has to fight for what..."
,A,vampires,vampire,openlibrary_OL8368827W,House of Dark Delights,Louisa Burton,"...ppetites of any human he touches, and a vampire as sexually rapacious as he is bloodthi..."
,A,vampires,vampires,openlibrary_OL8368828W,In the garden of sin,Louisa Burton,...just an erotic education.... In Hunger vampires Anton Turek and Galiana Solsa satisfy t...
,A,vampires,vampires,openlibrary_OL8488808W,Sin,Sharon Page,...les of sexy Regency rakes and seductive vampires is the perfect escape from her technica...
,A,vampires,vampires,openlibrary_OL8488900W,Sins of the Night,Devyn Quinn,"...n Roth was a Shadow Stalker—a hunter of vampires called the Kynn. Captured, he was force..."
,A,vampires,vampires,openlibrary_OL8777021W,Caleb,Sarah McCarty,...ree sexy ranchers—who also happen to be vampires—in the first of a new series by the nat...
,A,vampires,vampires,openlibrary_OL8777331W,Dalakis Passion,N. J. Walters,"...racula, discovered her fascination with vampires, and experienced her first of many hot,..."
,A,vampires,vampires,openlibrary_OL8777332W,Tapestry Dreams,N. J. Walters,"...ncluded being kidnapped by two powerful vampires driven by the Hunger and the primal, ca..."
,A,vampires,vampires,openlibrary_OL8935463W,Blood Lust Chronicles,Lisette Ashton,"...llest and most sexually depraved of all vampires, has been brought back from the grave...."
,A,vampires,vampire,openlibrary_OL8939686W,Forbidden,Samantha Sommersby,"..., handsome, independently wealthy.and a vampire. For over two centuries, he's held the..."
,A,vampires,vampires,openlibrary_OL9467229W,Carnal Possession,Jacqueline Bellevois,"...hrive on her pleasures and torments, as vampires thrive upon their blood...."
,A,vampires,Vampire,hardcover_150487,The Last American Vampire,Seth Grahame-Smith,"...""The follow-up to Abraham Lincoln: Vampire Hunter--a sweeping, alternate history o..."
,A,vampires,vampires,hardcover_272857,Obsidian Butterfly,Laurell K. Hamilton,"...is a hit man, specializing in monsters, vampires, shapeshifters, anything and everything..."
,A,vampires,vampiric,hardcover_459205,Hide Me Among the Graves,Tim Powers,"...gloomy streets of Victorian London, the vampiric ghost of John Polidori, the onetime phy..."
,A,vampires,Vampires,hardcover_467066,Orange World and Other Stories,Karen Russell,"...ork Times best sellers Swamplandia! and Vampires in the Lemon Grove, a stunning new coll..."
,A,vampires,vampires,hardcover_482704,Birth of a Killer,Darren Shan,"...some light on Larten Crepsley, a young vampires mentor before he meets the hero of the..."
,A,vampires,vampire,hardcover_632915,KIZUMONOGATARI: Wound Tale (Light Novel),"NISIOISIN, VOFAN, Ko Ransom",...A vampire visits a provincial town in Japan and m...
,A,vampires,vampire,hardcover_67033,The Pearl of the Soul of the World,Meredith Ann Pierce,"...ce-to-face with the White Witch and her vampire sons. Backed by her husband, his army o..."
,A,witches,witches,night_shift2,Night Shift,Charlaine Harris,"...ht the town it is. There's a reason why witches and werewolves, killers and psychics, h..."
,A,witches,witch,openlibrary_OL1000419W,Warlock,Ray Garton,"...himself from the fiery stake of a Salem witch burning, a warlock lands right in the m..."
,A,witches,witch,openlibrary_OL1000774W,Spooksville - Witch's Revenge,Christopher Pike,"...n. Sally says the woman is definitely a witch, but Adam and Watch are not so certain...."
,A,witches,Witch,openlibrary_OL1103104W,Gothic Tales,Elizabeth Cleghorn Gaskell,"...hings, mixes gossip and fact; 'Lois the Witch', a novella based on an account of the..."
,A,witches,witch,openlibrary_OL112538W,Jinx High,Mercedes Lackey,"...Fay's crowd, Diana Tregarde, practicing witch and successful romance novelist, quickl..."
,A,witches,witch,openlibrary_OL112558W,Burning Water,Mercedes Lackey,"...novelist who happens to be a practicing witch. And not just any witch, either - Diana..."
,A,witches,witches,openlibrary_OL11976326W,Attack of the Fiend,Joseph Delaney,...When witches steal Tom's inheritance and kidnap his...
,A,witches,witches,openlibrary_OL11999550W,The stone child,Dan Poblocki,...e portal that allows evil creatures and witches to enter their hometown of Gatesweed....
,A,witches,witches,openlibrary_OL13956W,A Night in the Lonesome October,Roger Zelazny,"...Frankenstein, and Dracula together with witches, werewolves, druids and many others in..."
,A,witches,witch,openlibrary_OL14863226W,The stories and fables of Ambrose Bierce,Ambrose Bierce,...r -- The reform school board -- The witch's steed -- Legislator and soap -- T...
,A,witches,witch,openlibrary_OL14932454W,100 Crooked Little Crime Stories,"Robert Weinberg, Stefan R. Dziemianowicz, Martin H. Greenberg, Edgar Allan Poe",...hose turn is it? / C. J. Henderson The witch's way / Joseph Shallit...
,A,witches,Witches,openlibrary_OL14962673W,Conversations with Anne Rice,Michael Riley,"...re Chronicles, The Lives of the Mayfair Witches novels, two haunting historical epics,..."
,A,witches,witches,openlibrary_OL14973351W,The Spook's Tale and Other Horrors,Joseph Delaney,"...exposed to the world of ghosts, ghasts, witches, and boggarts and later became the Spoo..."
,A,witches,witches,openlibrary_OL15168768W,"Dark Angel, The Chosen, Soulmate",Lisa Jane Smith,"...Vampires, werewolves, witches, shapeshifters -- they live among us wi..."
,A,witches,witch,openlibrary_OL15553502W,Spellbinder,Lisa Jane Smith,"...Blaise, an evil witch, longs to get her way with Eric Ross...."
,A,witches,witch,openlibrary_OL15672852W,Witches on the Road Tonight,Sheri Holman,"...s mother, Cora, an Appalachian mountain witch who slips out of her skin after nightfa..."
,A,witches,WITCH,openlibrary_OL16041642W,Great Ghost Stories,"Betty Ann Schwartz, Edgar Allan Poe, Mark Twain, Charles Dickens, Ambrose Bierce",...HE RED ROOM by H. G. Wells YESTERDAY'S WITCH by Gahan Wilson THE ADVENTURE OF THE G...
,A,witches,witches,openlibrary_OL16175881W,"Grimalkin, the witch assassin","Joseph Delaney, Patrick Arrasmith, Christopher Evan Welch","...life of Grimalkin, one of the deadliest witches in the country, if not the world, whose..."
,A,witches,witches,openlibrary_OL16535888W,The Spook's Bestiary,"Joseph Delaney, Julek Heller","...instructions for vanquishing boggarts, witches, the unquiet dead, and other dark creat..."
,A,witches,witch,openlibrary_OL16564004W,The Triumph of Death,Jason Henderson,...teams up with a morotcycle-riding young witch to prevent a newly risen vampire queen...
,A,witches,witch,openlibrary_OL16681359W,Lure of the dead,Joseph Delaney,"...As creatures of the dark hunt for the witch assassin Grimalkin, who carries the cap..."
,A,witches,witches,openlibrary_OL16793852W,Rise of the Huntress (The Last Apprentice #7),Joseph Delaney,"...Long journeys, hard battles, malicious witches, and a small band of kids facing an old..."
,A,witches,witch,openlibrary_OL17372808W,Took,Mary Downing Hahn,"...""A witch called Old Auntie is lurking near Dan's..."
,A,witches,witches,openlibrary_OL17571188W,Dont Enter The House,"David Parkins, Veronika Martenova Charles","...aunted beach houses, sinister cats, and witches in this trio of cautionary stories from..."
,A,witches,coven,openlibrary_OL17597102W,In the Absence of Sun,Nicole Vlachos,...red in the city of London. A fragmented coven is forced together to try and uncover t...
,A,witches,coven,openlibrary_OL17721909W,Fright Night,NOW Comics,...onster Society to deal with the vampire coven The Legion of the Endless Night as well...
,A,witches,witches,openlibrary_OL17766W,The Blood Countess,Andrei Codrescu,...s of her beauty. She was advised by her witches to take baths in the blood of virgins t...
,A,witches,witches,openlibrary_OL18820885W,A New Darkness (Starblade Chronicles),Joseph Delaney,"...spent years learning to fight boggarts, witches, demons, and more and feels prepared to..."
,A,witches,witches,openlibrary_OL18820886W,The Dark Army,Joseph Delaney,"...e continues the fight against boggarts, witches and terrifying new creatures of the dar..."
,A,witches,witches,openlibrary_OL1930889W,City of dreadful night,Lee Siegel,"...r from the Medieval India of magicians, witches, and vampires, through the British colo..."
,A,witches,witches,openlibrary_OL19722894W,Spook's Dark Assassin,Joseph Delaney,"...omas Ward is used to battling boggarts, witches, and other creatures of the dark. But n..."
,A,witches,witch,openlibrary_OL19956392W,La garra del hombre lobo,Tommy Donbavand,...nting a dilemma that is not helped by a witch causing havoc in the neighborhood....
,A,witches,Witch,openlibrary_OL19971888W,Skeleton for dinner,Margery Cuyler,...Big Witch and Little Witch have made stew and wan...
,A,witches,witch,openlibrary_OL20009115W,The October faction,Steve Niles,"...ily... which include a thrill-killer, a witch, and a warlock. Because sometimes crazy..."
,A,witches,witch,openlibrary_OL24842037W,The River Has Teeth,Erica Waters,"...to Della, a local girl rumored to be a witch, in the hopes that magic will bring her..."
,A,witches,witches,openlibrary_OL25252170W,"The Ripper (Next Life, #2)",James G. Robertson,"...light. This is a story of loss, demons, witches, and the torment of one man by the pupp..."
,A,witches,witch,openlibrary_OL273248W,Murder for Halloween,"Michele B. Slung, Michelle Slung, Evan Hunter, Steven Saylor, Ellery Queen, Peter Lovesey, Edward D. Hoch, August Derleth, Marcia Muller, Edgar Allan Poe, James Grady, Robert Bloch, Michael Z. Lewin, Gahan Wilson, Bram Stoker, Judith Garner, Dorothy Cannell, Talmage Powell, Anthony Boucher, Peter Straub",...ants / Michael Z. Lewin -- Yesterday's witch / Gahan Wilson -- Walpurgis night / Br...
,A,witches,witches,openlibrary_OL273673W,The  Scary Stories Treasury,Alvin Schwartz,"...Stories of ghosts and witches, ""jump"" stories, scary songs, and moder..."
,A,witches,witch,openlibrary_OL3240804W,Anne Rice,"Smith, Jennifer","...ters on each of her vampire, mummy, and witch novels, including Memnoch the Devil (19..."
,A,witches,witches,openlibrary_OL384658W,A season of ghosts,Ruskin Bond,"...Ghosts, fairies, witches, and monsters inhabit tales set in the..."
,A,witches,witches,openlibrary_OL3928264W,The horrible spookhouse,Kicki Stridh,"...aunted house, where she disappoints the witches, monsters, and other inhabitants becaus..."
,A,witches,coven,openlibrary_OL4444214W,Initiation,Lisa Jane Smith,...Cassie is initiated into her hometown's coven of witches but her love for the coven l...
,A,witches,witch,openlibrary_OL5235146W,The Short Story,"John Chesley Taylor, Edgar Allan Poe, Herman Melville, Fyodor Dostoyevsky, Антон Павлович Чехов, James Joyce, F. Scott Fitzgerald, William Faulkner, Philip Roth, Jorge Luis Borges",...rn in the garden Shirley Jackson / The witch Carson McCullers / Madame Zilensky and...
,A,witches,Witch,openlibrary_OL5683495W,High Druid of Shannara,Terry Brooks,"...ced her former life as the dreaded Ilse Witch—saved by the love of her brother, the m..."
,A,witches,witches,openlibrary_OL5730095W,Second Sunrise,David Thurlo,...made him the target of murderous Navajo witches-skinwalkers-who want his powers for the...
,A,witches,witch,openlibrary_OL5730475W,Witch Child,Celia Rees,"...w World and her experiences living as a witch in a community of Puritans near Salem,..."
,A,witches,witch,openlibrary_OL5810945W,The Awakening,Kelley Armstrong,"..., a cynical werewolf, and a disgruntled witch — and we have to find someone who can h..."
,A,witches,witches,openlibrary_OL5973390W,Mike Mignola's B.P.R.D,Mike Mignola,"...Nazi war criminals, spirits of drowned witches and an imprisoned sewer goddes...."
,A,witches,witches,openlibrary_OL60109W,"The Pinhoe Egg (Chrestomanci, Book 6)",Diana Wynne Jones,...thing Marianne's family of secret rogue witches wants.But the Pinhoes' secrets are fall...
,A,witches,witches,openlibrary_OL773506W,The funniest haunted house book ever!,Joseph Rosenbloom,"...tion of jokes and riddles about ghosts, witches, monsters, and haunted houses...."
,A,witches,witch,openlibrary_OL7978717W,Harold & Chester in Scared Silly,James Howe,...a strange figure who might be a wicked witch....
,A,witches,witch,openlibrary_OL8053275W,The Day Watch,"Sergeĭ Lukʹi͡anenko, Vasilev Vladimir","...Ones, as it is told in part by a young witch who bolsters her evil power by leeching..."
,A,witches,witch,openlibrary_OL8928024W,Feline Felonies,"Abigail Browning, Edgar Allan Poe",...Who killed Wee Winky? / Owens -- The witch's cat / Wellman -- The cat in the bag...
,A,witches,witch,openlibrary_OL9804113W,Amber Shadows and the Missing Wands,Wendy Willett,"...hool, and she is training to be a white witch. When researching a paper on her family..."
,A,witches,sorceress,sword_of_the_north,Sword of the North,Luke Scull,"...ng war falling on deaf ears. Yllandris, sorceress of the High Fangs, servant to a demon l..."
,A,witches,witch,openlibrary_OL109414W,The Hero and the Crown,Robin McKinley,"...ld whisper the story of her mother, the witch-woman, who they said charmed the king i..."
,A,witches,Coven,openlibrary_OL11967435W,One more bite,Jennifer Rardin,"...res discovers a plot to assassinate the Coven's leader, my vampire boss and I are bro..."
,A,witches,witch,openlibrary_OL13842616W,Road trip of the living dead,Mark Henry,"...l, you can either ignore the wicked old witch—or bury the past by visiting Ethel befo..."
,A,witches,witch,openlibrary_OL14920182W,Witch & wizard,"James Patterson, Gabrielle Charbonnet","...med into prison, and accused of being a witch and wizard. They are not alone in th..."
,A,witches,witch,openlibrary_OL15174698W,Vacations from Hell,Libba Bray,...y unpleasant compared to bunking with a witch who holds a grudge. And a sunburn might...
,A,witches,witch,openlibrary_OL15180129W,The Den of Shadows Quartet,Amelia Atwater-Rhodes,"...an incredibly powerful, vampire-hunting witch. As if that weren't enough to prevent t..."
,A,witches,Witches,openlibrary_OL15212247W,Witches and Jesuits,Garry Wills,"...ed the conception of modern America. In Witches and Jesuits, Wills again focuses on a s..."
,A,witches,witch,openlibrary_OL15527647W,Blonde with a wand,Vicki Lewis Thompson,...New York Times bestselling author Sexy witch Anica Revere has one rule: never under...
,A,witches,witch,openlibrary_OL16516734W,The highwayman,Michele Hauf,"...len all sensual pleasures--Max needed a witch's familiar, the one creature he'd made..."
,A,witches,Witch,openlibrary_OL17208223W,Battle of the Beasts,"Chris Columbus, Ned Vizzini",...mproved—the family is rich and the Wind Witch is banished. But no Walker will be safe...
,A,witches,Witches,openlibrary_OL17359908W,Yellow Brick War,Danielle Paige,"...Wicked, Wicked is Good, and the Wicked Witches clued me in to my true calling: Assassi..."
,A,witches,witches,openlibrary_OL17735522W,Highland beast,Hannah Howell,"...As the last survivor of her family of witches, Beatrix Levenach must protect the town..."
,A,witches,witch,openlibrary_OL17844503W,Bella Tabbypaw in trouble,Daisy Meadows,"...abbypaw gets into trouble with the evil witch Grizelda's helpers, the Boggits, they m..."
,A,witches,witches,openlibrary_OL19710288W,Kicking it,"Faith Hunter, Kalayna Price",...hor Rachel Caine has modern-day potions witches Holly and Andrew facing off against a f...
,A,witches,witches,openlibrary_OL19988270W,Otherworld Nights,Kelley Armstrong,"...ew legions of fans to a realm roamed by witches, werewolves, necromancers, vampires, an..."
,A,witches,witches,openlibrary_OL20021599W,Blood in her veins,Faith Hunter,"...nts.' In the brand-new 'Cat Fight,' the witches and vampires of Bayou, Oiseau, are at w..."
,A,witches,witchcraft,openlibrary_OL2004614W,Ceremony,"Leslie Silko, Silko, Leslie Marmon Silko","...st and its traditions, to beliefs about witchcraft and evil, and to the ancient stories of..."
,A,witches,Witch,openlibrary_OL20457699W,Escape to Witch Mountain,Alexander Key,"...968 novel, fans can dive into Escape to Witch Mountain as it was meant to be read. Th..."
,A,witches,witch,openlibrary_OL20588966W,Diary of a Minecraft Chicken Jockey BATTLE STEED - Book 2,Skeleton Steve,"...e! <font size=""+1"">Off to kill an evil witch!!</font> Now that Cluckington is saf..."
,A,witches,Sorceress,openlibrary_OL262391W,Glinda of Oz,L. Frank Baum,...The Sorceress and Wizard of Oz attempt to save Prince...
,A,witches,witches,openlibrary_OL3904817W,Supernatural forces,Bonnie C. Winsbro,"...belief in such supernatural figures as witches, healers, and ghosts, Winsbro seeks to..."
,A,witches,witch,openlibrary_OL4041609W,Witch in the House,Ruth Chew,"...After discovering a witch in their neighborhood, Jane and Laura t..."
,A,witches,sorceress,openlibrary_OL4313064W,Witchy Woman,Karen Leabo,"...She looked more like a lost waif than a sorceress, Nate Wagner decided as he studied Tess..."
,A,witches,witchcraft,openlibrary_OL453737W,A Hat Full of Sky,Terry Pratchett,...nny goats! Surely there must be more to witchcraft than this!What Tiffany doesn't know is...
,A,witches,witch,openlibrary_OL453748W,The Wee Free Men,"Terry Pratchett, Paul Kidby","...g - a wise shepherd - might have been a witch, but now Granny Aching is dead and it's..."
,A,witches,witches,openlibrary_OL45886W,The Witches,Roald Dahl,"...wegian grandmother, who is an expert on witches, together foil a witches' plot to destr..."
,A,witches,Witch,openlibrary_OL4975043W,The Muppets Go Camping,Jocelyn Stevenson,"...umble on an old house that they think a Witch lives in. Spooked by an Owl, they becom..."
,A,witches,witch,openlibrary_OL5255325W,50 Ways to Hex Your Lover,Linda Wisdom,...o bed with him Jasmine Tremaine is a witch who can't stay out of trouble. Nikolai...
,A,witches,witches,openlibrary_OL5685304W,"Bewitched, Bthered, And Bewildered",Maggie Shayne,"...Does is Magick,"" a trio of matchmaking witches chooses unsuspecting little Nathan McBr..."
,A,witches,witch,openlibrary_OL5693096W,The Untamed One,Ronda Thompson,"...lagers and the man who ravaged her, the witch Lucinda flees into the forest to have h..."
,A,witches,witch,openlibrary_OL5697326W,His forgotten forever,Michele Hauf,"...tipping the balance between vampire and witch. Yet returning to his old, evil ways wo..."
,A,witches,Witch,openlibrary_OL5715755W,The Sacrifice,Kathleen Benner Duble,"...tion, but relating greatly to the Salem Witch Trials of 1692. In the late 16th centur..."
,A,witches,witch,openlibrary_OL66347W,The Crucible,Arthur Miller,...tially fictionalized story of the Salem witch trials that took place in the Massachus...
,A,witches,WITCH,openlibrary_OL70988W,The Chronicles of Narnia,C. S. Lewis,"...e book that has it all is THE LION, THE WITCH AND THE WARDROBE, written in 1919 by C...."
,A,witches,Witch,openlibrary_OL71078W,The Silver Chair,C. S. Lewis,...ce must rescue the Prince from the evil Witch....
,A,witches,Witch,openlibrary_OL71080W,"Tales of Narnia (The Magician's Nephew / The Lion, The Witch and the Wardrobe / The Horse and His Boy)","C. S. Lewis, Pauline Baynes","...e Magician's Nephew 2. [The Lion, The Witch and the Wardrobe](https://openlibrary.o..."
,A,witches,witch,openlibrary_OL796480W,Brida,Paulo Coelho,...elationships and her desire to become a witch. This enthralling novel incorporates th...
,A,witches,witch,openlibrary_OL1000381W,"Prom time. (Sabrina, The Teenage Witch No. 21)","David Cody Weiss, Bobbi J. G. Weiss, Bobbi Weiss, David Cody",...ll be boring unless Sabrina the teenage witch uses some of her magical powers....
,A,witches,witchcraft,openlibrary_OL1000384W,Salem on Trial (Sabrina the Teenage Witch #8),"David Cody Weiss, Bobbi J.G, Weiss","...k. Her rival, Libby, brings a charge of witchcraft against her and the judge sentences Sab..."
,A,witches,witches,openlibrary_OL100070W,Demon in My View,Amelia Atwater-Rhodes,...ates as she does among the vampires and witches of her fiction. She has always been tre...
,A,witches,witch,openlibrary_OL104400W,Hansel and Gretel,Rika Lesser,...gingerbread house inhabited by a wicked witch. Illustrated with photographs of three-...
,A,witches,witch,openlibrary_OL111457W,Morrigan's Cross,"Nora Roberts, Dick Hill","...e Lilith. A circle of six: himself, the witch, the warrior, the scholar, the one of m..."
,A,witches,witch,openlibrary_OL12304311W,Last rituals,Yrsa Sigurdardottir,"...isly history of torture, execution, and witch hunts—a topic made all the more peculia..."
,A,witches,witch,openlibrary_OL137213W,The Blue-Eyed Witch,Barbara Cartland,...he townspeople were convinced she was a witch. They were dragging her to the river to...
,A,witches,witch,openlibrary_OL13745556W,Unfamiliar magic,R. C. Alexander,...Twelve-year-old witch Desi secretly uses her mother's spellbo...
,A,witches,witch,openlibrary_OL14909214W,Mysteria Lane,MaryJanice Davidson,...sensual demons. There’s a spellbinding witch of love who wants to make one man hers;...
,A,witches,witch,openlibrary_OL14909424W,Tales of the Otherworld,Kelley Armstrong,"...: love? Or how the hot-blooded bad-girl witch Eve Levine managed to ensnare the cold,..."
,A,witches,witch,openlibrary_OL14909433W,Master of Fire,Angela Knight,"...chemist, Giada Shepherd is an immortal witch charged with saving the life of Logan M..."
,A,witches,witch,openlibrary_OL14932795W,The witch's grave,Shirley Damsgaard,"...Cupid has cast his spell on good witch Ophelia Jensen. The practical, pragmati..."
,A,witches,witch,openlibrary_OL14936986W,Out of the Woods,Lyn Gardner,"...are lured to the fair by Belladonna, a witch who wants Aurora's heart and Stormy's p..."
,A,witches,witches,openlibrary_OL14954387W,Touch of Seduction (Hqn),Rhyannon Byrd,...he's asked to guard a little girl with witches' blood—and her beautiful human aunt. A...
,A,witches,witchcraft,openlibrary_OL15082686W,A Most Improper Magick,Stephanie Burgis,"...e, wreaking romantic havoc with her own witchcraft; and a highwayman lurking in the forest..."
,A,witches,witchcraft,openlibrary_OL15145648W,Magic and the Modern Girl,Mindy Klasky,"...ht?Wrong. After a few months of letting witchcraft slide, Jane Madison discovers that not..."
,A,witches,Witch,openlibrary_OL15172916W,Belong to the Night,"Shelly Laurenston, Cynthia Eden, Sherrill Quinn","...there?Belong To The NightThe Wolf, The Witch, And Her Lack Of Wardrobe by Shelly Lau..."
,A,witches,coven,openlibrary_OL15176318W,The Dangerous Book For Demon Slayers,Angie Fox,...n slayer Lizzie Brown and her grandma's coven of biker witches have rolled into Sin C...
,A,witches,witch,openlibrary_OL15176828W,Casual Hex,Vicki Lewis Thompson,...ic mishap that only Big Knob's resident witch and wizard can untangle....
,A,witches,Sorceress,openlibrary_OL15209476W,The soprano sorceress,"L. E. Modesitt, Jr.","...The Soprano Sorceress, the first novel in New York Times best..."
,A,witches,witches,openlibrary_OL15329701W,The Unsinkable Walker Bean,Aaron Renier,...o return an accursed pearl skull to the witches who created it—and his path will be str...
,A,witches,witch,openlibrary_OL15399587W,Vacations from Hell,"Claudia Gray, Sarah Mlynowski, Libba Bray, Maureen Johnson, Cassandra Clare",...y unpleasant compared to bunking with a witch who holds a grudge. And a sunburn might...
,A,witches,witch,openlibrary_OL15473074W,Mistress of the Storm,M. L. Welsh,"...d use them to face a powerful, vengeful witch...."
,A,witches,witch,openlibrary_OL15542530W,"Vicious Circle (Persephone Alcmedi, #1)",Linda Robertson,"...Being a witch doesn't pay the bills, but Persephone A..."
,A,witches,Witches,openlibrary_OL15746076W,"The three witches; or, The combination dream dictionary","Isaac Wright , Madame La Vanie","...on the cover are the words, ""The Three Witches; or, Combination Dream Dictionary."" The..."
,A,witches,coven,openlibrary_OL15836226W,A feather of stone,Cate Tiernan,...that will transform their lives and the coven forever....
,A,witches,witches,openlibrary_OL15838631W,A necklace of water,Cate Tiernan,"...ckal rite become more fully known, twin witches Clio and Thais pursue separate agendas..."
,A,witches,witch,openlibrary_OL15881747W,Plain Kate,Erin Bow,"...ms are so fine that some even call her ""witch-blade"" - a dangerous nickname in a town..."
,A,witches,coven,openlibrary_OL15932709W,Sacrifice,Laura J. Burns,"...elationship work, run away to Gabriel's coven expecting them to embrace Shay as one o..."
,A,witches,witch,openlibrary_OL16014585W,Temptation at twilight,Jo Carlisle,"...e is in the twisted embrace of a voodoo witch, Soren may lose his mate once again--an..."
,A,witches,Witch,openlibrary_OL16099576W,The Near Witch,V. E. Schwab,...The Near Witch is only an old story told to frighten c...
,A,witches,coven,openlibrary_OL16112080W,The Initiation & The Captive part 1,Lisa Jane Smith,"...ssie is drawn into the Secret Circle, a coven of young witches whose power has contro..."
,A,witches,witch,openlibrary_OL16215136W,The Brixen Witch,Stacy DeKeyser,"...Twelve-year-old Rudi stumbles upon a witch's lair while out hunting, takes a gold..."
,A,witches,witch,openlibrary_OL16311068W,The Princess and the Pig,Jonathan Emmett,"...is wife believe it's the work of a good witch, while the ill-tempered King and Queen..."
,A,witches,Witchcraft,openlibrary_OL16499587W,Homesick witch,Sean O'Reilly,...nd Witchitaw out of the Salem School of Witchcraft....
,A,witches,witch,openlibrary_OL16529226W,The hero's guide to saving your kingdom,Christopher Healy,"...airy tales form an unlikely team when a witch threatens the whole kingdom""--..."
,A,witches,witches,openlibrary_OL16584844W,The bitter seed of magic,Suzanne McLeod,...vanished back into the shadows and the witches have declared her no longer a threat. B...
,A,witches,witch,openlibrary_OL16643593W,Hereville,Barry Deutsch,...ity before accepting a challenge from a witch to defeat a giant troll....
,A,witches,Witch,openlibrary_OL16668687W,Heart of stone,M. L. Welsh,"...th her friends, tries to stop the Earth Witch's evil plan to deprive the world of hap..."
,A,witches,witch,openlibrary_OL17272922W,Into the woods,Kim Harrison,"...Starring bounty hunter and witch Rachel Morgan, this collection of short..."
,A,witches,witches,openlibrary_OL17459314W,Never Been Bit,Lydia Dare,"...Read for: Paranormal romance, witches, vampires, tortured hero, angelic heroi..."
,A,witches,witch,openlibrary_OL17462670W,The Angel Stone A Novel,Carol Goodman,"...'t-miss read For Callie McFay, a half-witch/half-fey professor of folklore and Goth..."
,A,witches,sorceress,openlibrary_OL17554715W,Shadows Claim The Dacians,Kresley Cole,"...thing to possess Bettina, his beautiful sorceress mate, even compete for her hand in a bl..."
,A,witches,witches,openlibrary_OL17566893W,Hexed,"Kevin Hearne, Luke Daniels","...st of the Druids, doesn't care much for witches. Still, he's about to make nice with th..."
,A,witches,witchcraft,openlibrary_OL17686941W,Season of the witch,Mariah Fredericks,"...""A girl who is bullied experiments with witchcraft in order to get revenge on her attacker..."
,A,witches,witch,openlibrary_OL17701581W,Let them eat stake,Sarah Zettel,"...of a 200-year-old vampire and a wealthy witch, ""Vampire Chef"" Charlotte Caine finds h..."
,A,witches,sorceress,openlibrary_OL17710050W,The Dark Prophecy,Rick Riordan,"...everyone is being to me—especially that sorceress Calypso. What does Leo see in her, anyw..."
,A,witches,witchcraft,openlibrary_OL17732328W,Time of the witches,Anna Myers,...ubled Mistress Putnam as accusations of witchcraft start to swirl in Salem Village....
,A,witches,witch,openlibrary_OL17740393W,The cold kiss of death,Suzanne McLeod,"...the least of her problems. There's the witch neighbour who wants her evicted. Finn,..."
,A,witches,witch,openlibrary_OL17822889W,Witch Wars,Sibeal Pounder,"...iga Whicabim's shed to tell her she's a witch, Tiga doesn't believe her. Or at least..."
,A,witches,Witch,openlibrary_OL17841386W,Cheshire Crossing,Andy Weir,"...and, inadvertently, bringing the Wicked Witch and Hook together in a deadly supervill..."
,A,witches,witches,openlibrary_OL17872723W,Wildalone,Krassi Zourkova,"...of the Samodivi or ""wildalones""--Forest witches who beguile and entrap men-- she discov..."
,A,witches,witch,openlibrary_OL17875417W,Wrecked,Anna Davies,...her life but was then charged by a sea witch to kill her....
,A,witches,witch,openlibrary_OL17881628W,House of secrets,Chris Columbus,...see their parents again and a power-mad witch will take over the world....
,A,witches,witch,openlibrary_OL17921183W,Sweetly,Jackson Pearce,...ies of her twin sister's abduction by a witch-like monster begin to fade until girls...
,A,witches,Witch,openlibrary_OL17935097W,Would-be witch,Kimberly Frost,...l romance—and the first of the Southern Witch novels.The family magic seems to have s...
,A,witches,witch,openlibrary_OL18165278W,The Scottish witch,Cathy Maxwell,"...y from the powerful curse of a Scottish witch, Harry Chattan returns to Scotland, whe..."
,A,witches,witchcraft,openlibrary_OL1842001W,The kelpie's pearls,Mollie Hunter,...and practices some of her grandmother's witchcraft....
,A,witches,witch,openlibrary_OL19068039W,Strange Grace,Tessa Gratton,"...re for one another, Mariwen, a spirited witch; Rhun, the expected saint; and Arthur,..."
,A,witches,coven,openlibrary_OL19353652W,The Curse,"Sherrilyn Kenyon, Dianna Love",...she's the number one target in the Medb coven's ruthless plan to destroy all Beladors...
,A,witches,Witch,openlibrary_OL19707535W,The Midnight Witch,Paula Brackston,"..., Lilith, who inherits his role as Head Witch of the Lazarus Coven. Raised as a witch..."
,A,witches,witches,openlibrary_OL19720043W,The witch boy,"Lee Knox Ostertag, Sonia Fernández Ordás","...family, all the girls are raised to be witches, while boys grow up to be shapeshifters..."
,A,witches,Witch,openlibrary_OL19740011W,How Long 'Til Black Future Month,"N. K. Jemisin, Michelle Charrier",...The City Born Great (2016) - Red Dirt Witch (2016) - L'Alchimista (2004) - The Ef...
,A,witches,witch,openlibrary_OL19755944W,A Natural History of Hell: Stories,Jeffrey Ford,...ighbor's daughter's exorcism. A country witch with a sea-captain's head in a glass gl...
,A,witches,witch,openlibrary_OL19960156W,The winter witch,Paula Brackston,...Mute fledgling witch Morgana is married for her safety to a...
,A,witches,witches,openlibrary_OL19974095W,Ghost medicine,Aimée Thurlo,...ar of incurring the wrath of the Navajo witches. Harry's latest P.I. case involves trac...
,A,witches,witch,openlibrary_OL19981117W,The goodbye witch,Heather Blake,...When her closest friend and fellow witch Staria Sullivan is stalked by her murde...
,A,witches,Witch,openlibrary_OL20020547W,The return of the witch,Paula Brackston,"...""Paula Brackston's debut novel, The Witch's Daughter, was the little book that co..."
,A,witches,witch,openlibrary_OL20037250W,Disenchanted,Megan Morrison,"...men have been cursed, but now that the witch Envearia is dead the curse should be br..."
,A,witches,witches,openlibrary_OL20890055W,Sparkle Witch (The lazy Girl’s Guide to Magic #3.5),Helen Harper,"...year. After all, festivities abound and witches everywhere are encouraged to put their..."
,A,witches,witch,openlibrary_OL21742535W,The Year I Flew Away,Marie Arnold,"...of place, makes a misguided deal with a witch...."
,A,witches,witch,openlibrary_OL2295540W,Celandine (The Touchstone Trilogy #2),Steve Augarde,"...school, where she is accused of being a witch, and haunted by the loss of her brother..."
,A,witches,witches,openlibrary_OL23170872W,The thirteenth sacrifice,Debbie Viguié,"...an, the last in a long line of ruthless witches, discovers that evil has returned to Sa..."
,A,witches,witchcraft,openlibrary_OL23194846W,The broken spell,Erika McGann,"...s jump at the chance to learn practical witchcraft from the glamorous Ms. Gold, but they m..."
,A,witches,witches,openlibrary_OL23209827W,The witches of Echo Park,Amber Benson,"...ost of humankind, a powerful network of witches thrives within the shadows of society,..."
,A,witches,coven,openlibrary_OL23330885W,Fangs a lot,Tim Collins,"...Tired of running the vampire coven, Nigel Mullet surrenders the leadership..."
,A,witches,witch,openlibrary_OL24324241W,Bibi Blocksberg,Olivia Vieweg,...###English-language description: Young witch Bibi Blocksberg was ecstatic when her n...
,A,witches,witches,openlibrary_OL24648323W,Hex on the Beach,"Kelley Armstrong, Jeaniene Frost, Melissa Marr","...with her best friend, Denise. But when witches crash the party, a fun getaway turns in..."
,A,witches,Witch,openlibrary_OL24670510W,The Witch Doctor Is In,Mindy Klasky,...onnell: Doctor. Hospital administrator. Witch.Nick Raines: Tough guy. Secret service...
,A,witches,witches,openlibrary_OL24818426W,Joy of Witchcraft,Mindy Klasky,"...not this time.Jane Madison’s school for witches is in session, and the first order of b..."
,A,witches,witch,openlibrary_OL2557250W,The Frog Princess,Elizabeth Dawson Baker,...rprisingly loyal snake and a wise green witch confirm that readers won't soon forget...
,A,witches,Witch,openlibrary_OL2557255W,The salamander spell,Elizabeth Dawson Baker,"...ps her mother from being the good Green Witch, and the Kingdom of Greater Greensward..."
,A,witches,witch,openlibrary_OL2660316W,Sorcery & Cecelia,"Patricia C. Wrede, Caroline Stevermer","...is season. For starters, there's the witch who tried to poison Kate at the Royal C..."
,A,witches,witches,openlibrary_OL2670099W,Great-Uncle Dracula,Jayne Harvey,"...ylvania, U.S.A., populated by vampires, witches, and the like, without the bullying of..."
,A,witches,Coven,openlibrary_OL27043838W,"Three Kisses, One Midnight","Roshani Chokshi, Sandhya Menon, Evelyn Skye","...e High, a group of friends known as The Coven will weave art, science, and magic duri..."
,A,witches,witch,openlibrary_OL27525117W,The Laws of Magic,M. Ullrich,"...longer the recklessly trusting teenage witch who nearly killed her family, Isla owns..."
,A,witches,witch,openlibrary_OL27683078W,Azul para las pesadillas,Laurie Faria Stolarz,...las cosas. Sixteen-year-old hereditary witch Stacey Brown has nightmares of her room...
,A,witches,witches,openlibrary_OL28941072W,Boil,David Estes,"...ace under the forces of united gangs of witches, wizards, and warlocks. The witch hunte..."
,A,witches,witchcraft,openlibrary_OL29257912W,Dominic,Hazel Hunter,...'s been deployed to bring Sophia into a witchcraft fold that she doesn't even know exists....
,A,witches,witch,openlibrary_OL29897W,The Witches of Worm,Zilpha Keatley Snyder,...hat the cat she finds is possessed by a witch and is responsible for her own strange...
,A,witches,witches,openlibrary_OL3008160W,"Hopi stories of witchcraft, shamanism, and magic","Ekkehart Malotki, Ken Gary","...Hopi world, and describes the roles of witches, sorcerers, and shamans...."
,A,witches,witches,openlibrary_OL3474638W,Fantasy Stories,"Robin Lawrie, Diana Wynne Jones, Isaac Asimov","...and Joan Aiken; and plenty of dragons, witches, wizards, and other magical creatures t..."
,A,witches,witch,openlibrary_OL3550895W,The priest of blood,Douglas Clegg,"...posed witch, Aleric discovers his own uncanny abili..."
,A,witches,witch,openlibrary_OL3565996W,Age of Aquariums,"Bobbi J. G. Weiss, Bobbi Weiss, David Cody          ","...school's aquarium, Sabrina the teenage witch uncovers the truth behind the mysteriou..."
,A,witches,witches,openlibrary_OL4098287W,Tales of horror and the supernatural,Arthur Liebman,"...Discussions on the treatment of witches, ghosts, werewolves, and vampires in li..."
,A,witches,sorceress,openlibrary_OL4444235W,Heart of Valor,Lisa Jane Smith,"...When their friend, sorceress Morgana Shee, embarks on a mission to r..."
,A,witches,sorceress,openlibrary_OL4444237W,The Night of the Solstice,Lisa Jane Smith,...Four children set out to rescue a sorceress held captive in a parallel world....
,A,witches,Witch,openlibrary_OL4624072W,The Witch Must Die,Sheldon Cashdan,"...In The Witch Must Die, Sheldon Cashdan explores how..."
,A,witches,witch,openlibrary_OL4772202W,An enemy at Green Knowe,Lucy M. Boston,...lved with black magic when a modern-day witch attempts to find books of witchcraft su...
,A,witches,sorceress,openlibrary_OL481756W,The Robe of Skulls,"Vivian French, Ross Collins",...The sorceress Lady Lamorna has her heart set on a ver...
,A,witches,Witches,openlibrary_OL496116W,A Bad Spell for the Worst Witch (The Worst Witch #3),"Jill Murphy, Dominique Boutel, Anne Panzani","...econd year at Miss Cackle's Academy for Witches starts off better than her first, Mildr..."
,A,witches,witch,openlibrary_OL5255369W,Wicked by Any Other Name,Linda Wisdom,...Feisty witch Stasi Romanov was one of 13 classmates...
,A,witches,witchcraft,openlibrary_OL5683859W,The twilight before Christmas,"Christine Feehan, Teri Clark Linden",...n sisters gifted with amazing powers of witchcraft. Returning home in time for her norther...
,A,witches,witchcraft,openlibrary_OL5685321W,Eternal Love,Maggie Shayne,"...unearthly beauty brought accusations of witchcraft - and a sentence of death. Only Duncan,..."
,A,witches,witches,openlibrary_OL5691365W,Wild & Hexy,Vicki Lewis Thompson,"...Lowell moved in. Former matchmakers for witches and wizards, they're now plying their u..."
,A,witches,witches,openlibrary_OL5691376W,Over Hexed,Vicki Lewis Thompson,...rose are matchmaking sex therapists for witches and warlocks. Now they're doing it for...
,A,witches,witch,openlibrary_OL5717334W,The witch's boy,"Gruber, Michael",...A grotesque foundling turns against the witch who sacrificed almost everything to rai...
,A,witches,coven,openlibrary_OL5805838W,Night rising,Crystal Green,...the movies when a Hollywood underground coven of vampires comes to light-and gets tar...
,A,witches,witch,openlibrary_OL5888091W,"Dead Witch Walking (Rachel Morgan, Book 1)","Kim Harrison, Gavin Marguerite",...world civilized. A bounty hunter and witch with serious sex appeal and an attitude...
,A,witches,witch,openlibrary_OL60176W,The time of the witch,Mary Downing Hahn,...ealizing that she is speaking to a real witch....
,A,witches,witch,openlibrary_OL7910735W,Veiled truth,Vivi Anna,...the dhampir soon discovers that Lyra--a witch of great power--is to be the sacrificia...
,A,witches,witches,openlibrary_OL8033276W,Sorcery and the Single Girl,Mindy Klasky,...Those TV witches have got it made... Wiggle a nose. Dinn...
,A,witches,coven,openlibrary_OL8110312W,Stake That!,"Mari Mancusi, Marianne Mancusi","...unny's fault. Magnus, a vamp hottie and coven leader, mistook Sunny for Rayne last mo..."
,A,witches,Witchcraft,openlibrary_OL8460139W,Harry Potter (series) 1-4,J. K. Rowling,...first four years at Hogwarts School of Witchcraft and Wizardry. As if excelling on and of...
,A,witches,Witch,openlibrary_OL9789906W,Lost In Oz,Joshua Dudley,"...e, be in awe as they do battle with the Witch of the West, cross your fingers and hop..."
,A,witches,witch,openlibrary_OL111493W,Captivated,"Nora Roberts, Therese Plummer","...r Nash Kirkland figured self-proclaimed witch Morgana Donovan would be a great ""resou..."
,A,witches,Witches,openlibrary_OL14942533W,Stories and Poems for Extremely Intelligent Children of All Ages,"Harold Bloom, Gilbert Keith Chesterton, Mark Twain, Lewis Carroll, Arthur Conan Doyle, Nathaniel Hawthorne, Charles Dickens, Herman Melville, Edgar Allan Poe, Edith Wharton","...rsen The Signal-man / Charles Dickens Witches' loaves / O. Henry The Horla, or moder..."
,A,witches,witch,openlibrary_OL17826429W,Understanding The crucible,"Claudia Durst Johnson, Vernon E. Johnson","...relevant historical periods; the Salem witch trials of 1692 and the ""Red Scare"" of t..."
,A,witches,Witch,openlibrary_OL2775703W,The little witch presents a monster joke book,Linda Glovach,"...The Little Witch presents a collection of jokes, riddles..."
,A,witches,witches,openlibrary_OL2991478W,Macbeth,Richard Appignanesi,...g after hearing the prophesies of three witches....
,A,witches,witch,openlibrary_OL7796773W,CliffsNotes on Miller's The crucible,Jennifer L. Scheidt,"...the atmosphere and action of the Salem witch trials of the 1600s, this study guide l..."
,A,witches,witches,openlibrary_OL811649W,Illustrations of the fairy mythology of A midsummer night's dream,James Orchard Halliwell-Phillipps,"..., talking animals, trolls, unicorns, or witches. Generally, magic or enchantments are i..."
,A,witches,witch,openlibrary_OL14858406W,Doomsday book,Connie Willis,"...t's dangerous: cutthroats in the woods, witch hunts, cholera, and millions dying in t..."
,A,witches,witches,openlibrary_OL17710479W,Shadowcaster,"Cinda Williams Chima, Kim Mai Guest",...ments. Between the terrifying rumors of witches and wolfish warriors to the north and h...
,A,witches,sorceress,openlibrary_OL17893149W,Camelot burning,Kathryn Rose,"...to defeat Morgan La Fey, King Arthur's sorceress sister, when she declares war on Camelo..."
,A,witches,witch,openlibrary_OL3567794W,Star Wars - Fate of the Jedi - Outcast,Aaron Allston,...edi become the target of a media-driven witch hunt. Facing conviction on the damning...
,A,witches,witch,openlibrary_OL37826293W,Nexus,Yuval Noah Harari,"...canonization of the Bible, early modern witch-hunts, Stalinism, Nazism, and the resur..."
,A,witches,Witches,openlibrary_OL3847246W,The worm Ouroboros,Eric Rücker Eddison,"...between two peoples, the Demons and the Witches. Pre-dating the much better known works..."
,A,witches,sorceress,openlibrary_OL82522W,Black Unicorn,Tanith Lee,"...or what it wanted. Not even Jaive, the sorceress, could fathom the mystery of the fabled..."
,A,witches,witch,openlibrary_OL8992970W,Hex education,"Emily Gould, Zareen Jaffery","...of the town's earlier inhabitants, is a witch, and that she and her coven must identi..."
,A,witches,witches,openlibrary_OL11547060W,School plot,Colin Thompson,"...t the better of the Floods, a family of witches and wizards, during the annual sports d..."
,A,witches,witch,openlibrary_OL12367026W,Novel destinations,Shannon McKenna Schmidt,"...manse in Salem, Massachusetts, infamous witch trials in which his ancestor played a r..."
,A,witches,Witch,openlibrary_OL14926253W,Shadow man,James D. Doss,"...Charlie Moon mystery (after 2004's The Witch's Tongue), the rancher and Ute tribal i..."
,A,witches,witch,openlibrary_OL17405274W,The Curse Of The Chocolate Phoenix,"Kate Saunders, Paola Escobar","...n a top secret mission to stop Alba the witch, who is plotting to use a magical choco..."
,A,witches,Witch,openlibrary_OL17415061W,Winnie Says Cheese,Laura Owen,"...ia... If you think you know Winnie the Witch, think again! In 'Winnie y el hada de l..."
,A,witches,witchy,openlibrary_OL19286593W,Witch Switch (Witch Wars Book 2),Sibeal Pounder,"...Tiga Whicabim is settling in to the witchy, glitzy world of Ritzy City where Peggy..."
,A,witches,witch,openlibrary_OL21237354W,Walt Disney's Donald Duck,"Carl Barks, Gary Groth",...that pits him and the nephews against a witch who wants to destroy all the Christmas...
,A,witches,Witch,openlibrary_OL23344W,Winnie in winter,Valerie Thomas,"...Tired of the cold and snow, Winnie the Witch casts a spell that changes winter into..."
,A,witches,witch,openlibrary_OL41371W,Mrs. Patty Is Batty!,Dan Gutman,...er house is haunted! People say she's a witch and her husband is a ghost. Is it worth...
,A,witches,witch,openlibrary_OL483043W,My unwilling witch gets a makeover,Hiawyn Oram,...ore hilarious hijinx with his unwilling witch in Book 4 of the series. Rumblewick is...
,A,witches,Witch,openlibrary_OL483046W,My unwilling witch goes to ballet school,Hiawyn Oram,"...Rumblewick, a Highly Qualified Witch's Cat, records in his diary all the pro..."
,A,witches,witch,openlibrary_OL496118W,The Worst Witch (The Worst Witch #1),Jill Murphy,...Mildred Hubble is the worst witch at Miss Cackle's Academy for Witches -...
,A,witches,witches,openlibrary_OL53704W,Murder in a cathedral,Ruth Dudley Edwards,"...m for the radical gay priests, feminist witches, and New Age cult members who have rule..."
,A,witches,witch,openlibrary_OL9302808W,The Lace Reader,Brunonia Barry,...the American town famous for the Salem witch trials. A crucial plot device is the Ip...
,A,witches,witch,openlibrary_OL9313171W,Winnie Flies Again,Valerie Thomas,"...Winnie the witch has trouble navigating crowded skies, s..."
,A,witches,witchcraft,openlibrary_OL112476W,A Break with Charity,Ann Rinaldi,"...ls the malice, fear, and accusations of witchcraft that tore her village apart in 1692...."
,A,witches,witch,openlibrary_OL20049299W,Midnight Hour,C. C. Hunter,"...atural powers, Miranda Kane, a dyslexic witch, suffers a near-death experience that l..."
,A,witches,witch,openlibrary_OL23223192W,Hansel and Gretel and the green witch,Laura North,"...iscover a hungry--but health-conscious--witch!""--..."
,A,witches,sorceress,openlibrary_OL23231W,The Pale Horseman,Bernard Cornwell,"...king in despair to a beguiling British sorceress. And always, beyond the spearmen and th..."
,A,witches,witchcraft,openlibrary_OL2634646W,"People of the Sea (North America's Forgotten Past, Book Five)","Kathleen O'Neal Gear, W. Michael Gear","...e his rival, Catchstraw, has discovered witchcraft as a way to Power - at the expense of h..."
,A,witches,witchcraft,openlibrary_OL2647293W,The Forest,Edward Rutherfurd,"...ng of King William Rufus, treachery and witchcraft, smuggling and poaching run through thi..."
,A,witches,witch,openlibrary_OL27413855W,Weyward,Emilia Hart,"...nes of the house, hidden ever since the witch-hunts of the 17th century. **VIOLET,..."
,A,witches,witches,openlibrary_OL276268W,The Last Witchfinder,"James Morrow, James Morrow",...Jennet Stearne's father hangs witches for a living in Restoration England. Bu...
,A,witches,sorceress,openlibrary_OL3929007W,Damiano,R. A. Macavoy,"...rimage, seeking the aid of the powerful sorceress Saara as he must walk the narrow path b..."
,A,witches,witch,openlibrary_OL483049W,My unwilling witch sleeps over,Hiawyn Oram,"...blewick the cat's dismay, his reluctant witch befriends some girls from the Other Sid..."
,A,witches,witch,openlibrary_OL483052W,My unwilling witch starts a girl band,Hiawyn Oram,...ore hilarious hijinx with his unwilling witch in Book 3 of the series. Rumblewick is...
,A,witches,witch,openlibrary_OL5685617W,The iron curtain,"Vaughan, Robert, Robert Vaughan","...mmunist, watches his dreams fade as the witch-hunt continues...."
,A,witches,Witch,openlibrary_OL5730480W,Sovay,Celia Rees,"...Witch Child, Sorceress, Pirates! and now Sova..."
,A,witches,Witch,openlibrary_OL57513W,Halloween Pie,Michael O. Tunnell,...Old Witch smiles a crooked smile and makes a Hall...
,A,witches,witchcraft,openlibrary_OL15054232W,The devil's door,"Thompson, Paul B.","..., in 1692, where they witness the Salem witchcraft hysteria, during which Ephraim is arres..."
,A,witches,witchcraft,openlibrary_OL15836705W,Grave goods,Ariana Franklin,"...ng powers has spread, so have rumors of witchcraft. So Adelia and her household ride to Gl..."
,A,witches,witch,openlibrary_OL16151914W,The mystic manuscript,Lars Jakobsen,...and contends with an ax-wielding young witch named Blossom....
,A,witches,witch,openlibrary_OL17872884W,Adventure time - The untamed scoundrel,Adrianne Ambrose,...ust set sail to rescue her from an evil witch so that he and Lady Rainicorn can be ma...
,A,witches,witch,openlibrary_OL18009170W,Kiki's delivery service 3,Yuji Oniki,"...On her 13th birthday, a young witch named Kiki must fly away from home to a..."
,A,witches,witchy,openlibrary_OL19926605W,The Importance of Being Otis,Lorin Morgan-Richards,"...ughter and sheriff Orphie, his morbidly witchy-wife Pyridine, their pickle-loving hors..."
,A,witches,witchcraft,openlibrary_OL20871776W,My smoky bacon crisp obsession,J. A. Buckle,"...need all the help his ferret, a little witchcraft and a lot of smoky bacon crisps can giv..."
,A,witches,witchcraft,openlibrary_OL4627754W,This Loving Torment,Valerie Sherwood,...headed for trouble. She was accused of witchcraft by the man who had attacked her. She wa...
,A,witches,witchcraft,openlibrary_OL5715725W,The minister's daughter,Julie Hearn,"...a local healer and her granddaughter of witchcraft to conceal an out-of-wedlock pregnancy,..."
,A,witches,witches,openlibrary_OL6214252W,When the Elephants Dance,Tess Uriza Holthe,"...ich feature a dazzling array of ghosts, witches, supernatural creatures, and courageous..."
,A,witches,witch,openlibrary_OL731614W,Magic Trixie and the dragon,Jill Thompson,"...Magic Trixie, a young witch, wants a real dragon for a pet, but fin..."
,A,witches,witch,openlibrary_OL8367116W,Damiano's Lute,R. A. Macavoy,"...ue, and the memory of a beautiful pagan witch, Damiano journeys across a plague-ridde..."
,A,witches,witches,openlibrary_OL1000826W,Witch,Christopher Pike,"...another part of town, a carload of good witches is hot on Julia's trail, determined to..."
,A,witches,Witch,openlibrary_OL10540181W,Variations,Claire Lorrimer,"..."", ""The WhiteDoves"", ""The Angel and the Witch or Miss Tansley's Easter Play"", ""Trust..."
,A,witches,witch,openlibrary_OL13752009W,Baga Jaga je snijela jaje,Dubravka Ugrešić,...Baba Yaga is a witch-like character who flies around on a gi...
,A,witches,sorceress,openlibrary_OL14871878W,Looking for Jake,China Miéville,".... ""Familiar""--Spurned by its creator, a sorceress's familiar embarks on a strange and uns..."
,A,witches,witches,openlibrary_OL15107608W,It's Fine to Be Nine,"Judy Blume, Clyde Robert Bulla, Beverly Cleary, Terri Fields, Johanna Hurwitz, Astrid Lindgren, Patricia MacLachlan, Colleen O'Shaughnessy McKenna, Patricia McKissack, Daniel Manus Pinkwater, Susan Shreve, Jerry Spinelli",...- From fourth-graders don't believe in witches / Terri Fields -- From the adventures...
,A,witches,witches,openlibrary_OL15653158W,Rhönmärchen,Wolfgang Werners-Lucchini,"...mp spirits, the wild doings of the Rhön witches, temptations of dark lakes, magical pho..."
,A,witches,witchcraft,openlibrary_OL15855775W,First light,Rebecca Stead,"...Her extraordinary people, suspected of witchcraft and nearly driven to extinction, have r..."
,A,witches,Witch,openlibrary_OL17377426W,Nitty Winnie,Laura Owen,...Winnie the Witch does things differently! In 'Winnie's W...
,A,witches,witch,openlibrary_OL17580284W,My Epic Fairy Tale Fail,Anna Staniszewski,...all the fairy tales are made to fight a witch . It might not be easy but nothing is t...
,A,witches,witch,openlibrary_OL176740W,The Supernatural in Fiction,Peter Penzoldt,"...e ghost, the vampire, the werewolf, the witch, on the relationship of the supernatura..."
,A,witches,witch,openlibrary_OL19969876W,Babayaga,Toby Barlow,"...ed by Parisian girls, a beautiful young witch, a police detective turned into a flea..."
,A,witches,witch,openlibrary_OL19984131W,Witchrise,Victoria Lamb,...When Tudor witch Meg Lytton receives an unexpected legac...
,A,witches,Sorceress,openlibrary_OL20915958W,"Bone, fog, ash & star",Catherine Egan,"...Eliza Tok is a formidable Sorceress, but she is finally forced to face the..."
,A,witches,witch,openlibrary_OL2182857W,The devil on the road,Robert Westall,...a mid-17th century England troubled by witch hunts....
,A,witches,Witch,openlibrary_OL28758051W,The New Team,Disney Press,"...Avengers, including the Vision, Scarlet Witch, and Falcon...."
,A,witches,witch,openlibrary_OL3243766W,El Arroyo De LA Llorona,Sandra Cisneros,...ung girl harboring special secrets to a witch woman circling above her village....
,A,witches,Witches,openlibrary_OL45861W,Roald Dahl Treasury,Roald Dahl,...nt peach -- Jack and the beanstalk -- Witches -- Cow -- Cadbury's dairy milk -- Ch...
,A,witches,Witch,openlibrary_OL66207W,Leaping Beauty,Gregory Maguire,"...icked: The Life and Times of the Wicked Witch of the West, as well as of the hilariou..."
,A,witches,witchcraft,openlibrary_OL13760001W,Lord of the deep,Dawn Thompson,"...Ecstasy In ExileAccused of witchcraft and banished to the Isle of Mists, Meg..."
,A,witches,witch,openlibrary_OL15137251W,Dark Magic,Cheyenne McCray,"...A D'Anu witch of powerful ancient heritage, Cassia fi..."
,A,witches,witches,openlibrary_OL16811560W,Scion's Avalon,J. Annas Walker,"...the Council of Crones, a group of elder witches. Isolated from the world, they found bl..."
,A,witches,witches,openlibrary_OL19710900W,Man of the year,Lou Cove,"...lem, Massachusetts- a backwater town of witches, Puritans, and sea-captain wannabes. Af..."
,A,witches,witch,openlibrary_OL19995252W,The witch of painted sorrows,"Rose, M. J.","...ar whether she or an infamous ancestral witch is driving the changes. ""Possession. P..."
,A,witches,witch,openlibrary_OL21432568W,Dark Fairy Tales,"Aleatha Romig, CJ Roberts, T.M. Frazier, Karina Halle, Skye Warren, Sierra Simone, Willow Winters, Celia Aaron, Natasha Knight, Cora Reilly","..., spin straw to gold, or fall prey to a witch. In these fairytale retellings from bes..."
,A,witches,witch,openlibrary_OL23172004W,Storm bound,Dani Harper,...s captor. Then the spell of a beautiful witch awakens him to the present day-- and a...
,A,witches,witch,openlibrary_OL276693W,Return to Me,Julia Templeton,...survive-and to avoid being labeled as a witch-she must accept the help of a five-hund...
,A,witches,witch,openlibrary_OL8028732W,Stripped,Julie Leto,...Lilith St. John is a witch--really! And she hasn't been too good l...
,A,witches,sorceress,openlibrary_OL8488800W,Moon Shadow,Lucinda Betts,"...For the right man, a sorceress will reveal her secrets…and her deepest..."
,A,witches,coven,openlibrary_OL8935489W,Being a Girl,Chloe Thurlow,"...ey from convent school to a black magic coven in the heart of Cambridge academia, to..."
,A,witches,coven,openlibrary_OL9467229W,Carnal Possession,Jacqueline Bellevois,"...far she has been drawn into a sinister coven, and what the price of temptation has b..."
,A,witches,witch,openlibrary_OL16176268W,Dust of the damned,Peter Brandvold,"...hing west. Aided by a beautiful Mexican witch and necromancer, werebeasts are searchi..."
,A,witches,witch,openlibrary_OL17839834W,Slocum and the witch of Westlake,Jake Logan,...of Westlake live in fear of a so-called witch. But when John Slocum meets the exotic...
,A,witches,witches,openlibrary_OL19715043W,Devil's call,J. Danielle Dorn,...ifted in ways that scare most folks-the witches of the MacPherson clan-and her need for...
,A,witches,Witch,openlibrary_OL24680795W,Riders of the shadowlands,H. A. Derosso,"...s to an old man and a little girl. The ""Witch"" is a Mimbreno Apache girl who has been..."
,A,witches,witches,openlibrary_OL2591377W,Ghosts of the Green Swamp,Lee Gramling,...ind the local legends of the ghosts and witches of the swamp. This Cracker Western will...
,A,witches,witches,openlibrary_OL907421W,Smonk,Tom Franklin,"...deputies, widows, War veterans, whores, witches, madmen and zombies. By the time the sm..."
,A,witches,witch,hardcover_234154,Always a Witch,Carolyn MacCullough,...This book is about a witch named Tasmin who in the book previous h...
,A,witches,Witch,hardcover_67033,The Pearl of the Soul of the World,Meredith Ann Pierce,...nally comes face-to-face with the White Witch and her vampire sons. Backed by her hus...
,A,zombies,zombies,openlibrary_OL14865268W,The Onts,Dan Greenburg,"...e Shluffmuffin face giant ants, ghouls, zombies, and a treacherous orphanage matron whe..."
,A,zombies,zombies,openlibrary_OL14909823W,The smoky corridor,Chris Grabenstein,"...d Malik, Zack Jennings faces ghosts and zombies at his new middle school, which is said..."
,A,zombies,undead,openlibrary_OL14938012W,In the Shadow of the Master,"Edgar Allan Poe, Michael Connelly, Nelson DeMille, Stephen King",...s in the Rue Morgue The quick and the undead / by Nelson DeMille The gold-bug Im...
,A,zombies,undead,openlibrary_OL14963398W,Jane bites back,Michael Thomas Ford,"...spin-offs, and adaptations. Jane may be undead, but her books have taken on a life of..."
,A,zombies,undead,openlibrary_OL14992751W,Queen Victoria,A. E. Moorat,"...he age, there's the small matter of the undead to take care of first. Demons stalk the..."
,A,zombies,undead,openlibrary_OL15078833W,Art in the Blood,P. N. Elrod,...r. Dead artists can live forever: An undead detective may not be so lucky......
,A,zombies,zombie,openlibrary_OL15093171W,Pride and Prejudice and Zombies,"Seth Grahame-Smith, Jane Austen, Katherine Kellgren",...a truth universally acknowledged that a zombie in possession of brains must be in want...
,A,zombies,ZOMBIES,openlibrary_OL15193220W,M.D.(Morgue of the Dead),L.A.TAYLOR,...LIVED IN WAS OVERTAKEN BY FLESH-EATING ZOMBIES? WHAT WOULD YOU DO IF A LOVED ONE TU...
,A,zombies,zombie,openlibrary_OL15414004W,I love him to pieces,Evonne Tsang,"...r a project, but on their first date, a zombie-producing fungus sends them on the run...."
,A,zombies,zombie,openlibrary_OL15507291W,"The Walking Dead, Book Six",Robert Kirkman,"...ers, and anyone interested in reading a zombie movie on paper that never ends...."
,A,zombies,Zombie,openlibrary_OL15572147W,The adventures of Tom Sawyer and the undead,Don Borchert,"...The world has been overrun by a Zombie epidemic, and the South has been dubbed..."
,A,zombies,Zombie,openlibrary_OL16014526W,Zombies! Zombies! Zombies!,"Otto Penzler, W. B. Seabrook, David A. Riley, Hugh B. Cave, Chet Williamson, Arthur Leo Zagat, Lisa Tuttle, Karen Haber, Michael Marshall Smith, Vivian Meik, Guy de Maupassant, Steve Rasnic Tem, Dale Bailey, Henry Kuttner, Edgar Allan Poe, Yvonne Navarro, Charles Birkin, Geoffrey A. Landis, Graham Masterton, Jack Darcy, H.P. Lovecraft, Robert Bloch, Kevin J. Anderson, Richard Laymon, Sheridan Le Fanu, Thorp McClusky, Mary A. Turzillo, Mort Castle, Henry S. Whitehead, Peter Berresford Ellis, Thomas Burke, Anthony Boucher, Gahan Wilson, Ramsey Campbell, R. Chetwynd-Hayes, Seabury Quinn, Francis Marion Crawford, Ralston Shields, Harlan Ellison, Robert Silverberg, John H. Knox, Uel Key, Theodore Sturgeon, Day Keene, Kilworth, Garry, Edith Jacobson, Ejler Jacobson, Richard Matheson, Christian Matheson, Michael Swanwick, Manly Wade Wellman, Robert McCammon, Joe R. Lansdale, Robert E. Howard, Scott Edelman, August Derleth, Mark Schorer, Stephen King, Arthur J Burks, Theodore Roscoe",...Later / Michael Marshall Smith White Zombie / Vivian Meik Was it a dream? / Guy de...
,A,zombies,zombies,openlibrary_OL16109383W,Hellhole West Virginia,Rich Bottles Jr.,"...f Eco-friendly vampires, beach-yearning zombies and sex-starved she-devils...."
,A,zombies,undead,openlibrary_OL16117200W,Night eternal,Guillermo del Toro,"...octor with a talent for dispatching the undead; Vasiliy Fet, the colorful Russian exte..."
,A,zombies,zombie,openlibrary_OL16361051W,Dead reckoning,Mercedes Lackey,"...x, a young Army scout, to investigate a zombie army that is terrorizing the West...."
,A,zombies,zombies,openlibrary_OL16415375W,Undead,Kirsty McKay,"...ts become infected and turn into hungry zombies, leaving a small band of survivors to t..."
,A,zombies,Zombies,openlibrary_OL16442516W,How not to be killed by a zombie,"Baron Specter, Setch Kneupper",...Zombies are killing all the animals in Marshfie...
,A,zombies,zombie,openlibrary_OL16557712W,Zombie,J. R. Angelella,"...sees the code he lives by, gleaned from zombie movies, put to the test as he tries to..."
,A,zombies,zombies,openlibrary_OL17383747W,Adventures of Huckleberry Finn and Zombie Jim,"W. Bill Czolgosz, Mark Twain","...back meaner and hungrier than ever, and zombies all over are giving in to their urges t..."
,A,zombies,undead,openlibrary_OL17393194W,The Ghost Train To New Orleans,Mur Lafferty,...Zoe Norris writes travel guides for the undead. And she's good at it too -- her new-fo...
,A,zombies,Zombie,openlibrary_OL17407472W,Zombie Holocaust,David Flint,...*Zombie Holocaust* is an illustrated history of...
,A,zombies,zombie,openlibrary_OL17537943W,I Saw Zombies Eating Santa Claus A Breathers Christmas Carol,S. G. Browne,"...Andy Warner has just escaped from a zombie research facility in Portland, Oregon,..."
,A,zombies,zombie,openlibrary_OL17824795W,Mercy mode,Em Garner,"...on that turns people into ultra-violent zombie-like creatures is abating, but now seve..."
,A,zombies,Undead,openlibrary_OL17846320W,With All My Soul,Rachel Vincent,...Undead survivor Kaylee Cavanaugh must turn the...
,A,zombies,the walking dead,openlibrary_OL17863322W,Drifters,"Campbell, John L. (Investigator)",...esperate effort to find the living. But the walking dead aren't done with them yet ... Helicopte...
,A,zombies,zombies,openlibrary_OL17921656W,Zombie repellent,Chris Wyatt,...w York City that turns ants into living zombies....
,A,zombies,zombie,openlibrary_OL17992722W,Omega days,"Campbell, John L. (Investigator)","...ing of ways, he watches helplessly as a zombie nun takes a bite out of a fellow priest..."
,A,zombies,Zombies,openlibrary_OL19145813W,Flight or Fright,"Stephen King, Bev Vincent, Arthur Conan Doyle, Richard Matheson, Ambrose Bierce, E. C. Tubb, Tom Bissell, Dan Simmons, Cody Goodfellow, John Varley, Joe Hill, David J. Schow, Ray Bradbury, Roald Dahl, Peter Berresford Ellis, James L. Dickey, E. Michael Lewis, James Dickey, Thomas Carlisle Bissell",...The flying machine / Ray Bradbury -- Zombies on a plane / Bev Vincent -- [They shal...
,A,zombies,zombie,openlibrary_OL19367108W,Zombies and Calculus,Colin Conrad Adams,"...""How can calculus help you survive the zombie apocalypse? Colin Adams, humor columnis..."
,A,zombies,zombies,openlibrary_OL19706426W,Blue Moon,James Ponti,"...n the identity of the original thirteen zombies in New York City, Molly tries to keep h..."
,A,zombies,The Walking Dead,openlibrary_OL19707588W,The Walking Dead,Robert Kirkman,...an's New York Times bestselling series: The Walking Dead: The Fall of the Governor - Part Two! T...
,A,zombies,Zombie,openlibrary_OL19708677W,Nothing left to ooze,John Kloepfer,...he Zombie Chasers head out in search of a new ant...
,A,zombies,zombies,openlibrary_OL19957979W,The infects,Sean Beaudoin,...h the other kids who have survived when zombies attack and their horror-movie nightmare...
,A,zombies,zombie,openlibrary_OL19987961W,The queen of zombie hearts,"Gena Showalter, Robin Talley",...to the surprising discovery of her own zombie-controlling abilities. The plot contain...
,A,zombies,zombie,openlibrary_OL19991614W,Zombies of the Caribbean,John Kloepfer,...for an eccentric explorer and renowned zombie expert who may be able to cure the zomb...
,A,zombies,zombies,openlibrary_OL20016593W,Plants vs. zombies. Bully for you,Paul Tobin,"...ol campus to keep the streets safe from zombies? In Plants vs. Zombies: Bully For You,..."
,A,zombies,zombies,openlibrary_OL20625138W,The warlock stone,John Perritano,"..., and begins turning the villagers into zombies, Pi is called upon for help--but soon i..."
,A,zombies,zombie,openlibrary_OL21366123W,Hunger of the yeti,Tommy Donbavand,...Given that rock zombie Vein is now living in deepest darkest T...
,A,zombies,undead,openlibrary_OL2365949W,Batman-Dracula,"Doug Moench, Eric Van Lustbader",...Batman must forge an alliance with the undead to defeat this unholy foe in a duel tha...
,A,zombies,undead,openlibrary_OL2720852W,Somewhere in the night,Jeffrey N. McMahan,"...vampire, for example, is an unwillingly undead ghoul with a heart of gold who pities t..."
,A,zombies,undead,openlibrary_OL2738175W,Buffy the Vampire Slayer,"Joss Whedon, Georges Jeanty, Andy Owens, Jo Chen",...organized and are kicking some serious undead butt. But not everything's fun and fire...
,A,zombies,zombies,openlibrary_OL2924223W,Camp Zombie,"Megan Stine, H. William Stine","...camp try to save themselves from hungry zombies, after failing to convince the camp dir..."
,A,zombies,zombies,openlibrary_OL461938W,"Anita Blake, Vampire Hunter",Laurell K. Hamilton,"...In a world where vampires, zombies and werewolves are legal citizens of th..."
,A,zombies,zombies,openlibrary_OL5721700W,Bone song,John Meaney,"...veground and below--among gargoyles and zombies, spirit slaves and assassins, science a..."
,A,zombies,undead,openlibrary_OL5730095W,Second Sunrise,David Thurlo,...ced the vampire who made him one of the undead has returned to New Mexico in the guise...
,A,zombies,undead,openlibrary_OL5730148W,Bride of the fat white vampire,Andrew Fox,...ss of New Orleans citizens known as the undead. Though he would like nothing better th...
,A,zombies,undead,openlibrary_OL5730149W,Fat white vampire blues,Andrew Fox,"...rse, after more than a century of being undead, he's watched his neighborhood truly go..."
,A,zombies,undead,openlibrary_OL5747668W,30 Days Of Night: Bloodsucker Tales,"Steve Niles, Matt Fraction, Ben Templesmith, Kody Chamberlain","...The world of the undead is a vast one, with many stories remain..."
,A,zombies,zombies,openlibrary_OL5834384W,Day of the Field Trip Zombies,Scott Nickel,"...Trevor is an expert on zombies. In fact, he’s a zombie-buster. When hi..."
,A,zombies,undead,openlibrary_OL8536115W,Blood Ties Book Four,Jennifer Armintrout,...t's nothing compared to the army of the undead the Soul Eater is building up. And time...
,A,zombies,undead,openlibrary_OL9046502W,Fang of the Vampire,Tommy Donbavand,...nts discover a nightmarish world of the undead. Luke soon makes friends with vampire R...
,A,zombies,undead,prince_of_fools,Prince of Fools,Mark Lawrence,".... But war is coming. Witnesses claim an undead army is on the march, and the Red Queen..."
,A,zombies,undead,the_bloody_red_baron,The Bloody Red Baron,Kim Newman,...s also a war between the living and the undead....
,A,zombies,zombies,the_dying_of_the_light_end,The Dying of the Light: End,Jason Kristopher,...l existence of one-bite-and-you're-dead zombies. An elite Special Forces unit has known...
,A,zombies,zombies,this_book_is_full_of_spiders,This Book is Full of Spiders,David Wong,"...e guys find that books and movies about zombies may have triggered a zombie apocalypse,..."
,A,zombies,zombie,openlibrary_OL13842616W,Road trip of the living dead,Mark Henry,...ier than ever for a good time. With her zombie gal pal Wendy and vampy gay sidekick Gi...
,A,zombies,Undead,openlibrary_OL14909206W,Bite,"Charlaine Harris, MaryJanice Davidson, Angela Knight, Vickie Taylor, Laurell K. Hamilton","...aryJanice Davidson, set in the world of Undead and Unwed's Betsy Taylor, the newly, an..."
,A,zombies,undead,openlibrary_OL15174698W,Vacations from Hell,Libba Bray,"...Life's a beach ... and then you're undead? in this must-have collection, five of..."
,A,zombies,undead,openlibrary_OL15383345W,Eat Prey Love,Kerrelyn Sparks,"...ead of a CIA agency bent on hunting the undead. Still, Caitlyn knows that Carlos is th..."
,A,zombies,undead,openlibrary_OL15586698W,ReVamped,Lucienne Diver,"...Gina and her boyfriend Bobby, both undead and working as spies for the government..."
,A,zombies,Undead,openlibrary_OL16601888W,Sexiest vampire alive,Kerrelyn Sparks,"...vampire. Her Armani-clad escort may be Undead, but he still makes her heart race. And..."
,A,zombies,undead,openlibrary_OL17502224W,Nice Girls Don't Date Dead Men,Molly Harper,"...to read. While Jane is trying to master undead dating, she is also donning the ugliest..."
,A,zombies,zombie,openlibrary_OL20588694W,Diary of a Minecraft Chicken Jockey BATTLE STEED - Book 1,Skeleton Steve,...bout to change when a strange and small zombie knight named Sir Zebulon chose her to b...
,A,zombies,Zombie,openlibrary_OL20588966W,Diary of a Minecraft Chicken Jockey BATTLE STEED - Book 2,Skeleton Steve,"...s the brave and strange Sir Zebulon the Zombie Knight, they're off to meet up with a s..."
,A,zombies,undead,openlibrary_OL24309282W,Written in blood,Paul Adams,"...able association with the realms of the undead, from the nineteenth-century world of C..."
,A,zombies,zombies,openlibrary_OL2896076W,Barking,Tom Holt,"...l supporting cast of lawyers, ex-wives, zombies, and snow-white unicorns, it's not long..."
,A,zombies,undead,openlibrary_OL5683695W,"Be Still My Vampire Heart (Love at Stake, Book 3)",Kerrelyn Sparks,...as still beating. Angus MacKay has been undead for almost five hundred years and it's...
,A,zombies,undead,openlibrary_OL5698091W,"Lord of the Night (Night Slayer, Book 4)",Robin T. Popp,...d of murdering a powerful member of the undead. Suddenly this fierce woman is being h...
,A,zombies,undead,openlibrary_OL5856201W,Vicious Circle,Mike Carey,"...g a relative term when dealing with the undead. His friend Rafi is still possessed, t..."
,A,zombies,zombie,openlibrary_OL8119758W,Captain Underpants and the Invasion of the Incredibly Naughty Cafeteria Ladies from Outer Space,Dav Pilkey,...hool and turned everyone into lunchroom zombie nerds....
,A,zombies,undead,openlibrary_OL8751925W,Twilight Hour,Brad Lawson,...em. They are soon face-to-face with the undead as they themselves become the hunted....
,A,zombies,undead,openlibrary_OL13652223W,Sucks to be me,Kimberly Pauley,"...a Hamilton's parents want her dead. (Or undead to be precise.) They're vampires, and..."
,A,zombies,zombies,openlibrary_OL13785396W,Never slow dance with a zombie,Ehrich Van Lowe,"...chool classmates turn into flesh-eating zombies, Margot and best friend Sybil see an op..."
,A,zombies,undead,openlibrary_OL14906135W,Undead in the Garden of Good and Evil / The Claire Switch Project / Chaotic / Dead Man Dating,"Lynsay Sands, Kim Harrison, Kelley Armstrong, Lori Handeland, Lori Handeland","...lovers, and the romantically challenged undead. Sexy, witty, chilling, and altogether..."
,A,zombies,Zombies,openlibrary_OL14909690W,Jailbait zombie,Mario Acevedo,"...Vampires versus Zombies, round one . . .Vampire detective Felix..."
,A,zombies,undead,openlibrary_OL14911197W,Blood Red,Heather Graham,...uneasy truce between the living and the undead....
,A,zombies,undead,openlibrary_OL14933256W,Destined for an Early Grave,Jeaniene Frost,"...ince half-vampire Cat Crawfield and her undead lover Bones met six years ago, they've..."
,A,zombies,undead,openlibrary_OL14933260W,At Grave's End,Jeaniene Frost,"...-vampire Cat Crawfield's life. With her undead lover Bones at her side, she's successf..."
,A,zombies,undead,openlibrary_OL15078858W,Dark road rising,P. N. Elrod,"...unravel the mystery surrounding Kroun's undead state, he gets caught between his charg..."
,A,zombies,undead,openlibrary_OL15169235W,Cody,Kimberly Raye,"...n eternity of hot sex. She wants Cody's undead heart to beat again, just for her......."
,A,zombies,undead,openlibrary_OL15172916W,Belong to the Night,"Shelly Laurenston, Cynthia Eden, Sherrill Quinn","...agent and leopard shifter Sadie James' undead ex, Liam, still arouses her deepest des..."
,A,zombies,zombies,openlibrary_OL15327474W,Prince of Underwhere,Bruce Hale,"...talking cat, he's also got to cope with zombies, midget freedom fighters, devious spies..."
,A,zombies,undead,openlibrary_OL15361981W,Born to Bite,Lynsay Sands,"...who've all had trouble remaining, well, undead, Armand is reluctant to open his heart..."
,A,zombies,undead,openlibrary_OL15383377W,Bespelling Jane Austen,"Mary Balogh, Colleen Gleason, Susan Krinard, Janet Mullany","...aining for a lifetime of destroying the undead with her newfound beau, in this Regency..."
,A,zombies,undead,openlibrary_OL15399587W,Vacations from Hell,"Claudia Gray, Sarah Mlynowski, Libba Bray, Maureen Johnson, Cassandra Clare",...er>Life's a beach . . . and then you're undead? </center> In this must-have collect...
,A,zombies,undead,openlibrary_OL15440794W,"And falling, fly",Skyler White,"...t and the earth-bound angel, reborn and undead-encounter the mystery of love and find..."
,A,zombies,undead,openlibrary_OL15449102W,The darkly luminous fight for Persephone Parker,Leanna Renee Hieber,...ld and her true love from the gathering undead minions of Darkness....
,A,zombies,zombies,openlibrary_OL15586705W,Scary School,Derek Taylor Kent,"...year at Scary School, where werewolves, zombies, and humans mingle and the teachers ran..."
,A,zombies,Zombie,openlibrary_OL16099562W,Catawampus Tales,Bob Frey,...ife downtown with a couple of bikers. Zombie Fight Song tells the story of how a col...
,A,zombies,zombies,openlibrary_OL16134728W,Devil's wake,Steven Barnes,...own. The victims are more than mindless zombies. They are the result of a sinister alie...
,A,zombies,undead,openlibrary_OL16139144W,Red wet dirt,Nicholas Grabowsky,"...mmoned by the pompous king to become an undead garbage disposal. In Red Afterworld, an..."
,A,zombies,undead,openlibrary_OL16141957W,Dark Predator,Christine Feehan,...Hunter of the undead and master executioner Zacarias De La C...
,A,zombies,undead,openlibrary_OL16360708W,The Blood Coven Vampires,Marianne Mancusi,...Slayer just as a maniacal member of the undead is trying to spread a fatal blood disea...
,A,zombies,undead,openlibrary_OL16361055W,Fang girl,Helen Keeble,...er brother for help in figuring out why undead factions are vying for her eternal alle...
,A,zombies,zombies,openlibrary_OL16449831W,Zombie Tag,Hannah Moskowitz,"...and others back from the dead, fighting zombies is suddenly no longer a game...."
,A,zombies,undead,openlibrary_OL16695001W,River road,Suzanne Johnson,"...her critter altogether? After all, DJ's undead suitor, the pirate Jean Lafitte, knows..."
,A,zombies,undead,openlibrary_OL17442665W,God Save The Queen,Kate Locke,...Queen Victoria is the undead matriarch of a Britain where the Aristo...
,A,zombies,undead,openlibrary_OL17473450W,Murder In Vein A Fangincheek Mystery,Sue Ann Jaffarian,"...mpires. Vam-pires. Real live--er, dead (undead?)--bloodsucking vampires, living in the..."
,A,zombies,zombie,openlibrary_OL17681409W,"I kissed a zombie, and I liked it",Adam Selzer,...sn't just a really sincere goth. He's a zombie. Horrified that her feelings could have...
,A,zombies,undead,openlibrary_OL17708075W,Elysian Fields,Suzanne Johnson,"...f New Orleans. Thanks to a tip from the undead pirate Jean Lafitte, DJ Jaco knows the..."
,A,zombies,zombies,openlibrary_OL17855259W,Kiss Me Deadly,"Trisha Telep, Michelle Zink, Diana Peterfreund, Karen Mahoney, Justine Musk, Sarah Rees Brennan, Becca Fitzpatrick, Caitlin Kittredge, Carrie Ryan, Michelle Rowen, Rachel Vincent, Daniel Marks, Maggie Stiefvater, Daniel Waters","...and werewolves, ghosts, fallen angels, zombies, and shape-shifters...."
,A,zombies,undead,openlibrary_OL17881428W,Spider-Man vs Dracula,Chris Wyatt,"..., returns to control the living and the undead, it's up to Spider-Man to stop him...."
,A,zombies,undead,openlibrary_OL18153725W,Blood and bullets,James R. Tuck,"...rce controlling both the living and the undead, while eluding the cursed immortals on..."
,A,zombies,undead,openlibrary_OL18166504W,Deep in the woods,Chris Marie Green,"...n Madison fights off a pack of vicious, undead teenage girls who want to free the fema..."
,A,zombies,zombie,openlibrary_OL19734351W,Oddity,Sarah Cannon,"...leven-year-old Ada and her friends face zombie rabbits, alien mobs, and Puppet Cartels..."
,A,zombies,undead,openlibrary_OL19915991W,On The Hunt,"Alexandra Ivy, Rebecca Zanetti, Dianne Duvall, Hannah Jayne","...in her studio. But when dead turns into undead and dangerous, Nina must find out who’s..."
,A,zombies,undead,openlibrary_OL19985600W,Frostborn,Lou Anders,"...ut on an adventure, chased by a dragon, undead warriors, an evil uncle, and more. Kar..."
,A,zombies,zombie,openlibrary_OL20367883W,The burning,Will Peterson,"...Project"" benefactors and followers of a zombie-like figure, flee London for Paris, Sev..."
,A,zombies,undead,openlibrary_OL24648323W,Hex on the Beach,"Kelley Armstrong, Jeaniene Frost, Melissa Marr","...things have finally quieted down in the undead world, her husband, Bones, suggests tha..."
,A,zombies,Undead,openlibrary_OL25207432W,Where the Wild Things Bite,Molly Harper,"...to the only other passenger, a vampire. Undead bookstore owner Jane Jameson could be w..."
,A,zombies,undead,openlibrary_OL5682975W,The Accidental Vampire,Lynsay Sands,"...garlic. She knows there's more to being undead than what she saw in Dracula, but she c..."
,A,zombies,Undead,openlibrary_OL5683690W,All I want for Christmas is a vampire,Kerrelyn Sparks,"...he's taken a job as a bodyguard for the Undead, but she gets more than she bargained f..."
,A,zombies,zombie,openlibrary_OL5696527W,Dance of the Dead,Christie Golden,"...which she works as a dancer docks at a zombie-plagued island known as Sourange, Laris..."
,A,zombies,Undead,openlibrary_OL5732038W,Every last drop,Charlie Huston,"...ool. But Joe's all over it. To save the Undead future, he just has to wade neck-deep t..."
,A,zombies,Undead,openlibrary_OL5754445W,"Undead and Unpopular (Queen Betsy, Book 5)",MaryJanice Davidson,...his New York Times bestselling author's Undead series is more popular than ever!With h...
,A,zombies,undead,openlibrary_OL5826845W,Don't Talk Back to Your Vampire,Michele Bardsley,"...er is never easy-especially when you're undead. Eva LeRoy, Broken Heart, Oklahoma's li..."
,A,zombies,zombies,openlibrary_OL5826850W,Wait till your vampire gets home,Michele Bardsley,"...and finding vampires, lycanthropes, and zombies. She neverexpects to fall in lust with..."
,A,zombies,zombie,openlibrary_OL5856186W,Dead men's boots,Mike Carey,"...elp of the succubus Juliet and paranoid zombie data-fence Nicky Heath, Castor just mig..."
,A,zombies,undead,openlibrary_OL5888091W,"Dead Witch Walking (Rachel Morgan, Book 1)","Kim Harrison, Gavin Marguerite","...she'll bring 'em back alive, dead... or undead."" (goodreads.com)..."
,A,zombies,undead,openlibrary_OL8110367W,Real Vampires Don't Diet,Gerry Bartlett,"...Gloriana St. Clair, curvy, stylish, undead, is spending New Year's Eve alone. And..."
,A,zombies,the walking dead,openlibrary_OL2961376W,Hopscotch,"Brian Garfield, Ronald Neame, Edie Landau, Ely Landau, Bryan Forbes","...flict, Kendig skulks through Paris like the walking dead. To revive himself, he begins writi..."
,A,zombies,the walking dead,openlibrary_OL109014W,Violence,James Gilligan,"...y argued, harrowing in its portraits of the walking dead, Violence should be read by anyone conc..."
,A,zombies,zombie,openlibrary_OL14925306W,My rotten life,David Lubar,"..., Hurt-Be-Gone, and becomes a half-dead zombie which has, he soon discovers, some real..."
,A,zombies,zombie,openlibrary_OL15025835W,Zombies of the science fair,Bruce Coville,...rns anyone who takes it into a mindless zombie. Soon half the sixth grade has lost its...
,A,zombies,zombies,openlibrary_OL16086810W,Ashes,Ilsa J. Bick,"..., turning some of those who remain into zombies and giving the others superhuman senses..."
,A,zombies,zombie,openlibrary_OL16182566W,Night of the living dust bunnies,Erik Craddock,"...d Henri Tortoise are trick-or-treating, zombie dust bunnies are taking over their town..."
,A,zombies,undead,openlibrary_OL17878271W,The Venusian gambit,Michael J. Martinez,"...cupied England with their Corps Eterne, undead soldiers risen through the darkest Alch..."
,A,zombies,zombies,openlibrary_OL1925726W,The Madman's Tale,John Katzenbach,"...inmates roaming the halls like drugged zombies and raving behind locked doors, well-me..."
,A,zombies,zombies,openlibrary_OL21679018W,Wild Things,Jack Halberstam,"...ractices, and cultural imaginaries—from zombies, falconry, and M. NourbeSe Philip's Zon..."
,A,zombies,zombie,openlibrary_OL5834392W,Invasion of the gym class zombies,Scott Nickel,...Trevor thought his zombie-busting days were over. Then his new te...
,A,zombies,ZOMBIE,openlibrary_OL15172904W,The Zombie Zone,Ron Roy,"...Z is for ZOMBIE . . .Dink, Josh, and Ruth Rose are exci..."
,A,zombies,zombie,openlibrary_OL16698808W,Killer koalas from outer space,Andy Griffiths,"...n of ridiculous short stories featuring zombie kittens, rocket stealing ants, and of c..."
,A,zombies,zombie,openlibrary_OL17858884W,Liō,Mark Tatulli,...nseless and the inventor of a legion of zombie bunnies. Lio is joined in his day-to-da...
,A,zombies,zombie,openlibrary_OL19719390W,Night of the living zombie bugs,Dave Coverly,...hot must summon the courage to face the zombie bugs infesting their forest....
,A,zombies,zombie,openlibrary_OL5834399W,Night of the homework zombies,Scott Nickel,...kid in the school into a brain-boggled zombie who loves homework! Can Trevor save his...
,A,zombies,zombie,openlibrary_OL17870377W,My zombie hamster,Havelock McCreely,"...r that dies, but somehow keeps going. A zombie hamster that has his eye on Matt""--..."
,A,zombies,zombies,openlibrary_OL5731762W,Spyforce revealed,Deborah Abela,...food to turn the world's children into zombies....
,A,zombies,Zombie,openlibrary_OL17393089W,Crawling With Zombies,Gerry Conway,"...ver as the Living Dead to infiltrate a ""Zombie Crawl"" that has acquired a notorious re..."
,A,zombies,zombie,openlibrary_OL17572389W,Depresso Or How I Learned To Stop Worrying And Embrace Being Bonkers,1949- Brick,...which anti-depressants reduce Tom to a zombie and alternative therapies drive him to...
,A,zombies,Zombie,openlibrary_OL19763878W,ゾゾゾ ゾンビーくん [Zozozo Zombī-kun] (1),ながとしやすなり [Yasunari Nagatoshi],"...While not living an ideal lifestyle, Zombie Boy makes the most of his afterlife in..."
,A,zombies,zombie,openlibrary_OL20719401W,Does a Great Job,Chris Eliopoulos,"...on double-duty protecting Busyville. A zombie rock band is giving everyone the blues,..."
,A,zombies,undead,openlibrary_OL21287890W,Justice League,"John Sazaklis, Steve Foxe",...ghtful when Gentleman Ghost awakens the undead monster Solomno Grundy! With Solomon ra...
,A,zombies,Undead,openlibrary_OL24859800W,Warcraft,Richard A. Knaak,"...world of Azeroth from the forces of the Undead Scourge! ""Warcraft: The Sunwell Triolo..."
,A,zombies,Undead,openlibrary_OL3593120W,Castle of the Undead,Scott Ciencin,...lls aplenty await you in *Castle of the Undead!***...
,A,zombies,zombies,openlibrary_OL8450143W,Reel Terror,Sebastian Wolfe,...rd Matheson Spurs / Tod Robbins While zombies walked / Thorp McClusky We can remembe...
,A,zombies,undead,openlibrary_OL15189069W,Darkness Burning,Delilah Devlin,...self from the threat of the matriarchal undead society that seeks his destruction. And...
,A,zombies,undead,openlibrary_OL8110293W,The Hunters,Shiloh Walker,...arriors and eternal lovers who keep the undead in line by destroying those who have go...
,A,zombies,undead,openlibrary_OL8488823W,Dark Master,Tawny Taylor,"...nse Pleasure… Newly crowned king of the undead, Quinby “Shadow” Sorenson knows he can..."
,A,zombies,zombie,openlibrary_OL15456701W,The Buntline special,Mike Resnick,"...clude Wyatt Earp, Doc Holliday, and the zombie Bat Masterson...."
,A,zombies,zombies,openlibrary_OL907421W,Smonk,Tom Franklin,"...r veterans, whores, witches, madmen and zombies. By the time the smoke has cleared, the..."
,A,zombies,undead,hardcover_130922,Amber and Blood,Margaret Weis,"...eir path is fraught with peril, for the undead Beloved want to make Mina their leader,..."
,A,zombies,zombie,hardcover_54393,Affliction,Laurell K. Hamilton,"...In this book, she faces something with zombie-like traits, that has been biting human..."
,B,paranormal,paranormal,openlibrary_OL10243891W,Get Spooked! Terrifying Tales Untold,Talisman Soulraider,"...he barriers between the earthly and the paranormal. Written in vivid and gruesome detail,..."
,B,paranormal,paranormal,openlibrary_OL121764W,Ghost walk,Heather Graham,"...believes her except Brent Blackhawk, a paranormal investigator desperately trying to forg..."
,B,paranormal,paranormal,openlibrary_OL15078851W,My Big Fat Supernatural Honeymoon,"P. N. Elrod, Kelley Armstrong, Jim Butcher, Rachel Caine, Caitlin Kittredge, Marjorie M. Liu, Katie MacAlister, Lilith Saintcrow, Ronda Thompson",...edded bliss? Nine of today's hottest paranormal authors answer that question in this al...
,B,paranormal,paranormal,openlibrary_OL15169421W,Fist of the Spider Woman,Amber Dawn,"...Here Lies the Last Lesbian Rental"" is a paranormal fantasia about urban gentrification, se..."
,B,paranormal,paranormal,openlibrary_OL16167342W,The phantom of the post office,Kate Klise,"...s anything but smooth for the human and paranormal residents of Ghastly, Illinois...."
,B,paranormal,paranormal,openlibrary_OL16342432W,A gust of ghosts,Suzanne Harper,...is not sure she believes in any of the paranormal talents her family members claim to hav...
,B,paranormal,paranormal,openlibrary_OL17436574W,The Twilight Of The Gothic Vampire Fiction And The Rise Of The Paranormal Romance,Joseph Crawford,...the Gothic? explores the history of the paranormal romance genre from its origins in the h...
,B,paranormal,paranormal,openlibrary_OL17450475W,Aunt Dimity And The Lost Prince,Nancy Atherton,"...cal museum turns up in her thrift shop, paranormal sleuth Lori Shepherd is surprised by th..."
,B,paranormal,Paranormal,openlibrary_OL17596800W,Dead Batteries,Rey Otis,"...s hearing or seeing. In this fast-paced Paranormal Sci-Fi mélange, the pharmaceutical gian..."
,B,paranormal,paranormal,openlibrary_OL18181780W,Reviver,Seth Patrick,"...orce that threatens us all. Putting the paranormal in the police department, first-time au..."
,B,paranormal,paranormal,openlibrary_OL20453819W,The Beast,"Ally Condie, Brendan Reichs","...aky ""Thing in a Jar,"" while fending off paranormal investigators...."
,B,paranormal,paranormal,openlibrary_OL20937249W,Ghost detectors,Dotti Enderle,"..., and get to the bottom of some unusual paranormal activity in their elementary school...."
,B,paranormal,paranormal,openlibrary_OL24855564W,Three acclaimed novels,Jodi Picoult,"...nd. Searching the site for signs of the paranormal, Ross meets the mysterious Lia, who spa..."
,B,paranormal,paranormal,openlibrary_OL27717632W,Where the Dead Walk,John Bowen,"...l view... Kate Bennett, presenter of paranormal investigation cable TV show, 'Where the..."
,B,paranormal,paranormal,openlibrary_OL3004367W,Haunted castles,Ray Russell,"...shelves of horror, sci-fi, fantasy, and paranormal aficionados everywhere. Haunted Castles..."
,B,paranormal,paranormal,openlibrary_OL4481621W,Omega Factor,Jack Gerson,...ernment unit established to explore the paranormal. But can such supernatural powers ever...
,B,paranormal,paranormal,openlibrary_OL461914W,Skin Trade,Laurell K. Hamilton,"...ers and one executioner have been slain—paranormal style. Anita heads to Vegas, where’s sh..."
,B,paranormal,Paranormal,openlibrary_OL5973390W,Mike Mignola's B.P.R.D,Mike Mignola,...lection of stories where the Bureau for Paranormal Research and Defense investigates a hau...
,B,paranormal,paranormal,openlibrary_OL6037462W,The Book of Living and Dying,Natale Ghent,"...of 5 Stars / it was amazing / fiction, paranormal, young-adult, fantasy, supernatural**..."
,B,paranormal,paranormal,openlibrary_OL8081577W,Driven,W. G. Griffiths,...final curtain is at last raised on this paranormal drama -- the hunter finds himself the h...
,B,paranormal,paranormal,openlibrary_OL81587W,The journals of Eleanor Druse,Richard Dooling,"...Druse has always been interested in the paranormal, but her fascination intensifies after..."
,B,paranormal,Paranormal,openlibrary_OL8383177W,Hellboy,"Mike Mignola, John Byrne",...corpse lead Hellboy and the Bureau for Paranormal Research and Defense into ancient Roman...
,B,paranormal,paranormal,openlibrary_OL14981681W,Night Falls Darkly,Kim Lenox,...A new voice in paranormal romance...A brand-new chilling saga.......
,B,paranormal,paranormal,openlibrary_OL15090839W,Out of Mind,Stella Cameron,"...to deny her family's exceptional gifts—paranormal talents known to few, shared by even fe..."
,B,paranormal,paranormal,openlibrary_OL15189383W,Night Secrets,Cherry Adair,...op-dead gorgeous T-FLAC operative whose paranormal powers are flickering--but whose powers...
,B,paranormal,paranormal,openlibrary_OL15580962W,"Mr. Darcy, vampyre",Amanda Grange,"...Presents a paranormal sequel to Jane Austen's ""Pride and Prej..."
,B,paranormal,paranormal,openlibrary_OL16521473W,Precinct 13,Tate Hallaway,"..., Hughes County sure does have a lot of paranormal activity..""--..."
,B,paranormal,paranormal,openlibrary_OL17377353W,Storm Of Reckoning,Doranna Durgin,"...s ethereal breezes are quiet, the usual paranormal activity nearly nonexistant . . . excep..."
,B,paranormal,paranormal,openlibrary_OL17425005W,Angels Flight,Nalini Singh,...ne bad heat up this altogether sizzling paranormal alternate universe.This anthology of no...
,B,paranormal,paranormal,openlibrary_OL17711038W,Kitty raises hell,Carrie Vaughn,...She enlists the help of a group of TV paranormal investigators - one of whom has real ps...
,B,paranormal,paranormal,openlibrary_OL17794927W,Don't kill the messenger,Eileen Rendahl,...The first in a fantastic new paranormal series about a messenger from the super...
,B,paranormal,paranormal,openlibrary_OL18161577W,Immortal,J. R. Ward,"...veting series that ""changed the face of paranormal romance"" (Suit101.com) comes to an epic..."
,B,paranormal,paranormal,openlibrary_OL19724589W,The door to January,Gillian French,"...In this paranormal thriller, sixteen-year-old Natalie Pays..."
,B,paranormal,paranormal,openlibrary_OL20000118W,Return to Augie Hobble,Lane Smith,"...Augie Hobble grapples with adolescence, paranormal mysteries, an overdue Creative Arts pro..."
,B,paranormal,paranormal,openlibrary_OL20312334W,Dream House,Marzia Bisognin,...zia” Bisognin comes a debut young adult paranormal thriller about a girl whose dream house...
,B,paranormal,paranormal,openlibrary_OL20457699W,Escape to Witch Mountain,Alexander Key,"...y of Tony and Tia—twins joined by their paranormal gifts, on the run from evil forces that..."
,B,paranormal,paranormal,openlibrary_OL20600968W,Dead by Morning,Kayla Krantz,...ut the window as she’s plunged into the paranormal. There’s a world beneath the surface of...
,B,paranormal,paranormal,openlibrary_OL24309282W,Written in blood,Paul Adams,"...drawing on extensive original research, paranormal historian Paul Adams joins writer and g..."
,B,paranormal,paranormal,openlibrary_OL26438894W,The Ghost of Buxton Manor,Jonathan Ferrara,"...of Buxton Manor is a young adult, LGBT paranormal fiction centered around historical figu..."
,B,paranormal,paranormal,openlibrary_OL5255325W,50 Ways to Hex Your Lover,Linda Wisdom,"...rrounded by a hilarious cast of oddball paranormal characters, including Norma, the chain-..."
,B,paranormal,paranormal,openlibrary_OL9213384W,Servant The Awakening,L.L. Foster,...Urban paranormal fantasy featuring Gabrielle Cody:Servan...
,B,paranormal,paranormal,openlibrary_OL14909228W,An Enchanted Season,"Erin McCarthy, Maggie Shayne, Nalini Singh, Jean Johnson","...for the first time, is a collection of paranormal romances celebrating the holidays as ne..."
,B,paranormal,paranormal,openlibrary_OL14909448W,Twice as Hot (Hqn),Gena Showalter,"...like a normal girl again. Her job as a paranormal investigator is going well, she's learn..."
,B,paranormal,paranormal,openlibrary_OL14924993W,Must love hellhounds,Charlaine Harris,...ng goes... and everything bites. Follow paranormal bodyguards Clovache and Batanya into Lu...
,B,paranormal,Paranormal,openlibrary_OL14993044W,Paranormalcy (Paranormalcy #1),Kiersten White,...teen-year-old Evie of the International Paranormal Containment Agency must not only try to...
,B,paranormal,paranormal,openlibrary_OL15067009W,Dead is just a rumor,Marlene Perez,"...ind the blackmail letters being sent to paranormal residents of Nightshade, while also wor..."
,B,paranormal,paranormal,openlibrary_OL15104158W,Into the Dark,Gena Showalter,...e otherworldly tales from the master of paranormal romance...and a Lords of the Underworld...
,B,paranormal,paranormal,openlibrary_OL15111816W,Demon can't help it,Kathy Love,...hine “Jo” Burke has no patience for the paranormal—even if she’s been having some strange...
,B,paranormal,Paranormal,openlibrary_OL15114839W,Hard Magic,Laura Anne Gilman,"...come to P.U.P.I.—Private, Unaffiliated, Paranormal InvestigationsA handpicked team trained..."
,B,paranormal,paranormal,openlibrary_OL15168835W,Hot for the Holidays,"Lora Leigh, Angela Knight, Anya Bast, Allyson James",...d novellas spiced with sexy romance and paranormal passion. So come in out of the cold and...
,B,paranormal,paranormal,openlibrary_OL15174809W,Mean Streets,"Jim Butcher, Kat Richardson, Green, Simon, Thomas E. Sniegoski","...ellas of dark nights, cruel cities, and paranormal P.I.s.The best paranormal private inves..."
,B,paranormal,paranormal,openlibrary_OL15192565W,Cold Sight (Extrasensory Agents),Leslie Parrish,"...e believes her. So she turns to the new paranormal detective agency and the sexy, mysterio..."
,B,paranormal,paranormal,openlibrary_OL15383377W,Bespelling Jane Austen,"Mary Balogh, Colleen Gleason, Susan Krinard, Janet Mullany",...ma is a w with a wizard boyfriend and a paranormal dating service to run....
,B,paranormal,paranormal,openlibrary_OL15435172W,Matter to Mind to Consciousness,T. Lee Baumann,"...me, an explanation exists, not only for paranormal phenomena, but also for our own human a..."
,B,paranormal,paranormal,openlibrary_OL15437541W,In Too Deep,Jayne Ann Krentz,"...nfirmed recluse and investigator of the paranormal. It is a hot spot, a convergence point..."
,B,paranormal,paranormal,openlibrary_OL15537997W,Fang-tastic fiction,Patricia O'Brien Mathews,"...Mathews uses a limited definition of paranormal, and examines works set, for the most p..."
,B,paranormal,paranormal,openlibrary_OL15601955W,Fallen Angel (Fallen Angel #1),Heather Terrell,...hands. This book is amazing if you love paranormal romance you are going to love this. You...
,B,paranormal,paranormal,openlibrary_OL15692058W,The Abused Werewolf Rescue Group,Catherine Jinks,...eve them—and to understand what being a paranormal monster really means. “The satire i...
,B,paranormal,paranormal,openlibrary_OL15992144W,The evil inside,Heather Graham,"...w… A member of the nation's foremost paranormal forensic team, Jenna Duffy has made a c..."
,B,paranormal,paranormal,openlibrary_OL16002533W,The Gift / Home for the Holidays,"Lynsay Sands, Jeaniene Frost",...niene Frost—two of the hottest names in paranormal romance—team up for the first time to b...
,B,paranormal,paranormal,openlibrary_OL16014584W,"Drink Deep (Chicagoland Vampires, #5)",Chloe Neill,"...als and the state threatening to pass a paranormal registration act, times haven’t been th..."
,B,paranormal,paranormal,openlibrary_OL16069256W,Aunt Dimity,Nancy Atherton,...The original paranormal detective returns in the latest install...
,B,paranormal,paranormal,openlibrary_OL16071619W,Unleashed,Rebecca York,...bring together a quartet of tales about paranormal passion in an anthology that features R...
,B,paranormal,paranormal,openlibrary_OL16134728W,Devil's wake,Steven Barnes,"...""The first book of an exciting new paranormal series from two award-winning authors a..."
,B,paranormal,paranormal,openlibrary_OL16240282W,Copper Beach,Jayne Ann Krentz,"...e centuries old, lie the secrets of the paranormal. Abby Radwell's unusual psychic talent..."
,B,paranormal,paranormal,openlibrary_OL16340850W,"Strange Angels & Betrayals (Strange Angels, #1-2)",Lili St. Crow,...year-old Dru Anderson exploded onto the paranormal scene in Strange Angels—and fought for...
,B,paranormal,paranormal,openlibrary_OL16521697W,The unseen,Heather Graham,...ead and lead a brand-new group of elite paranormal investigators to solve this disturbing...
,B,paranormal,paranormal,openlibrary_OL16529171W,Curiosities,"Tessa Gratton, Maggie Stiefvater, Brenna Yovanoff","...A collection of darkly paranormal stories, with comments by the authors o..."
,B,paranormal,paranormal,openlibrary_OL16691870W,Drum Dance,Bonnie Turner,"...storical fiction filled with adventure, paranormal intrigue, and danger in Canada's Centra..."
,B,paranormal,paranormal,openlibrary_OL16702174W,Visions of a Skylark Dressed in Black,Aberjhani,...ins two celebrated works of speculative paranormal fiction titled “Birth as Prologue” and...
,B,paranormal,paranormal,openlibrary_OL16726643W,Dream Eyes,Jayne Ann Krentz,...into decades of deception and into the paranormal fires of a desire too strong to resist....
,B,paranormal,paranormal,openlibrary_OL17076471W,Atrapada,"P. C. Cast, Kristin Cast","...tora de novelas de romance fantástico y paranormal, así como una experimentada ora-dora y..."
,B,paranormal,Paranormal,openlibrary_OL17459314W,Never Been Bit,Lydia Dare,"...Read for: Paranormal romance, witches, vampires, tortured he..."
,B,paranormal,paranormal,openlibrary_OL17493386W,Deception Cove,Jayne Ann Krentz,"...World crystals are missing, igniting a paranormal storm. Drake thinks Alice is the key to..."
,B,paranormal,paranormal,openlibrary_OL17554715W,Shadows Claim The Dacians,Kresley Cole,"...Dacians: Realm of Blood and Mist, a new paranormal series following the royal bloodline of..."
,B,paranormal,paranormal,openlibrary_OL17575515W,The Last Kiss Goodbye A Novel,Karen Robards,"...ot passion and chilling suspense to the paranormal romance scene with The Last Victim, it..."
,B,paranormal,paranormal,openlibrary_OL17867587W,Games creatures play,"Charlaine Harris, Toni L. P. Kelner","...Welcome to the wide world of paranormal pastimes, where striking out might stri..."
,B,paranormal,paranormal,openlibrary_OL17935097W,Would-be witch,Kimberly Frost,...e promising debut of a hot new voice in paranormal romance—and the first of the Southern W...
,B,paranormal,paranormal,openlibrary_OL18145465W,Land of the dead,"Harlan, Thomas.","...seeks such technology and wants to use paranormal skills she wasn't aware she had, both f..."
,B,paranormal,paranormal,openlibrary_OL18149641W,Jillian Cade,"Klein, Jen (Author at SheKnows.com)","...A seventeen-year-old girl runs a fake paranormal detection agency, but when she takes a..."
,B,paranormal,paranormal,openlibrary_OL18167568W,The night is alive,Heather Graham,"...t Malachi Gordon, a member of the FBI's paranormal investigation unit, to solve the murder..."
,B,paranormal,paranormal,openlibrary_OL1893742W,A Purrfect Romance,"Jennifer Blake, Susan Childress, Robin Lee Hatcher",...happiness. Susan Wiggs - Historical paranormal. Set in Wales in the time of Arthur (as...
,B,paranormal,paranormal,openlibrary_OL19660849W,Dying Breath,Heather Graham,"...of Hunters, the FBI's special unit for paranormal investigators. He feels particularly pr..."
,B,paranormal,paranormal,openlibrary_OL19967381W,Adventure time presents Marceline and the Scream Queens,Meredith Gran,...lows Princess Bubblegum and Marceline's paranormal rock band's tour of Ooo as they confron...
,B,paranormal,paranormal,openlibrary_OL19985993W,The betrayed,Heather Graham,"...the Krewe of Hunters, the FBI's unit of paranormal investigators, explore both past and pr..."
,B,paranormal,paranormal,openlibrary_OL20011869W,The devil and Winnie Flynn,Micol Ostow,...ear-old Winnie is drawn into a world of paranormal enthusiasts and discovers her own super...
,B,paranormal,paranormal,openlibrary_OL20022404W,Marked,Sue Tingey,...ht-after (if reluctant) investigator of paranormal phenomena. When Lucky is called in to...
,B,paranormal,paranormal,openlibrary_OL20033294W,Wild embrace,Nalini Singh,"...""The ""alpha author of paranormal romance""* presents a stunningly sensual..."
,B,paranormal,paranormal,openlibrary_OL20787752W,The Tea Leaf Reader,Sarita Gupta,...kind book on Metaphysics explaining the paranormal as well as life problems with a scienti...
,B,paranormal,paranormal,openlibrary_OL21018691W,Hatter M Volume Three - The Nature of Wonder,"Frank Beddor, Liz Cavalier","...Joined in his quest by two 19th century paranormal investigators, Hatter and his traveling..."
,B,paranormal,paranormal,openlibrary_OL24426474W,The Ligoncy Secrets,Autumn S. Couchant,...ty-year-old Dyviniti finds the world of paranormal is her reality. Happenstance has couple...
,B,paranormal,paranormal,openlibrary_OL24648323W,Hex on the Beach,"Kelley Armstrong, Jeaniene Frost, Melissa Marr","...h the party, a fun getaway turns into a paranormal showdown. Vampire Cat Crawfield is e..."
,B,paranormal,paranormal,openlibrary_OL25207432W,Where the Wild Things Bite,Molly Harper,"...In Molly Harper's witty new paranormal romance, a rare-book expert is deliveri..."
,B,paranormal,paranormal,openlibrary_OL2732973W,Human Devolution,Michael A. Cremo,"...on, by adopting the categories of the **paranormal**. A ‘devolution’ of pure spirits to mi..."
,B,paranormal,paranormal,openlibrary_OL28770275W,Collide,Christine Fonseca,"...amily, Dakota discovers there's more to paranormal activity than ghosts and cheap mind tri..."
,B,paranormal,paranormal,openlibrary_OL38837W,The secret rose,William Butler Yeats,"...ractice of the occult, metaphysics, and paranormal activities. Gyles' works in Symbolism d..."
,B,paranormal,paranormal,openlibrary_OL491819W,Killing Time,Linda Howard,"...ve novel of unrelenting suspense with a paranormal twist, Linda Howard delivers time and a..."
,B,paranormal,paranormal,openlibrary_OL8126410W,Phantasm,Phaedra Weldon,"...The newest in a series that’s “part paranormal whodunit, part urban fantasy”(Publisher..."
,B,paranormal,paranormal,openlibrary_OL8980837W,Encountering enchantment,Susan Fichtelberg,"...s, describing and categorizing fantasy, paranormal, and science fiction titles published s..."
,B,paranormal,paranormal,openlibrary_OL17807522W,The Goodbye Family Unveiled,Lorin Morgan-Richards,"...y and The Noodle Rut. With an uptick of paranormal happenings in town, Orphie officially t..."
,B,paranormal,paranormal,openlibrary_OL14958445W,Night-side,Joyce Carol Oates,...ates enters the mysterious realm of the paranormal....
,B,paranormal,Paranormal,openlibrary_OL15137251W,Dark Magic,Cheyenne McCray,"...ke Macgregor, leader of San Francisco's Paranormal Special Forces unit, and when she inter..."
,B,paranormal,paranormal,openlibrary_OL15172831W,FIRE ANGEL,B.J MCCALL,"...al romance in contemporary, futuristic, paranormal and fantasy genres.The phrase “do what..."
,B,paranormal,paranormal,openlibrary_OL15177132W,ARRESTING,CYNTHIA RAYEN,"...fantasy, gay/lesbian and light and dark paranormal. She was nominated for a 2006 Ecatoroma..."
,B,paranormal,paranormal,openlibrary_OL15179284W,Hot Spell,Michelle Rowen,...body knows there's no love lost between paranormal investigators Amanda LaGrange and sexy...
,B,paranormal,paranormal,openlibrary_OL15597452W,Lumberjacked,Rich Bottles Jr.,"...imax, when paranoia crosses over to the paranormal, Lumberjacked makes Deliverance look li..."
,B,paranormal,paranormal,openlibrary_OL8110207W,Dawn's awakening,Lora Leigh,...New in the sexy paranormal series that put Lora Leigh on the bests...
,B,paranormal,paranormal,openlibrary_OL8110212W,"Harmony's Way (The Breeds, Book 2)",Lora Leigh,...f Megan's Mark continues her PURRfectly paranormal series.Lora Leigh's series about geneti...
,B,paranormal,paranormal,openlibrary_OL8110223W,Megan's Mark,Lora Leigh,"...favorite makes her mark with a sexy new paranormal series.In an intriguing new world, gene..."
,B,paranormal,paranormal,openlibrary_OL8110293W,The Hunters,Shiloh Walker,...Double the paranormal erotic romance-two all-new stories from...
,B,paranormal,paranormal,openlibrary_OL8110441W,Mortal temptations,Allyson James,...the women who love them! First in a new paranormal erotic romance series.Patricia was star...
,B,paranormal,paranormal,openlibrary_OL8691325W,Astral Nights,Kay Stone,"...he intends to assimilate Callan and her paranormal powers through intimidation, murder and..."
,B,paranormal,Paranormal,openlibrary_OL8967338W,PsyCop,Jordan Castillo Price,"...a PsyCop, also know as a member of the Paranormal Investigation Team. He's not popular wi..."
,B,paranormal,paranormal,hardcover_27697,Big Machine,Victor LaValle,"...There, Ricky is inducted into a band of paranormal investigators comprised of former addic..."
,B,paranormal,paranormal,hardcover_474098,Snake Agent,Liz Williams,"...uous to Hell"". Chen is not only a crack paranormal crime investigator but also a licensed..."
,B,supernatural,supernatural,harrison_squared,Harrison Squared,Daryl Gregory,"...the ""sensitives"" who are attuned to the supernatural world, Harrison and his mother have jus..."
,B,supernatural,supernatural,hell_train,Hell Train,Christopher Fowler,...Imagine there was a classic supernatural chiller that Hammer Films never made. A...
,B,supernatural,supernatural,medusas_web,Medusa's Web,Tim Powers,"...lywood Hills"" that is a conduit for the supernatural.Decorated by bits salvaged from old hot..."
,B,supernatural,supernatural,openlibrary_OL1098497W,The return,Walter De la Mare,"...n</i>, one of only two of his long-form supernatural works, follows this trend, and sees de..."
,B,supernatural,supernatural,openlibrary_OL1103104W,Gothic Tales,Elizabeth Cleghorn Gaskell,"...ing Gothic tales blend the real and the supernatural to eerie, compelling effect. 'Disappear..."
,B,supernatural,supernatural,openlibrary_OL11952221W,Sorry Night,Simon Holt,"...old journal and reads about the Vours, supernatural creatures who feast on fear and attack..."
,B,supernatural,supernatural,openlibrary_OL14906812W,My Big Fat Supernatural Wedding,"Lori Handeland, P. N. Elrod, L. A. Banks, Jim Butcher, Rachel Caine, Esther M. Friesner, Charlaine Harris, Sherrilyn Kenyon, Susan Krinard, L. A. Banks",...this collection of all new and original supernatural wedding stories from such award-winning...
,B,supernatural,supernatural,openlibrary_OL14912777W,House of reckoning,John Saul,...ing tales of psychological suspense and supernatural horror. His instinct for striking the d...
,B,supernatural,supernatural,openlibrary_OL14933221W,Love is hell,Melissa Marr,...ell. But it's totally worth it.In these supernatural stories by five of today's hottest writ...
,B,supernatural,supernatural,openlibrary_OL14982396W,Shadow souls,Lisa Jane Smith,...but humans must live enslaved to their supernatural masters. . . .Elena will stop at nothin...
,B,supernatural,supernatural,openlibrary_OL15078851W,My Big Fat Supernatural Honeymoon,"P. N. Elrod, Kelley Armstrong, Jim Butcher, Rachel Caine, Caitlin Kittredge, Marjorie M. Liu, Katie MacAlister, Lilith Saintcrow, Ronda Thompson",...orld for a while--but what happens when supernatural forces intrude on their wedded bliss?...
,B,supernatural,Supernatural,openlibrary_OL15168171W,Ghost Stories,"Joan Aiken, Ruth Ainsworth, Brian Alderson, Robert Arthur, E. F. Benson, Ambrose Bierce, Lucy M. Boston, Arthur Conan Doyle, Helen Cresswell, Roald Dahl, Paul Dorrell, John Gordon, W. W. Jacobs, Montague Rhodes James, Michael Joseph, Gene Kemp, Walter De la Mare, Edith Nesbit, Oliver Onions, Philippa Pearce, Edgar Allan Poe, Arthur Quiller-Couch, Saki, H. Russell Wakefield, H. G. Wells",...The Shadow-Cage and Other Tales of the Supernatural) | Philippa Pearce THE MORTAL | Olive...
,B,supernatural,supernatural,openlibrary_OL15192096W,Phantom of Blood Alley,"Stewart, Paul, Chris Riddell","...mystery. In each tale, he encounters a supernatural force and must battle the horrors that..."
,B,supernatural,Supernatural,openlibrary_OL16025981W,The Haunted dusk,"Howard Kerr, John William Crowley, Charles L. Crow","...essay by Jay Martin James's Last Early Supernatural Tales: Hawthorne Demagnetized, Poe Depo..."
,B,supernatural,supernatural,openlibrary_OL16092355W,Poe After Dark,Edgar Allan Poe,...Strange and supernatural stories by Edgar Allan Poe. [Berenic...
,B,supernatural,supernatural,openlibrary_OL16141787W,Ghost writers,"Keith Taylor, Laura Kasischke","...as in Elizabeth Schmuhl's ""Belief."" The supernatural stories in Ghost Writers visit a mix of..."
,B,supernatural,supernatural,openlibrary_OL16211876W,Voice of the undead,Jason Henderson,"...he girls' school across the lake, where supernatural happenings are disturbing the peace, an..."
,B,supernatural,supernatural,openlibrary_OL16239425W,Eyes to see,Joseph Nassise,"...he has lost, Hunt finally turns to the supernatural for justice. Abandoning all hope for a..."
,B,supernatural,supernatural,openlibrary_OL16485W,Deadlines (Larkin Family Chronicles),Greg Bear,"...orable descent into a world of mounting supernatural dread.For the last two years, Peter Rus..."
,B,supernatural,supernatural,openlibrary_OL16516198W,Ghosts in Baker Street,"Martin H. Greenberg, Jon L. Lellenberg, Daniel Stashower","...ire life, and author of many horror and supernatural stories, did give Holmes a few problems..."
,B,supernatural,supernatural,openlibrary_OL16566554W,The Supernatural Solution,Michel Parry,...In conventional detective fiction a supernatural element is usually introduced as a ruse...
,B,supernatural,supernatural,openlibrary_OL166725W,Campfire tales,William W. Forgey,"...ction of stories about ghosts and other supernatural encounters, selected for their ease in..."
,B,supernatural,supernatural,openlibrary_OL167217W,Southern ghost,Carolyn G. Hart,"...ith an excess of cat lore, the tiresome supernatural musings of Max's mother and such genre..."
,B,supernatural,supernatural,openlibrary_OL1729019W,Black Creek Crossing,John Saul,...and the whispered rumors that something supernatural still dwells there. Uncertain whether t...
,B,supernatural,supernatural,openlibrary_OL17393194W,The Ghost Train To New Orleans,Mur Lafferty,"...her element in the wilderness. With her supernatural colleagues waiting to see her fail, and..."
,B,supernatural,supernatural,openlibrary_OL17721909W,Fright Night,NOW Comics,"...alia's eccentric Aunt Claudia possessed supernatural abilities and, along with hapless barte..."
,B,supernatural,supernatural,openlibrary_OL17927294W,By blood we live,Glen Duncan,"...to pass--in this tale of pulse-pounding supernatural suspense""--..."
,B,supernatural,supernatural,openlibrary_OL18088578W,Types of the Short Story,"Heydrick, Benjamin Alexander, Washington Irving, Nathaniel Hawthorne, Rudyard Kipling, J. M. Barrie, Robert Louis Stevenson, Edgar Allan Poe, Edward Bulwer Lytton, Baron Lytton, Edward Everett Hale","...L273550W), by E. A. Poe. Story of the supernatural: The haunted and the haunters; or, The..."
,B,supernatural,supernatural,openlibrary_OL19650047W,Things Half In Shadow (Thorndike Press Large Print Crime Scene),Todd Ritter,"...aunting backdrop in this historical and supernatural tale of moonlit cemeteries, masked ball..."
,B,supernatural,supernatural,openlibrary_OL19732016W,The case of the deadly doppelganger,Lucy Ann Banks,...but business prospects for Dr. Ribero's supernatural agency haven't improved. Things are loo...
,B,supernatural,supernatural,openlibrary_OL19751214W,A Study in Emerald,Neil Gaiman,"...""This supernatural mystery set in the world of Sherlock Ho..."
,B,supernatural,supernatural,openlibrary_OL19982612W,The poet and the vampyre,Andrew McConnell Stott,"...ve affairs, literary rivalries, and the supernatural collide in an inspired journey to Lake..."
,B,supernatural,supernatural,openlibrary_OL19982964W,The phantom coach,"Michael Sims, Charles Dickens, Arthur Conan Doyle, Ambrose Bierce, Michael Sims","...tion of stories about humanity's oldest supernatural obsession: ghosts. The Phantom Coach, g..."
,B,supernatural,supernatural,openlibrary_OL20009534W,Slasher Girls & Monster Boys,"April Genevieve Tucholke, Stefan Bachmann, Leigh Bardugo, Kendare Blake, A. G. Howard, Jay Kristoff, Marie Lu, Jonathan Maberry, Danielle Paige, Carrie Ryan, Megan Shepherd, Nova Ren Suma, McCormick Templeman, Cat Winters","...dge of your seat. From bloody horror to supernatural creatures to unsettling, all-too-possib..."
,B,supernatural,supernatural,openlibrary_OL20026869W,Burning,"Rollins, Danielle (Author)",...mes clear that Jessica and her possible supernatural powers are more dangerous than anyone e...
,B,supernatural,supernatural,openlibrary_OL20057627W,Penny dreadful,Krysty Wilson-Cairns,...er on a heart-stopping journey into the supernatural realm....
,B,supernatural,supernatural,openlibrary_OL20866894W,Home Before Dark,Todd Ritter,...r called House of Horrors. His story of supernatural happenings and malevolent spirits becam...
,B,supernatural,supernatural,openlibrary_OL2182835W,The call and other stories,Robert Westall,...inary pursuits attract the attention of supernatural forces....
,B,supernatural,supernatural,openlibrary_OL2347648W,"Alas, poor ghost!",Gillian Bennett,"...and, asking them about ghosts and other supernatural experiences and beliefs. (Her discussio..."
,B,supernatural,supernatural,openlibrary_OL2431024W,What Did Miss Darrington See?,"Jessica Amanda Salmonson, Emma B. Cobb","..., the authors re-imagine the cliches of supernatural fiction, focusing on female characters..."
,B,supernatural,supernatural,openlibrary_OL24855564W,Three acclaimed novels,Jodi Picoult,"...tants of Comtosook, Vermont, talking of supernatural forces at work. Ross Wakeman is a ghost..."
,B,supernatural,Supernatural,openlibrary_OL25252170W,"The Ripper (Next Life, #2)",James G. Robertson,"...rd-winning Dark Fantasy, Dystopian, and Supernatural Horror author. He has also received an..."
,B,supernatural,supernatural,openlibrary_OL253728W,Ghost Stories of an Antiquary,Montague Rhodes James,"...atmosphere and suggestion, his enduring supernatural tales are masterpieces of understated h..."
,B,supernatural,supernatural,openlibrary_OL2877235W,The fallen,Tom Sniegoski,"...-year-old orphan, discovers that he has supernatural powers and that he is to be a liason be..."
,B,supernatural,supernatural,openlibrary_OL2931901W,Five-Minute chillers,William A. Walker,"...d chilling tales of the unknown and the supernatural, featuring ordinary children in extraor..."
,B,supernatural,supernatural,openlibrary_OL2971758W,Campfire stories,"William, M.D. Forgery",...ction of stories about ghosts and other supernatural encounters set in the remote outdoors....
,B,supernatural,supernatural,openlibrary_OL3150684W,Manuscrit trouvé à Saragosse,Jan Potocki,...French army officer's encounters of the supernatural as he travels after the siege of Sarago...
,B,supernatural,supernatural,openlibrary_OL3234679W,"The secret life of Laszlo, Count Dracula","Roderick Anscombe, Arthur Conan Doyle, Bram Stoker, Charlotte Brontë, Emily Brontë, S. T. Joshi, Mary Shelley, Oscar Wilde, Miguel Muñoz, Bram Stoker, Robert Louis Stevenson, Robert Stevenson, Washington Irving, Horace Walpole, Edgar Allan Poe, Mark Twain, Lucy Maud Montgomery, Spyri, Johanna, Eleanor Hodgman Porter, Frances Hodgson Burnett, Mary Shelley, Yohav Ha'Levi","...human being. Here is a novel not of the supernatural but the all-too-human, not of a monster..."
,B,supernatural,supernatural,openlibrary_OL3240804W,Anne Rice,"Smith, Jennifer","...Anne Rice's fame rests on her supernatural tales, but she is far more than a horro..."
,B,supernatural,Supernatural,openlibrary_OL3467295W,The supernatural sublime,Jack G. Voller,"...adcliffe, Reeve, Lewis, and Brown. The Supernatural Sublime breaks new ground by establishi..."
,B,supernatural,supernatural,openlibrary_OL3470243W,"The rise of supernatural fiction, 1762-1800",E. J. Clery,...A genre of supernatural fiction was among the more improbable p...
,B,supernatural,supernatural,openlibrary_OL3550902W,Isis,Douglas Clegg,"...is sure to become a classic tale of the supernatural. If you lost someone you loved, what wo..."
,B,supernatural,supernatural,openlibrary_OL4061819W,Play Dead,Michael A. Arnzen,"...er of brutality and undercurrent of the supernatural that makes it work for horror fans, too..."
,B,supernatural,supernatural,openlibrary_OL4444217W,Nightfall,Lisa Jane Smith,...o a fate beyond death. Until a powerful supernatural force pulled her back.Now Elena is not...
,B,supernatural,supernatural,openlibrary_OL4444229W,Daughters of Darkness,Lisa Jane Smith,"...regon, has never seen anything like the supernatural grace of Rowan, Kestrel, and Jade, thre..."
,B,supernatural,supernatural,openlibrary_OL4481621W,Omega Factor,Jack Gerson,...to explore the paranormal. But can such supernatural powers ever be controlled? Journalis...
,B,supernatural,supernatural,openlibrary_OL47855W,The Hardy Boys Ghost Stories,Franklin W. Dixon,...Hardy brothers are confronted with the supernatural in these six ghost stories which includ...
,B,supernatural,supernatural,openlibrary_OL555822W,Angel,"Nancy Holder, Jeff Mariotte, Maryelizabeth Hart",...nd sets up as a private investigator of supernatural events....
,B,supernatural,supernatural,openlibrary_OL5709835W,Das Geisterschiff,Dietlof Reiche,"...journal of a ship's quartermaster, and supernatural occurrences at a seaside resort lead tw..."
,B,supernatural,supernatural,openlibrary_OL5810945W,The Awakening,Kelley Armstrong,"...'m running for my life with three of my supernatural friends — a charming sorcerer, a cynica..."
,B,supernatural,supernatural,openlibrary_OL6037462W,The Book of Living and Dying,Natale Ghent,"...tion, paranormal, young-adult, fantasy, supernatural** This book doesn't have the best repu..."
,B,supernatural,supernatural,openlibrary_OL8383177W,Hellboy,"Mike Mignola, John Byrne","...it. Sent to investigate a mystery with supernatural overtones, Hellboy discovers the secret..."
,B,supernatural,supernatural,openlibrary_OL86195W,The Haunting,Margaret Mahy,"...t-year-old begins receiving frightening supernatural images and messages, he learns about a..."
,B,supernatural,supernatural,openlibrary_OL8698182W,Chasing the Dead,Joe Schreiber,"...Dead is a fast-paced, ferociously tense supernatural thriller. With the skill of masters lik..."
,B,supernatural,supernatural,openlibrary_OL8855520W,Restless Spirits,"Catherine A. Lundie, Kate Chopin","...itiques of dominant ideologies onto the supernatural, thus shielding themselves from critica..."
,B,supernatural,supernatural,whispers_underground,Whispers Underground,Ben Aaronovitch,...e's already had run ins with the deadly supernatural children of the Thames and a terrifying...
,B,supernatural,supernatural,openlibrary_OL13842616W,Road trip of the living dead,Mark Henry,...take a big juicy bite out of Seattle’s supernatural nightlife. But what’s a zombie chick to...
,B,supernatural,supernatural,openlibrary_OL14950987W,Succubus Heat,Richelle Mead,"...rom his girlfriend that is. Now, as the supernatural population starts turning on itself, a..."
,B,supernatural,supernatural,openlibrary_OL15153931W,Terror in the Tomb of Death,Alida E. Young,...old crowd**. The cliff hanger style and supernatural aspect will lure even the most reluctan...
,B,supernatural,supernatural,openlibrary_OL15174698W,Vacations from Hell,Libba Bray,...rah Mlynowski (Bras & Broomsticks)—tell supernatural tales of vacations gone awry. Lost lugg...
,B,supernatural,supernatural,openlibrary_OL15192562W,Unchained (The Dark Forgotten),Sharon Ashwood,"...e mall, and, after centuries guarding a supernatural prison, dashing Captain Reynard strides..."
,B,supernatural,supernatural,openlibrary_OL16517060W,Bloody good,Georgia Evans,"...In the first of a supernatural trilogy, one Dr. Alice Doyle finds that..."
,B,supernatural,supernatural,openlibrary_OL17711038W,Kitty raises hell,Carrie Vaughn,"...wn radio audience, mount a trap for the supernatural being behind the curse, a destructive f..."
,B,supernatural,supernatural,openlibrary_OL17715959W,House of Secrets,"Chris Columbus, Ned Vizzini, Chris Columbus, Chris COLUMBUS","...warriors patrol the woods around them, supernatural pirates roam the neighboring seas, and..."
,B,supernatural,supernatural,openlibrary_OL17794927W,Don't kill the messenger,Eileen Rendahl,...ormal series about a messenger from the supernatural underworld. Melina Markowitz is a Messe...
,B,supernatural,supernatural,openlibrary_OL19526968W,Judged,Liz de Jager,"...scription includes solving crimes - the supernatural kind . . . Glow, a fae-created drug,..."
,B,supernatural,supernatural,openlibrary_OL19669941W,The inconceivable life of Quinn,Marianna Baer,"...s and family secrets--strange, possibly supernatural ones. Might she, in fact, be a virgin?..."
,B,supernatural,supernatural,openlibrary_OL19710288W,Kicking it,"Faith Hunter, Kalayna Price","...e again prove that when you're fighting supernatural forces, it helps to keep your feet on t..."
,B,supernatural,supernatural,openlibrary_OL19960615W,Whispers at Moonrise,C. C. Hunter,"...Even at a camp for supernatural teens, Kylie Galen has never been norma..."
,B,supernatural,supernatural,openlibrary_OL20028337W,The curse of tenth grave,Darynda Jones,...y can I see dead people? Who is the hot supernatural entity following me? How do I get gum o...
,B,supernatural,supernatural,openlibrary_OL20059200W,A game of ghosts,John Connolly,"...another ""superb fusion of noir and the supernatural"" (My Bookish Ways) in this latest thril..."
,B,supernatural,supernatural,openlibrary_OL21529886W,Possessed by a Warrior,Sharon Ashwood,...Two covert operatives for a supernatural spy agency meet their biggest challenge...
,B,supernatural,supernatural,openlibrary_OL23203069W,Cherry bomb,Caitlín R. Kiernan,"...ack on Providence, Rhode Island's seedy supernatural underbelly, walking out on Mr. B. and t..."
,B,supernatural,supernatural,openlibrary_OL24309282W,Written in blood,Paul Adams,"...Vampires, chilling supernatural creatures of the night - do they really..."
,B,supernatural,supernatural,openlibrary_OL262454W,The Hound of the Baskervilles,Arthur Conan Doyle,"...gend of a fearsome, diabolical hound of supernatural origin. Holmes and Watson investigate t..."
,B,supernatural,supernatural,openlibrary_OL2773207W,The Dark Shadows Almanac,"Kathryn Leigh Scott, Jim Pierson",...e book and retrospective of the popular supernatural soap opera....
,B,supernatural,Supernatural,openlibrary_OL30144919W,Soul Sign,Reyna Favis,"...in their horror, the Zackie Stories of Supernatural Suspense will keep you reading long int..."
,B,supernatural,supernatural,openlibrary_OL3509155W,Tales of terror,Ida Chittum,...ection of stories about the natural and supernatural set in the Ozarks where Ida Chittum wa...
,B,supernatural,supernatural,openlibrary_OL35849W,"Undine, eine Erzählung","Friedrich de la Motte-Fouqué, Friedrich Heinrich Kar La Motte-Fouqué","...Despite misgivings about Undine's supernatural powers, a nobleman still wants to marry..."
,B,supernatural,supernatural,openlibrary_OL3904817W,Supernatural forces,Bonnie C. Winsbro,...non have rarely been concerned with any supernatural beings other than the Judeo-Christian g...
,B,supernatural,Supernatural,openlibrary_OL4085697W,Strangely Enough!,Carroll Burleigh Colby (1904-1977),...ce and Nature. Stories of Ghost and the Supernatural. Flying Saucers and Mysterious Disappea...
,B,supernatural,supernatural,openlibrary_OL4647527W,Faithful vision,"Coleman, James W.","...no matter how critical of the sacred or supernatural, or how skeptical the characters' viewp..."
,B,supernatural,supernatural,openlibrary_OL5255325W,50 Ways to Hex Your Lover,Linda Wisdom,...r clear of a maniacal killer with super-supernatural powers. They are surrounded by a hilari...
,B,supernatural,supernatural,openlibrary_OL14906135W,Undead in the Garden of Good and Evil / The Claire Switch Project / Chaotic / Dead Man Dating,"Lynsay Sands, Kim Harrison, Kelley Armstrong, Lori Handeland, Lori Handeland",...xploring the dangerous seduction of the supernatural—offer up dating disasters (and unexpect...
,B,supernatural,supernatural,openlibrary_OL14906809W,No Rest for the Witches,"Lori Handeland, Cheyenne McCray, Christine Warren, MaryJanice Davidson","...wrong, here you'll find four stories of supernatural sex and suspense from some of today's h..."
,B,supernatural,supernatural,openlibrary_OL14907717W,Surrogate Evil,David Thurlo,...Lee and Diane are no strangers to the supernatural--Lee is a Navajo vampire and Diane's la...
,B,supernatural,supernatural,openlibrary_OL14909424W,Tales of the Otherworld,Kelley Armstrong,"...audiences with her Otherworld series of supernatural thrillers. Now, in this new collection..."
,B,supernatural,supernatural,openlibrary_OL14909448W,Twice as Hot (Hqn),Gena Showalter,"...oing well, she's learned to control her supernatural abilities (mostly) and she's just gotte..."
,B,supernatural,supernatural,openlibrary_OL14981694W,Changeless (The Parasol Protectorate),Gail Carriger,"...leaving her to deal with a regiment of supernatural soldiers encamped on her doorstep, a pl..."
,B,supernatural,supernatural,openlibrary_OL15111816W,Demon can't help it,Kathy Love,...ut he does know how she feels about the supernatural. Forget about her accepting him for wha...
,B,supernatural,supernatural,openlibrary_OL15172916W,Belong to the Night,"Shelly Laurenston, Cynthia Eden, Sherrill Quinn","...cham has enough trouble controlling her supernatural abilities. There's no time for lust, or..."
,B,supernatural,supernatural,openlibrary_OL15179695W,The Eye of the Moon,Anonymous,"...Mondega soaked with blood, the elusive supernatural serial killer known only as the Bourbon..."
,B,supernatural,supernatural,openlibrary_OL15211904W,Haunted party,Iza Trapani,"...umbers from one to ten, a ghost and his supernatural friends have a party on Halloween night..."
,B,supernatural,supernatural,openlibrary_OL15399587W,Vacations from Hell,"Claudia Gray, Sarah Mlynowski, Libba Bray, Maureen Johnson, Cassandra Clare",...Mlynowski** (*Bras & Broomsticks*)—tell supernatural tales of vacations gone awry. Lost lugg...
,B,supernatural,supernatural,openlibrary_OL15413861W,Unbalanced,Cindy Lynn Speer,"...Balance, an organization that acts as a supernatural UN to keep the peace among werewolves,..."
,B,supernatural,supernatural,openlibrary_OL15437045W,Prince Charming Doesn't Live Here,Christine Warren,...find Rosemary...or surrendering to his supernatural powers of temptation...until death do t...
,B,supernatural,supernatural,openlibrary_OL15676391W,This Side of the Grave,Jeaniene Frost,...e treacherous than even the threat of a supernatural war . . . to say nothing of the repercu...
,B,supernatural,supernatural,openlibrary_OL15976909W,"Hard Bitten (Chicagoland Vampires, #4)",Chloe Neill,"...f in the heady, dark heart of Chicago's supernatural society—a world full of vampires who se..."
,B,supernatural,supernatural,openlibrary_OL16104943W,Hidden Turnings,Diana Wynne Jones,...lve fantasy stories on the theme of the supernatural touching and changing everyday life....
,B,supernatural,supernatural,openlibrary_OL16139144W,Red wet dirt,Nicholas Grabowsky,...Festival of Fallen Souls in search of a supernatural healer whose lover's touch brings in co...
,B,supernatural,supernatural,openlibrary_OL16281702W,Savannah Grey,Cliff McNish,...ar-old English girl learns that she has supernatural powers and discovers her true purpose....
,B,supernatural,supernatural,openlibrary_OL16517784W,Kitty's house of horrors,Carrie Vaughn,...has agreed to appear on TV's first all-supernatural reality show. She's expecting cheesy co...
,B,supernatural,supernatural,openlibrary_OL16538320W,The Lost Saint (The Dark Divine #2),Bree Despain,"...ot find, she knows she must turn to her supernatural powers, even though it threatens her re..."
,B,supernatural,supernatural,openlibrary_OL16540192W,The exceptionals,Erin Cashman,"...mal student at a school for people with supernatural powers, learns that she is the subject..."
,B,supernatural,supernatural,openlibrary_OL16558262W,The apocalypse codex,Charles Stross,...e an international incident. But it's a supernatural incident that Bob needs to worry about-...
,B,supernatural,supernatural,openlibrary_OL16662727W,"Another Jekyll, another Hyde",Daniel Nayeri,...at his stepmother has involved him in a supernatural plan....
,B,supernatural,supernatural,openlibrary_OL17188754W,War of the sons,Rebecca Dessertine,...heir mother to a mysterious and demonic supernatural force and being taught by their father...
,B,supernatural,supernatural,openlibrary_OL17203415W,Dead Spots,Melissa F Olson,...Scarlett Bernard is a null - any supernatural being that comes close to her is neutra...
,B,supernatural,supernatural,openlibrary_OL17525787W,Black City,Christina Henry,"...Agency refuses to interfere with other supernatural courts, Maddy is determined to do every..."
,B,supernatural,supernatural,openlibrary_OL17575515W,The Last Kiss Goodbye A Novel,Karen Robards,...here's little time for romance with her supernatural suitor when murder comes pounding at Ch...
,B,supernatural,supernatural,openlibrary_OL17704543W,"Dangerous Creatures (Dangerous Creatures Series, Book 1)","Kami Garcia, Margaret Stohl","...New York City to make it big with their supernatural band mates in Sirensong, but Caster tro..."
,B,supernatural,supernatural,openlibrary_OL17735050W,Raintree,Linda Howard,"...Despite their extraordinary powers and supernatural origin, the Raintree have largely blend..."
,B,supernatural,supernatural,openlibrary_OL17829535W,The hunger of the wolf,Stephen Marche,"...lie men's destinies, both financial and supernatural, lead twistingly but inevitably to the..."
,B,supernatural,supernatural,openlibrary_OL17841386W,Cheshire Crossing,Andy Weir,...like them learn how to cope with their supernatural experiences and harness their magical w...
,B,supernatural,supernatural,openlibrary_OL17867273W,Forbidden,Eve Bunting,"...er ships--despite obstacles natural and supernatural""--..."
,B,supernatural,supernatural,openlibrary_OL17867587W,Games creatures play,"Charlaine Harris, Toni L. P. Kelner","...Haunted Safeway."" These and eight more supernatural sporting stories are guaranteed to have..."
,B,supernatural,supernatural,openlibrary_OL17870521W,Box office poison,Phillipa Bornikova,...tide of public opinion against all the supernatural powers....
,B,supernatural,supernatural,openlibrary_OL17893383W,I'm with Cupid,Anna Staniszewski,"...""When thirteen-year-olds Marcus, a supernatural matchmaker, and Lena Perris, a soul col..."
,B,supernatural,supernatural,openlibrary_OL17900339W,City of halves,Lucy Inglis,...ever knew existed--a world of magic and supernatural creatures that is beginning to invade t...
,B,supernatural,supernatural,openlibrary_OL17924973W,Throne of darkness,Douglas Nicholas,"...oon be revealed), Maeve must overcome a supernatural threat unlike any she's seen before. Wi..."
,B,supernatural,supernatural,openlibrary_OL17934149W,Forest of fortune,Jim Ruland,...roubled guests to surmount dangers both supernatural and all-too-real in order to make thing...
,B,supernatural,supernatural,openlibrary_OL18165961W,Mercy Thompson,Patricia Briggs,"...from a darker dimension, observing the supernatural community while standing apart. When..."
,B,supernatural,supernatural,openlibrary_OL19563250W,Kiss The Flame,Christopher Rice,".....** Lilliane Williams is a radiant, a supernatural being with the power to make your deepe..."
,B,supernatural,supernatural,openlibrary_OL19736710W,Sanctuary,"Jane Yolen, Adam Stemple, Orion Zangara","...hin Silex's Edinburgh church, it brings supernatural trouble for the gargoyle and his assist..."
,B,supernatural,supernatural,openlibrary_OL19861095W,Field of Fantasies: Baseball Stories of the Strange and Supernatural,Rick Wilber,"...none has more curses, superstitions, or supernatural events [than] baseball, America's natio..."
,B,supernatural,supernatural,openlibrary_OL19915991W,On The Hunt,"Alexandra Ivy, Rebecca Zanetti, Dianne Duvall, Hannah Jayne","...hildhood. But his duty as a Sentinel, a supernatural guardian of an ancient race, clashed wi..."
,B,supernatural,supernatural,openlibrary_OL19961074W,Black Lament,Christina Henry,...den from meddling in the affairs of the supernatural courts. When a few of her soul collecti...
,B,supernatural,supernatural,openlibrary_OL19967426W,The Devil's Heart,Cathy Maxwell,...rd Heath Macnachtan to fight a powerful supernatural foe....
,B,supernatural,supernatural,openlibrary_OL19976841W,Night owls,Lauren M. Roy,...wn any life except that of fighting the supernatural beings known as Creeps or Jackals. But...
,B,supernatural,supernatural,openlibrary_OL19999419W,Amulet keepers,Michael Northrop,"...igating a string of disappearances amid supernatural occurrences in London, Alex and Ren dis..."
,B,supernatural,supernatural,openlibrary_OL20011869W,The devil and Winnie Flynn,Micol Ostow,...ormal enthusiasts and discovers her own supernatural ability to detect lies....
,B,supernatural,supernatural,openlibrary_OL20026383W,Midnight marked,Chloe Neill,"...will stop at nothing, including pitting supernatural against supernatural... In this deadly..."
,B,supernatural,supernatural,openlibrary_OL20187044W,Dead After Dark,Sherrilyn Kenyon,...insatiable desire for Sasha Armand--and supernatural powers that could endanger her life as...
,B,supernatural,supernatural,openlibrary_OL20670162W,Life and Death,Stephenie Meyer,"...in, golden eyes, mesmerizing voice, and supernatural gifts, Edythe is both irresistible and..."
,B,supernatural,supernatural,openlibrary_OL20930857W,Black Spring,Christina Henry,...announced a plan to round up the city’s supernatural beings and put them in camps. With her...
,B,supernatural,supernatural,openlibrary_OL24670510W,The Witch Doctor Is In,Mindy Klasky,...is in jeopardy. Two: The most valuable supernatural drug in Washington DC has been stolen f...
,B,supernatural,supernatural,openlibrary_OL2679237W,Louisiana,"Brodber, Erna., Erna Brodber",...f Mammy and her friend Lowly. From this supernatural experience Ella learns much about herse...
,B,supernatural,supernatural,openlibrary_OL3472883W,Strange and eerie stories,Pat Hancock,...stories featuring eerie occurances and supernatural themes....
,B,supernatural,supernatural,openlibrary_OL3924629W,Territory,Emma Bull,"...ty of Tombstone, where he witnesses the supernatural powers of such figures as Doc Holliday..."
,B,supernatural,supernatural,openlibrary_OL491819W,Killing Time,Linda Howard,...Returning to the entrancing supernatural territory of her popular novels Dream M...
,B,supernatural,supernatural,openlibrary_OL519326W,Raven's Point,Melinda Metz,...eens face it with their newly-developed supernatural abilities....
,B,supernatural,supernatural,openlibrary_OL5712246W,Ten thousand charms,Leander Watts,...opemaker's apprentice named Roddy whose supernatural abilities allow him to communicate with...
,B,supernatural,supernatural,openlibrary_OL5724290W,Soul Enchilada,David Macinnis Gill,...o her in the car.If Beals hadn't been a supernatural repo man looking to repossess her car.A...
,B,supernatural,Supernatural,openlibrary_OL5730094W,Pale death,David Thurlo,"...igerator, not hot from someone's neck. Supernatural explanations for the deaths abound--som..."
,B,supernatural,supernatural,openlibrary_OL5732038W,Every last drop,Charlie Huston,"...s Joe Pitt novels world that is at once supernatural and totally familiar, imaginative, and..."
,B,supernatural,supernatural,openlibrary_OL5840739W,Vendetta,Chris Humphreys,"...l runs hot in Sky's family, as does the supernatural power of the MazzeriNthe Corsican dream..."
,B,supernatural,supernatural,openlibrary_OL76566W,The gap in the curtain,John Buchan,...full-length work devoted to exploring a supernatural theme: if you were able to see one year...
,B,supernatural,supernatural,openlibrary_OL8053277W,The Night Watch,Sergeĭ Lukʹi͡anenko,"...Others,"" an ancient race of humans with supernatural powers who swear allegiance to either t..."
,B,supernatural,supernatural,openlibrary_OL82365W,A touch of dead,Charlaine Harris,...or Charlaine Harris has re-imagined the supernatural world with her “spunky” (Tampa Tribune)...
,B,supernatural,supernatural,openlibrary_OL8454618W,Very Gothic Christmas,"Melanie George, Christine Feehan",...Romance blends with the supernatural mysteries and magic of the occult and t...
,B,supernatural,supernatural,openlibrary_OL17842623W,Spiritual Symbols,Nataša Pantović Nuit,"...ieve that signs and symbols are given a supernatural power at their creation. Words, signs a..."
,B,supernatural,supernatural,openlibrary_OL1978043W,Sophocles' tragic world,Charles Segal,"...iverse of family, city, nature, and the supernatural. He shows how these ancient masterpiece..."
,B,supernatural,supernatural,openlibrary_OL2691541W,Victorian testaments,Sue Zemka,"...proposes that, as the credibility of a supernatural source for the scriptures diminished, t..."
,B,supernatural,supernatural,openlibrary_OL9889709W,The scalpel and the soul,Allan J. Hamilton,"...lessons found in them. For physicians, supernatural inklings and intrusions are disturbing...."
,B,supernatural,supernatural,openlibrary_OL16482721W,Creatures,"Lee Bennett Hopkins, Stella Ormai",...oems featuring a variety of magical and supernatural creatures....
,B,supernatural,supernatural,openlibrary_OL17514293W,Code,Brendan Reichs,...y and her friends accidentally acquired supernatural abilities while attempting to solve a d...
,B,supernatural,supernatural,openlibrary_OL17519095W,Philip Larkin Art and Self,M. W. Rowe,"...ed but important themes (Larkin and the supernatural, Larkin and Flaubert)""--..."
,B,supernatural,supernatural,openlibrary_OL2008384W,The gates of the elect kingdom,"Wood, John",...ranged in a way to suggest in a natural/supernatural mode his remarkable character and biogr...
,B,supernatural,supernatural,openlibrary_OL15055323W,Deep Fear aka Pure Dead Frozen,Debi Gliori,"...rs. McLachlan, the super-efficient (and supernatural) nanny is back, safe and sound--but so..."
,B,supernatural,supernatural,openlibrary_OL19340497W,Himself: A Novel,"Jess Kidd, Jesse Kidd","...a blend of the natural everyday and the supernatural, folklore and mystery, and a healthy do..."
,B,supernatural,supernatural,openlibrary_OL19713792W,Against the Odds,Amy Ignatow,"...entify the culprit behind their unusual supernatural abilities, which they learn have been i..."
,B,supernatural,supernatural,openlibrary_OL777826W,An Arabian tale,"William Beckford, Samuel Henley, Richard Garnett , Samuel Henley, Franz Blei, John Beckford, Giaime Giaime Pintor","...nounces Islam in a hedonistic quest for supernatural powers, which leads to his downfall. Be..."
,B,supernatural,supernatural,openlibrary_OL82380W,Grave Surprise,Charlaine Harris,...ies. This second installment to her new supernatural mystery series might just be her bigges...
,B,supernatural,supernatural,openlibrary_OL14913349W,By Slanderous Tongues,Mercedes Lackey,...s confronted by enemies--both human and supernatural--who will do anything to keep her from...
,B,supernatural,supernatural,openlibrary_OL20049299W,Midnight Hour,C. C. Hunter,"...rned boarding school for teenagers with supernatural powers, Miranda Kane, a dyslexic witch,..."
,B,supernatural,supernatural,openlibrary_OL24189515W,Laid Waste,Julia Gfrorer,"...her, Agnes, a young widow possessed of supernatural strength, must weigh her obligations to..."
,B,supernatural,supernatural,openlibrary_OL11967334W,Jim Butcher's the Dresden files,"Jim Butcher, Mark Powers, Diego Galindo","...cago phone book, returns to take on new supernatural villains out to turn the world upside d..."
,B,supernatural,supernatural,openlibrary_OL17646699W,Not your ordinary wolf girl,Emily Pohl-Weary,"...lf, and must unravel the mystery of the supernatural world before her bandmates and the medi..."
,B,supernatural,supernatural,openlibrary_OL19926596W,Dead Man's Hand-Kerchief,Lorin Morgan-Richards,...The supernatural saddle bags go loose in this seventh in...
,B,supernatural,supernatural,openlibrary_OL6214252W,When the Elephants Dance,Tess Uriza Holthe,"...re a dazzling array of ghosts, witches, supernatural creatures, and courageous Filipinos who..."
,B,supernatural,supernatural,openlibrary_OL646609W,Batman Gothic,"Grant Morrison, Klaus Janson","...has come to Gotham City, this time with supernatural powers. And unless the Caped Crusader c..."
,B,supernatural,Supernatural,openlibrary_OL176740W,The Supernatural in Fiction,Peter Penzoldt,...*The Supernatural in Fiction* is an expansion of author P...
,B,supernatural,supernatural,openlibrary_OL19669894W,The people in the castle,"Joan Aiken, Lizza Aiken, Kelly Link","...ell. Here are tales of suspense and the supernatural that will chill, amuse, and exhilarate...."
,B,supernatural,supernatural,openlibrary_OL20743273W,You Know You Want This,Kristen Roupenian,...e stories range from the mundane to the supernatural. -- adapted from jacket...
,B,supernatural,supernatural,openlibrary_OL2756372W,Black feathers,Cecilia M. Tan,...llection of stories that interweave the supernatural and science fiction with the fantasy of...
,B,supernatural,supernatural,openlibrary_OL3912257W,Raiders of the lost ark,Les Martin,"...hich, according to legend, has awesome, supernatural power...."
,B,supernatural,supernatural,openlibrary_OL11876770W,Submission,Cherie Feather,...f Desire comes an erotic romance with a supernatural twist.Ethan Tierney is infamous in the...
,B,supernatural,supernatural,openlibrary_OL15172831W,FIRE ANGEL,B.J MCCALL,...lin Callahan is having a brush with the supernatural. Not only is a tiny light leading him t...
,B,supernatural,supernatural,openlibrary_OL15183204W,Sexy Beast ll,Kate Douglas,"...Meet three men with something extra—a supernatural, fierce sensuality that transforms them..."
,B,supernatural,supernatural,openlibrary_OL8691325W,Astral Nights,Kay Stone,"...rol Callan, she forces her into a final supernatural high noon…where the winner takes all...."
,B,supernatural,supernatural,openlibrary_OL19901802W,Seven ox seven,P. A. Ritzer,"...boasts a reputation of mystery and the supernatural in the legends of the Apache, Comanche,..."
,B,supernatural,supernatural,hardcover_439095,Alternate Routes,Tim Powers,"...Service agent, is a driver for a covert supernatural-evasion car service. But another govern..."
,B,supernatural,supernatural,hardcover_445978,Worldbinder,David Farland,...ewly invaded and secretly controlled by supernatural beings of ultimate evil. The sons are h...
,B,supernatural,supernatural,hardcover_459205,Hide Me Among the Graves,Tim Powers,"...c poet Lord Byron. Polidori is also the supernatural muse to his niece and nephew, poet Chri..."
,B,supernatural,supernatural,hardcover_481029,Harbingers,F. Paul Wilson,...to the middle of a conflict between two supernatural forces vying for control of all human l...
,B,supernatural,supernatural,hardcover_54393,Affliction,Laurell K. Hamilton,"...Anita Blake is no stranger to the supernatural. In this book, she faces something with..."
