decision,book_id,title
approve,2061,2061
approve,a_desolation_called_peace,A Desolation Called Peace
approve,cetaganda,Cetaganda
approve,chasing_stars,Chasing Stars
approve,children_of_ruin,Children of Ruin
approve,cytonic,Cytonic
approve,kirkus_rebecca_thorne_mossd_in_space,Moss'd In Space
approve,obsidian,Obsidian
approve,old_mans_war,Old Man's War
approve,onyx,Onyx
approve,project_hail_mary,Project Hail Mary
approve,record_of_a_spaceborn_few,Record of a Spaceborn Few
approve,rendezvous_with_rama,Rendezvous with Rama
approve,shattered,Shattered
approve,stranger_in_a_strange_land,Stranger in a Strange land
approve,the_confederation_handbook,The Confederation Handbook
approve,the_dark_forest,The Dark Forest
approve,the_galaxy_and_the_ground_within,"The Galaxy, and the Ground Within"
approve,the_hanging_tree,The Hanging Tree
approve,the_nano_flower,The Nano Flower
approve,the_santaroga_barrier,The Santaroga Barrier
approve,the_wasp_factory,The Wasp Factory
approve,openlibrary_OL19718464W,Hammers on Bone
approve,openlibrary_OL2918756W,Shōgun
approve,openlibrary_OL5352078W,Deathwatch
approve,openlibrary_OL6216050W,Stories of Your Life and Others
approve,openlibrary_OL76835W,Deception Point
approve,openlibrary_OL5683829W,Dark Challenge
approve,openlibrary_OL5683830W,Dark Demon
approve,openlibrary_OL5831597W,Raising Dragons (Dragons in Our Midst #1)
approve,openlibrary_OL5848609W,The Undead Kama Sutra
approve,openlibrary_OL16167048W,The crippled god
approve,openlibrary_OL17715961W,Clash of the Worlds
approve,openlibrary_OL17922379W,To Hold the Bridge
approve,openlibrary_OL103134W,The Martian Chronicles
approve,openlibrary_OL1881761W,The Sands of Time
approve,openlibrary_OL19713564W,Vanguard
approve,openlibrary_OL20216492W,English Animals
approve,openlibrary_OL17911290W,The twin powers
approve,openlibrary_OL2066162W,The Sheltering Sky
approve,openlibrary_OL4088386W,Time is the Simplest Thing
approve,openlibrary_OL473437W,Uncharted Stars
approve,openlibrary_OL5731690W,Natural history
approve,openlibrary_OL79594W,Star Trek - Strangers From the Sky
approve,openlibrary_OL116029W,Preserver
approve,openlibrary_OL15108359W,Legacy of the Darksword
approve,openlibrary_OL17523986W,The New Martians
approve,openlibrary_OL17793650W,Babylon’s ashes
approve,openlibrary_OL19339729W,Like a Mighty Army: A Novel in the Safehold Series
approve,openlibrary_OL19708134W,The Judge of Ages
approve,openlibrary_OL19967743W,The Daedalus incident
approve,openlibrary_OL20149336W,Exhalation
approve,openlibrary_OL20693827W,Vagabonds
approve,openlibrary_OL20872081W,Martians
approve,openlibrary_OL5704201W,THE NEW WORLD ORDER
approve,openlibrary_OL6043952W,Attack of the mutant meteors
approve,openlibrary_OL8116396W,Fear the Fantastic
approve,openlibrary_OL81665W,Red Mars
approve,openlibrary_OL918301W,Odd Man Out
approve,openlibrary_OL15059831W,The Singer's Gun
approve,openlibrary_OL16042662W,Lines and shadows
approve,openlibrary_OL17358806W,The Nature of the Beast
approve,openlibrary_OL462940W,Stone Kiss
approve,openlibrary_OL48060W,To the nines
approve,openlibrary_OL17877288W,The misfortunates
approve,openlibrary_OL19754741W,Look alive twenty-five
approve,openlibrary_OL3722016W,The jewel trader of Pegu
approve,openlibrary_OL17899919W,My gym teacher is an alien overlord
approve,openlibrary_OL59725W,The Menace from Earth
approve,openlibrary_OL16126139W,The empire of gut and bone
approve,openlibrary_OL17901597W,The Ministry of SUITs
approve,hardcover_202496,Seveneves
approve,hardcover_428759,Iron Widow
approve,hardcover_434434,Caliban's War
approve,hardcover_59480,Daughter of the Empire
approve,hardcover_305132,Soon I will be invincible
approve,hardcover_309619,Wrath of a Mad God
approve,hardcover_375768,Flight of the Nighthawks
approve,hardcover_383104,Mysterious Skin
approve,hardcover_446191,The Urth of the New Sun
approve,hardcover_473758,Winter World
approve,hardcover_603633,Legion
approve,hardcover_790327,For the Fans
approve,hardcover_880846,"A City on Mars: Can We Settle Space, Should We Settle Space, and Have We Really thought This Through?"
approve,hardcover_94739,Iron Council
approve,hardcover_1879363,Bee Speaker
approve,hardcover_198774,Dark Side of the Moon
approve,hardcover_254147,Manifold: Space
approve,hardcover_361618,Galactic Pot-Healer
approve,hardcover_436084,Broken Stars
approve,hardcover_459058,A Collapse of Horses: A Collection of Stories
approve,hardcover_486163,Science Fictions
approve,hardcover_84476,Non-Stop
approve,hardcover_1069824,Theft of Fire
approve,hardcover_1139034,Blackcollar
approve,hardcover_280431,Destiny's Road
approve,hardcover_300990,The Beast That Shouted Love at the Heart of the World
approve,hardcover_440166,Noumenon Infinity
approve,hardcover_468426,The Nonborn King
approve,hardcover_474172,Tomorrow's Kin
approve,hardcover_536165,Xeelee: Redemption
approve,hardcover_75222,I Am Spock
approve,hardcover_936776,War Bodies
approve,hardcover_107663,"Martians, go home"
approve,hardcover_110431,Choice of the Cat
approve,hardcover_121998,Europa Strike
approve,hardcover_197993,Count to a Trillion
approve,hardcover_46435,Web of the Witch World
approve,hardcover_486382,The Apocalypse Troll
approve,hardcover_552091,This Storm
approve,hardcover_560568,The Heritage of Hastur
approve,a_time_of_dread,A Time of Dread
approve,angel_mage,Angel Mage
approve,battle_ground,Battle Ground
approve,house_of_earth_and_blood,House of Earth and Blood
approve,openlibrary_OL15168768W,"Dark Angel, The Chosen, Soulmate"
approve,redemption,Redemption
approve,the_neutronium_alchemist,The Neutronium Alchemist
approve,openlibrary_OL15742253W,Abandon
approve,openlibrary_OL17465344W,Boundless (Unearthly #3)
approve,openlibrary_OL8833987W,The Everborn
approve,openlibrary_OL1546012W,The misfortunes of Sophy
approve,openlibrary_OL15473057W,Crescendo
approve,openlibrary_OL98267W,Fallen angels
approve,openlibrary_OL13775226W,"Hush, hush"
approve,openlibrary_OL14855764W,Eternal
approve,openlibrary_OL15168472W,Archangel's Kiss (Guild Hunter #2)
approve,openlibrary_OL15192071W,Queene of Light
approve,openlibrary_OL15440794W,"And falling, fly"
approve,openlibrary_OL15462046W,Covet
approve,openlibrary_OL15548491W,Cupid's kiss
approve,openlibrary_OL15938681W,Kill the dead
approve,openlibrary_OL16499999W,Black Night
approve,openlibrary_OL16533105W,Where demons fear to tread
approve,openlibrary_OL16697346W,Under Attack
approve,openlibrary_OL17459780W,Dark Skye
approve,openlibrary_OL17575515W,The Last Kiss Goodbye A Novel
approve,openlibrary_OL17827534W,Endless
approve,openlibrary_OL17838254W,Black dog
approve,openlibrary_OL17855259W,Kiss Me Deadly
approve,openlibrary_OL17919215W,Sin eaters
approve,openlibrary_OL18161577W,Immortal
approve,openlibrary_OL19357958W,Archangel's Shadows: Book 7 (The Guild Hunter Series)
approve,openlibrary_OL19650212W,Archangel's Prophecy (A Guild Hunter Novel Book 11)
approve,openlibrary_OL20086670W,Sleeping Late on Judgement Day: Bobby Dollar 3
approve,openlibrary_OL505446W,Angel of Desire
approve,openlibrary_OL5888085W,"Once dead, twice shy"
approve,openlibrary_OL14868783W,The Cricket on the Hearth
approve,openlibrary_OL14909214W,Mysteria Lane
approve,openlibrary_OL15299819W,Fallen
approve,openlibrary_OL15408701W,"Early to death, early to rise"
approve,openlibrary_OL17459314W,Never Been Bit
approve,openlibrary_OL17545738W,Archangels Storm                           (Guild Hunter #5)
approve,openlibrary_OL17566893W,Hexed
approve,openlibrary_OL17918592W,Rebel angels
approve,openlibrary_OL18161785W,Glorious sunset
approve,openlibrary_OL19921631W,Unearthly (Unearthly #1)
approve,openlibrary_OL28760692W,Transistor
approve,openlibrary_OL3359513W,Repossessed
approve,openlibrary_OL17826667W,Mr. Miracle
approve,openlibrary_OL1961310W,Angel Mine (Mira)
approve,openlibrary_OL28282W,Patchwork Planet
approve,openlibrary_OL8215711W,ONE PIECE 26
approve,openlibrary_OL13575376W,The Master Detective
approve,openlibrary_OL14956539W,36 arguments for the existence of God
approve,openlibrary_OL12534737W,Angelic Layer
approve,openlibrary_OL5879570W,The idea of love
approve,openlibrary_OL20032985W,The summer that melted everything
approve,openlibrary_OL9006190W,Living with Angels
approve,openlibrary_OL111576W,Lawless
approve,openlibrary_OL15192095W,A Western Winter Wonderland
approve,openlibrary_OL3929007W,Damiano
approve,openlibrary_OL19670243W,A Flight of Angels
approve,openlibrary_OL5956263W,"Angelic airs, subversive songs"
approve,openlibrary_OL9885347W,In God's Flower Garden
approve,openlibrary_OL14932960W,Parlor Games
approve,openlibrary_OL15060681W,Linger
approve,openlibrary_OL15172831W,FIRE ANGEL
approve,openlibrary_OL17794871W,A mermaid's kiss
approve,openlibrary_OL21796389W,Rebel Cowboy's Quadruplets
approve,hardcover_428550,The Library of the Unwritten
approve,hardcover_433760,The School for Good Mothers
approve,hardcover_459951,Pestilence
approve,openlibrary_OL17671662W,Wild Texas Rose
approve,openlibrary_OL19990227W,The shotgun arcana
approve,hardcover_377879,The Stupidest Angel: A Heartwarming Tale of Christmas Terror
approve,hardcover_474443,Darling Rose Gold
approve,hardcover_638210,He Who Fights With Monsters 9
approve,hardcover_458653,Mark of the Demon
approve,hardcover_651377,Small Miracles
approve,hardcover_768,Cold Granite
approve,hardcover_158871,Heaven
approve,hardcover_1832668,Wings So Wicked
approve,hardcover_359305,Vellum
approve,hardcover_451996,The Quite Nice and Fairly Accurate Good Omens Script Book
approve,hardcover_456100,An Unnatural Vice
approve,hardcover_526114,Sweet Peril
approve,a_fire_upon_the_deep,A Fire Upon the Deep
approve,genesis,Genesis
approve,neuromancer,Neuromancer
approve,prey,Prey
approve,openlibrary_OL19791182W,Goosebumps Most Wanted - Frankenstein's Dog
approve,openlibrary_OL20118357W,Frankissstein
approve,openlibrary_OL17463865W,Whispers In The Dark
approve,openlibrary_OL19652558W,Covert Game (A GhostWalker Novel)
approve,openlibrary_OL20048420W,Man overboard
approve,openlibrary_OL23165579W,Summer wars
approve,openlibrary_OL73339W,All the Weyrs of Pern
approve,openlibrary_OL20004457W,The Six
approve,openlibrary_OL8327162W,Probabilistic Reasoning in Multiagent Systems
approve,hardcover_427993,For We Are Many
approve,hardcover_527367,The Mountain in the Sea
approve,hardcover_1081498,Artificial Wisdom
approve,hardcover_296728,Avogadro Corp
approve,hardcover_322499,The Cat Who Walks Through Walls
approve,hardcover_340201,The Memory of Earth
approve,hardcover_432525,False Value
approve,hardcover_545667,Iron Prince
approve,hardcover_311580,Beyond the Rift
approve,hardcover_448901,Catfishing on CatNet
approve,hardcover_473781,"Genius Makers: The Mavericks Who Brought AI to Google, Facebook, and the World"
approve,hardcover_873564,"A Hacker's Mind: How the Powerful Bend Society's Rules, and How to Bend them Back"
approve,hardcover_381805,The Sheriff of Yrnameer
approve,hardcover_383074,In Fury Born
approve,hardcover_448912,Medusa Uploaded
approve,hardcover_237975,Old Twentieth
approve,84k,84K
approve,a_feast_for_crows,A Feast for Crows
approve,assassin,Assassin
approve,assassins_fate,Assassin’s Fate
approve,crown_of_midnight,Crown of Midnight
approve,fire_study,Fire Study
approve,fools_fate,Fool’s Fate
approve,ghost_story1,Ghost Story
approve,godkiller,Godkiller
approve,killing_is_my_business,Killing is my Business
approve,kingdom_of_ash,Kingdom of Ash
approve,made_to_kill,Made to Kill
approve,moons_artifice,Moon's Artifice
approve,openlibrary_OL15093169W,"Abraham Lincoln, Vampire Hunter"
approve,openlibrary_OL16681359W,Lure of the dead
approve,openlibrary_OL18820886W,The Dark Army
approve,openlibrary_OL1930889W,City of dreadful night
approve,openlibrary_OL19996212W,The revolution trade
approve,openlibrary_OL21727591W,Four and Twenty Blackbirds
approve,openlibrary_OL5721700W,Bone song
approve,openlibrary_OL5730092W,Blood Retribution
approve,openlibrary_OL8783316W,Vampire knight
approve,priory_orange_tree,The Priory of the Orange Tree
approve,shadows_edge,Shadow's Edge
approve,sword_of_the_north,Sword of the North
approve,the_broken_eye,The Broken Eye
approve,the_golden_fool,The Golden Fool
approve,the_kingdom_of_copper,The Kingdom of Copper
approve,the_last_mermaid,The Last Mermaid
approve,the_queen_of_the_tearling,The Queen of the Tearling
approve,the_woman_who_died_a_lot,The Woman Who Died A Lot
approve,theme_planet,Theme Planet
approve,throne_of_glass,Throne of Glass
approve,when_the_moon_hatched,When the Moon Hatched
approve,wind_and_truth,Wind and Truth
approve,words_of_radiance,Words of Radiance
approve,openlibrary_OL14863226W,The stories and fables of Ambrose Bierce
approve,openlibrary_OL16420613W,The rogue
approve,openlibrary_OL16704981W,The six-gun tarot
approve,openlibrary_OL17359908W,Yellow Brick War
approve,openlibrary_OL17732255W,The Horror hall of fame
approve,openlibrary_OL19671508W,The Hollow Boy
approve,openlibrary_OL19722894W,Spook's Dark Assassin
approve,openlibrary_OL19987711W,Firebug
approve,openlibrary_OL28996W,The Amber Spyglass
approve,openlibrary_OL3151582W,Nightfrights
approve,openlibrary_OL461891W,A kiss of shadows
approve,openlibrary_OL8257123W,The Saturday Evening Post Treasury
approve,openlibrary_OL1103204W,Mary Barton
approve,openlibrary_OL14959778W,61 hours
approve,openlibrary_OL16442331W,Crystal Gardens
approve,openlibrary_OL2324316W,Reconciliation
approve,openlibrary_OL262667W,Robert Ludlum's The Cassandra Compact
approve,openlibrary_OL29011W,The tin princess (Sally Lockhart #4)
approve,openlibrary_OL41243W,Saving Faith
approve,openlibrary_OL41249W,Stone Cold
approve,openlibrary_OL41256W,The Collectors
approve,openlibrary_OL50564W,Song of Solomon
approve,openlibrary_OL76524W,The Thirty-Nine Steps
approve,openlibrary_OL85741W,The Man with the Golden Gun
approve,openlibrary_OL85748W,For Your Eyes Only
approve,openlibrary_OL11967435W,One more bite
approve,openlibrary_OL14933259W,One Foot in the Grave
approve,openlibrary_OL14993674W,Dark Time
approve,openlibrary_OL15174312W,Ecstasy Unveiled
approve,openlibrary_OL15189535W,Child of a Dead God
approve,openlibrary_OL15212247W,Witches and Jesuits
approve,openlibrary_OL15395450W,Crave (Fallen Angels #2)
approve,openlibrary_OL16013694W,Guardian
approve,openlibrary_OL16610309W,"Deeper Than Midnight (Midnight Breed, Bk 9)"
approve,openlibrary_OL17554715W,Shadows Claim The Dacians
approve,openlibrary_OL17680455W,Born of shadows
approve,openlibrary_OL17731851W,Biting the bullet
approve,openlibrary_OL17804291W,By a thread
approve,openlibrary_OL17924619W,Red delicious
approve,openlibrary_OL19983011W,Poison promise
approve,openlibrary_OL19986005W,Evernight
approve,openlibrary_OL20081393W,Natir Whitebridge -A Grain of Respect
approve,openlibrary_OL26200476W,King of Battle and Blood
approve,openlibrary_OL28770275W,Collide
approve,openlibrary_OL37623219W,Octopussy and the Living Daylights - Octopussy/The property of a lady/The living daylights/007 in New York
approve,openlibrary_OL5724071W,Dark Truth
approve,openlibrary_OL675698W,The Blind Assassin
approve,openlibrary_OL77855W,Pandora
approve,openlibrary_OL8369457W,Veil of midnight
approve,openlibrary_OL85732W,"From Russia, with love"
approve,openlibrary_OL9003569W,Carinian's Seeker (Vampire Council of Ethics)
approve,openlibrary_OL14909443W,The Darkest Passion (Hqn)
approve,openlibrary_OL14937050W,"Bullet (Anita Blake, Vampire Hunter)"
approve,openlibrary_OL14962785W,Angel time
approve,openlibrary_OL15386762W,Taken by Midnight
approve,openlibrary_OL16063410W,Birthright
approve,openlibrary_OL16189039W,Angel burn
approve,openlibrary_OL16637006W,The crown of embers
approve,openlibrary_OL16796890W,The Alchemist of Souls
approve,openlibrary_OL17381318W,Star Wars - Rebel Force - Renegade
approve,openlibrary_OL17763539W,Born of fury
approve,openlibrary_OL18008835W,Of Fire and Stars
approve,openlibrary_OL1893742W,A Purrfect Romance
approve,openlibrary_OL1921198W,Libra
approve,openlibrary_OL19995737W,The wicked will rise
approve,openlibrary_OL20083482W,We Hunt the Flame
approve,openlibrary_OL20453670W,Shadowlight
approve,openlibrary_OL20644389W,The Queen's Assassin
approve,openlibrary_OL24601242W,Mile High with a Vampire
approve,openlibrary_OL453852W,Thud!
approve,openlibrary_OL461927W,A Stroke of Midnight
approve,openlibrary_OL516688W,The Halfling's Gem
approve,openlibrary_OL5683850W,Mind Game
approve,openlibrary_OL5683858W,Turbulent Sea
approve,openlibrary_OL5692961W,"Bloodfever (Fever Series, Book 2)"
approve,openlibrary_OL5696703W,"Caressed By Ice (The Psy-Changeling Series, Book 3)"
approve,openlibrary_OL5848528W,"Full Moon Rising (Riley Jensen, Guardian, Book 1)"
approve,openlibrary_OL60131W,The Year of the Griffin
approve,openlibrary_OL10425748W,Chekhov [7 stories]
approve,openlibrary_OL111416W,Betrayal in death
approve,openlibrary_OL157617W,The White House Connection
approve,openlibrary_OL15880W,The color of death
approve,openlibrary_OL159282W,The Bear and the Dragon (Jack Ryan Novels)
approve,openlibrary_OL16665002W,The Lincoln conspiracy
approve,openlibrary_OL167262W,Bait
approve,openlibrary_OL16801204W,ONE PIECE 36
approve,openlibrary_OL17198072W,Friction
approve,openlibrary_OL175824W,Seeing a large cat
approve,openlibrary_OL17633577W,Dangerous Games
approve,openlibrary_OL17725006W,The Target
approve,openlibrary_OL17886771W,William Shakespeare's Julius Caesar
approve,openlibrary_OL1807039W,The Eleventh Commandment
approve,openlibrary_OL1807092W,Shall we tell the President?
approve,openlibrary_OL19351268W,Rain on the Dead
approve,openlibrary_OL20652751W,Shakespeare in a Divided America
approve,openlibrary_OL3378661W,Code Name
approve,openlibrary_OL5813806W,Enslave Me Sweetly
approve,openlibrary_OL100120W,Berserker Man
approve,openlibrary_OL112342W,Late for the Wedding
approve,openlibrary_OL13754370W,The Cartel
approve,openlibrary_OL167333W,The Crush
approve,openlibrary_OL172993W,Assassin of Gor
approve,openlibrary_OL17509999W,Gods War
approve,openlibrary_OL17777766W,Star Wars - Tales from the New Republic
approve,openlibrary_OL19653601W,Star Wars - Last Shot - A Han and Lando Novel
approve,openlibrary_OL19681021W,The Perfect Assassin
approve,openlibrary_OL19995240W,Inspector of the Dead
approve,openlibrary_OL23370131W,Deadly alliance
approve,openlibrary_OL2619586W,Star Wars - The New Rebellion
approve,openlibrary_OL3071275W,Star Trek The Next Generation - Boogeymen
approve,openlibrary_OL3906363W,The Persian Boy
approve,openlibrary_OL9247039W,Lone Survivor
approve,openlibrary_OL100125W,Berserker
approve,openlibrary_OL134339W,Kill the shogun
approve,openlibrary_OL14920146W,Max
approve,openlibrary_OL15165730W,Star Wars - Fate of the Jedi - Allies
approve,openlibrary_OL15505449W,Pathfinder
approve,openlibrary_OL15640755W,Luminous Nights
approve,openlibrary_OL16555743W,Rogue
approve,openlibrary_OL16557703W,Prodigy
approve,openlibrary_OL16810217W,Limit
approve,openlibrary_OL17849707W,The Water Knife
approve,openlibrary_OL17885708W,Extinction
approve,openlibrary_OL18823048W,The Forever Man
approve,openlibrary_OL19974092W,Fiddlehead
approve,openlibrary_OL19974233W,Star Trek - The Fall - Peaceable Kingdoms
approve,openlibrary_OL20047806W,Tomb of the Khan
approve,openlibrary_OL20049953W,Girl in disguise
approve,openlibrary_OL21097576W,Hatter M Volume Five - Love of Wonder
approve,openlibrary_OL21933204W,Persephone Station
approve,openlibrary_OL2241714W,Memory Prime
approve,openlibrary_OL2303450W,Jimmy Coates
approve,openlibrary_OL2671483W,Killing time
approve,openlibrary_OL2888312W,Transmetropolitan
approve,openlibrary_OL3292446W,First Lensman
approve,openlibrary_OL3567784W,Star Wars - Legacy of the Force - Fury
approve,openlibrary_OL445952W,Survivor in Death
approve,openlibrary_OL4632944W,Death's Head
approve,openlibrary_OL49485W,Ender in Exile
approve,openlibrary_OL523452W,Star Wars - Legacy of the Force - Inferno
approve,openlibrary_OL523453W,Star Wars - Legacy of the Force - Invincible
approve,openlibrary_OL5683589W,Straken (High Druid of Shannara)
approve,openlibrary_OL5813979W,Star Wars - Legacy of the Force - Bloodlines
approve,openlibrary_OL5813986W,Star Wars - Legacy of the Force - Sacrifice
approve,openlibrary_OL6022403W,Star Trek The Next Generation - Foreign Foes
approve,openlibrary_OL7013212W,Star Trek The Next Generation - The Death of Princes
approve,openlibrary_OL7721093W,A Matter of Oaths
approve,openlibrary_OL892475W,HARM
approve,openlibrary_OL111704W,Killshot
approve,openlibrary_OL14920132W,Cross fire
approve,openlibrary_OL14926253W,Shadow man
approve,openlibrary_OL15268371W,Beautiful assassin
approve,openlibrary_OL167163W,London Bridges
approve,openlibrary_OL17090892W,I Hear the Sirens in the Street
approve,openlibrary_OL17359906W,Bullseye
approve,openlibrary_OL17428935W,The Fifth Assassin
approve,openlibrary_OL17562240W,Robert Ludlum’s The Bourne Ascendancy
approve,openlibrary_OL17921102W,Retribution
approve,openlibrary_OL1814606W,Decked
approve,openlibrary_OL19330061W,The Bootlegger
approve,openlibrary_OL19665438W,The midnight assassin
approve,openlibrary_OL19712850W,Trace
approve,openlibrary_OL20038343W,IQ
approve,openlibrary_OL20334286W,The Man Who Played with Fire
approve,openlibrary_OL21754W,The coffin dancer
approve,openlibrary_OL23479W,Black Sunday
approve,openlibrary_OL3297229W,A Coffin for Dimitrios
approve,openlibrary_OL3391067W,The Manchurian candidate
approve,openlibrary_OL40661W,Dark Assassin
approve,openlibrary_OL4098282W,Classic Crime Stories
approve,openlibrary_OL4298264W,Murder of mercy
approve,openlibrary_OL483723W,Blood Hunt
approve,openlibrary_OL503167W,Florida Roadkill
approve,openlibrary_OL5710112W,The president's assassin
approve,openlibrary_OL5816242W,Derailed
approve,openlibrary_OL84781W,South by South East
approve,openlibrary_OL907425W,Deliberate intent
approve,openlibrary_OL15936010W,It happened on a train (Brixton Brothers #3)
approve,openlibrary_OL16521440W,The innocent
approve,openlibrary_OL17913056W,Conspiracy 365
approve,openlibrary_OL3348009W,Bone in the throat
approve,openlibrary_OL115384W,The Treasure
approve,openlibrary_OL134903W,Murder at the president's door
approve,openlibrary_OL14858310W,"Good Evening Mr. and Mrs. America, and All the Ships at Sea"
approve,openlibrary_OL14962424W,Shinjū
approve,openlibrary_OL14982071W,The Elusive Bride (The Black Cobra Quartet)
approve,openlibrary_OL14991530W,Caligula
approve,openlibrary_OL15092185W,Under heaven
approve,openlibrary_OL15284642W,Murder's Art
approve,openlibrary_OL15284854W,Legacy of Hate
approve,openlibrary_OL15297758W,Angel of Doom
approve,openlibrary_OL15297759W,Angel Rising
approve,openlibrary_OL15839727W,The second objective
approve,openlibrary_OL17788230W,A Column of Fire
approve,openlibrary_OL1822442W,The Amber Knight
approve,openlibrary_OL1854167W,Dragon's Lair
approve,openlibrary_OL1977342W,War of the rats
approve,openlibrary_OL2071402W,The Languages of Pao
approve,openlibrary_OL221806W,The Temple of Music
approve,openlibrary_OL27411855W,Foul Lady Fortune
approve,openlibrary_OL3453466W,Victoria Victorious
approve,openlibrary_OL4797923W,Angel in Red
approve,openlibrary_OL4797924W,Angel of Vengeance (Angel (Severn House))
approve,openlibrary_OL497482W,The virtues of war
approve,openlibrary_OL497485W,Tides of War
approve,openlibrary_OL50946W,The Walking Drum
approve,openlibrary_OL5738312W,Elizabeth
approve,openlibrary_OL5957058W,Mr. Lincoln's Wars
approve,openlibrary_OL59944W,The Virgin's Lover
approve,openlibrary_OL8953594W,Mary
approve,openlibrary_OL9064931W,Tod und Teufel
approve,openlibrary_OL9065619W,Master Assassin
approve,openlibrary_OL10587369W,"No Deals, Mr. Bond"
approve,openlibrary_OL11817558W,Beat the Reaper (Peter Brown #1)
approve,openlibrary_OL14847920W,The program
approve,openlibrary_OL14864697W,A gentleman's game
approve,openlibrary_OL14920138W,Don't blink
approve,openlibrary_OL14927282W,The burning wire
approve,openlibrary_OL14981663W,The Last Testament
approve,openlibrary_OL15408613W,Goldstrike
approve,openlibrary_OL157612W,The Wrath of God
approve,openlibrary_OL15946522W,"Au revoir, crazy European chick"
approve,openlibrary_OL16086781W,Kill Me If You Can
approve,openlibrary_OL16126258W,Portrait of a spy
approve,openlibrary_OL16176588W,A devil is waiting
approve,openlibrary_OL16812861W,The Chase
approve,openlibrary_OL17332W,The red horseman
approve,openlibrary_OL17395758W,The Hit
approve,openlibrary_OL17630819W,The Ukrainian and Russian Notebooks
approve,openlibrary_OL17760716W,The execution
approve,openlibrary_OL17889971W,The Other Woman (Gabriel Allon #18)
approve,openlibrary_OL17947652W,Trap the devil
approve,openlibrary_OL18011984W,The Paris vendetta
approve,openlibrary_OL18143768W,Robert B. Parker's debt to pay
approve,openlibrary_OL1814744W,The Marching Season
approve,openlibrary_OL18165947W,Cape Disappointment
approve,openlibrary_OL19730235W,The rising sea
approve,openlibrary_OL19736697W,Eagle Strike (Alex Rider Graphic Novel)
approve,openlibrary_OL19958315W,Orders from Berlin
approve,openlibrary_OL20017455W,The end game
approve,openlibrary_OL20051409W,The stone heart
approve,openlibrary_OL20055150W,Where dead men meet
approve,openlibrary_OL24195113W,The Cellist
approve,openlibrary_OL2454246W,Robert Ludlum's Jason Bourne in The Bourne legacy
approve,openlibrary_OL2550632W,The Song Before It Is Sung
approve,openlibrary_OL2664900W,The Bourne ultimatum
approve,openlibrary_OL3917426W,The Vivero Letter
approve,openlibrary_OL44586542W,Make Me
approve,openlibrary_OL448924W,Clear and Present Danger
approve,openlibrary_OL48372W,Hit and Run
approve,openlibrary_OL553756W,Blood's a rover
approve,openlibrary_OL55928W,People of Darkness
approve,openlibrary_OL5715173W,The ignorance of blood
approve,openlibrary_OL5727587W,Black Order
approve,openlibrary_OL762609W,A star called Henry
approve,openlibrary_OL79479W,Dead silence
approve,openlibrary_OL84919W,Treasure
approve,openlibrary_OL15184933W,Licence to Fish
approve,openlibrary_OL16342416W,Perry's Killer Playlist
approve,openlibrary_OL17081004W,The Assassination of Margaret Thatcher
approve,openlibrary_OL18154282W,The business of naming things
approve,openlibrary_OL19704951W,The corpse exhibition
approve,openlibrary_OL4297496W,The Confidential Casebook of Sherlock Holmes
approve,openlibrary_OL483713W,Beggars Banquet
approve,openlibrary_OL1046354W,Dragon Fire
approve,openlibrary_OL15173108W,THE SMILING ASSASSIN
approve,openlibrary_OL15601883W,Mission unstoppable
approve,openlibrary_OL157501W,Solo
approve,openlibrary_OL16002139W,Never say genius
approve,openlibrary_OL17007296W,The detachment
approve,openlibrary_OL221693W,The Ely Plot (Wickit Chronicles #1)
approve,openlibrary_OL24250880W,Big Bang Generation
approve,openlibrary_OL5727599W,The Judas Strain
approve,openlibrary_OL15426464W,"Tall, Dark and Devastating"
approve,openlibrary_OL15553130W,Triple cross
approve,openlibrary_OL15857686W,Wyatt Earp
approve,openlibrary_OL17863265W,Misfit Lil fights back
approve,openlibrary_OL18683528W,Showdown at Hole-in-the-wall
approve,openlibrary_OL1945380W,Snow man
approve,openlibrary_OL1969727W,Butler's Wager
approve,openlibrary_OL1969729W,Denver Draw
approve,openlibrary_OL20040164W,The Kid
approve,openlibrary_OL20050171W,The bogus bondsman
approve,openlibrary_OL20985417W,Showdown in Jeopardy
approve,openlibrary_OL21716537W,Knife edge
approve,openlibrary_OL24278289W,Law at American River
approve,openlibrary_OL27016597W,Bad Boy
approve,openlibrary_OL5803450W,Game of chance
approve,openlibrary_OL8110221W,"The Man Within (Feline Breeds, Book 2)"
approve,openlibrary_OL907421W,Smonk
approve,openlibrary_OL9891495W,The Shopkeeper
approve,hardcover_1101007,Leather & Lark
approve,hardcover_118473,Furyborn
approve,hardcover_1614890,Finlay Donovan is Killing It
approve,hardcover_313034,Senlin Ascends
approve,hardcover_427397,Kushiel's Dart
approve,hardcover_427626,The Emperor's Soul
approve,hardcover_428734,Realm Breaker
approve,hardcover_428931,The Assassin's Blade
approve,hardcover_430937,The Penelopiad
approve,hardcover_437349,Billy Summers
approve,hardcover_440072,The Crown Tower
approve,hardcover_459108,Swordheart
approve,hardcover_514917,Witch King
approve,hardcover_60229,Grey Sister
approve,moodreads_4866,The Road of Bones
approve,moodreads_5552,No Rest for the Wicked
approve,openlibrary_OL1969719W,Texas Bluff
approve,openlibrary_OL19724227W,Stony Mesa sagas
approve,openlibrary_OL19740696W,When I die
approve,openlibrary_OL19748932W,Depth of winter
approve,openlibrary_OL21667325W,The iron horse
approve,openlibrary_OL50904W,From the listening hills
approve,openlibrary_OL51076W,Flint
approve,hardcover_1215453,The Dagger and the Flame
approve,hardcover_154319,Into the Labyrinth
approve,hardcover_1575914,Accomplice to the Villain
approve,hardcover_1686291,The Isle in the Silver Sea
approve,hardcover_175277,The Redbreast
approve,hardcover_1814296,This Kingdom Will Not Kill Me
approve,hardcover_192875,Zodiac
approve,hardcover_200608,Arrows of the Queen
approve,hardcover_221148,Halt's Peril
approve,hardcover_272857,Obsidian Butterfly
approve,hardcover_288897,Mistress of the Empire
approve,hardcover_311712,Temporary
approve,hardcover_334091,"The Stars, Like Dust"
approve,hardcover_336565,Skullsworn
approve,hardcover_39973,The Assassin's Curse
approve,hardcover_41081,Ashes of Victory
approve,hardcover_429030,LIFEL1K3
approve,hardcover_434752,The Power of the Dog
approve,hardcover_437326,Blue Moon
approve,hardcover_437894,Ritualist
approve,hardcover_445811,A Drink Before the War
approve,hardcover_445967,The Thousandfold Thought
approve,hardcover_446049,Dragon Wing
approve,hardcover_446281,The Waking Fire
approve,hardcover_446292,The Hand of Chaos
approve,hardcover_446924,A Plague of Giants
approve,hardcover_461261,The Wonder Engine
approve,hardcover_465257,The Ruthless Lady's Guide to Wizardry
approve,hardcover_475428,Prince of the Blood
approve,hardcover_476553,Point Blank
approve,hardcover_481828,Manhunt: The 12-Day Chase for Lincoln's Killer
approve,hardcover_482639,Saint's Blood
approve,hardcover_484816,The Heart of Betrayal
approve,hardcover_484852,Ballistic
approve,hardcover_484869,Savage Son
approve,hardcover_484885,On Target
approve,hardcover_484911,True Believer
approve,hardcover_504805,American Tabloid
approve,hardcover_510350,In the Blood
approve,hardcover_510392,Dead Eye
approve,hardcover_525818,The Assassin and the Empire
approve,hardcover_531375,The Assassin and the Underworld
approve,hardcover_531376,The Assassin and the Desert
approve,hardcover_531378,The Assassin and the Pirate Lord
approve,hardcover_531621,A Broken Blade
approve,hardcover_554761,All the Seas of the World
approve,hardcover_612764,Lady of Darkness
approve,hardcover_63888,Foreigner
approve,hardcover_78154,Heroes Die
approve,hardcover_88513,A Caress of Twilight
approve,hardcover_109482,The Pirate's Wish
approve,hardcover_1135658,Taming Seraphine
approve,hardcover_148618,How Firm a Foundation
approve,hardcover_150487,The Last American Vampire
approve,hardcover_164709,The English Spy
approve,hardcover_1666992,When Devils Sing
approve,hardcover_174407,Point Of Impact
approve,hardcover_186068,Radiant Shadows
approve,hardcover_219740,The Defector
approve,hardcover_273729,Agent in Place
approve,hardcover_309950,Mask of Shadows
approve,hardcover_336198,Shovel Ready
approve,hardcover_376728,The Last Oracle
approve,hardcover_37799,Voyage
approve,hardcover_42072,Acacia: The War with the Mein
approve,hardcover_430565,An Heir Comes to Rise
approve,hardcover_446535,The Book of Jhereg
approve,hardcover_446830,The Red Wolf Conspiracy
approve,hardcover_446881,The Price of Valor
approve,hardcover_458511,Golden Prey
approve,hardcover_458643,The Black Elfstone
approve,hardcover_460481,Queen of Storms
approve,hardcover_460854,Drumindor
approve,hardcover_461088,Spider's Revenge
approve,hardcover_495008,The Kingdom
approve,hardcover_525843,Court of Shadows
approve,hardcover_542684,The Jefferson key a novel
approve,hardcover_567819,Sinister Magic
approve,hardcover_587240,The Spook's Sacrifice
approve,hardcover_617564,Stone Heart
approve,hardcover_625,The White Lioness
approve,hardcover_92156,The Runaway King
approve,hardcover_1135217,Dungeon Diving 102
approve,hardcover_126121,Icebound
approve,hardcover_13614,Shards of Hope
approve,hardcover_244089,The Ghosts of Belfast
approve,hardcover_257041,Cloud of Sparrows
approve,hardcover_27671,Torch of freedom
approve,hardcover_283405,Scar Night
approve,hardcover_289727,Steles of the Sky
approve,hardcover_308170,March to the Sea
approve,hardcover_323597,The Bourne Deception
approve,hardcover_381052,Ordinary Thunderstorms
approve,hardcover_428989,Death Sworn
approve,hardcover_459724,Rapture
approve,hardcover_465959,Dividing Eden
approve,hardcover_469745,Green
approve,hardcover_476938,True Fiction
approve,hardcover_481241,The Eagle's Conquest
approve,hardcover_510482,November Road
approve,hardcover_575999,The Face Of Deception
approve,hardcover_576253,The Ninja
approve,hardcover_60315,Alert
approve,hardcover_606629,Crown of Slaves
approve,hardcover_650279,The Cold Six Thousand
approve,hardcover_679831,Cage of Dreams
approve,hardcover_705610,The Blood of Gods
approve,hardcover_765631,Boule de Suif
approve,hardcover_1023702,Intrepid
approve,hardcover_105180,Fun and games
approve,hardcover_106167,The Virtu
approve,hardcover_113796,Witchlanders
approve,hardcover_131066,Stranger in Paradise
approve,hardcover_1438018,The Amateur
approve,hardcover_1631387,Breaking Rosalind
approve,hardcover_164938,Tracker
approve,hardcover_199214,A spectacle of corruption
approve,hardcover_224431,Enola Holmes
approve,hardcover_360837,Quicker Than the Eye
approve,hardcover_363655,Senza sangue
approve,hardcover_379515,Cry no more
approve,hardcover_382117,The Assassin
approve,hardcover_459261,Born of Ice
approve,hardcover_465987,Hystopia
approve,hardcover_498477,The Shards of Heaven
approve,hardcover_510372,A Necessary Evil
approve,hardcover_519187,The Game
approve,hardcover_532796,The Last Thing He Wanted
approve,hardcover_542838,The Leopard Sword
approve,hardcover_545065,By Royal Command
approve,hardcover_617234,The Guise of Another
approve,hardcover_763194,Deadlock
approve,hardcover_942217,Peter Pan Must Die
approve,hardcover_96359,Running the Rift
approve,autoboyography,Autoboyography
approve,openlibrary_OL19991532W,Jason
approve,openlibrary_OL8678756W,Gay and Lesbian Youth
approve,openlibrary_OL2690662W,"Mema's house, Mexico City"
approve,openlibrary_OL15843872W,Losing Matt Shepard
approve,openlibrary_OL2755040W,Lesbian & gay youth
approve,openlibrary_OL3173997W,Geography Club
approve,openlibrary_OL4084794W,The man who fell in love with the moon
approve,openlibrary_OL17426856W,Black Like Us A Century Of Lesbian Gay And Bisexual African American Fiction
approve,openlibrary_OL18574874W,The Torturer's Wife
approve,openlibrary_OL9365020W,Sexcapades
approve,openlibrary_OL19959276W,Bi-Curious
approve,openlibrary_OL8826818W,Walk Like a Man
approve,hardcover_464981,They Never Learn
approve,hardcover_455714,Some Girls Do
approve,hardcover_385169,Little Children
approve,hardcover_450948,Who I Was with Her
approve,hardcover_464152,In One Person
approve,hardcover_1080620,The Dark We Know
approve,hardcover_1581180,Love in Focus
approve,hardcover_1790725,Disco Witches of Fire Island
approve,a_city_dreaming,A City Dreaming
approve,black_halo,Black Halo
approve,blood_rites,Blood Rites
approve,bloodmarked,Bloodmarked
approve,changes,Changes
approve,demon_road,Demon Road
approve,heir_of_fire,Heir of Fire
approve,lent,Lent
approve,moodreads_1763,My Funny Demon Valentine
approve,moodreads_6215,Kaikeyi
approve,moodreads_6924,The Lost Apothecary
approve,oathbound,Oathbound
approve,openlibrary_OL14933176W,"Silent Night, Haunted Night (Nicki Styx, Book 4)"
approve,openlibrary_OL14992751W,Queen Victoria
approve,openlibrary_OL15488103W,Ghoul strike!
approve,openlibrary_OL15920442W,The glass demon
approve,openlibrary_OL16361078W,City of Lost Souls
approve,openlibrary_OL16518061W,The blood keeper
approve,openlibrary_OL16700095W,The demonologist
approve,openlibrary_OL17540902W,"The Dark Elite (The Dark Elite, #1-2)"
approve,openlibrary_OL17689302W,High crime area
approve,openlibrary_OL17753983W,The unnoticeables
approve,openlibrary_OL17924773W,House of memories
approve,openlibrary_OL18797740W,The reapers are the angels
approve,openlibrary_OL19733782W,Hellwalkers
approve,openlibrary_OL19858065W,Penny Dreadfuls
approve,openlibrary_OL19960166W,Ever after
approve,openlibrary_OL21271265W,Gorod nebesnogo ogni͡a
approve,openlibrary_OL21454683W,Drawing Blood
approve,openlibrary_OL21887449W,Even If We Break
approve,openlibrary_OL24670165W,Cazadores de sombras
approve,openlibrary_OL25263686W,The House of Little Bones
approve,openlibrary_OL3171077W,The Magic of Shirley Jackson
approve,openlibrary_OL5727106W,Lord Loss (The Demonata)
approve,openlibrary_OL5727107W,Slawter
approve,openlibrary_OL5727117W,Demon thief
approve,openlibrary_OL5842260W,Dating4demons
approve,openlibrary_OL69285W,Amulet of Doom
approve,openlibrary_OL72341W,Superstitious
approve,openlibrary_OL8886170W,100 Creepy Little Creatures
approve,phantasma,Phantasma
approve,revival,Revival
approve,romeo_spikes,Romeo Spikes
approve,royal_rebel,Royal Rebel
approve,star_king,Star King
approve,the_adventures_of_amina_al_sirafi,The Adventures of Amina al-Sirafi
approve,the_bear_and_the_nightingale,The Bear and The Nightingale
approve,the_edge_of_reason,The Edge of Reason
approve,the_girl_in_the_tower,The Girl in The Tower
approve,the_gospel_of_loki,The Gospel of Loki
approve,the_grim_company,The Grim Company
approve,the_sad_tale_of_the_brothers_grossbart,The Sad Tale of the Brothers Grossbart
approve,the_winter_of_the_witch,The Winter of the Witch
approve,tome_of_the_undergates,Tome of the Undergates
approve,veteran,Veteran
approve,waking_nightmares,Waking Nightmares
approve,without_warning,Without Warning
approve,wrath,Wrath
approve,openlibrary_OL10350927W,Scary book
approve,openlibrary_OL12257358W,Smoke and ashes
approve,openlibrary_OL14907049W,Prom Nights from Hell
approve,openlibrary_OL149200W,Song of Susannah
approve,openlibrary_OL14932454W,100 Crooked Little Crime Stories
approve,openlibrary_OL14982396W,Shadow souls
approve,openlibrary_OL15075731W,Hell's heroes
approve,openlibrary_OL15075732W,Wolf Island
approve,openlibrary_OL15166172W,My Soul to Keep (Soul Screamers #3)
approve,openlibrary_OL15916319W,The late bus
approve,openlibrary_OL16341298W,Possess
approve,openlibrary_OL16361077W,City of Lost Souls The Mortal Instruments Book 5
approve,openlibrary_OL16529211W,Dark star
approve,openlibrary_OL16652651W,A perfect blood
approve,openlibrary_OL167169W,Cat & Mouse
approve,openlibrary_OL16817448W,The Impossible Knife of Memory
approve,openlibrary_OL16820698W,This House is Haunted
approve,openlibrary_OL17052085W,happy hour in hell
approve,openlibrary_OL17362025W,The Red Tags
approve,openlibrary_OL17825060W,"Unmarked (The Legion Series, Book 2)"
approve,openlibrary_OL17906967W,The captive condition
approve,openlibrary_OL17930363W,Sleeping Beauties
approve,openlibrary_OL18820885W,A New Darkness (Starblade Chronicles)
approve,openlibrary_OL18823246W,The Grimm Conclusion (A Tale Dark & Grimm)
approve,openlibrary_OL20006618W,Killing pretty
approve,openlibrary_OL20056023W,Grief cottage
approve,openlibrary_OL20148554W,Blood Communion
approve,openlibrary_OL20460608W,Mr. Monster
approve,openlibrary_OL20640786W,Diabolo
approve,openlibrary_OL20890999W,Ring Shout
approve,openlibrary_OL21229708W,Later
approve,openlibrary_OL21547986W,Ordinary Mayhem
approve,openlibrary_OL25088743W,Her Soul to Take
approve,openlibrary_OL25252170W,"The Ripper (Next Life, #2)"
approve,openlibrary_OL27849219W,We Won't Be Here Tomorrow
approve,openlibrary_OL2895538W,In a glass darkly
approve,openlibrary_OL3151677W,Dead of Night
approve,openlibrary_OL3338217W,The Spell of the Sorcerer's Skull
approve,openlibrary_OL3500211W,"Maps of heaven, maps of hell"
approve,openlibrary_OL4113986W,65 Great Spine Chillers
approve,openlibrary_OL4516527W,Fantômas
approve,openlibrary_OL5682599W,Demons are forever
approve,openlibrary_OL5727065W,Death's Shadow
approve,openlibrary_OL5856210W,Red sepulchre
approve,openlibrary_OL7027573W,Achievements in Fiction
approve,openlibrary_OL77815W,Vittorio the Vampire
approve,openlibrary_OL77819W,Blackwood Farm
approve,openlibrary_OL77825W,Servant of the Bones
approve,openlibrary_OL790527W,Angel
approve,openlibrary_OL8044381W,The second siege
approve,openlibrary_OL81627W,Skeleton crew
approve,openlibrary_OL8383177W,Hellboy
approve,openlibrary_OL8455255W,City of Bones
approve,openlibrary_OL858597W,"John Constantine, Hellblazer"
approve,openlibrary_OL9182527W,Prom Dates from Hell
approve,openlibrary_OL927199W,The Exorcist
approve,openlibrary_OL14869167W,The Old Curiosity Shop
approve,openlibrary_OL14978473W,Infinity
approve,openlibrary_OL15062282W,The Wordsworth Collection of Classic Romance
approve,openlibrary_OL15310172W,City of Glass
approve,openlibrary_OL15370343W,Clockwork Angel
approve,openlibrary_OL16002093W,Clockwork prince
approve,openlibrary_OL16215142W,Saphirblau
approve,openlibrary_OL16336633W,Fifty Shades of Grey
approve,openlibrary_OL16804289W,Inferno
approve,openlibrary_OL17746377W,Infatuate
approve,openlibrary_OL17875641W,Aru Shah And The End Of Time
approve,openlibrary_OL18004836W,Elements of Literature - Third Canadian Edition
approve,openlibrary_OL1940374W,Trilby
approve,openlibrary_OL20480768W,The Red Scrolls of Magic
approve,openlibrary_OL31220W,Mara and Dann
approve,openlibrary_OL3338237W,The Vengeance of the Witch-Finder
approve,openlibrary_OL3593545W,Xi you ji
approve,openlibrary_OL492640W,The Battle of the Labyrinth
approve,openlibrary_OL5708851W,Wolf Brother
approve,openlibrary_OL5725862W,Fractured
approve,openlibrary_OL76833W,Angels & Demons
approve,openlibrary_OL76837W,The Da Vinci Code
approve,openlibrary_OL8317358W,Tide of Terror
approve,openlibrary_OL11967433W,Bite marks
approve,openlibrary_OL14873315W,The Lost Symbol
approve,openlibrary_OL14906127W,Eternal Lover
approve,openlibrary_OL14906129W,Blood Feud / The Capture
approve,openlibrary_OL14906409W,Dark Dreamers
approve,openlibrary_OL14909686W,"Bound to Shadows (Riley Jensen, Guardian, Book 8)"
approve,openlibrary_OL14909847W,"Black Magic Sanction (Rachel Morgan, Book 8)"
approve,openlibrary_OL14933258W,First Drop of Crimson
approve,openlibrary_OL14950987W,Succubus Heat
approve,openlibrary_OL14981681W,Night Falls Darkly
approve,openlibrary_OL15111816W,Demon can't help it
approve,openlibrary_OL15114840W,Blood from stone
approve,openlibrary_OL15167567W,Blood of the Demon
approve,openlibrary_OL15171741W,Vampire Vendetta
approve,openlibrary_OL15171899W,Trick of the Light
approve,openlibrary_OL15178107W,Firespell
approve,openlibrary_OL15180129W,The Den of Shadows Quartet
approve,openlibrary_OL15192562W,Unchained (The Dark Forgotten)
approve,openlibrary_OL15278536W,Death's Excellent Vacation
approve,openlibrary_OL15347216W,Demon from the Dark (Immortals After Dark Book 10)
approve,openlibrary_OL15833256W,Son of the Shadows
approve,openlibrary_OL15941343W,Hunted
approve,openlibrary_OL16415269W,The last rite
approve,openlibrary_OL16442203W,Forgiven
approve,openlibrary_OL16471201W,The Savage fortress
approve,openlibrary_OL16516734W,The highwayman
approve,openlibrary_OL16517760W,Death's mistress
approve,openlibrary_OL16524676W,Predators and Prey
approve,openlibrary_OL16589189W,Highland Hunger
approve,openlibrary_OL16682193W,Time untime
approve,openlibrary_OL16797040W,Mark of the Witch
approve,openlibrary_OL16797127W,Daughter of the Spellcaster
approve,openlibrary_OL17188754W,War of the sons
approve,openlibrary_OL17377353W,Storm Of Reckoning
approve,openlibrary_OL17711038W,Kitty raises hell
approve,openlibrary_OL17717226W,Red phoenix
approve,openlibrary_OL17735522W,Highland beast
approve,openlibrary_OL17822827W,Bitter seeds
approve,openlibrary_OL17882832W,Demon derby
approve,openlibrary_OL18166085W,Vanished
approve,openlibrary_OL1828807W,Sisters of Isis
approve,openlibrary_OL19353652W,The Curse
approve,openlibrary_OL19669290W,Seriously wicked
approve,openlibrary_OL19979265W,Buffy the Vampire Slayer
approve,openlibrary_OL19988270W,Otherworld Nights
approve,openlibrary_OL19991886W,The Book of Storms
approve,openlibrary_OL20022404W,Marked
approve,openlibrary_OL20038416W,Lost gods
approve,openlibrary_OL20654629W,Steel and Promise
approve,openlibrary_OL20906222W,City of light
approve,openlibrary_OL20911288W,Burn bright
approve,openlibrary_OL20911510W,Shimmer
approve,openlibrary_OL20913722W,The secret journal of Ichabod Crane
approve,openlibrary_OL21028063W,Better Off Red
approve,openlibrary_OL22943437W,Lady Midnight
approve,openlibrary_OL24390421W,"Jamis Bachman, Ghost Hunter"
approve,openlibrary_OL24707460W,Hunter's Descent
approve,openlibrary_OL25073147W,Slewfoot
approve,openlibrary_OL25909910W,The Demon Equilibrium
approve,openlibrary_OL27735020W,The waiting
approve,openlibrary_OL31212116W,Karma
approve,openlibrary_OL31213460W,The Gateway through which they came
approve,openlibrary_OL41250W,Simple Genius
approve,openlibrary_OL4313064W,Witchy Woman
approve,openlibrary_OL456089W,The Shipping News
approve,openlibrary_OL461256W,Darkling
approve,openlibrary_OL468850W,Del amor y otros demonios
approve,openlibrary_OL5362107W,Ceremony of the Innocent
approve,openlibrary_OL5682767W,Blood bound
approve,openlibrary_OL5683893W,Dark Celebration
approve,openlibrary_OL5688697W,More Than Fiends
approve,openlibrary_OL5688736W,Eternally
approve,openlibrary_OL5721940W,Winds of evil
approve,openlibrary_OL5738517W,The forbidden
approve,openlibrary_OL5738529W,The darkness
approve,openlibrary_OL5848713W,Epoch
approve,openlibrary_OL5856201W,Vicious Circle
approve,openlibrary_OL5888094W,"A Fistful of Charms (Rachel Morgan, Book 4)"
approve,openlibrary_OL7910735W,Veiled truth
approve,openlibrary_OL81838W,Haunted waters
approve,openlibrary_OL8488887W,Storm Born
approve,openlibrary_OL8842704W,Hotter After Midnight
approve,openlibrary_OL9210440W,"Biting the Bullet (Jaz Parks, Book 3)"
approve,openlibrary_OL9213384W,Servant The Awakening
approve,openlibrary_OL9355710W,Speed demon
approve,openlibrary_OL1057178W,The Ramayana
approve,openlibrary_OL111508W,The Hollow
approve,openlibrary_OL111623W,Dance of the Gods
approve,openlibrary_OL13769963W,Devil's Kiss
approve,openlibrary_OL14906135W,Undead in the Garden of Good and Evil / The Claire Switch Project / Chaotic / Dead Man Dating
approve,openlibrary_OL14909445W,The Darkest Whisper
approve,openlibrary_OL14925046W,Psyche in a dress
approve,openlibrary_OL14937828W,Shades of Midnight
approve,openlibrary_OL15069174W,Secrets of the Dragon Sanctuary
approve,openlibrary_OL15104158W,Into the Dark
approve,openlibrary_OL15172916W,Belong to the Night
approve,openlibrary_OL15176318W,The Dangerous Book For Demon Slayers
approve,openlibrary_OL15517484W,Black Wings
approve,openlibrary_OL15597614W,Keys to the Demon Prison
approve,openlibrary_OL15688556W,Midnight
approve,openlibrary_OL16025856W,Fray
approve,openlibrary_OL16116901W,Every Other Day
approve,openlibrary_OL16412738W,Misfit
approve,openlibrary_OL16688327W,Hollow Earth
approve,openlibrary_OL17788140W,The Novice
approve,openlibrary_OL17919349W,Demonosity
approve,openlibrary_OL18061304W,Let the dead sleep
approve,openlibrary_OL19086598W,Hot Blooded (Jessica McClain Book 2)
approve,openlibrary_OL19111131W,The People in the Trees
approve,openlibrary_OL19333884W,Dragonsworn: A Dark-Hunter Novel (Dark-Hunter Novels)
approve,openlibrary_OL1966598W,The Iron Ring
approve,openlibrary_OL19967544W,Children of fire
approve,openlibrary_OL19982570W,The witch with no name
approve,openlibrary_OL19982574W,Son of no one
approve,openlibrary_OL19983611W,The dark world
approve,openlibrary_OL20761976W,Way Back
approve,openlibrary_OL20853603W,Bree McCready and the realm of the lost
approve,openlibrary_OL21052512W,Hatter M Volume Four - Zen of Wonder
approve,openlibrary_OL2250775W,The dragons of Ordinary Farm
approve,openlibrary_OL28587991W,P'ŏsi Chaeksŭn gwa Ollimp'osŭ ŭi Sin
approve,openlibrary_OL3237851W,H.D. and the Victorian fin de siècle
approve,openlibrary_OL3388105W,Faerie wars
approve,openlibrary_OL3521999W,One silent night
approve,openlibrary_OL3578606W,Swords of Haven
approve,openlibrary_OL396062W,Ramayana
approve,openlibrary_OL4092150W,Hatching Magic
approve,openlibrary_OL453936W,Good Omens
approve,openlibrary_OL5682683W,Just One Bite
approve,openlibrary_OL5683507W,Magic Kingdom For Sale/Sold!
approve,openlibrary_OL5813533W,Beyond the Dark
approve,openlibrary_OL5813817W,The Darkest Pleasure
approve,openlibrary_OL5888093W,Every which way but dead
approve,openlibrary_OL85676W,Ptolemy's Gate
approve,openlibrary_OL90562W,Operation Chaos
approve,openlibrary_OL112313W,Scandal
approve,openlibrary_OL15193977W,Krabat
approve,openlibrary_OL16550681W,Fifty Shades Darker
approve,openlibrary_OL18048973W,Grandmaster
approve,openlibrary_OL19714760W,Blood oath
approve,openlibrary_OL20006604W,Consequences
approve,openlibrary_OL20074937W,Evvie Drake Starts Over
approve,openlibrary_OL21223993W,After dark
approve,openlibrary_OL5683349W,Shiver
approve,openlibrary_OL8826528W,Shield of Justice
approve,openlibrary_OL11018799W,Lord demon
approve,openlibrary_OL11362717W,Small g
approve,openlibrary_OL14170W,This charming man
approve,openlibrary_OL19727007W,Promise Not to Tell
approve,openlibrary_OL19742151W,Bought to Carry His Heir
approve,openlibrary_OL19964689W,"Daniel X, the manga 3"
approve,openlibrary_OL20928223W,The Petroleum Manga
approve,openlibrary_OL25337969W,Just by Looking at Him
approve,openlibrary_OL5683479W,The Elfstones of Shannara
approve,openlibrary_OL11764312W,Melonhead
approve,openlibrary_OL15843084W,Hades
approve,openlibrary_OL16497828W,The girl in the box
approve,openlibrary_OL17710479W,Shadowcaster
approve,openlibrary_OL17929309W,Star Trek Corps of Engineers - Grand Designs
approve,openlibrary_OL19339818W,Dark Orbit
approve,openlibrary_OL19363083W,H.A.N.D
approve,openlibrary_OL2421559W,Star Trek V - The Final Frontier
approve,openlibrary_OL2421578W,Star Trek - Demons
approve,openlibrary_OL2538227W,Veniss underground
approve,openlibrary_OL2737402W,Rio Lento
approve,openlibrary_OL3847246W,The worm Ouroboros
approve,openlibrary_OL473452W,Breed to Come
approve,openlibrary_OL8076583W,Quaking
approve,openlibrary_OL11375124W,The triumph of Katie Byrne
approve,openlibrary_OL114368W,Dark eye
approve,openlibrary_OL14949693W,Divine Justice
approve,openlibrary_OL15055323W,Deep Fear aka Pure Dead Frozen
approve,openlibrary_OL15164716W,The Way Home
approve,openlibrary_OL152314W,Day of confession
approve,openlibrary_OL17744704W,Saints of New York
approve,openlibrary_OL17847681W,Dreamland Burning
approve,openlibrary_OL1948512W,Five Go to Demon's Rocks
approve,openlibrary_OL19965277W,Anonymous sources
approve,openlibrary_OL19982010W,One of us
approve,openlibrary_OL262383W,The Master Key
approve,openlibrary_OL270880W,A Voyage for Madmen
approve,openlibrary_OL2943671W,Hemingway's Key West
approve,openlibrary_OL5842018W,Sharp Objects
approve,openlibrary_OL18821028W,Killing Season
approve,openlibrary_OL1927683W,City of the Sun
approve,openlibrary_OL20040215W,Incensed
approve,openlibrary_OL20426W,"Lisa, Bright and Dark"
approve,openlibrary_OL27052926W,Demon Copperhead
approve,openlibrary_OL27112964W,Painless
approve,openlibrary_OL5706122W,Devilish
approve,openlibrary_OL5713778W,"The Second Summer of the Sisterhood (Sisterhood of the Traveling Pants Series, Book 2)"
approve,openlibrary_OL5843232W,Then we came to the end
approve,openlibrary_OL8135461W,A Teenager's Journey
approve,openlibrary_OL16449762W,The more I owe you
approve,openlibrary_OL23122W,Sherlock Holmes and the Ice Palace Murders
approve,openlibrary_OL39390488W,The Stolen Queen
approve,openlibrary_OL553671W,Always and Forever
approve,openlibrary_OL5813410W,A Dangerous Beauty
approve,openlibrary_OL6210429W,The crusader
approve,openlibrary_OL78037W,"Mercedes of Castile, or, The voyage to Cathay"
approve,openlibrary_OL8367116W,Damiano's Lute
approve,openlibrary_OL895192W,A Rogue's Proposal
approve,openlibrary_OL9166798W,Broken Wing
approve,openlibrary_OL13617824W,Black water rising
approve,openlibrary_OL15588291W,Deka Kyoshi
approve,openlibrary_OL15727258W,Chronicles of the cursed sword
approve,openlibrary_OL159621W,Rainbow six
approve,openlibrary_OL18181324W,Tyranny
approve,openlibrary_OL19711448W,Blue exorcist
approve,openlibrary_OL19755246W,The battle of the Labyrinth
approve,openlibrary_OL20032895W,Broken trust
approve,openlibrary_OL20039495W,Fire force
approve,openlibrary_OL20040827W,Revenge in a cold river
approve,openlibrary_OL516689W,The Legacy
approve,openlibrary_OL15615939W,"Adios, nirvana"
approve,openlibrary_OL16142317W,I am an executioner
approve,openlibrary_OL16694894W,The beautiful mystery
approve,openlibrary_OL17421829W,Stone of Tymora
approve,openlibrary_OL17868812W,The burning crown
approve,openlibrary_OL20669811W,The Age of Anxiety
approve,openlibrary_OL25739229W,Those Who Make Us
approve,openlibrary_OL2976498W,Pecked to death by ducks
approve,openlibrary_OL39780527W,Crack the Darkest Sky Wide Open
approve,openlibrary_OL5608086W,Twice-Told Tales
approve,openlibrary_OL5730141W,The Steel Remains
approve,openlibrary_OL65433W,A Vocation and a Voice [23 stories]
approve,openlibrary_OL14981273W,Sexy Beast
approve,openlibrary_OL15004742W,The Aluria Chronicles
approve,openlibrary_OL16802928W,"Fifty Shades of Grey, a Trilogy"
approve,openlibrary_OL17897191W,Darker
approve,openlibrary_OL20913852W,Eyes wide open
approve,openlibrary_OL29268660W,Black tarantula
approve,openlibrary_OL5687091W,The demon's daughter
approve,openlibrary_OL61300W,The Life and Adventures of Lyle Clemens
approve,openlibrary_OL8110227W,Nauti Boy
approve,openlibrary_OL8935479W,Alice: Shadows of Perdition
approve,openlibrary_OL17383076W,I Dream Of Dragons
approve,openlibrary_OL17488165W,A Night of Scandal
approve,openlibrary_OL17762583W,On Dublin Street
approve,openlibrary_OL19856097W,How the West went to Hell
approve,openlibrary_OL19985216W,No in between
approve,openlibrary_OL20942759W,The Doctor's Redemption
approve,openlibrary_OL21162748W,When All the World Sleeps
approve,openlibrary_OL24287566W,My call
approve,openlibrary_OL5685615W,"Hawke, vendetta trail"
approve,openlibrary_OL8488891W,Succubus Dreams
approve,openlibrary_OL8488900W,Sins of the Night
approve,hardcover_1083047,The Book of Doors
approve,hardcover_1086196,Horror Movie
approve,hardcover_146704,The Curse of Chalion
approve,hardcover_245192,Eric
approve,hardcover_260573,The Ship of the Dead
approve,hardcover_346733,Chain of Gold
approve,hardcover_381693,The Desert Spear
approve,hardcover_385978,The Warded Man: Book One of The Demon Cycle
approve,hardcover_428243,"Girl, Serpent, Thorn"
approve,hardcover_428656,The Ruin of Kings
approve,hardcover_428792,Kingdom of the Cursed
approve,hardcover_428805,Kingdom of the Feared
approve,hardcover_437918,The Daylight War
approve,hardcover_446087,Black Sun Rising
approve,hardcover_446805,Holy Sister
approve,hardcover_453000,The Devil and the Dark Water
approve,hardcover_453591,Elder Race
approve,hardcover_455793,The Girl Who Fell Beneath the Sea
approve,hardcover_455976,Nettle & Bone
approve,hardcover_48225,House of Many Ways
approve,hardcover_50275,The Hike
approve,hardcover_506428,Twisted Hate
approve,hardcover_572452,That Time I Got Drunk and Saved a Demon
approve,hardcover_6153,Red Sister
approve,hardcover_667551,Camp Damascus
approve,hardcover_677747,Throne of the Fallen
approve,openlibrary_OL19730244W,The which way tree
approve,openlibrary_OL24281594W,Let the guns decide
approve,openlibrary_OL2662483W,The Last Crossing
approve,openlibrary_OL27681599W,The Gallows Gang
approve,openlibrary_OL8149686W,Ride to Raton
approve,openlibrary_OL8584376W,Arizona War
approve,hardcover_111864,A Knight of the Word
approve,hardcover_112105,Vision in White
approve,hardcover_1201271,Throne of Secrets
approve,hardcover_1249719,Model Home
approve,hardcover_126150,Halfway to the Grave
approve,hardcover_147314,My Friend Dahmer
approve,hardcover_157341,The Secret of the Nagas
approve,hardcover_1667548,For Whom the Belle Tolls
approve,hardcover_1765414,Play Nice
approve,hardcover_177285,The Devil You Know
approve,hardcover_1952655,The Red Winter
approve,hardcover_199854,The Late Show
approve,hardcover_21396,Zero: The Biography of a Dangerous Idea
approve,hardcover_225783,The Core
approve,hardcover_2451449,Winter Counts
approve,hardcover_280486,The Guns of Avalon
approve,hardcover_28563,Practical Demonkeeping
approve,hardcover_299109,Burned
approve,hardcover_301326,Cruel Beauty
approve,hardcover_329054,I Know This Much Is True
approve,hardcover_3307,Our Dark Duet
approve,hardcover_350299,Rise of a Merchant Prince
approve,hardcover_376315,Lunar Park
approve,hardcover_377974,White Hot Kiss
approve,hardcover_382420,Rides a Dread Legion
approve,hardcover_385654,Light
approve,hardcover_386496,Succubus Blues
approve,hardcover_39584,Zero Day
approve,hardcover_429951,The Fourth Monkey
approve,hardcover_430720,Piercing
approve,hardcover_437455,You Are Not Alone
approve,hardcover_441153,Women Talking
approve,hardcover_445951,Passage to Dawn
approve,hardcover_447392,The Desert Prince
approve,hardcover_447603,When Nietzsche Wept
approve,hardcover_448288,Second Place
approve,hardcover_449096,The Music of What Happens
approve,hardcover_449352,Borderline
approve,hardcover_451269,The Deep
approve,hardcover_458781,Two Serpents Rise
approve,hardcover_460167,Prosper's Demon
approve,hardcover_460901,Awakened Kingdom
approve,hardcover_462155,The Lost War
approve,hardcover_475249,The Dictionary of Obscure Sorrows
approve,hardcover_478564,The Diamond Eye
approve,hardcover_526041,A Ruin of Roses
approve,hardcover_544836,Teen Titans: Raven
approve,hardcover_547928,A Soul to Keep
approve,hardcover_587214,The Sinner
approve,hardcover_593604,The Sun and the Star: A Nico di Angelo Adventure
approve,hardcover_769714,Kaiju: Battlefield Surgeon
approve,hardcover_801802,King of Gluttony
approve,hardcover_82269,Mosquitoland
approve,hardcover_883291,Soul of a Witch
approve,hardcover_943254,Where the Dark Stands Still
approve,hardcover_117692,Bec
approve,hardcover_1198141,Days of Shattered Faith
approve,hardcover_120733,Piercing the Darkness
approve,hardcover_132274,Demon Apocalypse
approve,hardcover_1356748,The Scorpion and the Night Blossom
approve,hardcover_1443858,Little Liar
approve,hardcover_153805,Dream Chaser
approve,hardcover_1743524,Half City
approve,hardcover_2060304,Out Law
approve,hardcover_215373,Bearers of the Black Staff
approve,hardcover_231684,The Dead House
approve,hardcover_233940,Pandemonium
approve,hardcover_239429,The Ghost King
approve,hardcover_246885,Succubus on Top
approve,hardcover_27636,The Demon's Lexicon
approve,hardcover_282070,The Spirit Eater
approve,hardcover_287673,Mister B. Gone
approve,hardcover_309116,The Dream-Hunter
approve,hardcover_319420,Devil May Cry
approve,hardcover_334497,Crown of Shadows
approve,hardcover_34756,The Demon Awakens
approve,hardcover_357122,To Ride Hell's Chasm
approve,hardcover_362909,Last First Snow
approve,hardcover_37714,Dark Desires After Dusk
approve,hardcover_440478,Bellweather Rhapsody
approve,hardcover_440882,The Memory of Souls
approve,hardcover_445956,Good Intentions
approve,hardcover_449704,Bacchanal
approve,hardcover_456562,The Border Keeper
approve,hardcover_458939,Aru Shah and the City of Gold
approve,hardcover_459233,Shades of Wicked
approve,hardcover_461431,Penric's Fox
approve,hardcover_463714,A Throne of Ruin
approve,hardcover_465290,The Name of All Things
approve,hardcover_465912,Out of Time
approve,hardcover_468854,Unholy Ghosts
approve,hardcover_485817,Transformation
approve,hardcover_515300,Veronica
approve,hardcover_530607,From Bad to Cursed
approve,hardcover_538126,Take It Back
approve,hardcover_542626,The Thirst
approve,hardcover_59682,Legion
approve,hardcover_689399,Whispers of You
approve,hardcover_71368,First Family
approve,hardcover_779,A Princess of Landover
approve,hardcover_8564,Pleasure Unbound
approve,hardcover_882745,"Dark Star Burning, Ash Falls White"
approve,hardcover_1905995,Fiend
approve,hardcover_206384,Renaissance
approve,hardcover_2176574,Haunting the Hunter
approve,hardcover_224978,Light My Fire
approve,hardcover_228585,Song of a Captive Bird
approve,hardcover_243171,The Masterpiece
approve,hardcover_25353,Lamb to the Slaughter
approve,hardcover_30609,The Accidental Demon Slayer
approve,hardcover_315392,A Severed Head
approve,hardcover_317522,The Stars Never Rise
approve,hardcover_319650,Staying Dead
approve,hardcover_33175,Azazel
approve,hardcover_345176,The Darkest Touch
approve,hardcover_376172,Pet Peeve
approve,hardcover_444347,Patina
approve,hardcover_445731,Hell Divers VII: Warriors
approve,hardcover_446178,The Demon Spirit
approve,hardcover_449074,Creatures of Will and Temper
approve,hardcover_449218,The Good Demon
approve,hardcover_450042,Where We Go When All We Were Is Gone
approve,hardcover_454453,Scream All Night
approve,hardcover_458567,Passion Unleashed
approve,hardcover_459283,Caine's law
approve,hardcover_461598,Bring Me the Head of Prince Charming
approve,hardcover_466220,Hearts We Sold
approve,hardcover_468957,Swords and Ice Magic
approve,hardcover_471721,The Highlander
approve,hardcover_5013,Deathcaster
approve,hardcover_516629,The Man in the Picture
approve,hardcover_593560,Return of the Dragon Slayers
approve,hardcover_616254,Malum Discordiae
approve,hardcover_616257,Prince of Air and Darkness
approve,hardcover_764260,The Cursed Carnival and Other Calamities: New Stories about Mythic Heroes
approve,hardcover_884872,By the Light of Dead Stars
approve,hardcover_89403,Ship It
approve,hardcover_990695,The Barrow Will Send What it May
approve,hardcover_1050869,Echo
approve,hardcover_105754,Binding the Shadows
approve,hardcover_1097306,I’m Glad You’re Dead
approve,hardcover_1148270,The Scratch Daughters
approve,hardcover_156153,Count to Ten
approve,hardcover_175269,Dark pines
approve,hardcover_215587,Harvest Hunting
approve,hardcover_228516,Demon Mistress
approve,hardcover_238059,Playing With Fire
approve,hardcover_309125,Night Winds
approve,hardcover_326835,Restoration
approve,hardcover_329783,Black Out
approve,hardcover_39189,The Eternal Prison
approve,hardcover_445297,Real
approve,hardcover_450070,Every Demon Has His Day
approve,hardcover_458905,Invision
approve,hardcover_507339,Hunting Annabelle
approve,hardcover_510361,When Christmas Comes
approve,hardcover_510371,Smoke and Ashes
approve,hardcover_525941,Rejection
approve,hardcover_554995,The fiend and the forge
approve,hardcover_559632,The Girls in the Snow
approve,hardcover_596104,The Infernals
approve,hardcover_65275,Holy Smokes
approve,hardcover_698730,Sweet Fall
approve,hardcover_765877,Wicked Autumn
approve,a_court_of_thorns_and_roses,A Court of Thorns and Roses
approve,cruel_prince,The Cruel Prince
approve,ironside,Ironside
approve,openlibrary_OL19906911W,Thief eyes
approve,openlibrary_OL384658W,A season of ghosts
approve,summer_knight,Summer Knight
approve,the_falconer,The Falconer
approve,the_queen_of_nothing,The Queen of Nothing
approve,the_vanishing_throne,The Vanishing Throne
approve,the_wise_mans_fear,The Wise Man's Fear
approve,tithe,Tithe
approve,valiant,Valiant
approve,openlibrary_OL14975232W,Dream Country
approve,openlibrary_OL16153158W,Don't breathe a word
approve,openlibrary_OL16361035W,Endlessly (Paranormalcy #3)
approve,openlibrary_OL17436127W,Frankie The Make-up Fairy
approve,openlibrary_OL17483126W,Claudia the Accessories Fairy
approve,openlibrary_OL17549443W,Miranda the Beauty Fairy
approve,openlibrary_OL4868605W,Impact--Second Edition
approve,openlibrary_OL5886948W,Hayley the Rain Fairy
approve,openlibrary_OL5886999W,Izzy the Indigo Fairy
approve,openlibrary_OL679345W,The Books of Magic
approve,openlibrary_OL1130038W,The water-babies: a fairy tale for a land-baby
approve,openlibrary_OL13804760W,Ash
approve,openlibrary_OL15279945W,Artemis Fowl and the Atlantis Complex
approve,openlibrary_OL16811193W,Unlucky Charms
approve,openlibrary_OL17373007W,Isabella the Air Fairy
approve,openlibrary_OL17375668W,Naomi the Netball Fairy
approve,openlibrary_OL17380017W,Alice the Tennis Fairy
approve,openlibrary_OL17413209W,Milly the River Fairy
approve,openlibrary_OL17420307W,Lily the Rainforest Fairy
approve,openlibrary_OL17477160W,Nicole the Beach Fairy
approve,openlibrary_OL21508864W,The Fairy Swarm
approve,openlibrary_OL259010W,A Midsummer Night's Dream
approve,openlibrary_OL453748W,The Wee Free Men
approve,openlibrary_OL5725956W,Artemis Fowl
approve,openlibrary_OL5725961W,Artemis Fowl and the Eternity Code
approve,openlibrary_OL5725975W,The Opal Deception
approve,openlibrary_OL8755877W,Fablehaven
approve,openlibrary_OL11967024W,Lament
approve,openlibrary_OL16517060W,Bloody good
approve,openlibrary_OL16557698W,Endure (Need #4)
approve,openlibrary_OL16619593W,Tricks of the trade
approve,openlibrary_OL19730219W,High voltage
approve,openlibrary_OL19919638W,Ghosts of the Shadow Market
approve,openlibrary_OL20013781W,Hawthorn
approve,openlibrary_OL20049947W,Eggshells
approve,openlibrary_OL3388104W,Faerie Lord
approve,openlibrary_OL8924466W,Irish Magic II
approve,openlibrary_OL119434W,Summerland
approve,openlibrary_OL11967023W,Ballad
approve,openlibrary_OL13761878W,"Spells (Wings Series, Book 2)"
approve,openlibrary_OL14933218W,Ink Exchange (Wicked Lovely (Quality))
approve,openlibrary_OL14937053W,Divine Misdemeanors
approve,openlibrary_OL15129034W,TinkerBell - A Fairy Tale
approve,openlibrary_OL15267410W,The Iron Daughter (Iron Fey #2)
approve,openlibrary_OL15529906W,Wayfarer
approve,openlibrary_OL15537896W,Night school
approve,openlibrary_OL15576693W,Entice (Need #2)
approve,openlibrary_OL15678415W,Courtney the Clownfish Fairy
approve,openlibrary_OL15678434W,Pia the Penguin Fairy
approve,openlibrary_OL15678436W,Ally the Dolphin Fairy
approve,openlibrary_OL16105686W,Within the Shadows of Mortals (Book 2 in the Ashen Twilight Series)
approve,openlibrary_OL16134427W,Fairy lies
approve,openlibrary_OL16576179W,Gemma the Gymnastics Fairy
approve,openlibrary_OL16821091W,Samantha the Swimming Fairy
approve,openlibrary_OL17449054W,Jessie the Lyrics Fairy
approve,openlibrary_OL17519142W,Una the Concert Fairy
approve,openlibrary_OL17532809W,Demi The Dressingup Fairy
approve,openlibrary_OL17547319W,Caitlin the Ice Bear Fairy
approve,openlibrary_OL17554614W,Libby the Story-Writing Fairy
approve,openlibrary_OL17725232W,A shiver of light
approve,openlibrary_OL17788259W,Lord of Shadows
approve,openlibrary_OL18165171W,The Seventh Daughter (Faerie Path #3)
approve,openlibrary_OL18183673W,Wondrous Strange (Wondrous Strange #1)
approve,openlibrary_OL1868744W,The field guide
approve,openlibrary_OL19352271W,The Darkest Part of the Forest
approve,openlibrary_OL19917977W,Josie the Jewelry-Making Fairy
approve,openlibrary_OL20006082W,Rosie the Honey Bear Fairy
approve,openlibrary_OL20165W,Puck of Pook's Hill
approve,openlibrary_OL27699977W,A Gathering of Unicorns (Unicorns #5)
approve,openlibrary_OL3388116W,The Purple Emperor
approve,openlibrary_OL461896W,A lick of frost
approve,openlibrary_OL5833907W,The Good Neighbors
approve,openlibrary_OL5859616W,The stolen voice
approve,openlibrary_OL5886931W,Amy the Amethyst Fairy
approve,openlibrary_OL5886944W,Georgia the Guinea Pig Fairy
approve,openlibrary_OL5886980W,Sarah the Sunday Fairy
approve,openlibrary_OL5886983W,Sienna the Saturday Fairy
approve,openlibrary_OL5886990W,Thea the Thursday Fairy
approve,openlibrary_OL5886992W,Willow the Wednesday Fairy
approve,openlibrary_OL5887004W,Saffron the Yellow Fairy
approve,openlibrary_OL151439W,Sylvie and Bruno Concluded
approve,openlibrary_OL17926040W,Will you won't you want me?
approve,openlibrary_OL21616710W,English Authorship and the Early Modern Sublime
approve,openlibrary_OL453787W,Lords and Ladies
approve,openlibrary_OL5289607W,The Blue Lagoon
approve,openlibrary_OL811649W,Illustrations of the fairy mythology of A midsummer night's dream
approve,openlibrary_OL14942533W,Stories and Poems for Extremely Intelligent Children of All Ages
approve,openlibrary_OL20631501W,Mistletoe & Mayhem / Santa's Sexy Secret
approve,openlibrary_OL3669512W,Mirrors of celestial grace
approve,openlibrary_OL3739666W,Spenser's allegory of love
approve,openlibrary_OL6678914W,Allegory and courtesy in Spenser
approve,openlibrary_OL14932947W,The Immortal Realm (The Faerie Path #4)
approve,openlibrary_OL14933216W,Fragile eternity
approve,openlibrary_OL19724621W,The rules and regulations for mediating myths & magic
approve,openlibrary_OL2754130W,Daisy and the magic lesson
approve,openlibrary_OL3924630W,War for the Oaks
approve,openlibrary_OL4800096W,"Knife, the Hunter"
approve,openlibrary_OL14932944W,The Enchanted Quest (Faerie Path #5)
approve,openlibrary_OL20108684W,The Tale of Raw Head and Bloody Bones: A Novel
approve,openlibrary_OL2644410W,House Of Secrets (True Crime)
approve,openlibrary_OL15536432W,The Rainbow Fairies
approve,openlibrary_OL840856W,Caramel moon
approve,openlibrary_OL15520775W,Under his spell
approve,openlibrary_OL16486385W,When Fairies Go Bad
approve,openlibrary_OL17342491W,Believe Your Eyes
approve,openlibrary_OL19719469W,Tinker Bell's secret
approve,openlibrary_OL20002374W,Disney fairies
approve,openlibrary_OL5833911W,Kith
approve,openlibrary_OL16641252W,Imaginary Lands
approve,openlibrary_OL18611195W,Historias de princesas y hadas
approve,openlibrary_OL19623943W,Christmas Days: 12 Stories and 12 Feasts for 12 Days
approve,openlibrary_OL5725969W,The Artemis Fowl files
approve,openlibrary_OL19913946W,Princess of Thorns
approve,hardcover_1562200,The River Has Roots
approve,hardcover_428727,Queen of Air and Darkness
approve,hardcover_437810,How the King of Elfhame Learned to Hate Stories
approve,hardcover_664175,Thornhedge
approve,hardcover_1374072,The Rose Bargain
approve,hardcover_346426,Chimes at Midnight
approve,hardcover_429045,So This is Love
approve,hardcover_1479256,Dream Girl Drama
approve,hardcover_443974,Field Guide to the North American Teenager
approve,hardcover_466009,Mistress of All Evil
approve,hardcover_11651,The Sleeping Beauty
approve,hardcover_1477776,The Capital of Dreams
approve,hardcover_280097,Changeling
approve,hardcover_377254,Friday's child
approve,hardcover_386660,Midnight Never Come
approve,hardcover_445959,Goblin War
approve,hardcover_458150,Fool on the Hill
approve,hardcover_506310,Dirty Lying Faeries
approve,hardcover_520855,Unhooked
approve,hardcover_270490,Blood and Iron
approve,hardcover_293708,The Faerie Ring
approve,hardcover_303431,Faery Lands Forlorn
approve,hardcover_352692,A History of Glitter and Blood
approve,hardcover_357119,The Whispers
approve,hardcover_548343,Blood Politics
approve,coldheart_canyon,Coldheart Canyon
approve,dead_lines,Dead Lines
approve,doctor_sleep,Doctor Sleep
approve,drood,Drood
approve,endsinger,Endsinger
approve,first_and_only,First and Only
approve,fractal_noise,Fractal Noise
approve,harrow_the_ninth,Harrow the Ninth
approve,moodreads_1008,Ruthless Creatures
approve,openlibrary_OL11976335W,Ghosts in the House!
approve,openlibrary_OL121872W,A voice in the wind
approve,openlibrary_OL13480W,Jade Green
approve,openlibrary_OL134874W,Olivia
approve,openlibrary_OL137367W,The Red Lamp
approve,openlibrary_OL13750732W,The Living Dead
approve,openlibrary_OL13760903W,Of bees and mist
approve,openlibrary_OL15061154W,The Ghost in the First Row
approve,openlibrary_OL15177897W,Token of Darkness
approve,openlibrary_OL15622640W,Look for me by moonlight
approve,openlibrary_OL15645808W,Berenice
approve,openlibrary_OL15998555W,The revenant
approve,openlibrary_OL16002122W,Anna Dressed in Blood
approve,openlibrary_OL16052365W,True believer
approve,openlibrary_OL16068550W,Victorian Ghost Stories
approve,openlibrary_OL16486458W,The ghost of Graylock
approve,openlibrary_OL17317216W,Distancia de rescate
approve,openlibrary_OL17924646W,13 days of midnight
approve,openlibrary_OL17933050W,Sunny Sweet is so not scary
approve,openlibrary_OL19744467W,The Fourth Closet
approve,openlibrary_OL1988899W,Cold in summer
approve,openlibrary_OL20007150W,The suffering
approve,openlibrary_OL20011619W,Friends for life
approve,openlibrary_OL20054877W,Abigale Hall
approve,openlibrary_OL20130109W,Mountwood School for Ghosts
approve,openlibrary_OL20170820W,The Dead House
approve,openlibrary_OL2182866W,Demons and Shadows
approve,openlibrary_OL25451809W,Not Good for Maidens
approve,openlibrary_OL27174472W,Funeral Girl
approve,openlibrary_OL32503W,The ghosts of Mercy Manor
approve,openlibrary_OL3338190W,The Curse of the Blue Figurine
approve,openlibrary_OL3454722W,More things than are dreamt of
approve,openlibrary_OL41199W,Aunt Dimity's good deed
approve,openlibrary_OL42364704W,I Will Break You
approve,openlibrary_OL60172W,Time for Andrew
approve,openlibrary_OL64220W,A stir of echoes
approve,pig_island,Pig Island
approve,red_country,Red Country
approve,snowblind,Snowblind
approve,the_furthest_station,The Furthest Station
approve,the_road,The Road
approve,the_songbird_and_the_heart_of_stone,The Songbird and the Heart of Stone
approve,what_have_you_done,What Have You Done?
approve,openlibrary_OL114300W,In the Night Room
approve,openlibrary_OL121752W,The presence
approve,openlibrary_OL134893W,My Sweet Audrina
approve,openlibrary_OL13769959W,I so don't do mysteries
approve,openlibrary_OL15030539W,The Shade
approve,openlibrary_OL15061255W,The Mystery of the Midnight Dog
approve,openlibrary_OL15108W,The Mystery Of The Haunted Boxcar
approve,openlibrary_OL15113W,The Mystery of the Runaway Ghost
approve,openlibrary_OL15140672W,Ghosts beneath our feet
approve,openlibrary_OL15363298W,Maybe This Time
approve,openlibrary_OL15746656W,Anya's ghost
approve,openlibrary_OL15941401W,Wherever you go
approve,openlibrary_OL16074789W,The Ghost Town Mystery
approve,openlibrary_OL16126162W,Geisterritter
approve,openlibrary_OL16165509W,Texas Gothic
approve,openlibrary_OL16183998W,Monstrous beauty
approve,openlibrary_OL16211478W,The midnight gate
approve,openlibrary_OL16450729W,The name of the star
approve,openlibrary_OL16531542W,Arise
approve,openlibrary_OL16604841W,Long Lankin
approve,openlibrary_OL16695055W,The uninvited
approve,openlibrary_OL16726397W,Haunters
approve,openlibrary_OL16812711W,The Ghost of the Mary Celeste
approve,openlibrary_OL16817446W,The Madness Underneath
approve,openlibrary_OL17061380W,Into the Grey
approve,openlibrary_OL17077412W,The Whispering Skull
approve,openlibrary_OL17559137W,Haunted Memories
approve,openlibrary_OL176025W,The Haunted Hotel
approve,openlibrary_OL17880931W,Gift
approve,openlibrary_OL17887415W,The Black Butterfly
approve,openlibrary_OL17902944W,Shutter
approve,openlibrary_OL17911371W,The silence of ghosts
approve,openlibrary_OL17922617W,The Screaming Staircase
approve,openlibrary_OL183675W,The Castle of Otranto
approve,openlibrary_OL1882864W,The blue ghost
approve,openlibrary_OL1921477W,Izzy and Eve
approve,openlibrary_OL19519480W,The Empty Grave
approve,openlibrary_OL19636245W,Her Body and Other Parties
approve,openlibrary_OL19713562W,The dire king
approve,openlibrary_OL19747316W,Picnic at Hanging Rock
approve,openlibrary_OL1978905W,The haunted major
approve,openlibrary_OL1983039W,The Ghost of Thomas Kempe
approve,openlibrary_OL20039488W,A taste for monsters
approve,openlibrary_OL20054184W,Hellworld
approve,openlibrary_OL20103263W,Little Sister Death
approve,openlibrary_OL20384700W,Ghost Wall
approve,openlibrary_OL20443949W,Lost Souls
approve,openlibrary_OL20831165W,salt slow
approve,openlibrary_OL20886753W,Lament
approve,openlibrary_OL20940610W,Say her name
approve,openlibrary_OL21693958W,The Burning Girls
approve,openlibrary_OL22312199W,Of metal and wishes
approve,openlibrary_OL24744269W,The Taking of Jake Livingston
approve,openlibrary_OL24989567W,The Girls Are Never Gone
approve,openlibrary_OL25960179W,The Hacienda
approve,openlibrary_OL260475W,Fallen Hearts
approve,openlibrary_OL268379W,Scary stories to tell in the dark
approve,openlibrary_OL273693W,More Scary Stories to Tell in the Dark
approve,openlibrary_OL275976W,The Spook's Curse
approve,openlibrary_OL278110W,Heart-Shaped Box
approve,openlibrary_OL28002W,Deadly Gamble
approve,openlibrary_OL30836W,Specimen Days
approve,openlibrary_OL32466W,A Christmas Carol
approve,openlibrary_OL37619187W,Compound Fracture
approve,openlibrary_OL496537W,Ghostly companions
approve,openlibrary_OL49657W,Homebody
approve,openlibrary_OL5715364W,May Bird and The Ever After
approve,openlibrary_OL5789584W,The Dead Fathers Club
approve,openlibrary_OL5810961W,No Humans Involved
approve,openlibrary_OL5829711W,Gilda Joyce
approve,openlibrary_OL5972471W,Scooby-Doo Picture Clue #17
approve,openlibrary_OL60179W,The Doll in the Garden
approve,openlibrary_OL6042890W,Legend of Sleepy Hollow and Other Stories
approve,openlibrary_OL77829W,Lasher
approve,openlibrary_OL77848W,Merrick
approve,openlibrary_OL77853W,Violin
approve,openlibrary_OL8166225W,Poltergeist
approve,openlibrary_OL85809W,Poltergoose
approve,openlibrary_OL8786221W,The Sword of Cortés
approve,openlibrary_OL879293W,Stones
approve,openlibrary_OL98471W,Galápagos
approve,openlibrary_OL15170333W,Punkzilla
approve,openlibrary_OL16086757W,Cocktail Hour Under the Tree of Forgetfulness
approve,openlibrary_OL16571997W,The Serpent's Shadow
approve,openlibrary_OL17059943W,The Blood of Olympus
approve,openlibrary_OL17206344W,The Marvels
approve,openlibrary_OL17421566W,Ghoulfriends Just Want To Have Fun
approve,openlibrary_OL17719038W,Strange the Dreamer
approve,openlibrary_OL1822318W,For One More Day
approve,openlibrary_OL19668198W,The rest of us just live here
approve,openlibrary_OL32501W,The Dollhouse Murders
approve,openlibrary_OL468096W,"Daphne du Maurier, haunted heiress"
approve,openlibrary_OL50548W,Beloved
approve,openlibrary_OL5782000W,A Thousand Splendid Suns
approve,openlibrary_OL81779W,Ghost Town at Sundown
approve,openlibrary_OL104408W,The Haunting of Hiram
approve,openlibrary_OL13623314W,"Strange Angels (Strange Angels, #1)"
approve,openlibrary_OL15025528W,Crossing Over
approve,openlibrary_OL15910152W,After obsession
approve,openlibrary_OL17719512W,A map of betrayal
approve,openlibrary_OL18184470W,The last time I saw her
approve,openlibrary_OL1822441W,The Woman Warrior
approve,openlibrary_OL1843739W,Saving Fish from Drowing
approve,openlibrary_OL1856675W,Memoirs of a Geisha
approve,openlibrary_OL1876345W,Ariel
approve,openlibrary_OL1912239W,Stardust of Yesterday
approve,openlibrary_OL19717210W,Hunting Prince Dracula
approve,openlibrary_OL19973635W,Ghosts know
approve,openlibrary_OL20048431W,Silence fallen
approve,openlibrary_OL24191213W,The Book of Accidents
approve,openlibrary_OL25808704W,Dead Woman's Pond
approve,openlibrary_OL36622W,The Loving Spirit
approve,openlibrary_OL37618590W,We Used to Live Here
approve,openlibrary_OL53066W,Anil's ghost
approve,openlibrary_OL5683832W,Dark Desire
approve,openlibrary_OL57011W,The stranger house
approve,openlibrary_OL5810949W,Frostbitten
approve,openlibrary_OL5845214W,Little Bee
approve,openlibrary_OL100079W,In the forests of the night
approve,openlibrary_OL111597W,Dance Upon the Air
approve,openlibrary_OL15488080W,Darkness becomes her
approve,openlibrary_OL16442205W,Taken at Dusk
approve,openlibrary_OL16645682W,Dead is a killer tune
approve,openlibrary_OL17067388W,A Slow Regard of Silent Things
approve,openlibrary_OL17684882W,The night is forever
approve,openlibrary_OL18184356W,Muse of Nightmares
approve,openlibrary_OL1950878W,A Wizard Abroad
approve,openlibrary_OL19646241W,Deadly fate
approve,openlibrary_OL19789017W,Darkest journey
approve,openlibrary_OL19997487W,The black reckoning
approve,openlibrary_OL20159798W,The Water Cure
approve,openlibrary_OL20447862W,The Happy Prince and Other Stories
approve,openlibrary_OL20744438W,Elatsoe
approve,openlibrary_OL20935119W,The Saturday Night Ghost Club
approve,openlibrary_OL24508355W,Too Bright to See
approve,openlibrary_OL24716332W,River Walker
approve,openlibrary_OL27775351W,Broken Fae
approve,openlibrary_OL466047W,The Angel's Command
approve,openlibrary_OL472043W,The mysterious Mr Quin
approve,openlibrary_OL500444W,Elizabeth Costello
approve,openlibrary_OL507399W,The Confessions of Max Tivoli
approve,openlibrary_OL5810953W,Living with the Dead
approve,openlibrary_OL675713W,Cat's Eye
approve,openlibrary_OL111544W,Blue Dahlia
approve,openlibrary_OL11375137W,A woman of substance
approve,openlibrary_OL121755W,A Season of Miracles
approve,openlibrary_OL14911293W,The killing edge
approve,openlibrary_OL14915059W,Full Bloom (Full)
approve,openlibrary_OL16591837W,Beta (Annex #1)
approve,openlibrary_OL16726416W,Notes from Ghost Town
approve,openlibrary_OL17562502W,In the Age of Love and Chocolate
approve,openlibrary_OL17862776W,The secret daughter of the tsar
approve,openlibrary_OL1865883W,Kaddish
approve,openlibrary_OL2707145W,The gardens of Kyoto
approve,openlibrary_OL3521623W,Therese Raquin
approve,openlibrary_OL5952812W,The Tea Rose
approve,openlibrary_OL98540W,The Edith Wharton Reader
approve,openlibrary_OL111631W,Carolina Moon
approve,openlibrary_OL17052527W,Así empieza lo malo
approve,openlibrary_OL19992878W,Fatherland
approve,openlibrary_OL26329199W,Withered + Sere
approve,openlibrary_OL38128674W,Lights Out
approve,openlibrary_OL4279480W,A Virgin River Christmas
approve,openlibrary_OL646611W,Arkham Asylum
approve,openlibrary_OL72837W,Transcendent
approve,openlibrary_OL9253098W,Leaving Mother Lake
approve,openlibrary_OL13646905W,Daemon
approve,openlibrary_OL14849915W,Heir Apparent
approve,openlibrary_OL19745593W,The book of M
approve,openlibrary_OL19981758W,Ghosts of time
approve,openlibrary_OL20002278W,Archivist wasp
approve,openlibrary_OL20832923W,A high mortality of doves
approve,openlibrary_OL56816W,Tales of Nevèrÿon
approve,openlibrary_OL111742W,The Closers
approve,openlibrary_OL15011209W,Fever of the Bone
approve,openlibrary_OL15703650W,Sweet revenge
approve,openlibrary_OL18165867W,The gods of guilt
approve,openlibrary_OL20052418W,The cutaway
approve,openlibrary_OL20081395W,Lady in the Lake
approve,openlibrary_OL20670200W,Little Weirds
approve,openlibrary_OL2083876W,Kiss Me Kill Me
approve,openlibrary_OL2234926W,Lord Peter Views the Body
approve,openlibrary_OL3020911W,Castle Skull
approve,openlibrary_OL47928W,Hunting for Hidden Gold
approve,openlibrary_OL480703W,Zoli
approve,openlibrary_OL48846W,Funeral in blue
approve,openlibrary_OL79324W,Gone for Good
approve,openlibrary_OL15171508W,Notwithstanding
approve,openlibrary_OL15936024W,Fox and Phoenix
approve,openlibrary_OL16047595W,Where I'd like to be
approve,openlibrary_OL17822306W,Love letters to the dead
approve,openlibrary_OL5972462W,Awakening (Chasing Yesterday #1)
approve,openlibrary_OL8126413W,Wraith
approve,openlibrary_OL1963250W,Black Hills
approve,openlibrary_OL1989071W,Boston Jane
approve,openlibrary_OL19956022W,Thief of shadows
approve,openlibrary_OL3261149W,Lord John and the Hand of Devils
approve,openlibrary_OL44084313W,What We Can Know
approve,openlibrary_OL5870092W,Easter Island
approve,openlibrary_OL59048W,The Remains of the Day
approve,openlibrary_OL12017359W,Kung Fu masters
approve,openlibrary_OL14961380W,Supreme justice
approve,openlibrary_OL16651444W,Ghostopolis
approve,openlibrary_OL19356228W,Thin Air
approve,openlibrary_OL19358984W,Insidious Intent
approve,openlibrary_OL19736189W,The Grey Ghost
approve,openlibrary_OL19751975W,Sheets
approve,openlibrary_OL19987038W,Woman with a gun
approve,openlibrary_OL20054927W,The reef
approve,openlibrary_OL21762W,The Stone Monkey
approve,openlibrary_OL4092557W,Footsteps in the Dark
approve,openlibrary_OL446294W,Nine dragons
approve,openlibrary_OL462695W,Tea
approve,openlibrary_OL491232W,New York Dead (Stone Barrington #1)
approve,openlibrary_OL551010W,Affinity
approve,openlibrary_OL15531997W,Sinister resonance
approve,openlibrary_OL20010477W,Vertigo
approve,openlibrary_OL3454738W,Angry management
approve,openlibrary_OL6813023W,St. Lucy's Home for Girls Raised by Wolves
approve,openlibrary_OL74407W,Men and Cartoons
approve,openlibrary_OL74654W,Zuckerman Bound
approve,openlibrary_OL762602W,The Deportees and Other Stories
approve,openlibrary_OL8397572W,The Diving Pool
approve,openlibrary_OL84924W,Deep Six
approve,openlibrary_OL22763290W,Death Weavers
approve,openlibrary_OL2734424W,Aureole
approve,openlibrary_OL51003W,Fallon
approve,openlibrary_OL5697693W,Naked Ambition
approve,hardcover_1011167,Martyr!
approve,hardcover_1086198,Middle of the Night
approve,hardcover_1200613,Scythe & Sparrow
approve,hardcover_1598053,Automatic Noodle
approve,hardcover_167761,An Enchantment of Ravens
approve,hardcover_295584,Lock Every Door
approve,hardcover_36893,The Paper Magician
approve,hardcover_374210,Maskerade
approve,hardcover_374293,The Viscount Who Loved Me
approve,hardcover_428697,House of Salt and Sorrows
approve,hardcover_431217,Severance
approve,hardcover_433773,The Ex Hex
approve,hardcover_436020,The Grownup
approve,hardcover_436502,A Short Stay in Hell
approve,hardcover_442853,Blacktop Wasteland
approve,hardcover_471052,The Sweetest Oblivion
approve,hardcover_506421,Haunting Adeline
approve,hardcover_512317,The Last Tale of the Flower Bride
approve,hardcover_617030,Starling House
approve,hardcover_801801,Nocticadia
approve,hardcover_818989,The Eye of the Bedlam Bride
approve,hardcover_959904,Butcher & Blackbird
approve,hardcover_965944,The Reformatory
approve,moodreads_3112,Marly's Ghost
approve,openlibrary_OL20660554W,How much of these hills is gold
approve,openlibrary_OL55926W,Listening Woman
approve,hardcover_1055817,The Spy Coast
approve,hardcover_1100254,Where's Molly
approve,hardcover_119929,Everlost
approve,hardcover_123645,Castle Roogna
approve,hardcover_13293,The Garden of Rama
approve,hardcover_134629,Echopraxia
approve,hardcover_149620,The Summoning
approve,hardcover_179536,A Million Junes
approve,hardcover_1819795,The House Saphir
approve,hardcover_219924,Before the Devil Breaks You
approve,hardcover_24912,Broken Harbor
approve,hardcover_250425,What It Means When a Man Falls from the Sky
approve,hardcover_3446,Lovely War
approve,hardcover_384366,The Ghost Bride
approve,hardcover_385587,Get in Trouble
approve,hardcover_428197,The House at Riverton
approve,hardcover_428741,Everyone's a Aliebn When Ur a Aliebn Too
approve,hardcover_429064,Black Water Sister
approve,hardcover_430177,Swamplandia!
approve,hardcover_430989,A Stranger in Olondria
approve,hardcover_432698,The Haunting of Ashburn House
approve,hardcover_436138,Long Way Down: The Graphic Novel
approve,hardcover_436283,Experimental Film
approve,hardcover_436335,The Thirty Names of Night
approve,hardcover_436857,Revelator
approve,hardcover_436860,White Smoke
approve,hardcover_445167,The Sagan Diary
approve,hardcover_450593,Taproot: A Story About A Gardener and A Ghost
approve,hardcover_453578,Tales from the Loop
approve,hardcover_457951,The French Lieutenant's Woman
approve,hardcover_459953,Famine
approve,hardcover_461375,Blood Follows
approve,hardcover_462258,Tunnel of Bones
approve,hardcover_469889,Twelve
approve,hardcover_470487,Ghost in the Shell
approve,hardcover_483265,The Silvered Serpents
approve,hardcover_503985,These Fleeting Shadows
approve,hardcover_510310,The Archive Undying
approve,hardcover_513764,Patricia Wants to Cuddle
approve,hardcover_545296,The Passenger
approve,hardcover_547631,Other Birds
approve,hardcover_689218,Mixed Signals
approve,hardcover_705972,Dead of Winter
approve,hardcover_71545,The Haunting of Maddy Clare
approve,hardcover_790776,The Book That Broke the World
approve,hardcover_824780,These Burning Stars
approve,hardcover_86456,The Life We Bury
approve,hardcover_87984,The Love That Split the World
approve,hardcover_125832,Updraft
approve,hardcover_180194,Vacuum Diagrams: Stories of the Xeelee Sequence
approve,hardcover_189648,Dead Voices
approve,hardcover_1993298,Seascraper
approve,hardcover_200665,Blonde
approve,hardcover_226390,Twilight
approve,hardcover_258845,Mercy
approve,hardcover_283587,Empress Orchid
approve,hardcover_323880,A Certain Slant of Light
approve,hardcover_331969,Ghost
approve,hardcover_333500,Sweet Little Lies
approve,hardcover_375468,The Taking
approve,hardcover_383580,What the Night Knows
approve,hardcover_385638,Descent
approve,hardcover_386393,City of Endless Night
approve,hardcover_429751,Nobody's Fool
approve,hardcover_429808,Crewel Lye
approve,hardcover_435669,Cold Moon Over Babylon
approve,hardcover_435942,All the Names They Used for God
approve,hardcover_436754,Paprika
approve,hardcover_438104,Dark Hollow
approve,hardcover_446024,The Chaos Curse
approve,hardcover_456506,Séance Tea Party
approve,hardcover_458533,Shifting Shadows: Stories From the World of Mercy Thompson
approve,hardcover_458893,Fifth Grave Past the Light
approve,hardcover_459539,The Inexplicables
approve,hardcover_468137,Fleet of Knives
approve,hardcover_485074,We Keep the Dead Close: A Murder at Harvard and a Half Century of Silence
approve,hardcover_510481,The Ghost Writer
approve,hardcover_518049,Silence for the Dead
approve,hardcover_526095,Ghostly Echoes
approve,hardcover_547099,The Call of Cthulhu and Other Weird Stories
approve,hardcover_548716,Awake at Dawn
approve,hardcover_61416,The Yellow Birds
approve,hardcover_637923,"Heir Today, Pawn Tomorrow"
approve,hardcover_663006,Ghost Music
approve,hardcover_699613,The Truths We Burn
approve,hardcover_71364,Far North
approve,hardcover_75526,Fortress in the Eye of Time
approve,hardcover_75612,First Rider's Call
approve,hardcover_872004,Grave Expectations
approve,hardcover_936504,America Fantastica
approve,hardcover_961058,Grimstone
approve,hardcover_10543,Cereus Blooms at Night
approve,hardcover_1124627,The Tearsmith: A Novel
approve,hardcover_1255074,A Steeping of Blood
approve,hardcover_152486,The House on Tradd Street
approve,hardcover_1598050,Rose of Jericho
approve,hardcover_1817298,Persephone's Curse
approve,hardcover_1924155,Honour Guard
approve,hardcover_231057,The Ghost Road
approve,hardcover_233737,All the lovely bad ones
approve,hardcover_237183,Daughters Unto Devils
approve,hardcover_250912,Upon the Midnight Clear
approve,hardcover_253137,The Here and Now
approve,hardcover_270308,Aunt Dimity's Death
approve,hardcover_349727,More Fool Me
approve,hardcover_353560,Blacklands
approve,hardcover_363869,The ghost and the goth
approve,hardcover_373279,Wife of the Gods
approve,hardcover_374636,The Dark descent
approve,hardcover_433292,Where We Belong
approve,hardcover_438745,Alone
approve,hardcover_440486,A Madness of Sunshine
approve,hardcover_445005,Shoplifting from American Apparel
approve,hardcover_446306,Ghost
approve,hardcover_447502,Tamsin
approve,hardcover_457091,Old Tin Sorrows
approve,hardcover_461252,Tricks for Free
approve,hardcover_468208,Remembrance
approve,hardcover_481115,The Burning  Soul
approve,hardcover_489058,Ghosts
approve,hardcover_516062,The Girls at 17 Swann Street
approve,hardcover_517613,A Land More Kind Than Home
approve,hardcover_525812,Black Ice
approve,hardcover_526118,Teardrop
approve,hardcover_536362,Edge of Darkness
approve,hardcover_563405,Christmas Caramel Murder
approve,hardcover_57480,Shards of Time
approve,hardcover_576951,Perfect
approve,hardcover_588795,Spare and Found Parts
approve,hardcover_650035,A Country of Ghosts
approve,hardcover_674748,Morvern Callar
approve,hardcover_698580,Grayson's Vow
approve,hardcover_731859,"His Grace, The Duke"
approve,hardcover_751676,The Ghost Ship
approve,hardcover_77061,Life Before Man
approve,hardcover_79304,A Sudden Light
approve,hardcover_804677,Whiskey & Sin
approve,hardcover_824775,Abeni's Song
approve,hardcover_918885,Leigh Howard and the Ghosts of Simmons-Pierce Manor
approve,hardcover_1295845,Houses of the Unholy
approve,hardcover_146692,The Ghostway
approve,hardcover_163458,Sugar
approve,hardcover_165447,The Mystery of Cabin Island
approve,hardcover_199018,The Wise Woman
approve,hardcover_200611,Julia
approve,hardcover_216282,The Invisible Intruder
approve,hardcover_264271,Aspho Fields
approve,hardcover_342108,No Safe House
approve,hardcover_367676,The Haunted Bridge
approve,hardcover_375370,The ghost war
approve,hardcover_457025,Agyar
approve,hardcover_468815,Wizard for Hire
approve,hardcover_468855,Sacrificial Magic
approve,hardcover_480185,Invisible Ghosts
approve,hardcover_511126,The Landlady
approve,hardcover_526992,The Machineries of Joy
approve,hardcover_531013,Angels & Insects: Two Novellas
approve,hardcover_537,Twilight: A Novel
approve,hardcover_542799,The Stone Circle
approve,hardcover_56069,A Choir of Ill Children
approve,hardcover_56476,Monday or Tuesday
approve,hardcover_586397,The Thread That Binds the Bones
approve,hardcover_60364,The Silent Thaw
approve,hardcover_648209,Star Wars Dark Legends
approve,hardcover_692569,Under My Skin
approve,hardcover_897785,Find Your Own Truth
approve,hardcover_905589,Spider Woman's Daughter
approve,hardcover_965895,Devil's Gun
approve,daisy_darker,Daisy Darker
approve,openlibrary_OL1103104W,Gothic Tales
approve,openlibrary_OL14938064W,Poetry and Tales
approve,openlibrary_OL16191382W,Gothicka
approve,openlibrary_OL16557647W,Mistle child
approve,openlibrary_OL2004736W,The return of the repressed
approve,openlibrary_OL24777843W,The Wisdom of Blood
approve,openlibrary_OL3004367W,Haunted castles
approve,openlibrary_OL3068678W,"Gothic writing, 1750-1820"
approve,openlibrary_OL3515798W,Dracula's Crypt
approve,openlibrary_OL85889W,Dracula's Guest and Other Weird Stories
approve,openlibrary_OL9302612W,Evernight
approve,the_knave_and_the_moon,The Knave and the Moon
approve,openlibrary_OL15169421W,Fist of the Spider Woman
approve,openlibrary_OL15499224W,Among the ghosts
approve,openlibrary_OL15597341W,Darkened Hills
approve,openlibrary_OL16342584W,Hemlock Grove
approve,openlibrary_OL167217W,Southern ghost
approve,openlibrary_OL17393107W,Florence Giles
approve,openlibrary_OL181549W,Whatever Happened to Baby Jane?
approve,openlibrary_OL1876306W,Daughters of the house
approve,openlibrary_OL22313812W,Women and domestic space in contemporary gothic narratives
approve,openlibrary_OL26236136W,Seytanla Dans
approve,openlibrary_OL2895543W,Uncle Silas
approve,openlibrary_OL3243894W,The Gothic Body
approve,openlibrary_OL3467295W,The supernatural sublime
approve,openlibrary_OL34960984W,The Shivering Ground & Other Stories
approve,openlibrary_OL3625242W,The Vampyre
approve,openlibrary_OL41078W,The Fall of the House of Usher
approve,openlibrary_OL41201W,Aunt Dimity and the Duke (Aunt Dimity Mystery)
approve,openlibrary_OL455288W,The House of Seven Gables Readalong
approve,openlibrary_OL494172W,Gothic radicalism
approve,openlibrary_OL505730W,The Magician
approve,openlibrary_OL695211W,The Mysteries of Udolpho
approve,openlibrary_OL73876W,The Priest
approve,openlibrary_OL7797947W,Femicidal fears
approve,openlibrary_OL810402W,The House on the Borderland
approve,openlibrary_OL8200891W,The Evil Image
approve,openlibrary_OL827304W,The Beetle. A Mystery
approve,openlibrary_OL27783560W,Night Music
approve,openlibrary_OL3513801W,Gender and the Gothic in the fiction of Edith Wharton
approve,openlibrary_OL15383377W,Bespelling Jane Austen
approve,openlibrary_OL16794742W,...Si la sfarsit a mai ramas cosmarul (...And Then The Nightmare Came At Last - A Dark Vampire Tale)
approve,openlibrary_OL17633494W,Dark Shadows
approve,openlibrary_OL18773869W,Salem Brownstone
approve,openlibrary_OL20038321W,Blood crime
approve,openlibrary_OL8300174W,Barnaby Rudge
approve,openlibrary_OL8358552W,Romancing the Cathedral
approve,openlibrary_OL17462670W,The Angel Stone A Novel
approve,openlibrary_OL10422235W,Listen to Danger
approve,openlibrary_OL17358393W,Jane Steele
approve,openlibrary_OL17871847W,The swan gondola
approve,openlibrary_OL21164316W,British Pirates in Print and Performance
approve,openlibrary_OL262561W,The Adventure of the Speckled Band
approve,openlibrary_OL3412514W,A frolic of his own
approve,openlibrary_OL8396583W,The Architecture of Madness
approve,openlibrary_OL18351402W,Gothic romanticism
approve,openlibrary_OL19721926W,The Iliac crest
approve,openlibrary_OL20725318W,Tech-Noir Film
approve,openlibrary_OL17868937W,The murder house
approve,openlibrary_OL1933956W,The old manor house
approve,openlibrary_OL510887W,The Skull Beneath the Skin
approve,openlibrary_OL777826W,An Arabian tale
approve,openlibrary_OL1796933W,The Triumphs of Eugène Valmont
approve,openlibrary_OL16548809W,The rebel wife
approve,openlibrary_OL17345465W,The Jeweler's Polish
approve,openlibrary_OL23276545W,Hideous love
approve,openlibrary_OL24189515W,Laid Waste
approve,openlibrary_OL36854W,La tulipe noire
approve,openlibrary_OL5837548W,The blood confession
approve,openlibrary_OL816264W,The Bedroom Secrets of the Master Chefs
approve,openlibrary_OL20746197W,Catherine House
approve,openlibrary_OL27943W,The bad samaritan
approve,openlibrary_OL1325745W,Seven Gothic tales
approve,openlibrary_OL36000984W,Cor Hydræ (Heart of the Snake)
approve,openlibrary_OL15182839W,DARK ANGEL
approve,openlibrary_OL15189731W,BONDED
approve,openlibrary_OL16965317W,The quiver
approve,openlibrary_OL19995252W,The witch of painted sorrows
approve,openlibrary_OL9170980W,Innocent
approve,openlibrary_OL21200756W,When I Arrived at the Castle
approve,openlibrary_OL8959386W,The Lily And The Rose
approve,hardcover_1481125,The Bloody Chamber and Other Stories
approve,hardcover_433226,The Wife Upstairs
approve,hardcover_512318,A House With Good Bones
approve,hardcover_437236,Velvet Was the Night
approve,hardcover_482932,Craven Manor
approve,hardcover_778927,Playground
approve,hardcover_1185895,The House that Horror Built
approve,hardcover_260677,How to Build a Girl
approve,hardcover_269419,The Heavenly Table
approve,hardcover_292300,Masque of the Red Death
approve,hardcover_326926,The Magic Toyshop
approve,hardcover_380090,Wideacre
approve,hardcover_434538,"Other Voices, Other Rooms"
approve,hardcover_511372,Infamous
approve,hardcover_746702,Where the Dead Wait
approve,hardcover_1026281,Human Sacrifices
approve,hardcover_166727,Hawkline Monster
approve,hardcover_236547,The Ceremonies
approve,hardcover_445030,"Monster, She Wrote"
approve,hardcover_450124,Boys of Alabama
approve,hardcover_517284,Great Granny Webster
approve,hardcover_64800,A Sicilian Romance
approve,hardcover_220168,The Skeleton Road
approve,hardcover_376453,The Possession of Mr Cave
approve,hardcover_485047,The Gormenghast Trilogy
approve,gideon_the_ninth,Gideon the Ninth
approve,openlibrary_OL21177398W,Plain Bad Heroines
approve,openlibrary_OL16820295W,Benign Flame
approve,openlibrary_OL20027231W,Juliet takes a breath
approve,openlibrary_OL4376662W,The Girls in 3-B
approve,openlibrary_OL59448W,The Price of Salt
approve,openlibrary_OL19976841W,Night owls
approve,openlibrary_OL92790W,The Gay and Lesbian Literary Heritage
approve,openlibrary_OL14860173W,With Child
approve,openlibrary_OL15178800W,"Courts, Liberalism, and Rights"
approve,openlibrary_OL18616056W,"Bulldaggers, pansies, and chocolate babies"
approve,openlibrary_OL19980038W,Adam
approve,openlibrary_OL2011262W,The trials of Radclyffe Hall
approve,openlibrary_OL84228W,Mrs. Stevens hears the mermaids singing
approve,openlibrary_OL19128091W,Lesbian philosophies and cultures
approve,openlibrary_OL1930684W,A fragile union
approve,openlibrary_OL1930685W,The Persistent Desire
approve,openlibrary_OL3453115W,Reading from the Heart
approve,openlibrary_OL6079242W,For the hard ones
approve,openlibrary_OL19624084W,No one helped
approve,openlibrary_OL19668431W,You'll grow out of it
approve,openlibrary_OL2008014W,Murder by Tradition (A Kate Delafield Mystery)
approve,openlibrary_OL2234912W,Unnatural Death
approve,openlibrary_OL235832W,Dead Ends
approve,openlibrary_OL278175W,Court TV Presents: Murder in Room 103
approve,openlibrary_OL7165630W,Immaculate Midnight
approve,openlibrary_OL17355866W,Modern Lovers
approve,openlibrary_OL24151557W,Everyone in This Room Will Someday Be Dead
approve,openlibrary_OL4966037W,Searching for spring
approve,openlibrary_OL1868110W,Stone Butch Blues
approve,openlibrary_OL37571682W,Don't Want You Like a Best Friend
approve,openlibrary_OL551019W,Night Watch
approve,openlibrary_OL14847762W,The Complete Hothead Paisan
approve,openlibrary_OL1835953W,New improved! Dykes to watch out for
approve,openlibrary_OL13752934W,Ultimate Lesbian Erotica 2009
approve,openlibrary_OL14853127W,Women & other animals
approve,openlibrary_OL15065221W,Two Friends
approve,openlibrary_OL15065461W,Women on Women
approve,openlibrary_OL15926873W,Women on women 3
approve,openlibrary_OL16049832W,Mae West Is Dead
approve,openlibrary_OL16121437W,Sometimes she lets me
approve,openlibrary_OL16999165W,The Vintage book of international lesbian fiction
approve,openlibrary_OL17708122W,Intricate Passions
approve,openlibrary_OL18175038W,Out of the closet and nothing to wear
approve,openlibrary_OL18863997W,Women on Women 2
approve,openlibrary_OL5737080W,Tales from da Hood
approve,openlibrary_OL8048425W,Tasting Life Twice
approve,openlibrary_OL8885532W,Growing Up Gay
approve,openlibrary_OL15177132W,ARRESTING
approve,openlibrary_OL16794726W,Sarah's Girlfriend
approve,openlibrary_OL17357279W,Best Lesbian Erotica 2000
approve,openlibrary_OL17582172W,Wild Girls Wild Nights
approve,openlibrary_OL19292749W,"Best lesbian erotica, 2004"
approve,openlibrary_OL24712824W,Best Lesbian Erotica 2003
approve,openlibrary_OL5934685W,The Mammoth Book of Lesbian Erotica
approve,openlibrary_OL8794486W,Kiss! Kiss! Keep It Wet!
approve,openlibrary_OL9162744W,Uniform Doll
approve,openlibrary_OL16121513W,Lesbian cowboys
approve,openlibrary_OL16457723W,Set in stone
approve,openlibrary_OL19952354W,Girls who bite
approve,openlibrary_OL5887700W,Ultimate Lesbian Erotica 2006 (Ultimate Lesbian Erotica)
approve,openlibrary_OL5887701W,Ultimate Lesbian Erotica 2007 (Ultimate Lesbian Erotica)
approve,openlibrary_OL5887702W,Ultimate Lesbian Erotica 2008 (Ultimate Lesbian Erotica)
approve,hardcover_437460,The Plot
approve,hardcover_231372,Nevada
approve,hardcover_437049,Under the Rainbow
approve,hardcover_447689,The Essential Dykes To Watch Out For
approve,hardcover_465156,Bluebird
approve,hardcover_549863,Quite Ugly One Morning
approve,hardcover_488665,Patience & Sarah
approve,openlibrary_OL16654793W,Far From the Tree
approve,openlibrary_OL24151418W,All the Water I've Seen Is Running
approve,openlibrary_OL28715221W,Pack of Her Own
approve,openlibrary_OL555288W,The Fuck-Up
approve,openlibrary_OL3906331W,The Charioteer
approve,openlibrary_OL19713486W,The art of starving
approve,openlibrary_OL24816453W,Trans-Galactic Bike Ride
approve,openlibrary_OL1252617W,The Green Carnation
approve,openlibrary_OL15901606W,"Murder, the media, and the politics of public feelings"
approve,openlibrary_OL27957425W,The trans-fer student
approve,openlibrary_OL24507341W,Flowers by Night
approve,openlibrary_OL152088W,Rough country
approve,openlibrary_OL21338293W,Gender
approve,openlibrary_OL76980W,The Brethren
approve,openlibrary_OL17934992W,A Safe Girl to Love
approve,openlibrary_OL19966166W,Damn love
approve,openlibrary_OL23572697W,Transmutation
approve,openlibrary_OL24539394W,This Is Our Rainbow
approve,openlibrary_OL26335385W,4 from The Circle
approve,openlibrary_OL6077484W,Welsh Boys Too
approve,openlibrary_OL25641648W,Buttmen 3
approve,openlibrary_OL16801840W,Take Me There
approve,openlibrary_OL18982524W,Flesh and the word
approve,openlibrary_OL56825W,The Mad Man
approve,hardcover_159183,I Wish You All the Best
approve,hardcover_1715592,Woodworking
approve,hardcover_433506,The Black Flamingo
approve,hardcover_1666645,The Lilac People
approve,hardcover_1687814,A/S/L
approve,hardcover_436048,Fierce Femmes and Notorious Liars
approve,hardcover_436980,The House of Impossible Beauties
approve,hardcover_440893,Future Feeling
approve,hardcover_522516,Little Fish
approve,hardcover_263539,I Have Lost My Way
approve,hardcover_450049,Pansies
approve,hardcover_482732,Across a Field of Starlight:
approve,hardcover_572595,The Tensorate Series
approve,hardcover_642167,Southernmost
approve,hardcover_816344,Purposefully Accidental
approve,hardcover_1675895,Free from Falling
approve,openlibrary_OL17626113W,Fish Girl
approve,openlibrary_OL21178774W,Lorali
approve,openlibrary_OL22635644W,The Mermaid of Black Conch
approve,openlibrary_OL14909726W,Emily Windsnap and the Siren's Secret (Emily Windsnap #4)
approve,openlibrary_OL17799411W,In Other Lands
approve,openlibrary_OL17475603W,The Museum of Extraordinary Things
approve,openlibrary_OL20908295W,Stars Above
approve,openlibrary_OL19992057W,Katfish
approve,openlibrary_OL20011984W,My diary from the edge of the world
approve,openlibrary_OL19753584W,The Mermaid
approve,hardcover_252416,To the Lighthouse
approve,hardcover_686050,The Salt Grows Heavy
approve,hardcover_1644466,When the Tides Held the Moon
approve,hardcover_429050,Part of Your World
approve,hardcover_1613271,Royals
approve,hardcover_16269,Poor Unfortunate Soul
approve,hardcover_325745,The Mermaid Chair
approve,hardcover_471124,No Judgments
approve,hardcover_211230,Lies Beneath
approve,hardcover_383766,Alias Hook
approve,hardcover_791774,American Mermaid
approve,a_court_of_silver_flames,A Court of Silver Flames
approve,children_of_time,Children of Time
approve,circe,Circe
approve,dragon_queen,Dragon Queen
approve,fire,Fire
approve,harrison_squared,Harrison Squared
approve,hell_bent,Hell Bent
approve,moodreads_11509,A Long Time Coming
approve,moodreads_9983,Ordinary Monsters
approve,no_time_like_tomorrow,No Time Like Tomorrow
approve,openlibrary_OL121189W,Bearwalker
approve,openlibrary_OL14912825W,Ghosts Don't Eat Potato Chips
approve,openlibrary_OL15067282W,They came from Planet Q
approve,openlibrary_OL15069289W,The return of Skeleton Man
approve,openlibrary_OL15078851W,My Big Fat Supernatural Honeymoon
approve,openlibrary_OL16025403W,Borne in blood
approve,openlibrary_OL16035423W,Little Monsters
approve,openlibrary_OL16450870W,The Monster's Corner
approve,openlibrary_OL17582502W,FATALE 2 THE DEVILS BUSINESS
approve,openlibrary_OL17721909W,Fright Night
approve,openlibrary_OL17863322W,Drifters
approve,openlibrary_OL17884462W,Swamp scarefest
approve,openlibrary_OL17887241W,Be very afraid!
approve,openlibrary_OL19074142W,Villain
approve,openlibrary_OL19707588W,The Walking Dead
approve,openlibrary_OL19740101W,It's alive!
approve,openlibrary_OL1984767W,The teeny tiny ghost and the monster
approve,openlibrary_OL19985160W,The boy who drew monsters
approve,openlibrary_OL21887166W,No Place for Monsters
approve,openlibrary_OL21892351W,Lon Chaney Speaks
approve,openlibrary_OL22060380W,Zits from python pit
approve,openlibrary_OL25326698W,"Something is Killing the Children, Book One"
approve,openlibrary_OL272292W,King Kong
approve,openlibrary_OL273248W,Murder for Halloween
approve,openlibrary_OL278573W,Nightmare Academy
approve,openlibrary_OL2887147W,"Deltora Quest, Special Edition Books 1-4"
approve,openlibrary_OL28941064W,Vampire nation ; & Attack of the monster Venus melon!
approve,openlibrary_OL2974875W,Revenge of the Hairy Horror
approve,openlibrary_OL3234679W,"The secret life of Laszlo, Count Dracula"
approve,openlibrary_OL34243772W,Last Day Alive
approve,openlibrary_OL3560361W,The Addams Family
approve,openlibrary_OL3928264W,The horrible spookhouse
approve,openlibrary_OL465964W,The Ribbajack
approve,openlibrary_OL5819384W,Mostly monsterly
approve,openlibrary_OL72371W,The Blob That Ate Everyone
approve,openlibrary_OL72433W,The Girl Who Cried Monster
approve,openlibrary_OL773506W,The funniest haunted house book ever!
approve,openlibrary_OL8698182W,Chasing the Dead
approve,openlibrary_OL8747011W,Lenore
approve,peripheral_people,Peripheral People
approve,the_burning_god,The Burning God
approve,the_dragon_republic,The Dragon Republic
approve,the_dungeon_anarchists_cookbook,The Dungeon Anarchist's Cookbook
approve,the_dying_of_the_light_end,The Dying of the Light: End
approve,the_legion_of_shadow,The Legion of Shadow
approve,the_luminaries,The Luminaries
approve,the_monster_baru_cormorant,The Monster Baru Cormorant
approve,the_rebel_witch,The Rebel Witch
approve,the_sky_is_falling,The Sky Is Falling
approve,the_southern_book_clubs_guide_to_slaying_vampires,The Southern Book Club's Guide to Slaying Vampires
approve,the_stolen_heir,The Stolen Heir
approve,the_white_city,The White City
approve,the_wolf_and_the_woodsman,The Wolf and the Woodsman
approve,this_book_is_full_of_spiders,This Book is Full of Spiders
approve,two_twisted_crowns,Two Twisted Crowns
approve,wild,Wild
approve,openlibrary_OL108165W,The Tomb
approve,openlibrary_OL12017408W,Killer Pizza
approve,openlibrary_OL121162W,The dark pond
approve,openlibrary_OL14958929W,Asimov's Ghosts / Asimov's Monsters [24 stories]
approve,openlibrary_OL14958938W,Young Monsters
approve,openlibrary_OL14995603W,Classic Horror Stories
approve,openlibrary_OL15069304W,Whisper in the dark
approve,openlibrary_OL15094233W,You Can't Scare Me!
approve,openlibrary_OL15094734W,The Scream of the Haunted Mask
approve,openlibrary_OL15485028W,Legend
approve,openlibrary_OL15506790W,Skull of the skeleton
approve,openlibrary_OL15586844W,The curse of the Wendigo
approve,openlibrary_OL15846592W,Bride of Frankenstein
approve,openlibrary_OL15980243W,The Son of Neptune
approve,openlibrary_OL16044546W,Monsters Come In Many Colors!
approve,openlibrary_OL16098647W,Doubletake
approve,openlibrary_OL16281703W,"My boyfriend bites or once bitten, twice shy"
approve,openlibrary_OL17383747W,Adventures of Huckleberry Finn and Zombie Jim
approve,openlibrary_OL17592070W,The Princess in Black and the Perfect Princess Party
approve,openlibrary_OL17715231W,Hit list
approve,openlibrary_OL17857318W,Bird Box
approve,openlibrary_OL17870592W,Eternal Darkness
approve,openlibrary_OL17912730W,The gloomy ghost
approve,openlibrary_OL17919462W,The last bogler
approve,openlibrary_OL17941012W,Trail of the Dead
approve,openlibrary_OL18147720W,Monster mansion
approve,openlibrary_OL19912349W,Carry on
approve,openlibrary_OL19968056W,Ghost in the house
approve,openlibrary_OL19982612W,The poet and the vampyre
approve,openlibrary_OL20009115W,The October faction
approve,openlibrary_OL20016588W,Swamp monster
approve,openlibrary_OL20057627W,Penny dreadful
approve,openlibrary_OL20693178W,Solstice
approve,openlibrary_OL21106190W,Monster Survival Guide
approve,openlibrary_OL21892224W,The Ghost Tree
approve,openlibrary_OL23297073W,Fartsunami
approve,openlibrary_OL24842037W,The River Has Teeth
approve,openlibrary_OL26414002W,Her Soul for Revenge
approve,openlibrary_OL2707603W,Into the Castle
approve,openlibrary_OL2726552W,How I became a freak
approve,openlibrary_OL35056124W,What Feasts at Night
approve,openlibrary_OL4444207W,The Chase
approve,openlibrary_OL461933W,The Laughing Corpse (Anita Blake Vampire Hunter)
approve,openlibrary_OL4803257W,Mary Shelley's Monster
approve,openlibrary_OL492646W,The Sea of Monsters
approve,openlibrary_OL497806W,Horror Stories
approve,openlibrary_OL527276W,It Came From New Jersey - My Life As an Artist (Goosebumps)
approve,openlibrary_OL5730095W,Second Sunrise
approve,openlibrary_OL5742941W,Eternal Darkness
approve,openlibrary_OL57989W,The Scary States of America
approve,openlibrary_OL5822718W,The monstrumologist
approve,openlibrary_OL679333W,Neverwhere
approve,openlibrary_OL72304W,Monster Blood III
approve,openlibrary_OL8496156W,The Official Shadow Man Strategy Guide
approve,openlibrary_OL12721W,Devil's Waltz
approve,openlibrary_OL14959791W,Echo Burning
approve,openlibrary_OL15401200W,The Lost Hero
approve,openlibrary_OL16103268W,Daughter of Smoke and Bone
approve,openlibrary_OL16341254W,A Monster Calls
approve,openlibrary_OL16807730W,House of Hades
approve,openlibrary_OL17206W,Prayers for rain
approve,openlibrary_OL17406601W,My Friend Dahmer
approve,openlibrary_OL17573806W,Darius & Twig
approve,openlibrary_OL17623228W,Razzle Dazzle Unicorn
approve,openlibrary_OL1993508W,The Line of Beauty
approve,openlibrary_OL20146113W,Scooby-Doo Mystery #2
approve,openlibrary_OL28318W,The Boys from Brazil
approve,openlibrary_OL362699W,The Tempest
approve,openlibrary_OL492642W,The Last Olympian
approve,openlibrary_OL5734047W,Split Second
approve,openlibrary_OL66256W,Junie B. Jones Has a Monster Under Her Bed
approve,openlibrary_OL81770W,Dark Day in the Deep Sea
approve,openlibrary_OL12717W,Rage
approve,openlibrary_OL15103031W,The Beast Under the Wizard's Bridge (Lewis Barnavelt #8)
approve,openlibrary_OL15165981W,Masked by Moonlight (Moonlight #1)
approve,openlibrary_OL15174910W,Bite Me
approve,openlibrary_OL15493161W,Blackout
approve,openlibrary_OL15692058W,The Abused Werewolf Rescue Group
approve,openlibrary_OL15897242W,Return to exile
approve,openlibrary_OL16263658W,Teacher screecher
approve,openlibrary_OL16517784W,Kitty's house of horrors
approve,openlibrary_OL16648417W,Lord of the Abyss (Royal House of Shadows)
approve,openlibrary_OL16970011W,Switched
approve,openlibrary_OL17469798W,Odin's Ravens
approve,openlibrary_OL17474667W,Before I Wake
approve,openlibrary_OL17530705W,Voracious
approve,openlibrary_OL17596799W,Mythic Blood
approve,openlibrary_OL17724518W,Charming
approve,openlibrary_OL19966301W,Macrieve
approve,openlibrary_OL19978245W,Sight unseen
approve,openlibrary_OL20000126W,The orphan army
approve,openlibrary_OL20001136W,The dragon conspiracy
approve,openlibrary_OL20079802W,The Great Wall
approve,openlibrary_OL20108098W,The Terror Behind the Mask You're Invited to a Creepover #19
approve,openlibrary_OL20120877W,Dark Illusion
approve,openlibrary_OL20937008W,The Forever Song
approve,openlibrary_OL21802553W,Shatter Me Complete Collection
approve,openlibrary_OL23203069W,Cherry bomb
approve,openlibrary_OL24818426W,Joy of Witchcraft
approve,openlibrary_OL27494475W,Such Sharp Teeth
approve,openlibrary_OL276090W,Return of the Highlander
approve,openlibrary_OL27818823W,Twisted Lies
approve,openlibrary_OL461925W,Narcissus in chains
approve,openlibrary_OL5683695W,"Be Still My Vampire Heart (Love at Stake, Book 3)"
approve,openlibrary_OL5683834W,Dark Gold
approve,openlibrary_OL5693096W,The Untamed One
approve,openlibrary_OL5736830W,Little Vampire does Kung Fu!
approve,openlibrary_OL5736831W,Little vampire goes to school
approve,openlibrary_OL5813807W,Heart of the dragon
approve,openlibrary_OL5845458W,Dracula vs. Grampa at the Monster Truck Spectacular
approve,openlibrary_OL72316W,Give Yourself Goosebumps - Night in Werewolf Woods
approve,openlibrary_OL803790W,Night Spies
approve,openlibrary_OL8076581W,Camp Creepy Time
approve,openlibrary_OL8514692W,Blindsight
approve,openlibrary_OL8536114W,"Ashes to Ashes (Blood Ties, Book 3)"
approve,openlibrary_OL8751925W,Twilight Hour
approve,openlibrary_OL894232W,The Boggart and the monster
approve,openlibrary_OL1417907W,At the Earth's Core
approve,openlibrary_OL14955039W,The Demigod Files
approve,openlibrary_OL14957750W,The Wild Things
approve,openlibrary_OL15158408W,Falcon Quinn and the Black Mirror
approve,openlibrary_OL15998434W,Falcon Quinn and the crimson vapor
approve,openlibrary_OL16099562W,Catawampus Tales
approve,openlibrary_OL16342303W,Skyfall
approve,openlibrary_OL16451105W,Always October
approve,openlibrary_OL16499587W,Homesick witch
approve,openlibrary_OL16531989W,Kiss the dead
approve,openlibrary_OL16532447W,Troll hunters
approve,openlibrary_OL17293479W,Beyond
approve,openlibrary_OL17295076W,My Grandmother Asked Me to Tell You She's Sorry
approve,openlibrary_OL17364743W,The Hidden Oracle
approve,openlibrary_OL17592069W,The Princess in Black and the Hungry Bunny Horde
approve,openlibrary_OL17829535W,The hunger of the wolf
approve,openlibrary_OL17870395W,An inheritance of ashes
approve,openlibrary_OL17921183W,Sweetly
approve,openlibrary_OL1842001W,The kelpie's pearls
approve,openlibrary_OL18821975W,Lights Out
approve,openlibrary_OL19090439W,A Crown for Cold Silver: Book One of the Crimson Empire
approve,openlibrary_OL19667474W,Mighty Jack and the Goblin King
approve,openlibrary_OL19736193W,Hold back the dark
approve,openlibrary_OL19860665W,A Thousand Nights
approve,openlibrary_OL20000487W,The awesome
approve,openlibrary_OL20053039W,My monster secret
approve,openlibrary_OL20150134W,Pet
approve,openlibrary_OL20659782W,The beast of buckingham palace
approve,openlibrary_OL20930857W,Black Spring
approve,openlibrary_OL21181857W,Necessary evil
approve,openlibrary_OL2557258W,Dragon's Breath
approve,openlibrary_OL280307W,Grendel
approve,openlibrary_OL29233720W,Minecraft
approve,openlibrary_OL3347888W,The real Middle-earth
approve,openlibrary_OL492647W,The Titan's Curse
approve,openlibrary_OL5683836W,Dark Legend
approve,openlibrary_OL5702380W,Dragon's Egg
approve,openlibrary_OL5735040W,Gruffen
approve,openlibrary_OL708195W,The Dragonslayer
approve,openlibrary_OL82360W,Living dead in Dallas
approve,openlibrary_OL27297240W,Hunting Adeline
approve,openlibrary_OL2775703W,The little witch presents a monster joke book
approve,openlibrary_OL34235W,Fired Up
approve,openlibrary_OL34386853W,Forget Me Not
approve,openlibrary_OL3498424W,Erotic beasts and social monsters
approve,openlibrary_OL38077501W,Restitution
approve,openlibrary_OL112325W,"The Third Circle:(Arcane Society, #4)"
approve,openlibrary_OL15185221W,Monster Lunch
approve,openlibrary_OL15836527W,The gargoyle
approve,openlibrary_OL15917129W,Split Second
approve,openlibrary_OL15933241W,New York to Dallas
approve,openlibrary_OL15935993W,Dark inside
approve,openlibrary_OL17643471W,The Oxford book of the sea
approve,openlibrary_OL2761319W,The Final Nexus
approve,openlibrary_OL3749778W,Beasts of time
approve,openlibrary_OL473307W,Star Ka'ats and the plant people
approve,openlibrary_OL658221W,The Fable Of Cupid And Psyche
approve,openlibrary_OL8505490W,Beowulf
approve,openlibrary_OL8568124W,Kendra Kandlestar and the Door to Unger
approve,openlibrary_OL16510093W,Science fair nightmare
approve,openlibrary_OL16714687W,Monsters in space!
approve,openlibrary_OL17826518W,At the water's edge
approve,openlibrary_OL19995937W,Willy Maykit in space
approve,openlibrary_OL20009502W,Ultraman
approve,openlibrary_OL20032020W,All is not forgotten
approve,openlibrary_OL2696044W,The House of the Scorpion
approve,openlibrary_OL2887018W,Dragon's Nest (Dragons of Deltora)
approve,openlibrary_OL2887022W,Dread Mountain (Deltora Quest #5)
approve,openlibrary_OL3493588W,Come away home
approve,openlibrary_OL453695W,Diggers
approve,openlibrary_OL5709594W,The Clockwise Man
approve,openlibrary_OL5730790W,Boy Proof
approve,openlibrary_OL69298W,The Monster's Ring
approve,openlibrary_OL8024260W,The Lucifer Effect
approve,openlibrary_OL8053459W,Butterfingers
approve,openlibrary_OL8423519W,"Tim, Defender of the Earth!"
approve,openlibrary_OL97304W,Commander Toad in Space
approve,openlibrary_OL112359W,Deranged
approve,openlibrary_OL13844318W,I'm no monster
approve,openlibrary_OL14991669W,The Gargoyle
approve,openlibrary_OL15025764W,The naughty Nork
approve,openlibrary_OL16028517W,The nature of monsters
approve,openlibrary_OL17855326W,Killer Clown
approve,openlibrary_OL1878596W,Teacher says
approve,openlibrary_OL19338823W,"Where Are You Going, Baby Lincoln?"
approve,openlibrary_OL19982040W,Windigo Island
approve,openlibrary_OL20042769W,Jak and the magic nano-beans
approve,openlibrary_OL20043554W,Right behind you
approve,openlibrary_OL2005900W,The Forgotten Man
approve,openlibrary_OL24855651W,The Big Book of Serial Killers
approve,openlibrary_OL3130401W,There But For the Grace of God
approve,openlibrary_OL3130402W,When Satan Wore A Cross
approve,openlibrary_OL3900020W,"Lunch Walks Among Us (Franny K. Stein, Mad Scientist #1)"
approve,openlibrary_OL504594W,Blood Dreams
approve,openlibrary_OL5712725W,Lulu Dark can see through walls
approve,openlibrary_OL8912354W,Killing for Sport
approve,openlibrary_OL134820W,April Shadows
approve,openlibrary_OL15111411W,"Agent Q, or the smell of danger!"
approve,openlibrary_OL15212854W,To catch a Clownosaurus
approve,openlibrary_OL16624508W,Remarkable
approve,openlibrary_OL17397103W,Whos That Ghoulfriend
approve,openlibrary_OL17566264W,Ghoulfriends til the End
approve,openlibrary_OL17772699W,Monsters don't eat broccoli
approve,openlibrary_OL17858884W,Liō
approve,openlibrary_OL17874493W,What we knew
approve,openlibrary_OL17874803W,Fartasaurus Rex
approve,openlibrary_OL17919099W,Fly Guy and the Frankenfly
approve,openlibrary_OL1878469W,Chewy chuckles
approve,openlibrary_OL19152168W,Mob School Survivor
approve,openlibrary_OL19659659W,Cat Kid Comic Club
approve,openlibrary_OL19663951W,The last kids on Earth
approve,openlibrary_OL20006635W,Smaller and smaller circles
approve,openlibrary_OL20046850W,Stiltonix contro il mostro Slurp
approve,openlibrary_OL20940766W,Daddy's zigzagging bedtime story
approve,openlibrary_OL20941861W,In the skin of a monster
approve,openlibrary_OL2628790W,Drowned Wednesday
approve,openlibrary_OL2693090W,When You Are Engulfed in Flames
approve,openlibrary_OL3989358W,Stop Clutter from Stealing Your Life
approve,openlibrary_OL501101W,The Monster Storm
approve,openlibrary_OL5969734W,Glass
approve,openlibrary_OL6210203W,The monster who ate my peas
approve,openlibrary_OL12369902W,Nightmare on Joe's street
approve,openlibrary_OL25448275W,The Children on the Hill
approve,openlibrary_OL27170901W,Back to the Garden
approve,openlibrary_OL3369120W,Food fright!
approve,openlibrary_OL802638W,Monsters
approve,openlibrary_OL8444981W,The Elusive Pimpernel (Scarlet Pimpernel)
approve,openlibrary_OL8488794W,Julia's Chocolates
approve,openlibrary_OL12048619W,Monster in the outfield
approve,openlibrary_OL14715W,Eleventh Hour
approve,openlibrary_OL14958621W,Blood ties
approve,openlibrary_OL15473020W,The book bandit
approve,openlibrary_OL15991405W,The totally awesome epic quest of the brave boy knight
approve,openlibrary_OL16592385W,Delusion in Death
approve,openlibrary_OL17390850W,Frankensteins Monster And Scientific Methods
approve,openlibrary_OL17875721W,The golden twine
approve,openlibrary_OL17886725W,Yu-Gi-Oh! R.
approve,openlibrary_OL19667775W,Zodiac Starforce
approve,openlibrary_OL19710880W,The weight of night
approve,openlibrary_OL19716641W,Pix
approve,openlibrary_OL19948579W,Deltora quest
approve,openlibrary_OL19969853W,Battling Boy
approve,openlibrary_OL19983004W,Sorrow bound
approve,openlibrary_OL19983651W,Barbarian Lord
approve,openlibrary_OL19999433W,Terrible lizard
approve,openlibrary_OL20008400W,Penny Dora and the wishing box
approve,openlibrary_OL20011852W,Monster
approve,openlibrary_OL20021778W,Monster Musume
approve,openlibrary_OL20028336W,The crow girl
approve,openlibrary_OL20046502W,The Cutthroat
approve,openlibrary_OL20456365W,The last Olympian
approve,openlibrary_OL21287890W,Justice League
approve,openlibrary_OL24503613W,Just Roll with It
approve,openlibrary_OL3968343W,Dearly devoted Dexter
approve,openlibrary_OL5814909W,Perseus
approve,openlibrary_OL6043965W,Warrior's Return
approve,openlibrary_OL8122272W,The Looking Glass Wars - CrossFire
approve,openlibrary_OL18182178W,Goosebumps - Vanishing collection
approve,openlibrary_OL19974852W,Lost covenant
approve,openlibrary_OL19983496W,The League of Seven
approve,openlibrary_OL20024524W,A tyranny of petticoats
approve,openlibrary_OL20035183W,Insurrections
approve,openlibrary_OL28773781W,Adventure story collection
approve,openlibrary_OL4296414W,Living by Stories
approve,openlibrary_OL463134W,Dirty tricks
approve,openlibrary_OL478809W,Five ugly monsters
approve,openlibrary_OL8568123W,Kendra Kandlestar And the Box of Whispers
approve,openlibrary_OL15189069W,Darkness Burning
approve,openlibrary_OL15829684W,Captain Nemo
approve,openlibrary_OL16818088W,A Sentimental Novel
approve,openlibrary_OL17580284W,My Epic Fairy Tale Fail
approve,openlibrary_OL17829700W,Goblins
approve,openlibrary_OL17898853W,The Frankenstein journals
approve,openlibrary_OL1815148W,Reef of death
approve,openlibrary_OL18758758W,Yaoi hentai
approve,openlibrary_OL19622215W,The Magical Fantastical Fridge
approve,openlibrary_OL20021840W,Legend
approve,openlibrary_OL20040448W,Troll overboard
approve,openlibrary_OL20057400W,Umberland
approve,openlibrary_OL20816340W,The wrath of the Lizard Lord
approve,openlibrary_OL24290176W,The Orchard book of heroes and villains
approve,openlibrary_OL25034900W,Reborn
approve,openlibrary_OL25744929W,The Ninth Rain
approve,openlibrary_OL27699439W,"1001 dark nights, compilation 10"
approve,openlibrary_OL456815W,Rogmasher Rampage (Billy Clikk)
approve,openlibrary_OL522155W,The edge of the world
approve,openlibrary_OL679339W,The Dangerous Alphabet
approve,openlibrary_OL8777172W,Dream Specter
approve,openlibrary_OL1851448W,Pete Pack Rat's Christmas Eve surprise
approve,openlibrary_OL20923704W,Blood Feather
approve,openlibrary_OL24445451W,Forsaken
approve,openlibrary_OL28181491W,God of Malice
approve,openlibrary_OL28606032W,The haunted hills
approve,openlibrary_OL8127068W,Night of the Gila
approve,hardcover_1070342,Someone You Can Build a Nest In
approve,hardcover_1070590,Bury Your Gays
approve,hardcover_1088816,The Devils
approve,hardcover_1421897,A Curse So Dark and Lonely
approve,hardcover_1661241,Of Monsters and Mainframes
approve,hardcover_202765,Brother
approve,hardcover_247131,The Book of Lost Things
approve,hardcover_427734,Ariadne
approve,hardcover_428733,This Savage Song
approve,hardcover_429024,These Violent Delights
approve,hardcover_429034,Sorcery of Thorns
approve,hardcover_433504,Hench
approve,hardcover_438798,Empire of Silence
approve,hardcover_445859,Journey to the Center of the Earth
approve,hardcover_462020,Only a Monster
approve,hardcover_484819,Gild
approve,hardcover_491366,Hooked
approve,hardcover_54727,The Strange Case of the Alchemist's Daughter
approve,hardcover_617576,The Hurricane Wars
approve,hardcover_680126,The Risk
approve,hardcover_70276,Heartless
approve,hardcover_774035,The Book of Azrael
approve,moodreads_1553,Crossed
approve,openlibrary_OL15304067W,Trailsman 329
approve,openlibrary_OL19715043W,Devil's call
approve,openlibrary_OL20045229W,Revenge and the wild
approve,openlibrary_OL41147W,Virgin of the rodeo
approve,hardcover_1196233,The Sunshine Court
approve,hardcover_1214996,The Courting of Bristol Keats
approve,hardcover_1242685,The Wolf King
approve,hardcover_129913,The Rose & the Dagger
approve,hardcover_1404284,Reliquary
approve,hardcover_1429254,Wings of Starlight
approve,hardcover_17297,Erasure
approve,hardcover_1859521,Tourist Season
approve,hardcover_192942,Burnt Offerings
approve,hardcover_1960841,Dire Bound
approve,hardcover_2182463,Daughter of Crows
approve,hardcover_219312,Beastly
approve,hardcover_330244,Railsea
approve,hardcover_358228,The Beast Within
approve,hardcover_373216,Nightmares and Dreamscapes
approve,hardcover_379420,Invisible Monsters Remix
approve,hardcover_430269,The Devil in Silver
approve,hardcover_430569,A Game of Retribution
approve,hardcover_431595,Our Violent Ends
approve,hardcover_432624,A Touch of Jen
approve,hardcover_435698,Autobiography of Red
approve,hardcover_437466,Thirteen
approve,hardcover_440992,The Fall
approve,hardcover_448018,Sea Witch
approve,hardcover_449021,Down Comes the Night
approve,hardcover_452160,Pandora's Jar: Women in the Greek Myths
approve,hardcover_454251,Nine Goblins
approve,hardcover_455651,All My Rage
approve,hardcover_456687,What Big Teeth
approve,hardcover_459788,Sweep in Peace
approve,hardcover_463721,The King's Men
approve,hardcover_463776,Warrior Fae
approve,hardcover_467481,The Copper Promise
approve,hardcover_467847,The Warlock
approve,hardcover_470983,The Mindf*ck Series
approve,hardcover_479827,CyberStorm
approve,hardcover_482927,The Bitter Twins
approve,hardcover_518376,Tales from the Gas Station: Volume One
approve,hardcover_525839,To Bleed a Crystal Bloom
approve,hardcover_525868,Psycho Shifters
approve,hardcover_525931,Does It Hurt?
approve,hardcover_525996,Blood Bonds
approve,hardcover_550923,Paint It All Red
approve,hardcover_550926,Scarlet Angel
approve,hardcover_550928,All the Lies
approve,hardcover_562471,Vicious
approve,hardcover_576329,Kisscut
approve,hardcover_584716,"Sister, Maiden, Monster"
approve,hardcover_638224,The Path of Ascension
approve,hardcover_646066,The Perfect Run
approve,hardcover_676423,"Bakemonogatari, Part 1: Monster Tale (Light Novel)"
approve,hardcover_697914,The Lies We Steal
approve,hardcover_707211,The Poison Song
approve,hardcover_773828,Murder at Spindle Manor
approve,hardcover_794741,Death's Obsession
approve,hardcover_980291,Once You're Mine
approve,hardcover_1060268,Celestial Monsters
approve,hardcover_1101006,Skin of a Sinner
approve,hardcover_1205400,The Path of Ascension 7
approve,hardcover_1254793,Candle & Crow
approve,hardcover_1291963,We Could Be Rats
approve,hardcover_1414583,Beautiful Venom
approve,hardcover_1481688,House of the Beast
approve,hardcover_158864,Monster Island
approve,hardcover_1776567,The Things Gods Break
approve,hardcover_1859520,Tantrum
approve,hardcover_1927190,The Court of the Dead
approve,hardcover_194604,The Monster of Florence
approve,hardcover_2003774,Phantom
approve,hardcover_210120,Horde
approve,hardcover_214885,The Plague Dogs
approve,hardcover_2189750,The Girl with a Thousand Faces
approve,hardcover_27697,Big Machine
approve,hardcover_27716,Kitty Goes to Washington
approve,hardcover_285355,Cari Mora
approve,hardcover_286824,The Dying of the Light
approve,hardcover_287220,Return to Del
approve,hardcover_287627,The Changeling Sea
approve,hardcover_353422,Foundling
approve,hardcover_371115,Monster Hunter Legion
approve,hardcover_40098,Ruinsong
approve,hardcover_427613,The Kingdom
approve,hardcover_429043,Go the Distance
approve,hardcover_429094,Lightbringer
approve,hardcover_436309,She Walks in Shadows
approve,hardcover_440157,Blitz
approve,hardcover_445737,Hell Divers IV: Wolves
approve,hardcover_450268,Monsters
approve,hardcover_450794,Sweet Venom
approve,hardcover_458775,Assail
approve,hardcover_463781,Kings of Quarantine
approve,hardcover_468626,Monster Hunter Nemesis
approve,hardcover_506083,Unhinged
approve,hardcover_552074,Silent Child
approve,hardcover_555001,The Game of Lives
approve,hardcover_584732,Illuminations
approve,hardcover_606157,Consumed by Deception
approve,hardcover_61173,Shadows Return
approve,hardcover_69036,Night Shift
approve,hardcover_7278,Fallout
approve,hardcover_735531,Wildblood
approve,hardcover_785159,The Dunwich Horror
approve,hardcover_804185,Tentacles & Triathlons
approve,hardcover_82145,Contagion
approve,hardcover_969890,The Lake of Tears
approve,hardcover_102220,The New Hunger
approve,hardcover_1124375,Wed to the Ice Giant
approve,hardcover_1217657,Joyless
approve,hardcover_128473,The Dunwich Horror And Other Stories
approve,hardcover_1974357,Never a Hero
approve,hardcover_23153,North! or Be Eaten
approve,hardcover_239671,Moribito
approve,hardcover_257442,Shadow Man
approve,hardcover_259296,The string diaries
approve,hardcover_273808,Cold Burn of Magic
approve,hardcover_319644,Way of the Wolf
approve,hardcover_364118,Quintessence
approve,hardcover_442002,The Norse Myths
approve,hardcover_451130,All These Monsters
approve,hardcover_461265,In the Company of Ogres
approve,hardcover_468060,The Lost Kingdom of Bamarre
approve,hardcover_506363,Insanity
approve,hardcover_512087,Comemadre
approve,hardcover_800,Hero
approve,hardcover_1011411,The Night Eaters: Her Little Reapers
approve,hardcover_1056243,Hell Divers IX: Radioactive
approve,hardcover_1110996,Lampje
approve,hardcover_1192689,"Now, Conjurers"
approve,hardcover_147218,Wild Thing
approve,hardcover_1638836,Breakwater
approve,hardcover_1692925,The Saltwater Curse
approve,hardcover_201974,Lamplighter
approve,hardcover_2168402,The Duke
approve,hardcover_223911,The Bride and the Beast
approve,hardcover_324133,A Knot in the Grain and Other Stories
approve,hardcover_330193,Monster Planet: A Zombie Novel
approve,hardcover_343292,Threshold
approve,hardcover_428991,Alice in Zombieland
approve,hardcover_431274,Dear Miss Metropolitan
approve,hardcover_457149,Orn
approve,hardcover_459054,Feeder
approve,hardcover_542268,Doctor Who: Borrowed Time
approve,hardcover_560617,Stormqueen!
approve,hardcover_570684,Player's Handbook
approve,hardcover_905272,As Death Draws Near
approve,hardcover_947204,Vlad: The Last Confession
approve,blood_meridian,Blood Meridian
approve,elantris,Elantris
approve,kirkus_james_beauseigneur_antichrist_2,Antichrist
approve,openlibrary_OL17596772W,The Return of Spring-heeled Jack
approve,openlibrary_OL19996245W,The dream-quest of unknown Kadath
approve,openlibrary_OL34721779W,Slavic Supernatural
approve,the_hunger_games,The Hunger Games
approve,this_body_s_not_big_enough_for_both_of_us,This Body's Not Big Enough for Both of Us
approve,we_are_here,We are Here
approve,openlibrary_OL15190817W,The Dragon Book
approve,openlibrary_OL16529185W,Until I die
approve,openlibrary_OL20040313W,Something in the blood
approve,openlibrary_OL4287862W,The sorcerer's companion
approve,openlibrary_OL5683495W,High Druid of Shannara
approve,openlibrary_OL77795W,Blood and Gold
approve,openlibrary_OL85677W,Buried fire
approve,openlibrary_OL1159648W,The Golden Bough
approve,openlibrary_OL15183119W,The Red Pyramid
approve,openlibrary_OL15946464W,The Throne of Fire
approve,openlibrary_OL166629W,Greek myths
approve,openlibrary_OL276470W,The Ambassadors
approve,openlibrary_OL1375089W,Mythologies
approve,openlibrary_OL15089840W,Dazzling Brightness:(Greek Myths #1)
approve,openlibrary_OL15155310W,Vampiro
approve,openlibrary_OL17872723W,Wildalone
approve,openlibrary_OL17911416W,Envy
approve,openlibrary_OL19740639W,Scourged
approve,openlibrary_OL2382360W,Apollonius Rhodius
approve,openlibrary_OL3466318W,From Scythia to Camelot
approve,openlibrary_OL661962W,Mister Pip
approve,openlibrary_OL9380983W,Ulysses in Black
approve,openlibrary_OL13847486W,Alcestis
approve,openlibrary_OL14920491W,The jealous potter
approve,openlibrary_OL14925496W,Turn Left At The Trojan Horse
approve,openlibrary_OL16610155W,Rai Mythology
approve,openlibrary_OL17372298W,Magnus Chase and the Gods of Asgard
approve,openlibrary_OL17924973W,Throne of darkness
approve,openlibrary_OL18435369W,From myth to reason?
approve,openlibrary_OL1862542W,Homer and the Indo-Europeans
approve,openlibrary_OL19347801W,Staked: The Iron Druid Chronicles
approve,openlibrary_OL1954399W,Dread locks
approve,openlibrary_OL2684541W,Paganism in Arthurian romance
approve,openlibrary_OL28172930W,Vampires
approve,openlibrary_OL28587548W,El diccionario del mago
approve,openlibrary_OL2980568W,Waking the world
approve,openlibrary_OL3067369W,Survivance des dieux antiques
approve,openlibrary_OL3356408W,The Spirit of Haida Gwaii
approve,openlibrary_OL3469305W,Tolkien's art
approve,openlibrary_OL4086783W,Women of classical mythology
approve,openlibrary_OL4442309W,A dictionary of Egyptian gods and goddesses
approve,openlibrary_OL511070W,Brewer's dictionary of phrase and fable
approve,openlibrary_OL5262120W,Mythology
approve,openlibrary_OL5731697W,Shades Of Difference
approve,openlibrary_OL5734756W,Gardens of the Moon
approve,openlibrary_OL5770986W,Tolkien and the Great War
approve,openlibrary_OL679300W,Odd and the Frost Giants
approve,openlibrary_OL77565W,Bulfinch's Mythology (The Age of Fable / The Age of Chivalry / Legends of Charlemagne)
approve,openlibrary_OL7814434W,Transforming psyche
approve,openlibrary_OL7988721W,Nobody's Prize (Nobody's Princess #2)
approve,openlibrary_OL94341W,The origins of evil in Hindu mythology
approve,openlibrary_OL15187926W,The Wealthy Greek's Contract Wife
approve,openlibrary_OL4322197W,The absent Shakespeare
approve,openlibrary_OL5955591W,Queer Mythologies
approve,openlibrary_OL111582W,Three Fates
approve,openlibrary_OL16533521W,Ascending Goddess
approve,openlibrary_OL37826293W,Nexus
approve,openlibrary_OL5757964W,The minotaur : a novelization
approve,openlibrary_OL16182820W,Supergods
approve,openlibrary_OL19800273W,Tiamat's Wrath
approve,openlibrary_OL20047337W,NK3
approve,openlibrary_OL8232243W,The Complete Idiot's Guide to the World of Harry Potter
approve,openlibrary_OL85662W,The white boy shuffle
approve,openlibrary_OL15112171W,Sphinx's princess (Sphinx's Princess #1)
approve,openlibrary_OL176321W,The Dakota Cipher
approve,openlibrary_OL1823394W,Viking
approve,openlibrary_OL20854155W,Masters of Rome
approve,openlibrary_OL467268W,The hammer and the cross
approve,openlibrary_OL56102W,The Gods of Newport
approve,openlibrary_OL6037971W,The wind done gone
approve,openlibrary_OL19991372W,Wolf winter
approve,openlibrary_OL21685700W,Girl A
approve,openlibrary_OL8584746W,Reading Comics
approve,openlibrary_OL17439876W,Pirates ’n’ Pistols
approve,openlibrary_OL17929562W,Because You Love to Hate Me
approve,openlibrary_OL20360746W,Stories of magical animals
approve,openlibrary_OL21220390W,The Winter Room
approve,openlibrary_OL28594824W,Champion of destiny
approve,openlibrary_OL2963395W,Superfolks
approve,openlibrary_OL471948W,The Labours of Hercules
approve,openlibrary_OL5660962W,The Arctic Sky
approve,openlibrary_OL5790692W,The seven sisters of the Pleiades
approve,openlibrary_OL5968734W,The Australia stories
approve,openlibrary_OL8978067W,The Wicked Sex
approve,hardcover_427353,Endymion
approve,hardcover_459207,City of Dragons
approve,hardcover_465190,The Witch's Heart
approve,hardcover_430953,9 From the Nine Worlds
approve,hardcover_431643,A Game of Gods
approve,hardcover_445521,Forge of Darkness
approve,hardcover_465715,Blood of Empire
approve,hardcover_720120,The Running Grave
approve,hardcover_1043164,Bored Gay Werewolf
approve,hardcover_1807804,Cello's Gate
approve,hardcover_219803,Witches of East End
approve,hardcover_264417,Cyclops
approve,hardcover_449422,House of Names
approve,hardcover_454454,The Sisters of the Winter Wood
approve,hardcover_467322,Leviathan
approve,hardcover_482103,Trickster Makes This World: How The Disruptive Imagination Creates Culture
approve,hardcover_163367,Waking the Moon
approve,hardcover_165838,Amber and Ashes
approve,hardcover_448608,The Immortal Prince
approve,hardcover_532118,"Rejected Princesses: Tales of History's Boldest Heroines, Hellions, and Heretics"
approve,hardcover_632040,Empire V
approve,hardcover_439095,Alternate Routes
approve,red_planet_blues,Red Planet Blues
approve,openlibrary_OL553754W,The Black Dahlia
approve,openlibrary_OL2712926W,What a Carve Up!
approve,openlibrary_OL20045966W,Three years with the rat
approve,openlibrary_OL8514722W,KOP
approve,openlibrary_OL8844568W,Fade to Blue
approve,openlibrary_OL17193W,"Darkness, take my hand"
approve,openlibrary_OL1822528W,The intuitionist
approve,openlibrary_OL47266W,The Maltese Falcon
approve,openlibrary_OL553787W,L.A. Confidential
approve,openlibrary_OL14958465W,The Falls
approve,openlibrary_OL17625955W,Past Crimes
approve,openlibrary_OL1987647W,Resurrection Day
approve,openlibrary_OL159217W,Sinister shorts
approve,openlibrary_OL3295511W,Killer in the rain
approve,hardcover_1190100,The City and Its Uncertain Walls
approve,hardcover_381729,Woken Furies
approve,hardcover_429890,Noir
approve,hardcover_437183,The Ruin
approve,hardcover_571662,Strata
approve,hardcover_95885,Pulp
approve,hardcover_217939,"Sex, Murder and a Double Latte"
approve,hardcover_447803,Blacksad #1: Somewhere Within the Shadows
approve,hardcover_565571,A Void
approve,hardcover_770173,Ones and Zeroes
approve,grunts,Grunts!
approve,house_of_open_wounds,House of Open Wounds
approve,johannes_cabal_the_necromancer,Johannes Cabal the Necromancer
approve,necroscope,Necroscope
approve,ninth_house,Ninth House
approve,openlibrary_OL17795115W,Blood noir
approve,openlibrary_OL19090443W,The Last Days of Jack Sparks
approve,openlibrary_OL76578W,Witch Wood
approve,storm_front,Storm Front
approve,openlibrary_OL17213815W,"Hold me closer, necromancer"
approve,openlibrary_OL16239557W,Alienation
approve,openlibrary_OL16415315W,Necromancing the stone
approve,openlibrary_OL17525251W,Nice Girls don't live forever
approve,openlibrary_OL19983609W,Hexed
approve,openlibrary_OL26591257W,Witch's Handbook of Kisses and Curses
approve,openlibrary_OL20414239W,Heresy
approve,openlibrary_OL19627650W,The Last Days of New Paris
approve,hardcover_1083149,Lady Macbeth
approve,hardcover_1168736,Witchcraft for Wayward Girls
approve,hardcover_286709,The Bone Witch
approve,hardcover_36790,Emperor of Thorns
approve,hardcover_624232,Bookshops & Bonedust
approve,hardcover_1250699,The Great When
approve,hardcover_1880252,The Ascended
approve,hardcover_434033,A Lesson in Vengeance
approve,hardcover_2156138,Innamorata
approve,hardcover_458497,The Death of the Necromancer
approve,hardcover_511355,The Necromancer's House
approve,hardcover_242406,"Enchanted, Inc."
approve,hardcover_448668,Finn Fancy Necromancy
approve,hardcover_459222,Into the Fire
approve,hardcover_475410,Fraternity
approve,hardcover_520497,The Enterprise of Death
approve,hardcover_747248,Do a Powerbomb
approve,hardcover_454638,Agent of Chaos
approve,openlibrary_OL5843809W,Boneshaker
approve,revenger,Revenger
approve,ruin,Ruin
approve,shadow_captain,Shadow Captain
approve,ship_of_destiny,Ship of Destiny
approve,ship_of_magic,Ship of Magic
approve,the_mad_ship,The Mad Ship
approve,windwitch,Windwitch
approve,openlibrary_OL16870598W,Blood of Dragons
approve,openlibrary_OL19652832W,Lost Boy
approve,openlibrary_OL2575594W,The dark frigate
approve,openlibrary_OL5725995W,The Legend of Captain Crow's Teeth
approve,openlibrary_OL16307211W,Pirate King
approve,openlibrary_OL20411W,How to be a pirate
approve,openlibrary_OL15665174W,The Fallen Blade
approve,openlibrary_OL17582354W,Delilah Dirk And The Turkish Lieutenant
approve,openlibrary_OL17712089W,Wicked Charmes
approve,openlibrary_OL17931660W,Sky run
approve,openlibrary_OL19328W,Airborn
approve,openlibrary_OL20416941W,The Starless Sea
approve,openlibrary_OL16361059W,A confusion of princes
approve,openlibrary_OL19342747W,Wayfarer
approve,openlibrary_OL17883689W,Curse of the Iris
approve,openlibrary_OL19339910W,Autonomous
approve,openlibrary_OL19713814W,Holly Farb and the Princess of the Galaxy
approve,openlibrary_OL497945W,Dead water
approve,openlibrary_OL1914091W,Triple
approve,openlibrary_OL19864127W,The Extremely Inconvenient Adventures of Bronte Mettlestone
approve,openlibrary_OL20044714W,The Jolly Regina
approve,openlibrary_OL84868W,Corsair
approve,openlibrary_OL84895W,Dark Watch
approve,openlibrary_OL15975258W,Wanna get lucky?
approve,openlibrary_OL14921435W,Roman diary
approve,openlibrary_OL14981918W,Bride of a Wicked Scotsman
approve,openlibrary_OL15010877W,Piractica
approve,openlibrary_OL20880628W,The death of kings
approve,openlibrary_OL5718459W,My Bonny Light Horseman (Bloody Jack #6)
approve,openlibrary_OL8070951W,The Sea-Hawk
approve,openlibrary_OL9822578W,Young samurai
approve,openlibrary_OL144818W,Tales of the Fish Patrol
approve,openlibrary_OL15552575W,Love Beyond Time
approve,openlibrary_OL1888028W,Islands in the Net
approve,openlibrary_OL468404W,Flappers and Philosophers
approve,openlibrary_OL134596W,Dead Man's Walk
approve,openlibrary_OL15449069W,Taken by the pirate tycoon
approve,openlibrary_OL16190794W,Voyage of the Sea Wolf
approve,openlibrary_OL16190818W,Deadweather and Sunrise
approve,openlibrary_OL2402318W,Boy Overboard
approve,openlibrary_OL2459824W,Missee Lee
approve,hardcover_358274,A Gathering of Shadows
approve,hardcover_378477,American Kingpin
approve,openlibrary_OL50933W,Sackett's Land
approve,hardcover_1477629,Task Force Hammer
approve,hardcover_242366,The King's Buccaneer
approve,hardcover_367739,Mariel of Redwall
approve,hardcover_433118,Peace Like a River
approve,hardcover_435110,On Stranger Tides
approve,hardcover_446028,Sea of Swords
approve,hardcover_448399,The Gone-Away World
approve,hardcover_465136,The Dawnhounds
approve,hardcover_506257,Sea of Ruin
approve,hardcover_512062,The Light Pirate
approve,hardcover_526071,Lady Smoke
approve,hardcover_677677,Hunt on Dark Waters
approve,hardcover_68951,Daughter of the Siren Queen
approve,hardcover_809696,A Pirate's Life for Tea
approve,hardcover_138326,Engaging the Enemy
approve,hardcover_245569,Command Decision
approve,hardcover_252990,Frenchman's Creek
approve,hardcover_266527,The Outlaw Ocean: Journeys Across the Last Untamed Frontier
approve,hardcover_378056,Flush
approve,hardcover_469093,The Letter of Marque
approve,hardcover_484957,The Sea Watch
approve,hardcover_578103,Crescent Dawn
approve,hardcover_103625,Gentle Rogue
approve,hardcover_1197507,Saltblood
approve,hardcover_1514105,Peter Pan and Wendy
approve,hardcover_170227,Sassinak
approve,hardcover_283569,The Truth of Valor
approve,hardcover_305296,The Shadow of Saganami
approve,hardcover_327899,"Cup Of Gold: A Life Of Sir Henry Morgan, Buccaneer, With Occasional Reference To History"
approve,hardcover_383255,Devil's Gate
approve,hardcover_422,Six Frigates: The Epic History of the Founding of the U.S. Navy
approve,hardcover_436628,Clockwork Angels
approve,hardcover_444524,China: The Novel
approve,hardcover_458237,Glory Season
approve,hardcover_458350,Song of Scarabaeus
approve,hardcover_459218,The Ugly Duchess
approve,hardcover_481702,Mercy Kill
approve,hardcover_616361,Blackhearts
approve,hardcover_648179,Star Wars: Knight Errant
approve,hardcover_890978,Never Never
approve,hardcover_1126211,Ghostdrift
approve,hardcover_144750,Glow
approve,hardcover_378536,A Loving Scoundrel: A Malory Novel
approve,hardcover_517360,Never Never
approve,hardcover_918866,Doctor Who: City of Death
approve,hardcover_94931,The Death of Sleep
approve,a_psalm_for_the_wild_built,A Psalm for the Wild-Built
approve,annie_bot,Annie Bot
approve,bill_the_galactic_hero,"Bill, The Galactic Hero"
approve,city,City
approve,do_androids_dream_of_electric_sheep,Do Androids Dream of Electric Sheep
approve,heart_of_iron,Heart of Iron
approve,isaac_asimovs_utopia,Isaac Asimov's Utopia
approve,openlibrary_OL817906W,Scooby-doo! and the runaway robot
approve,service_model,Service Model
approve,sunrise_alley,Sunrise Alley
approve,the_caves_of_steel,The Caves of Steel
approve,the_naked_sun,The Naked Sun
approve,tin_men,Tin Men
approve,under_your_skin,Under Your Skin
approve,openlibrary_OL14871339W,Ricky Ricotta's Mighty Robot vs. the Stupid Stinkbugs from Saturn
approve,openlibrary_OL14958765W,Alien Sex
approve,openlibrary_OL15184648W,The Scary Night
approve,openlibrary_OL17557462W,Bad Unicorn (Bad Unicorn #1)
approve,openlibrary_OL28319W,The Stepford Wives
approve,openlibrary_OL14871228W,The Adventures of Captain Underpants
approve,openlibrary_OL14871313W,Ricky Ricotta's Mighty Robot vs. the Uranium unicorns from Uranus
approve,openlibrary_OL15728504W,Amulet
approve,openlibrary_OL16282945W,Cinder
approve,openlibrary_OL17872720W,The ire of Iron Claw
approve,openlibrary_OL23200918W,Come together!
approve,openlibrary_OL9267087W,Ricky Ricotta's Giant Robot Vs. the Voodoo Vultures from Venus (Ricky Ricotta)
approve,openlibrary_OL19861095W,Field of Fantasies: Baseball Stories of the Strange and Supernatural
approve,openlibrary_OL16412640W,Steampunk!
approve,openlibrary_OL16621352W,Steampunk
approve,openlibrary_OL17828010W,Human for a day
approve,openlibrary_OL17893135W,The Clockwork Dynasty
approve,openlibrary_OL20077992W,Machines Like Me
approve,openlibrary_OL19664105W,Wires and nerve
approve,openlibrary_OL20032120W,The almost girl
approve,openlibrary_OL46373W,Nemesis
approve,openlibrary_OL9246820W,Ricky Ricotta's Giant Robot Vs. the Mutant Mosquitoes from Mercury (Ricky Ricotta)
approve,openlibrary_OL12598W,The road to Mars
approve,openlibrary_OL15010857W,Indigara
approve,openlibrary_OL15026512W,Astroball free-4-all
approve,openlibrary_OL15172770W,A Prize Inside
approve,openlibrary_OL15215557W,Simon's Dream (Fog Mound #3)
approve,openlibrary_OL15586722W,The Indestructible Metal Men
approve,openlibrary_OL15680434W,Story of Atari Missile Command
approve,openlibrary_OL15741872W,Astronaut Academy
approve,openlibrary_OL15829265W,Astro boy
approve,openlibrary_OL16211235W,Flood & fire
approve,openlibrary_OL16415272W,"Geeks, girls, and secret identities"
approve,openlibrary_OL16726505W,Revolution 19
approve,openlibrary_OL17616846W,Mooncop
approve,openlibrary_OL17736752W,Sonic the hedgehog archives
approve,openlibrary_OL1842485W,Created in our image
approve,openlibrary_OL19345264W,Head On
approve,openlibrary_OL19657398W,The Big Book of Science Fiction
approve,openlibrary_OL19661308W,"Humans, Bow Down"
approve,openlibrary_OL19995935W,Mars evacuees
approve,openlibrary_OL20051035W,Avengers of the moon
approve,openlibrary_OL20872131W,Echo boy
approve,openlibrary_OL20911598W,The ire of Iron Claw
approve,openlibrary_OL2421571W,Star Trek - Insurrection
approve,openlibrary_OL27351207W,The Search for WondLa
approve,openlibrary_OL46368W,The Complete Robot
approve,openlibrary_OL522193W,Scattered Suns
approve,openlibrary_OL5753058W,Dr. Slump
approve,openlibrary_OL59733W,The Door into Summer
approve,openlibrary_OL640815W,Zot!
approve,openlibrary_OL80805W,Split infinity
approve,openlibrary_OL8782866W,Gunnm last order
approve,openlibrary_OL17090752W,NeraI Naufraghi Delle Stelle
approve,openlibrary_OL19970030W,Otto's backwards day
approve,openlibrary_OL225062W,The toy collector
approve,openlibrary_OL2923722W,As the World Burns
approve,openlibrary_OL14871308W,Ricky Ricotta's Mighty Robot #4 Vs. The Mecha-monkeys From Mars
approve,openlibrary_OL16591798W,Ungifted
approve,openlibrary_OL16698751W,Rabbit and Robot
approve,openlibrary_OL17610980W,Robots go wild!
approve,openlibrary_OL5716277W,Lunch lady and the cyborg substitute
approve,openlibrary_OL16263303W,The Avengers and philosophy
approve,openlibrary_OL1646671W,Supergirl and the Legion of Super-Heroes
approve,openlibrary_OL16705016W,Distant Thunder
approve,openlibrary_OL1707632W,Wrong About Japan
approve,openlibrary_OL17220146W,Little Robot
approve,openlibrary_OL17508843W,Leave It To Pet The Misadventures Of A Recycled Super Robot
approve,openlibrary_OL17867601W,Iron Wolf
approve,openlibrary_OL17922359W,Dog Man
approve,openlibrary_OL19721477W,Spacebat and the Fugitives
approve,openlibrary_OL19964688W,Adventures away
approve,openlibrary_OL20055953W,The adventures of Kung Fu Robot
approve,openlibrary_OL21950603W,Good Neighbors
approve,openlibrary_OL482623W,The dragon players
approve,openlibrary_OL16461720W,Robot zombie Frankenstein
approve,openlibrary_OL20021215W,Rocket and Groot
approve,openlibrary_OL24443030W,A cosmic comic
approve,openlibrary_OL15004743W,ANIMA
approve,openlibrary_OL16152104W,Brother in a box
approve,openlibrary_OL20026953W,Night air
approve,openlibrary_OL39671W,The Crooked Banister
approve,hardcover_150193,The Wild Robot
approve,hardcover_1888706,Monk and Robot
approve,hardcover_427511,Only Human
approve,hardcover_427550,Waking Gods
approve,hardcover_432759,Punk 57
approve,hardcover_242595,The Just City
approve,hardcover_338234,Saturn's Children
approve,hardcover_456445,The Electric State
approve,hardcover_12709,A Forest of Stars
approve,hardcover_443363,Livewired: The Inside Story of the Ever-Changing Brain
approve,hardcover_458810,The Stone in the Skull
approve,hardcover_584824,Black Paradox
approve,hardcover_1171799,Carbon & Silicon
approve,hardcover_159074,The Robots of Gotham
approve,hardcover_280543,The Hunchback Assignments
approve,hardcover_376723,Time and Again
approve,hardcover_445982,Robot Adept
approve,hardcover_481253,Swastika Night
approve,hardcover_536592,Strange Highways
approve,hardcover_444508,Robot Uprisings
approve,hardcover_460353,Don’t Bite the Sun
approve,hardcover_542248,Doctor Who: Engines of War
approve,hardcover_586458,Voyage from Yesteryear
approve,hardcover_683101,The Witches of Chiswick
approve,hardcover_795409,Breakaway
approve,a_choice_of_gods,A Choice of Gods
approve,ancillary_justice,Ancillary Justice
approve,gemina,Gemina
approve,imperial_earth,Imperial Earth
approve,lord_of_light,Lord of Light
approve,pandoras_star,Pandora's Star
approve,protector_of_the_realm,Protector of the Realm
approve,starsight,Starsight
approve,the_blood_red_city,The Blood Red City
approve,the_lily_and_the_crown,The Lily and the Crown
approve,the_naked_god,The Naked God
approve,the_rebel_worlds,The Rebel Worlds
approve,the_red_scholar_s_wake,The Red Scholar’s Wake
approve,the_sirens_of_titan,The Sirens of Titan
approve,the_sky_road,The Sky Road
approve,openlibrary_OL14952358W,Snakehead
approve,openlibrary_OL84766W,Ark Angel
approve,openlibrary_OL20026888W,On the edge of gone
approve,openlibrary_OL24349917W,Autopsy
approve,openlibrary_OL2742680W,The planet of terror
approve,openlibrary_OL46108W,The End of Eternity
approve,openlibrary_OL46917W,Sphere
approve,openlibrary_OL473243W,The Defiant Agents
approve,openlibrary_OL931687W,The moons of Jupiter
approve,openlibrary_OL19974997W,Max viaja a la estación espacial
approve,hardcover_1179741,Isles of the Emberdark
approve,hardcover_977047,"Y: The Last Man Vol, 1 Unmanned"
approve,hardcover_1231119,Hammajang Luck
approve,hardcover_435136,The Great Dune Trilogy
approve,hardcover_10116,Archangel
approve,hardcover_223703,Half Asleep in Frog Pajamas
approve,hardcover_226372,Coyote Horizon
approve,hardcover_815902,Star Wars: Defy the Storm
approve,hardcover_2191230,The Obake Code
approve,hardcover_461575,Up the Walls of the World
approve,hardcover_464480,A Planet Called Treason
approve,a_quantum_murder,A Quantum Murder
approve,embers_of_war291,Embers of War
approve,openlibrary_OL2186738W,Adventure in Istanbul (The Spy Who Wasn't There)
approve,openlibrary_OL78075W,The spy
approve,openlibrary_OL8135510W,Blasphemy
approve,openlibrary_OL14920152W,Private
approve,openlibrary_OL15165816W,Operation Mincemeat
approve,openlibrary_OL15723140W,The Spy Who Came in from the Cold
approve,openlibrary_OL159452W,The Hunt for Red October
approve,openlibrary_OL19688W,Echoes
approve,openlibrary_OL29763W,Absolute Friends
approve,openlibrary_OL39108W,The Secret Agent
approve,openlibrary_OL85743W,Moonraker
approve,openlibrary_OL134370W,The Body Farm
approve,openlibrary_OL16283675W,Spirit Bound
approve,openlibrary_OL17412168W,Up From The Grave
approve,openlibrary_OL20030307W,The nightmare stacks
approve,openlibrary_OL56239W,Lammas Night
approve,openlibrary_OL8702048W,Master and Commander
approve,openlibrary_OL17839523W,Tom Clancy Full Force and Effect
approve,openlibrary_OL19710335W,The Snowden files
approve,openlibrary_OL16318426W,The road of danger
approve,openlibrary_OL17714834W,Compliance
approve,openlibrary_OL19764427W,The Supreme Orchestra
approve,openlibrary_OL20022703W,Until we are free
approve,openlibrary_OL20085417W,Zero World
approve,openlibrary_OL2322471W,White Mughals
approve,openlibrary_OL2425036W,Billion-dollar brain
approve,openlibrary_OL2618447W,Agent Zigzag
approve,openlibrary_OL15980837W,Bonnie
approve,openlibrary_OL6037106W,Digital evidence and computer crime
approve,openlibrary_OL17661104W,The English Girl
approve,openlibrary_OL1988529W,A century of spies
approve,openlibrary_OL19970867W,A nasty piece of work
approve,openlibrary_OL491200W,Hot mahogany
approve,openlibrary_OL14934241W,The bridegroom
approve,openlibrary_OL15181100W,The Betrayal of the Blood Lily
approve,openlibrary_OL1904176W,The spies of Warsaw
approve,openlibrary_OL20005635W,Flood of fire
approve,openlibrary_OL23238W,Sharpe's honour
approve,openlibrary_OL2377278W,Winston's war
approve,openlibrary_OL2634634W,"People of the Thunder (North America's Forgotten Past, Book Sixteen)"
approve,openlibrary_OL6036053W,The music of the spheres
approve,openlibrary_OL16110191W,The Shadow Patrol
approve,openlibrary_OL18163981W,Hurricane fever
approve,openlibrary_OL18177970W,Rules of vengeance
approve,openlibrary_OL1973607W,The shark mutiny
approve,openlibrary_OL20008550W,The survivor
approve,openlibrary_OL2664897W,The Matarese countdown
approve,openlibrary_OL29767W,The Secret Pilgrim
approve,openlibrary_OL3021342W,The Night of Morningstar
approve,openlibrary_OL505651W,Ashenden
approve,openlibrary_OL5730172W,Double cross blind
approve,openlibrary_OL20901102W,Love & Other Crimes
approve,openlibrary_OL15399867W,Annabel
approve,openlibrary_OL9348610W,STORM
approve,openlibrary_OL14963620W,The Admiral's Bride
approve,hardcover_1119185,The Ministry of Time
approve,hardcover_15201,The Bourne Identity
approve,hardcover_427721,Nexus
approve,hardcover_429568,"Tinker, Tailor, Soldier, Spy"
approve,hardcover_449946,Clockwork Boys
approve,hardcover_47278,The Gone World
approve,hardcover_115434,Amberlough
approve,hardcover_32163,Act of Treason
approve,hardcover_358057,The Looking Glass War
approve,hardcover_358507,A Perfect Spy
approve,hardcover_380240,Low Town
approve,hardcover_473707,Damascus Station
approve,hardcover_481098,The Last Man
approve,hardcover_157345,Against All Enemies
approve,hardcover_301654,SS-GB
approve,hardcover_446296,The Quiet War
approve,hardcover_459046,Dark State
approve,hardcover_578143,Fire Ice
approve,hardcover_1184244,Fate Be Changed
approve,hardcover_467982,Armistice
approve,hardcover_469576,Cumulus
approve,hardcover_481050,First to Kill
approve,hardcover_377722,The Reluctant Widow
approve,hardcover_535737,The Secret Soldier
approve,hardcover_587515,Magicians Impossible
approve,openlibrary_OL15456325W,The Greyfriar
approve,hardcover_196742,Karen Memory
approve,hardcover_351979,Whitechapel Gods
approve,openlibrary_OL17507444W,Expatriots
approve,shatter_me,Shatter Me
approve,openlibrary_OL45111289W,Big Nate
approve,openlibrary_OL19995856W,Public School Superhero
approve,openlibrary_OL20009271W,The astounding broccoli boy
approve,openlibrary_OL8119760W,Captain Underpants and the Attack of the Talking Toilets
approve,openlibrary_OL19330095W,The Annihilation Score (A Laundry Files Novel)
approve,openlibrary_OL20666248W,Dragman
approve,openlibrary_OL4616015W,Hero
approve,openlibrary_OL19798934W,Not Your Sidekick
approve,openlibrary_OL16211436W,Sidekicks
approve,openlibrary_OL19987685W,Dead zone
approve,openlibrary_OL2544809W,Lost Girls
approve,openlibrary_OL15086W,The Comic Book Mystery
approve,openlibrary_OL15090797W,Medikidz explain HIV
approve,openlibrary_OL17836003W,Illusive
approve,openlibrary_OL20014570W,Deceptive
approve,hardcover_435685,V for Vendetta
approve,hardcover_467435,Infinity Gauntlet
approve,hardcover_804096,Not All Himbos Wear Capes
approve,hardcover_433733,All of the Marvels: A Journey to the Ends of the Biggest Story Ever Told
approve,hardcover_454481,Sanctuary
approve,hardcover_508098,Batman: Damned
approve,anno_dracula,Anno Dracula
approve,changes1,Changes
approve,day_shift,Day Shift
approve,hellbent,Hellbent
approve,openlibrary_OL16239243W,Damned
approve,openlibrary_OL16261141W,Zombie mommy
approve,openlibrary_OL16415368W,Vampire's kiss
approve,openlibrary_OL17825286W,The eternity cure
approve,openlibrary_OL19947271W,Witch wolf
approve,openlibrary_OL24251393W,Blood of the witch
approve,openlibrary_OL27846744W,Silver Under Nightfall
approve,openlibrary_OL37574445W,Lucy Undying
approve,openlibrary_OL461921W,Circus of the damned
approve,openlibrary_OL461937W,Guilty Pleasures (Anita Blake Vampire Hunter)
approve,openlibrary_OL5685316W,Edge of twilight
approve,openlibrary_OL576377W,The Night Wanderer
approve,openlibrary_OL5814037W,Feast of fools
approve,openlibrary_OL790438W,Halloween Rain (Buffy the Vampire Slayer
approve,openlibrary_OL790504W,Out of the Madhouse
approve,openlibrary_OL8135963W,Kitty and the Silver Bullet
approve,proven_guilty,Proven Guilty
approve,ringworld_throne,Ringworld Throne
approve,the_complete_double_dead,The Complete Double Dead
approve,the_presidents_vampire,The President's Vampire
approve,openlibrary_OL112568W,Children of the night
approve,openlibrary_OL15166934W,The Short Second Life of Bree Tanner
approve,openlibrary_OL15168750W,Carpe Corpus
approve,openlibrary_OL15392390W,Crusade
approve,openlibrary_OL15586811W,Afterlife
approve,openlibrary_OL16415839W,"Red, white, and blood"
approve,openlibrary_OL16451103W,The asylum
approve,openlibrary_OL1650983W,Night life
approve,openlibrary_OL16524670W,Archangel's Blade (Guild Hunter #4)
approve,openlibrary_OL16576648W,Balthazar
approve,openlibrary_OL16585205W,The hunt
approve,openlibrary_OL18026573W,Wereling
approve,openlibrary_OL19968047W,Pinocula
approve,openlibrary_OL20216395W,Prince Lestat and the Realms of Atlantis
approve,openlibrary_OL20275691W,"Prince Lestat, The Vampire Chronicles"
approve,openlibrary_OL20894707W,The vault
approve,openlibrary_OL43073913W,Fledgling
approve,openlibrary_OL5682595W,Good Ghouls Do
approve,openlibrary_OL5720027W,New Moon
approve,openlibrary_OL5727091W,Allies of the Night
approve,openlibrary_OL5727096W,Cirque Du Freak #7
approve,openlibrary_OL5727120W,Vampire Mountain
approve,openlibrary_OL5727121W,Tunnels of Blood (The Saga of Darren Shan #3)
approve,openlibrary_OL5815475W,Vampire Kisses 5
approve,openlibrary_OL5842261W,Fangs 4 Freaks
approve,openlibrary_OL5848610W,X-Rated Bloodsuckers
approve,openlibrary_OL77820W,Blood Canticle
approve,openlibrary_OL77832W,The Vampire Armand
approve,openlibrary_OL82357W,Dead to the World
approve,openlibrary_OL82374W,"Dead Until Dark (Sookie Stackhouse, #1)"
approve,openlibrary_OL8333974W,Eighth grade bites
approve,openlibrary_OL874067W,Nightwing
approve,openlibrary_OL9302610W,Hourglass
approve,openlibrary_OL115602W,"Bud, Not Buddy"
approve,openlibrary_OL262426W,The Case-Book of Sherlock Holmes
approve,openlibrary_OL100072W,Midnight predator
approve,openlibrary_OL1000794W,The Midnight Club
approve,openlibrary_OL11915W,The Celery Stalks at Midnight
approve,openlibrary_OL13652471W,"Some Girls Bite (Chicagoland Vampires, #1)"
approve,openlibrary_OL14849930W,Companions of the Night
approve,openlibrary_OL14909221W,"Undead and Unfinished (Queen Betsy, Book 9)"
approve,openlibrary_OL14909688W,"Moon Sworn (Riley Jenson, Guardian, Book 9)"
approve,openlibrary_OL14937155W,Never Bite a Boy on the First Date
approve,openlibrary_OL15060162W,Sweetblood
approve,openlibrary_OL15167563W,Hunting Ground
approve,openlibrary_OL15542560W,Tempest rising
approve,openlibrary_OL15696782W,Blooded (Buffy the Vampire Slayer
approve,openlibrary_OL15884111W,Bite Club
approve,openlibrary_OL15951218W,Blood trail
approve,openlibrary_OL15980741W,Angels of Darkness
approve,openlibrary_OL16167621W,Darker After Midnight
approve,openlibrary_OL16283143W,Lothaire
approve,openlibrary_OL16306788W,Deep kiss of winter
approve,openlibrary_OL16451474W,Blameless
approve,openlibrary_OL16471000W,Last Breath
approve,openlibrary_OL16506195W,Unwelcome
approve,openlibrary_OL16681829W,Accidental magic
approve,openlibrary_OL16726678W,Vampires in the lemon grove
approve,openlibrary_OL16726702W,The Eldritch conspiracy
approve,openlibrary_OL16966344W,Nice Girls Don't Have Fangs
approve,openlibrary_OL16998831W,Undead and unwed
approve,openlibrary_OL17203416W,Boundary Lines
approve,openlibrary_OL17403435W,Archangels Legion
approve,openlibrary_OL17551465W,The Ruby Circle
approve,openlibrary_OL17569314W,The Indigo Spell
approve,openlibrary_OL17669760W,Lord of Misrule
approve,openlibrary_OL17744595W,Lover Unleashed
approve,openlibrary_OL19483505W,The Complete Sookie Stackhouse Stories
approve,openlibrary_OL19631174W,Dark Legacy
approve,openlibrary_OL19631369W,Dark Carousel
approve,openlibrary_OL19650670W,Lake Silence
approve,openlibrary_OL19670908W,The Coldest Girl in Coldtown
approve,openlibrary_OL19740820W,Hunger for You
approve,openlibrary_OL19749366W,Time's convert
approve,openlibrary_OL19956273W,Once Burned
approve,openlibrary_OL19976635W,The Immortal crown
approve,openlibrary_OL19980779W,Blood diaries
approve,openlibrary_OL20020543W,Marked in Flesh
approve,openlibrary_OL22073391W,Dark needs at night's edge
approve,openlibrary_OL24259191W,The Dangers of Dating a Rebound Vampire
approve,openlibrary_OL24618883W,Soul Taken
approve,openlibrary_OL24857346W,Undead and unreturnable
approve,openlibrary_OL24992803W,Artie and the Wolf Moon
approve,openlibrary_OL25294092W,Dead Ever After
approve,openlibrary_OL25313428W,The Lost Girls
approve,openlibrary_OL25484090W,Coldest Touch
approve,openlibrary_OL274945W,You Suck
approve,openlibrary_OL27774083W,Queen of Myth and Monsters
approve,openlibrary_OL34629678W,Colin
approve,openlibrary_OL34941307W,Six Scorched Roses
approve,openlibrary_OL5091274W,Lover Avenged
approve,openlibrary_OL5091276W,Lover Revealed
approve,openlibrary_OL5091282W,Lover Enshrined
approve,openlibrary_OL5694688W,Casting Spells
approve,openlibrary_OL5732039W,Half the blood of Brooklyn
approve,openlibrary_OL5754448W,Undead and unwelcome
approve,openlibrary_OL5814030W,Midnight Alley
approve,openlibrary_OL5815476W,Vampire Kisses 4
approve,openlibrary_OL5848524W,"Dangerous Games (Riley Jensen, Guardian, Book 4)"
approve,openlibrary_OL5848525W,"The Darkest Kiss (Riley Jensen, Guardian, Book 6)"
approve,openlibrary_OL8166229W,Vanished
approve,openlibrary_OL82356W,Dead and Gone
approve,openlibrary_OL9245551W,Damien
approve,openlibrary_OL14855769W,Tantalize
approve,openlibrary_OL14924965W,Dead in the family
approve,openlibrary_OL14933222W,Playing with fire
approve,openlibrary_OL14957240W,Persistence of memory
approve,openlibrary_OL14972482W,The Radleys
approve,openlibrary_OL15180943W,Intertwined
approve,openlibrary_OL15456729W,A Discovery of Witches
approve,openlibrary_OL15505925W,Hungry for You
approve,openlibrary_OL15664110W,Archangel's Consort
approve,openlibrary_OL15670556W,Dead reckoning
approve,openlibrary_OL15910189W,Department 19
approve,openlibrary_OL15941399W,Jessica rules the dark side
approve,openlibrary_OL16471641W,"Deadlocked (Sookie Stackhouse, #12)"
approve,openlibrary_OL16693224W,Unafraid
approve,openlibrary_OL17081841W,The Spiritglass Charade (Stoker & Holmes #2)
approve,openlibrary_OL17404404W,Bloodlines
approve,openlibrary_OL17782786W,The Book of Life
approve,openlibrary_OL19860980W,The Lady is a Vamp
approve,openlibrary_OL20001674W,Dead ice
approve,openlibrary_OL20026866W,Bloodtraitor
approve,openlibrary_OL20048406W,Etched in Bone
approve,openlibrary_OL274942W,Bloodsucking Fiends
approve,openlibrary_OL453907W,Making Money
approve,openlibrary_OL5091273W,Dark Lover
approve,openlibrary_OL5682786W,Bone Crossed
approve,openlibrary_OL5683839W,Dark Slayer
approve,openlibrary_OL5754444W,Undead and unemployed
approve,openlibrary_OL5815471W,Vampire Kisses
approve,openlibrary_OL5848537W,Tempting Evil
approve,openlibrary_OL5848611W,The Nymphos of Rocky Flats
approve,openlibrary_OL82351W,"All Together Dead (Southern Vampire Mysteries, Book 7)"
approve,openlibrary_OL82366W,Club dead
approve,openlibrary_OL82368W,From dead to worse
approve,openlibrary_OL8369454W,"Kiss of Midnight (The Midnight Breed, Book 1)"
approve,openlibrary_OL20000247W,Prudence
approve,openlibrary_OL18167444W,Call the shots
approve,openlibrary_OL15998177W,Silly Lilly in what will I be today?
approve,openlibrary_OL17349817W,Stone mattress
approve,openlibrary_OL15180624W,Enchanted Dreams: Erotic Tales of the Supernatural
approve,openlibrary_OL8488806W,Blood Rose
approve,openlibrary_OL5687089W,Courting Midnight
approve,hardcover_117922,White Night
approve,hardcover_135686,Hammered
approve,hardcover_232184,Witches Abroad
approve,hardcover_428815,A Tempest of Tea
approve,hardcover_446077,Monstrous Regiment
approve,hardcover_608897,My Roommate Is a Vampire
approve,hardcover_90410,Definitely Dead
approve,moodreads_11455,The Dead Girls' Dance
approve,hardcover_1108774,The Black Bird Oracle
approve,hardcover_2049027,Hot for Slayer
approve,hardcover_463788,Dark Fae
approve,hardcover_507330,The Fiery Heart
approve,hardcover_54931,Hex Hall
approve,hardcover_818021,Slaying the Vampire Conqueror
approve,hardcover_1061077,Blood on the Tide
approve,hardcover_1107240,Third Eye
approve,hardcover_15230,The Spook's Blood
approve,hardcover_1612906,Zomromcom
approve,hardcover_250096,Those Who Hunt the Night
approve,hardcover_266218,Kiss of Steel
approve,hardcover_383676,Seize the Night
approve,hardcover_465095,Dead Collections
approve,hardcover_506352,Relentless
approve,hardcover_514865,Belle Morte
approve,hardcover_981144,Buffy the Vampire Slayer: The Long Way Home
approve,hardcover_1177627,Now or Never: Thirty-One On The Run
approve,hardcover_119435,Jack of Shadows
approve,hardcover_130794,A Girl's Guide to Vampires
approve,hardcover_1675472,The Late-Night Witches
approve,hardcover_1826886,Recipes for an Unexpected Afterlife
approve,hardcover_1927259,The Book of Blood and Roses
approve,hardcover_238502,Ocean of Blood
approve,hardcover_297639,Dhampir
approve,hardcover_297759,Midnight Awakening
approve,hardcover_35192,Queen of Shadows
approve,hardcover_432610,Undead and Unappreciated
approve,hardcover_453952,Even Greater Mistakes: Stories
approve,hardcover_461185,Dark Queen
approve,hardcover_486380,An Unattractive Vampire
approve,hardcover_540681,Becoming Alpha
approve,hardcover_547488,My Blood Approves
approve,hardcover_565251,Filthy Rich Vampires: Second Rite
approve,hardcover_633268,The Other Half of the Grave
approve,hardcover_735606,The Good Vampire's Guide to Blood and Boyfriends
approve,hardcover_969250,Gates of Paradise
approve,hardcover_296476,Snakecharm
approve,hardcover_383716,Midnight Mass
approve,hardcover_459078,I Travel by Night
approve,hardcover_578373,Hunted
approve,blood_and_chocolate,Blood and Chocolate
approve,night_shift2,Night Shift
approve,openlibrary_OL11903853W,Dark Highland Fire
approve,openlibrary_OL13956W,A Night in the Lonesome October
approve,openlibrary_OL14906812W,My Big Fat Supernatural Wedding
approve,openlibrary_OL15396491W,The wereling
approve,openlibrary_OL17380525W,Rise Of The Wolf
approve,openlibrary_OL17388609W,Dr. Maniac vs. Robby Schwartz
approve,openlibrary_OL17695506W,Blue moon
approve,openlibrary_OL17927294W,By blood we live
approve,openlibrary_OL23613075W,A Tale of Hell and Other Works of Horror (The Gillett Edition)
approve,openlibrary_OL461898W,The Lunatic Cafe (Anita Blake)
approve,openlibrary_OL461922W,Danse Macabre
approve,openlibrary_OL5810945W,The Awakening
approve,openlibrary_OL8110321W,Ivy Cole And the Moon
approve,the_graveyard_book,The Graveyard Book
approve,the_hunting_moon,The Hunting Moon
approve,the_strange_affair_of_spring_heeled_jack,The Strange Affair of Spring-Heeled Jack
approve,openlibrary_OL15164173W,The Story and its Writer -- Third Edition
approve,openlibrary_OL15883087W,Claw of the werewolf
approve,openlibrary_OL17719375W,Rubberhead
approve,openlibrary_OL3350381W,My father the werewolf
approve,openlibrary_OL3497190W,Vampire & Werewolf Stories
approve,openlibrary_OL34984182W,Dar wilka
approve,openlibrary_OL461938W,"Anita Blake, Vampire Hunter"
approve,openlibrary_OL8122359W,Darkside (Book 1)
approve,openlibrary_OL81583W,Cycle of the Werewolf
approve,openlibrary_OL11903852W,Call of the highland moon
approve,openlibrary_OL11903854W,Wild Highland Magic
approve,openlibrary_OL12458312W,Dark lies
approve,openlibrary_OL13750032W,Mortal Sins (World of the Lupi # 5)
approve,openlibrary_OL13842616W,Road trip of the living dead
approve,openlibrary_OL14907717W,Surrogate Evil
approve,openlibrary_OL14960916W,"Beyond the Darkness (Guardians of Eternity, Book 6)"
approve,openlibrary_OL14981694W,Changeless (The Parasol Protectorate)
approve,openlibrary_OL15024762W,Shadow of the moon
approve,openlibrary_OL15025533W,Red moon rising
approve,openlibrary_OL15179695W,The Eye of the Moon
approve,openlibrary_OL15287934W,The Werewolf Club meets Dorkula
approve,openlibrary_OL15422060W,Kitty and the dead man's hand
approve,openlibrary_OL15586705W,Scary School
approve,openlibrary_OL15672855W,River Marked
approve,openlibrary_OL15884139W,Casketball capers
approve,openlibrary_OL15941874W,Spell Bound
approve,openlibrary_OL16071619W,Unleashed
approve,openlibrary_OL16111905W,Wolf man
approve,openlibrary_OL16239369W,Bloodborn
approve,openlibrary_OL16361381W,Fair Game (Alpha & Omega #3)
approve,openlibrary_OL16480333W,Classic Ghost Stories
approve,openlibrary_OL17190363W,Luna
approve,openlibrary_OL17442665W,God Save The Queen
approve,openlibrary_OL17458803W,Heart Of The Highland Wolf
approve,openlibrary_OL17495889W,Frost Burned
approve,openlibrary_OL17502224W,Nice Girls Don't Date Dead Men
approve,openlibrary_OL17563310W,Kitty Rocks the House
approve,openlibrary_OL17567569W,Darkness Hunts                            Dark Angels
approve,openlibrary_OL17724522W,Legend Has It
approve,openlibrary_OL17839468W,Werewolf in Alaska
approve,openlibrary_OL17870521W,Box office poison
approve,openlibrary_OL18165961W,Mercy Thompson
approve,openlibrary_OL19732586W,Burn bright
approve,openlibrary_OL19960615W,Whispers at Moonrise
approve,openlibrary_OL19967580W,Kitty in the underworld
approve,openlibrary_OL19975618W,Silence of the wolf
approve,openlibrary_OL19995230W,Dead heat
approve,openlibrary_OL20020535W,Fire touched
approve,openlibrary_OL20021599W,Blood in her veins
approve,openlibrary_OL20147880W,Hunter's Rise
approve,openlibrary_OL20233192W,Dyre
approve,openlibrary_OL21624744W,The harlequin
approve,openlibrary_OL2247544W,The reformed vampire support group
approve,openlibrary_OL22639423W,Notes from a hairy-not-scary werewolf
approve,openlibrary_OL25827023W,Spencer's Secret
approve,openlibrary_OL26366778W,All That Remains
approve,openlibrary_OL2709490W,The Nightwalkers
approve,openlibrary_OL28961296W,The Endangered
approve,openlibrary_OL4098287W,Tales of horror and the supernatural
approve,openlibrary_OL5684138W,Come the night
approve,openlibrary_OL5848531W,Kissing Sin
approve,openlibrary_OL5913450W,Shapes of the Supernatural
approve,openlibrary_OL7910734W,The vampire's quest
approve,openlibrary_OL8135964W,Kitty takes a holiday
approve,openlibrary_OL8777002W,Scions
approve,openlibrary_OL8777029W,Running Wild
approve,openlibrary_OL8958919W,The accidental human
approve,openlibrary_OL9482393W,The Empath
approve,openlibrary_OL13623315W,"Betrayals (Strange Angels, #2)"
approve,openlibrary_OL14925038W,The Frenzy
approve,openlibrary_OL14954388W,Touch of Surrender (Hqn)
approve,openlibrary_OL15067009W,Dead is just a rumor
approve,openlibrary_OL15070436W,Linger
approve,openlibrary_OL15413861W,Unbalanced
approve,openlibrary_OL15897270W,The twilight circus
approve,openlibrary_OL15976077W,Blessed
approve,openlibrary_OL17528445W,Black Howl
approve,openlibrary_OL17863483W,Werewolf smackdown
approve,openlibrary_OL18652051W,Jane Slayre
approve,openlibrary_OL20187044W,Dead After Dark
approve,openlibrary_OL3522033W,Bad moon rising
approve,openlibrary_OL548903W,The Horse Goddess
approve,openlibrary_OL5682778W,Iron kissed
approve,openlibrary_OL5682781W,Moon called
approve,openlibrary_OL5695935W,Enemy lover
approve,openlibrary_OL5826850W,Wait till your vampire gets home
approve,openlibrary_OL16505863W,The werewolf chase
approve,openlibrary_OL2000504W,The king's gold
approve,openlibrary_OL17646699W,Not your ordinary wolf girl
approve,openlibrary_OL19712843W,The Romanov ransom
approve,openlibrary_OL176740W,The Supernatural in Fiction
approve,openlibrary_OL1954387W,Red Rider's Hood
approve,openlibrary_OL15183204W,Sexy Beast ll
approve,openlibrary_OL15187007W,BOOTY CALL
approve,openlibrary_OL16484548W,Wereworld (Rise of the Wolf)
approve,openlibrary_OL5808048W,My sister is a werewolf
approve,openlibrary_OL8110210W,Ellora's Cavemen
approve,openlibrary_OL8777027W,Wild instinct
approve,openlibrary_OL15979884W,Jace
approve,openlibrary_OL16176268W,Dust of the damned
approve,openlibrary_OL8777021W,Caleb
approve,openlibrary_OL8827364W,Out There in the Night
approve,hardcover_452223,Fangs
approve,hardcover_363828,Magic Strikes
approve,hardcover_432609,Squad
approve,hardcover_467013,Cry Wolf
approve,hardcover_58228,Kitty and the Midnight Hour
approve,hardcover_17752,Raised by Wolves
approve,hardcover_340848,Pocket Apocalypse
approve,hardcover_350356,Wicked Deeds on a Winter's Night
approve,hardcover_459301,Wild Sign
approve,hardcover_525971,Rejected
approve,hardcover_19193,Beauty and the Werewolf
approve,hardcover_293370,Howliday Inn
approve,hardcover_538179,Full Wolf Moon
approve,hardcover_547569,Hunted
approve,hardcover_146699,Moonlight
approve,hardcover_339597,Hexbound
approve,hardcover_359343,Lonely Werewolf Girl
approve,a_clash_of_kings,A Clash of Kings
approve,a_storm_of_swords,A Storm of Swords
approve,bad_monkey,Bad Monkey
approve,midnight_crossroad,Midnight Crossroad
approve,murtagh,Murtagh
approve,openlibrary_OL17100393W,Sorceress
approve,payback_s_a_witch,Payback’s a Witch
approve,openlibrary_OL14929052W,I Shall Wear Midnight
approve,openlibrary_OL16624458W,The inquistor's apprentice
approve,openlibrary_OL16652625W,Splendors and glooms
approve,openlibrary_OL16769075W,Spellcaster
approve,openlibrary_OL17100399W,Steadfast
approve,openlibrary_OL17478478W,Half Bad
approve,openlibrary_OL19913917W,Spirit and Dust
approve,openlibrary_OL5612469W,Daughter of the Blood
approve,openlibrary_OL77817W,The Witching Hour
approve,openlibrary_OL15367527W,The Familiars
approve,openlibrary_OL16585191W,The Wishing Spell
approve,openlibrary_OL16645692W,Summer of the mariposas
approve,openlibrary_OL456503W,Missing Joseph
approve,openlibrary_OL4783032W,The Witch of Blackbird Pond
approve,openlibrary_OL61090W,Strega Nona
approve,openlibrary_OL71037W,"The Lion, the Witch and the Wardrobe"
approve,openlibrary_OL82537W,Harry Potter and the Chamber of Secrets
approve,openlibrary_OL82563W,Harry Potter and the Philosopher's Stone
approve,openlibrary_OL84772W,Raven's Gate
approve,openlibrary_OL14849916W,Magic can be murder
approve,openlibrary_OL15395455W,Grave Witch (Alex Craft)
approve,openlibrary_OL15506900W,Wicked girls
approve,openlibrary_OL15649202W,All Just Glass
approve,openlibrary_OL15976712W,Deliverance from evil
approve,openlibrary_OL16420754W,Girl's Guide To Witchcraft
approve,openlibrary_OL16547544W,Shadow of night
approve,openlibrary_OL17312607W,Grave memory
approve,openlibrary_OL17716024W,Blood Magick
approve,openlibrary_OL17881140W,House of ivy & sorrow
approve,openlibrary_OL19831881W,The lost coast
approve,openlibrary_OL19983497W,The only thing worse than witches
approve,openlibrary_OL20033513W,Magic binds
approve,openlibrary_OL20906954W,The Factory Witches of Lowell
approve,openlibrary_OL24190657W,"White witch, black curse"
approve,openlibrary_OL24698280W,The Legend of the Christmas Witch
approve,openlibrary_OL496113W,The Worst Witch All at Sea (The Worst Witch #4)
approve,openlibrary_OL5695765W,Awakening
approve,openlibrary_OL60105W,The Lives of Christopher Chant
approve,openlibrary_OL66214W,Son of a Witch
approve,openlibrary_OL111550W,Entranced
approve,openlibrary_OL111570W,Heaven and Earth
approve,openlibrary_OL13614168W,The magical misadventures of Prunella Bogthistle
approve,openlibrary_OL15947217W,Heir of Novron
approve,openlibrary_OL16654191W,The fire chronicle
approve,openlibrary_OL17943716W,Labyrinth Lost
approve,openlibrary_OL19360590W,Dorothy Must Die
approve,openlibrary_OL19665193W,Rise of the Isle of the Lost
approve,openlibrary_OL19913091W,The Beast Is an Animal
approve,openlibrary_OL19995766W,Half wild
approve,openlibrary_OL20001510W,Molly Twinkletail runs away
approve,openlibrary_OL20051634W,Hearts and other body parts
approve,openlibrary_OL20150359W,Storm Cursed
approve,openlibrary_OL21102858W,Witch's Boy
approve,openlibrary_OL2660329W,Talking to dragons
approve,openlibrary_OL3354586W,Rapunzel
approve,openlibrary_OL463636W,The Witches of Eastwick
approve,openlibrary_OL48910W,Green witch
approve,openlibrary_OL535192W,Linnets and Valerians
approve,openlibrary_OL60115W,Witch Week
approve,openlibrary_OL807814W,The Jolly Postman
approve,openlibrary_OL99537W,The House of Arden
approve,openlibrary_OL20004472W,The witch hunter
approve,openlibrary_OL213255W,The Wicked Day
approve,openlibrary_OL56959W,The Catswold Portal
approve,openlibrary_OL30861265W,Tryst Six Venom
approve,openlibrary_OL15014715W,Pattern Recognition
approve,openlibrary_OL18197409W,Year One
approve,openlibrary_OL20048441W,Witch's pyre
approve,openlibrary_OL2010449W,Pillars of Creation
approve,openlibrary_OL48786W,Southampton Row
approve,openlibrary_OL55899W,The Blessing Way
approve,openlibrary_OL5715195W,Once a witch
approve,openlibrary_OL20647981W,Foul is Fair
approve,openlibrary_OL258113W,The Pursuit of Happiness
approve,openlibrary_OL5713095W,Parties & potions
approve,openlibrary_OL11790641W,The Heretic's Daughter
approve,openlibrary_OL157270W,Jane and the stillroom maid
approve,openlibrary_OL16661858W,"People of the Longhouse (North America's Forgotten Past, Book Seventeen)"
approve,openlibrary_OL21748363W,Lady of the Rivers
approve,openlibrary_OL5725323W,Autumn bridge
approve,openlibrary_OL19665179W,The Witch Elm
approve,openlibrary_OL2887045W,The Key To Rondo (Rondo #1)
approve,openlibrary_OL20009525W,Newt's emerald
approve,openlibrary_OL8044395W,The Pet Dragon
approve,openlibrary_OL473400W,Flight in Yiktor
approve,openlibrary_OL5690134W,Call Me Wicked
approve,hardcover_104610,The Lottery and Other Stories
approve,hardcover_340060,Wicked: The Life and Times of the Wicked Witch of the West
approve,hardcover_3403,Queen of Sorcery
approve,hardcover_428195,The Once and Future Witches
approve,hardcover_428738,Serpent & Dove
approve,hardcover_434670,The Mercies
approve,hardcover_438559,The Year of the Witching
approve,hardcover_444950,Hurricane Season
approve,hardcover_735422,Heartless Hunter
approve,hardcover_74743,Castle of Wizardry
approve,hardcover_792128,A Witch's Guide to Magical Innkeeping
approve,hardcover_873268,The Familiar
approve,hardcover_959903,The Honey Witch
approve,hardcover_1151479,Lula Dean's Little Library of Banned Books
approve,hardcover_1545310,Queen Demon
approve,hardcover_1673876,The Hounding
approve,hardcover_176368,A World Without Princes
approve,hardcover_176384,The Heart Forger
approve,hardcover_1801831,Violet Thistlewaite Is Not a Villain Anymore
approve,hardcover_348087,The Hunger
approve,hardcover_354122,A Conspiracy of Truths
approve,hardcover_362001,Dragonsbane
approve,hardcover_428757,The Black Witch
approve,hardcover_433366,The Midnight Bargain
approve,hardcover_441150,The Witch's Daughter
approve,hardcover_443913,Planet of Exile
approve,hardcover_449700,The Vine Witch
approve,hardcover_451630,Snapdragon
approve,hardcover_452056,The Wicked Deep
approve,hardcover_453677,The Rose Field
approve,hardcover_456033,The Bone Spindle
approve,hardcover_458538,Magic Triumphs
approve,hardcover_461487,Goldenhand
approve,hardcover_461945,Stolen Songbird
approve,hardcover_463711,Soul Eater
approve,hardcover_463833,"The Fork, the Witch, and the Worm"
approve,hardcover_506391,Twin Crowns
approve,hardcover_525833,Bewitched
approve,hardcover_164601,Born Wicked
approve,hardcover_2085470,The Book Witch
approve,hardcover_221578,Trial by Fire
approve,hardcover_22245,SuperMutant Magic Academy
approve,hardcover_228415,A Tale Dark & Grimm
approve,hardcover_275805,Queen of the Darkness
approve,hardcover_345085,The Iron Flower
approve,hardcover_357703,Dime Store Magic
approve,hardcover_376323,An Officer and a Spy
approve,hardcover_436008,The Price Guide to the Occult
approve,hardcover_439310,The True Queen
approve,hardcover_445346,The Manningtree Witches
approve,hardcover_446147,Heir to the Shadows
approve,hardcover_450103,The Little Mermaid
approve,hardcover_450629,The Archive of Alternate Endings
approve,hardcover_453786,The Evil Queen
approve,hardcover_456752,Bring Me Their Hearts
approve,hardcover_458681,Blood and Bone
approve,hardcover_460746,Little Knife
approve,hardcover_461579,Akata Woman
approve,hardcover_506133,The Sea Witch
approve,hardcover_511647,A Ruinous Fate
approve,hardcover_514391,Shit Cassandra Saw : Stories
approve,hardcover_521175,Nightbooks
approve,hardcover_593924,The Choice
approve,hardcover_799847,The Glutton
approve,hardcover_844123,Daindreth's Assassin
approve,hardcover_86855,The Scarecrow of Oz
approve,hardcover_890995,The Wolf and the Witch
approve,hardcover_148148,Skinwalkers
approve,hardcover_168042,Golden
approve,hardcover_201841,Eternity
approve,hardcover_226908,Night's Child
approve,hardcover_240937,Origins
approve,hardcover_253841,The Witchcraft of Salem Village
approve,hardcover_363466,High Deryni
approve,hardcover_433177,Dreaming in Cuban
approve,hardcover_452077,Curse of the Night Witch
approve,hardcover_456574,Grimoire Noir
approve,hardcover_458419,Witch
approve,hardcover_474157,The Defiant Heir
approve,hardcover_474345,Wings of Wrath
approve,hardcover_478967,The Daylight Gate
approve,hardcover_484243,The Black Raven
approve,hardcover_511063,The Witchfinder's Sister
approve,hardcover_551231,Bait and Witch
approve,hardcover_649517,Boss Witch
approve,hardcover_699488,James Potter and the Vault of Destinies
approve,hardcover_728990,Twice Magic
approve,hardcover_74768,Castle Hangnail
approve,hardcover_111819,The Worst Witch Strikes Again
approve,hardcover_1254900,After Oz
approve,hardcover_243279,Mirrored
approve,hardcover_314645,Knock Three Times
approve,hardcover_324334,A Chalice of Wind
approve,hardcover_362577,Witch Eyes
approve,hardcover_429784,The Spiral Dance: A Rebirth of the Ancient Religion of the Great Goddess
approve,hardcover_468173,The Invasion
approve,hardcover_52826,Hexes and hemlines
approve,hardcover_552536,Ink and Shadows
approve,hardcover_649516,Extra Witchy
approve,hardcover_66566,Juniper
approve,hardcover_880404,Julia Vanishes
approve,alchemised,Alchemised
approve,mountain_man,Mountain man
approve,nona_the_ninth,Nona the Ninth
approve,openlibrary_OL14909930W,Rot & Ruin
approve,openlibrary_OL16531534W,Flesh & bone
approve,openlibrary_OL17765325W,Through the Zombie Glass
approve,openlibrary_OL19974853W,"Eat, brains, love"
approve,openlibrary_OL20021997W,Dark days
approve,openlibrary_OL3338212W,"The Mummy, the Will, and the Crypt"
approve,openlibrary_OL5682571W,"Fendi, Ferragamo, & fangs"
approve,the_zombie_survival_guide_recorded_attacks,The Zombie Survival Guide: Recorded Attacks
approve,well_fed,Well Fed
approve,openlibrary_OL15917217W,Zone One
approve,openlibrary_OL15955549W,The dead
approve,openlibrary_OL16564043W,This is not a test
approve,openlibrary_OL17066593W,Captain Underpants and the revolting revenge of the radioactive robo-boxers
approve,openlibrary_OL19993432W,Code Zero
approve,openlibrary_OL20880430W,Positive
approve,openlibrary_OL81632W,'Salem’s Lot
approve,openlibrary_OL15720255W,"Abraham Lincolnm, Vampire Hunter"
approve,openlibrary_OL16506031W,Dead City
approve,openlibrary_OL16547999W,Vlad
approve,openlibrary_OL16817339W,To Sail a Darkling Sea
approve,openlibrary_OL20294727W,The Lesser Dead
approve,openlibrary_OL16509807W,Infamous
approve,openlibrary_OL20757721W,Cattywampus
approve,openlibrary_OL5734773W,Memories of ice
approve,openlibrary_OL547165W,The Risen Empire
approve,openlibrary_OL19969196W,"Lights, Camera...Zombies!"
approve,openlibrary_OL19980455W,The noble hustle
approve,openlibrary_OL19999551W,Make something up
approve,openlibrary_OL20161012W,Dreyer's English
approve,openlibrary_OL8550933W,Mysterious Erotic Tales
approve,openlibrary_OL16167381W,"Dearly, departed"
approve,hardcover_1509459,Magic Bites
approve,hardcover_427867,Ninefox Gambit
approve,hardcover_437796,Gilded
approve,hardcover_446680,Carl's Doomsday Scenario
approve,hardcover_126983,Chosen
approve,hardcover_376601,To Green Angel Tower
approve,hardcover_427779,The Walking Dead Compendium One
approve,hardcover_430499,Strange Practice
approve,hardcover_183013,The Unpleasant Profession of Jonathan Hoag
approve,hardcover_229410,Already Dead
approve,hardcover_264810,Scent of Magic
approve,hardcover_311307,Valkyrie Rising
approve,hardcover_427631,Mem
approve,hardcover_435336,Sixty Stories
approve,hardcover_458767,Vallista
approve,hardcover_464175,The First Days
approve,hardcover_464178,Day by Day Armageddon
approve,hardcover_95018,Under a Graveyard Sky
approve,hardcover_1372,Amber and Iron
approve,hardcover_224489,Flutter
approve,hardcover_611535,Apocalipsis Z: Los días oscuros
approve,hardcover_75977,Black Wizards
approve,hardcover_9200,Fire & Ash
approve,hardcover_117146,A Mad Zombie Party
approve,hardcover_1705103,Bits & Pieces
approve,hardcover_314697,Hollowland
approve,hardcover_659497,Broken Lands
approve,a_language_of_dragons,A Language of Dragons
approve,binti_the_night_masquerade,Binti: The Night Masquerade
approve,common_goal,Common Goal
approve,dark_matter,Dark Matter
approve,gothikana,Gothikana
approve,love_hypothesis,The Love Hypothesis
approve,love_on_the_brain,Love on the Brain
approve,moodreads_6927,Beautiful Disaster
approve,openlibrary_OL13150029W,The Eye of Osiris
approve,openlibrary_OL14869114W,The Haunted Man and the Ghost's Bargain
approve,openlibrary_OL15645846W,Comedies and Satires
approve,openlibrary_OL17992722W,Omega days
approve,openlibrary_OL19367108W,Zombies and Calculus
approve,openlibrary_OL28217228W,"White Cat, Black Dog"
approve,openlibrary_OL34330474W,Suicide Med
approve,openlibrary_OL3552895W,The strain
approve,openlibrary_OL8928024W,Feline Felonies
approve,secret_history,The Secret History
approve,the_hobbit_illustrated_edition,The Hobbit: Illustrated Edition
approve,the_maidens,The Maidens
approve,the_paradise_problem,The Paradise Problem
approve,openlibrary_OL14937919W,The 70 Best Tales of Edgar Allan Poe [69 stories]
approve,openlibrary_OL14938089W,Edgar Allan Poe
approve,openlibrary_OL15103091W,The Wrath of the Grinning Ghost (Johnny Dixon #12)
approve,openlibrary_OL15122474W,The year of the bomb
approve,openlibrary_OL15156813W,World's Great Adventure Stories
approve,openlibrary_OL15645955W,"Essential Tales and Poems of Edgar Allan Poe [34 stories, 17 poems]"
approve,openlibrary_OL16654378W,The testing
approve,openlibrary_OL1729023W,The devil's labyrinth
approve,openlibrary_OL17745046W,The Year's Best Fantasy and Horror
approve,openlibrary_OL17854941W,"The Poe Reader [27 stories, 9 poems]"
approve,openlibrary_OL19094100W,"Erzählungen [40 stories, 4 poems]"
approve,openlibrary_OL21184008W,Selected Tales
approve,openlibrary_OL21627376W,Le chat noir et autres récits fantastiques (Angel of the Odd / Berenice / Black Cat / Cask of Amontillado / Facts in the Case of M. Valdemar / Fall of the House of Usher / Ligeia / Masque of the Red Death / Mesmeric Revelation / Metzengerstein / Morella / MS. Found in a Bottle / Oval Portrait / Pit and the Pendulum / Silence / System of Dr. Tarr and Prof. Fether / Tale of the Ragged Mountains / Tell-Tale Heart / William Wilson)
approve,openlibrary_OL24844940W,Nouvelles Histoires Extraordinaires (Angel of the Odd / Berenice / Black Cat / Cask of Amontillado / Colloquy of Monos and Una / Conversation of Eiros and Charmi / Devil in the Belfry / Domain of Arnheim / Eleonora / Fall of the House of Usher / Four Beasts in One / Hop-frog / Imp of the Perverse / Island of the Fay / King Pest / Landor's Cottage / Lionizing / Maelzel's Chess Player / Man of the Crowd / Masque of the Red Death / Oval Portrait / Pit and the Pendulum / Power of Words / Shadow / Silence / Some Words with a Mummy / System of Dr. Tarr and Prof. Fether / Tale of Jerusalem / Tell-Tale Heart / William Wilson)
approve,openlibrary_OL24864179W,Oeuvres complètes de Ch. Baudelaire - Nouvelles histoires extraordinaires (Angel of the Odd / Berenice / Black Cat / Cask of Amontillado / Conversation of Eiros and Charmi / Devil in the Belfry / Domain of Arnheim / Eleonora / Fall of the House of Usher / Hop-Frog / Imp of the Perverse / King Pest / Landor's Cottage / Lionizing / Oval Portrait / Power of Words / Silence / Some Words with a Mummy / System of Dr. Tarr and Prof. Fether / Tell-Tale Heart / William Wilson)
approve,openlibrary_OL25295461W,The Annotated tales of Edgar Allan Poe
approve,openlibrary_OL273485W,Forty-Two Tales
approve,openlibrary_OL3701842W,"Visions of Poe [16 stories, 8 poems]"
approve,openlibrary_OL41024W,"Great Tales and Poems of Edgar Allan Poe [21 stories, 34 poems]"
approve,openlibrary_OL5016646W,The Big Book of Wild Animals
approve,openlibrary_OL6209211W,Ruby's Wish
approve,openlibrary_OL12781W,Alexander's Bridge
approve,openlibrary_OL14871282W,Captain Underpants and the Perilous Plot of Professor Poopypants
approve,openlibrary_OL15091383W,Legacy
approve,openlibrary_OL1518175W,Favorite Sherlock Holmes Detective Stories (Adventure of the Crooked Man / Adventure of the Dancing Men / Adventure of the Engineer's Thumb / Adventure of the Speckled Band / Final Problem / Red-Headed League / Scandal in Bohemia / Silver Blaze)
approve,openlibrary_OL16652623W,October mourning
approve,openlibrary_OL16805415W,Americanah
approve,openlibrary_OL16813583W,The Rosie Project
approve,openlibrary_OL17721361W,Más allá del invierno
approve,openlibrary_OL17825235W,Independent study
approve,openlibrary_OL1966488W,The Selfish Gene
approve,openlibrary_OL20003482W,Fangirl
approve,openlibrary_OL20030813W,A great reckoning
approve,openlibrary_OL262460W,The Lost World
approve,openlibrary_OL2649087W,Catullus and the Poetics of Roman Manhood
approve,openlibrary_OL4082696W,The Corrections
approve,openlibrary_OL46884W,Timeline
approve,openlibrary_OL500451W,Disgrace
approve,openlibrary_OL56806W,Circle of Friends
approve,openlibrary_OL5832512W,Staying well after psychosis
approve,openlibrary_OL5956658W,When the emperor was divine
approve,openlibrary_OL77016W,The Summons
approve,openlibrary_OL78356W,Joy in the Morning
approve,openlibrary_OL8115870W,"Ci tengo alla pelliccia, io!"
approve,openlibrary_OL82536W,Harry Potter and the Prisoner of Azkaban
approve,openlibrary_OL82548W,Harry Potter and the Order of the Phoenix
approve,openlibrary_OL85047W,La père Goriot
approve,openlibrary_OL931669W,"Hateship, Friendship, Courtship, Loveship, Marriage"
approve,openlibrary_OL99269W,Sword and Scalpel
approve,openlibrary_OL1095403W,"Villette, a novel"
approve,openlibrary_OL12084874W,"Robert Louis Stevenson, science, and the fin de siècle"
approve,openlibrary_OL121744W,Kiss of Darkness
approve,openlibrary_OL12304311W,Last rituals
approve,openlibrary_OL13938W,Wilderness
approve,openlibrary_OL14909786W,My favorite phantom
approve,openlibrary_OL17832818W,Masochism
approve,openlibrary_OL17916020W,The Oxford inheritance
approve,openlibrary_OL1855940W,On Chesil Beach
approve,openlibrary_OL19667519W,Syllabus
approve,openlibrary_OL19701279W,The Trouble With Vampires
approve,openlibrary_OL24247925W,American savage
approve,openlibrary_OL261794W,A Clockwork Orange
approve,openlibrary_OL3338197W,"The Drum, the Doll, and the Zombie"
approve,openlibrary_OL493891W,Captured in the middle
approve,openlibrary_OL627084W,Lolita
approve,openlibrary_OL8136639W,The Lady of Skarra
approve,openlibrary_OL9177353W,The unseen
approve,openlibrary_OL931676W,Too Much Happiness
approve,openlibrary_OL9475257W,Still Alice
approve,openlibrary_OL99251W,The mapmaker
approve,openlibrary_OL11810820W,The Kingdom Beyond the Waves
approve,openlibrary_OL14929074W,Unseen Academicals
approve,openlibrary_OL15209476W,The soprano sorceress
approve,openlibrary_OL1760509W,The Bureaucracy of Beauty
approve,openlibrary_OL18083879W,Bad teeth
approve,openlibrary_OL19715240W,From Holmes to Sherlock
approve,openlibrary_OL19744024W,Convenience store woman
approve,openlibrary_OL20047325W,Best worst American
approve,openlibrary_OL2660313W,Thirteenth Child
approve,openlibrary_OL4279635W,The Irish tradition in Old English literature
approve,openlibrary_OL76566W,The gap in the curtain
approve,openlibrary_OL9290760W,Dinotopia the World Beneath
approve,openlibrary_OL109872W,The Duke's Children
approve,openlibrary_OL111503W,For the Love of Lilah
approve,openlibrary_OL1336891W,Love among the chickens / by P. G. Wodehouse
approve,openlibrary_OL1473009W,Ancient Collects And Other Prayers
approve,openlibrary_OL14854927W,The Honorable Imposter (The House of Winslow #1)
approve,openlibrary_OL15050409W,Stork raving mad
approve,openlibrary_OL17507566W,Iris Murdoch A Literary Life
approve,openlibrary_OL17581980W,The Scent of Pine
approve,openlibrary_OL177456W,Patrologiae cursus completus
approve,openlibrary_OL18025868W,Collateral
approve,openlibrary_OL1913828W,Between Vengeance and Forgiveness
approve,openlibrary_OL19728992W,Our lady of the prairie
approve,openlibrary_OL19732574W,Accidental heroes
approve,openlibrary_OL19803178W,The Birthe of Hercules: With an Introduction on the Influence OfPlautus on the Dramatic ...
approve,openlibrary_OL1993423W,Shakespeare and the book
approve,openlibrary_OL26449256W,The reconciled hearts trilogy
approve,openlibrary_OL2658432W,American superrealism
approve,openlibrary_OL3595021W,Dialects for the stage
approve,openlibrary_OL4077703W,Kite maker
approve,openlibrary_OL49817W,Fugitive Pieces
approve,openlibrary_OL500710W,Pages for You
approve,openlibrary_OL5713761W,Off Magazine Street
approve,openlibrary_OL627072W,Bend sinister
approve,openlibrary_OL111420W,"Catherine, Amanda and Lilah"
approve,openlibrary_OL13770015W,Harm's way
approve,openlibrary_OL14923157W,Mars life
approve,openlibrary_OL15167317W,Orchard Park and Other Works
approve,openlibrary_OL1544978W,The Abbe Constantin
approve,openlibrary_OL15456534W,Orchard Park
approve,openlibrary_OL15897468W,A hope in the unseen
approve,openlibrary_OL16099125W,The Marriage Plot
approve,openlibrary_OL16175841W,Faking it
approve,openlibrary_OL16664810W,Silly books to read aloud
approve,openlibrary_OL17187701W,"Foragers, farmers, and fossil fuels"
approve,openlibrary_OL17891987W,Two across
approve,openlibrary_OL19752380W,"Check, Please! Book 1"
approve,openlibrary_OL19801357W,Anecdote Biographies of Thackeray and Dickens
approve,openlibrary_OL19948632W,Strange relation
approve,openlibrary_OL20000229W,Hit
approve,openlibrary_OL20060202W,The brand new catastrophe
approve,openlibrary_OL20682702W,Rules for Being a Girl
approve,openlibrary_OL21679956W,Nick and Charlie
approve,openlibrary_OL2372019W,The Holographic Universe
approve,openlibrary_OL2648135W,Twentieth-century southern literature
approve,openlibrary_OL3273720W,Cosmopolitanism
approve,openlibrary_OL3463725W,Imaging Aristotle
approve,openlibrary_OL5683346W,Lost Souls
approve,openlibrary_OL57309W,On this Rockne
approve,openlibrary_OL5959774W,The Lamplighter
approve,openlibrary_OL69453W,Nova Atlantis
approve,openlibrary_OL920868W,The Women in Black
approve,openlibrary_OL14858406W,Doomsday book
approve,openlibrary_OL15156421W,Windmills of the Gods
approve,openlibrary_OL16805374W,The Humans
approve,openlibrary_OL172995W,Outlaw of Gor
approve,openlibrary_OL1952269W,Laws of Fear
approve,openlibrary_OL19712696W,Crime Scene
approve,openlibrary_OL19954758W,What comes next
approve,openlibrary_OL20003021W,Brutality
approve,openlibrary_OL20042771W,"Red Riding Hood, superhero"
approve,openlibrary_OL20111843W,The Devourers
approve,openlibrary_OL453837W,The Globe
approve,openlibrary_OL68768W,The spellsong war Bk. 2
approve,openlibrary_OL83895W,Gods and Generals
approve,openlibrary_OL8861817W,Bimbos of the Death Sun
approve,openlibrary_OL8981997W,Gundam seed astray
approve,openlibrary_OL9362131W,Three More Wedgie-powered Adventures in one
approve,openlibrary_OL13054W,Where are you now?
approve,openlibrary_OL15041626W,Whiplash
approve,openlibrary_OL15060164W,The Bloodwater Mysteries
approve,openlibrary_OL15061171W,The Haunted Clock Tower Mystery
approve,openlibrary_OL15842448W,Dog
approve,openlibrary_OL16171953W,As much as a rat's tail
approve,openlibrary_OL16646282W,12th of never
approve,openlibrary_OL17080735W,"Fortunately, the Milk"
approve,openlibrary_OL17090886W,The Ways of the Dead
approve,openlibrary_OL1841426W,The city of your final destination
approve,openlibrary_OL1980577W,The emperor of Ocean Park
approve,openlibrary_OL20012478W,Great is the truth
approve,openlibrary_OL20026385W,Murder in Morningside Heights
approve,openlibrary_OL20048392W,"All by myself, alone"
approve,openlibrary_OL20161521W,The Altruists
approve,openlibrary_OL21539631W,The mystery of the Aztec tomb
approve,openlibrary_OL3277850W,Still Unequal
approve,openlibrary_OL5279534W,The twenty-one balloons
approve,openlibrary_OL8538086W,The Golden Fleece
approve,openlibrary_OL10055798W,Functional Food: Safety Aspects
approve,openlibrary_OL13323078W,Fleur de Leigh's life of crime
approve,openlibrary_OL15191408W,Are You Good Enough
approve,openlibrary_OL15890647W,Producing Verbal Play in English
approve,openlibrary_OL17874214W,The real Liddy James
approve,openlibrary_OL17874351W,Wildlife
approve,openlibrary_OL19707758W,Threatened
approve,openlibrary_OL19987069W,So anyway...
approve,openlibrary_OL20032812W,Problems
approve,openlibrary_OL20056041W,The people we hate at the wedding
approve,openlibrary_OL20639333W,"Spirou et Fantasio, tome 37"
approve,openlibrary_OL24687888W,Piggy Island heroes
approve,openlibrary_OL271533W,How to pass exams
approve,openlibrary_OL29530W,The tail of the tip-off
approve,openlibrary_OL4123250W,The dynamics of cities
approve,openlibrary_OL5722961W,The Nanny Diaries (Nanny #1)
approve,openlibrary_OL57502W,The new kid at school
approve,openlibrary_OL5843214W,Life After....Social Studies
approve,openlibrary_OL5844826W,Grief dreams
approve,openlibrary_OL5850035W,Don't eat the marshmallow-- yet!
approve,openlibrary_OL74399W,As she climbed across the table
approve,openlibrary_OL103292W,Waterloo Station
approve,openlibrary_OL1074218W,The Mandala of Sherlock Holmes
approve,openlibrary_OL15636W,Until Forever
approve,openlibrary_OL15980957W,The unreal life of Sergey Nabokov
approve,openlibrary_OL19650131W,"James Moriarty, Consulting Criminal"
approve,openlibrary_OL20348620W,Chop Chop
approve,openlibrary_OL20743897W,Swimming in the Dark
approve,openlibrary_OL20842596W,Báró Wenckheim hazatér
approve,openlibrary_OL20897795W,Avis Dolphin
approve,openlibrary_OL42412330W,Atmosphere
approve,openlibrary_OL5712200W,Dragon
approve,openlibrary_OL6330362W,Once Upon a Fastball
approve,openlibrary_OL76573W,The Free Fishers
approve,openlibrary_OL83888W,The last full measure
approve,openlibrary_OL12702W,The Clinic
approve,openlibrary_OL14990820W,Ben Franklin For Beginners
approve,openlibrary_OL15047981W,The Professor's Daughter
approve,openlibrary_OL15136229W,Cold case
approve,openlibrary_OL159213W,Case of lies
approve,openlibrary_OL16626642W,The Manga Guide to Linear Algebra
approve,openlibrary_OL16806999W,Six Years
approve,openlibrary_OL17431759W,City Under the Basement
approve,openlibrary_OL17836398W,Cold type
approve,openlibrary_OL1860068W,Reservation Road
approve,openlibrary_OL19712709W,The Lying Game
approve,openlibrary_OL19899520W,I Invited Her In
approve,openlibrary_OL19997551W,Magneto
approve,openlibrary_OL19998974W,"Killer, come hither"
approve,openlibrary_OL20000761W,The bullet
approve,openlibrary_OL20040204W,Dangerous to know
approve,openlibrary_OL21445389W,The third gate
approve,openlibrary_OL21877349W,Missing and Endangered
approve,openlibrary_OL34946329W,Freedom
approve,openlibrary_OL462727W,Dead silver
approve,openlibrary_OL4791137W,Hedwig and Berti
approve,openlibrary_OL48093W,Taking lives
approve,openlibrary_OL5709544W,The good guys
approve,openlibrary_OL5735178W,Persepolis 2
approve,openlibrary_OL5738234W,Past imperfect
approve,openlibrary_OL8959290W,Crossroad
approve,openlibrary_OL149155W,Riding the Bullet
approve,openlibrary_OL14987318W,Listening to Coloured Dreams
approve,openlibrary_OL15397182W,Smart dog
approve,openlibrary_OL1843680W,Blues lessons
approve,openlibrary_OL19716706W,Tell tale
approve,openlibrary_OL19739544W,It's wrong for me to love you
approve,openlibrary_OL19802523W,The Author
approve,openlibrary_OL19981632W,The professor and the siren
approve,openlibrary_OL20053672W,Trajectory
approve,openlibrary_OL20911522W,Mystic Park
approve,openlibrary_OL2254110W,The blue flower
approve,openlibrary_OL28166194W,The manipulators
approve,openlibrary_OL2827196W,The Facts Behind the Helsinki Roccamatios
approve,openlibrary_OL3693570W,30 Stories to Remember
approve,openlibrary_OL4236964W,Nine to ninety
approve,openlibrary_OL506263W,The Unbidden Truth
approve,openlibrary_OL5274678W,The rainbow factor
approve,openlibrary_OL56720W,The soloist
approve,openlibrary_OL7540227W,The adventures of Andrew
approve,openlibrary_OL77231W,Dancing on Tisha B'av
approve,openlibrary_OL13522801W,The beasts of Barakhai
approve,openlibrary_OL13694789W,Captain Cal and the robot army
approve,openlibrary_OL15122516W,Professor Possum's great adventure
approve,openlibrary_OL15173422W,Sex Drive
approve,openlibrary_OL15174495W,In too Deep
approve,openlibrary_OL15174541W,CAPTURED
approve,openlibrary_OL15178537W,THE HOT-BLOODED HUSBAND
approve,openlibrary_OL15180974W,Wicked Ways
approve,openlibrary_OL15184427W,The Choice
approve,openlibrary_OL15187303W,Make Your Move
approve,openlibrary_OL16105783W,Rachel's Re-education
approve,openlibrary_OL17095388W,The Last Encore
approve,openlibrary_OL17252W,Run catch kiss
approve,openlibrary_OL17406076W,The Multimillionaire’s Virgin Mistress
approve,openlibrary_OL20032075W,The first time we met
approve,openlibrary_OL20893536W,Pierced - Lucian & Lia 1
approve,openlibrary_OL21716W,Making love
approve,openlibrary_OL3912257W,Raiders of the lost ark
approve,openlibrary_OL8124864W,"Indiana Jones and the Peril at Delphi (Indiana Jones, No. 1)"
approve,openlibrary_OL8488796W,Made for Sin
approve,openlibrary_OL8714440W,Ride the High Waves
approve,openlibrary_OL8935489W,Being a Girl
approve,openlibrary_OL8993989W,Sex and Sexuality
approve,openlibrary_OL9263207W,Lying in Mid-Air
approve,openlibrary_OL9265164W,Corrective Therapy
approve,openlibrary_OL1213853W,Sundown
approve,openlibrary_OL15172525W,Teaming Up
approve,openlibrary_OL15838009W,A Lost Paradise
approve,openlibrary_OL17197182W,Érotiques Suprèmes
approve,openlibrary_OL17444461W,Setis Heart
approve,openlibrary_OL17488403W,La Mujer Del Coronel
approve,openlibrary_OL17872862W,My Education
approve,openlibrary_OL1999495W,The golden age of promiscuity
approve,openlibrary_OL20868625W,Snake oil
approve,openlibrary_OL23585W,Therese et Isabelle
approve,openlibrary_OL24337893W,Body Language
approve,openlibrary_OL2947751W,Bad boys and black sheep
approve,openlibrary_OL55952W,The Mysterious West
approve,openlibrary_OL6039578W,The Texas Rodeo Murder
approve,openlibrary_OL748785W,Ernesto's ghost
approve,openlibrary_OL8032255W,Risqué business
approve,hardcover_1195089,An Academy for Liars
approve,hardcover_1938541,Origin
approve,hardcover_1959024,The Correspondent
approve,hardcover_346984,The Naked Lunch
approve,hardcover_361267,The Foxhole Court
approve,hardcover_427871,Vengeful
approve,hardcover_429380,The Mistake
approve,hardcover_432534,Whispers Under Ground
approve,hardcover_435854,These Violent Delights
approve,hardcover_444009,The Savage Detectives
approve,hardcover_446148,The Last Continent
approve,hardcover_471108,Corrupt
approve,hardcover_478572,In My Dreams I Hold a Knife
approve,hardcover_480747,The Ritual
approve,openlibrary_OL15437849W,The Killer's Brand
approve,openlibrary_OL16342577W,Wide open
approve,openlibrary_OL19721019W,In the distance
approve,openlibrary_OL19740685W,Snake oil
approve,hardcover_100190,Our Town
approve,hardcover_1200676,The Resurrectionist
approve,hardcover_1283926,Sky Full of Elephants
approve,hardcover_130029,Lucky Jim
approve,hardcover_1418030,The Human Stain
approve,hardcover_1562198,The Library at Hellebore
approve,hardcover_1587956,Kiss the Villain
approve,hardcover_167883,Winter Tide
approve,hardcover_169276,Paul Takes the Form of a Mortal Girl
approve,hardcover_1699110,Lucky Day
approve,hardcover_1727792,Alchemy of Secrets
approve,hardcover_222122,"Love, Rosie"
approve,hardcover_239738,The Beekeeper's Apprentice
approve,hardcover_247204,Hocus Pocus
approve,hardcover_259319,The Light We Lost
approve,hardcover_271009,The Nanny Diaries
approve,hardcover_298416,Gabriel's Inferno
approve,hardcover_349829,Salvation of a Saint
approve,hardcover_428557,Unsheltered
approve,hardcover_435031,Never Have I Ever
approve,hardcover_435876,The Ritual
approve,hardcover_437160,The Crossing Places
approve,hardcover_437283,The Girl He Used to Know
approve,hardcover_441170,Unnatural Magic
approve,hardcover_449129,Daughter of the Deep
approve,hardcover_467703,The Decagon House Murders
approve,hardcover_471542,The Chase
approve,hardcover_481793,Steel World
approve,hardcover_489199,The Tunnel
approve,hardcover_502040,My Oxford Year
approve,hardcover_506093,Deviant King
approve,hardcover_510421,Joe Country
approve,hardcover_5816,Zombie
approve,hardcover_69040,After
approve,hardcover_715078,I Will Find You
approve,hardcover_746648,Look Closer
approve,hardcover_864939,The Sacrifice
approve,hardcover_89354,Operation Paperclip: The Secret Intelligence Program that Brought Nazi Scientists to America
approve,hardcover_89393,The Incendiaries
approve,hardcover_974342,Unsteady
approve,hardcover_1031615,Sick Boys
approve,hardcover_1093336,Housemates
approve,hardcover_1402040,Fallen Gods
approve,hardcover_23545,Nobody's Baby But Mine
approve,hardcover_246049,The Wife
approve,hardcover_30719,Chosen Prey
approve,hardcover_380013,Kushiel's Justice
approve,hardcover_381910,The Doomsday Key
approve,hardcover_384114,Enchantment
approve,hardcover_429664,Straight Man
approve,hardcover_430014,Black Chalk
approve,hardcover_437737,The Mystery of the Yellow Room
approve,hardcover_438970,"X-Men: God Loves, Man Kills"
approve,hardcover_439961,Tears of the Giraffe
approve,hardcover_440245,The Rule Of Four
approve,hardcover_442219,"Look Homeward, Angel"
approve,hardcover_443675,The Living Mountain: A Celebration of the Cairngorm Mountains of Scotland
approve,hardcover_445409,Fair Warning
approve,hardcover_447661,"The Beautiful Struggle: A Father, Two Sons and an Unlikely Road to Manhood"
approve,hardcover_452809,The Perfect World of Miwako Sumida
approve,hardcover_453584,The Half Life of Valery K
approve,hardcover_486506,Spellsinger
approve,hardcover_513147,Goodbye Tsugumi
approve,hardcover_551469,The Road Back
approve,hardcover_648202,The Shooting Star
approve,hardcover_817578,Until I Get You
approve,hardcover_96783,Where They Found Her
approve,hardcover_1218506,Rally
approve,hardcover_122661,A Doubter's Almanac
approve,hardcover_147572,The Quarry
approve,hardcover_1981471,The Idaho Four
approve,hardcover_214998,Dance Hall of the Dead
approve,hardcover_273153,A Company of Swans
approve,hardcover_274542,Engleby
approve,hardcover_279484,The Summer Wives
approve,hardcover_291540,Inferno
approve,hardcover_312821,You Don't Have to Say You Love Me
approve,hardcover_333574,Can't and Won't
approve,hardcover_333977,"Green Grass, Running Water"
approve,hardcover_365848,The One Man
approve,hardcover_38996,The Goblin Reservation
approve,hardcover_437622,Meet Me at the Museum A Novel
approve,hardcover_440378,Rubbernecker
approve,hardcover_451370,The Life of the Mind
approve,hardcover_460142,Bloody Genius
approve,hardcover_467446,Caucasia
approve,hardcover_483793,Mindtouch
approve,hardcover_486462,The Further Adventures of Sherlock Holmes: After Sir Arthur Conan Doyle
approve,hardcover_490760,Double Cross
approve,hardcover_497027,The Master Key
approve,hardcover_533216,Bones in Her Pocket
approve,hardcover_540887,Clarity
approve,hardcover_542234,Last Bus to Woodstock
approve,hardcover_542547,The Outcast Dead
approve,hardcover_659513,Bobcat and Other Stories
approve,hardcover_678301,The Stories of Breece D'J Pancake
approve,hardcover_747009,The Doll's Alphabet
approve,hardcover_788206,Arboreality
approve,hardcover_199191,Moo
approve,hardcover_2440715,Judge Stone
approve,hardcover_306924,"The Fossil Hunter: Dinosaurs, Evolution, and the Woman Whose Discoveries Changed the World"
approve,hardcover_33733,The Lost Memory of Skin
approve,hardcover_373496,Walden on Wheels: On the Open Road from Debt to Freedom
approve,hardcover_379836,The Leavenworth Case
approve,hardcover_454633,Anna and the Swallow Man
approve,hardcover_474215,The Midnight Queen
approve,hardcover_477564,Hush Money
approve,hardcover_515248,Beijing Comrades
approve,hardcover_648118,Mr. Sammler's Planet
approve,hardcover_684844,Signal to Noise
approve,hardcover_689362,Beneath the Stands
approve,hardcover_72070,Number 11
approve,hardcover_84116,Rats and Gargoyles
approve,hardcover_841464,A Dying Fall
approve,moodreads_11508,Yumi and the Nightmare Painter
approve,openlibrary_OL24300699W,Strange and spooky stories
approve,openlibrary_OL2720147W,The bone parade
approve,openlibrary_OL8446322W,The Moral of the Story
approve,the_regulators,The Regulators
approve,openlibrary_OL134875W,Ruby
approve,openlibrary_OL14912777W,House of reckoning
approve,openlibrary_OL15071121W,Daughters of the sea
approve,openlibrary_OL16014526W,Zombies! Zombies! Zombies!
approve,openlibrary_OL16566610W,Isaac Asimov Presents the Best Horror and Supernatural of the 19th Century
approve,openlibrary_OL17332151W,Under the Egg
approve,openlibrary_OL19734251W,Blood water paint
approve,openlibrary_OL20454313W,Stargazing
approve,openlibrary_OL23480W,Red Dragon
approve,openlibrary_OL3931584W,Future perfect
approve,openlibrary_OL469081W,Clay
approve,openlibrary_OL5235146W,The Short Story
approve,openlibrary_OL5963023W,The Lost Days (Emily the Strange #1)
approve,openlibrary_OL15073371W,Works (Dubliners / Portrait of an Artist as a Young Man)
approve,openlibrary_OL15073437W,The Dead
approve,openlibrary_OL15719783W,10th Anniversary
approve,openlibrary_OL15941697W,Forever
approve,openlibrary_OL15952027W,A trick of the light
approve,openlibrary_OL16221935W,The Artist Who Painted a Blue Horse
approve,openlibrary_OL16465449W,The One and Only Ivan
approve,openlibrary_OL17062217W,The signature of all things
approve,openlibrary_OL1846840W,The lacuna
approve,openlibrary_OL2339940W,A Dog of Flanders
approve,openlibrary_OL3489593W,"""Who set you flowin'?"""
approve,openlibrary_OL47780W,Mystery of Samurai Sword
approve,openlibrary_OL71132W,The Voyage of the Dawn Treader
approve,openlibrary_OL80178W,Charlotte Gray
approve,openlibrary_OL13847489W,Fringe dweller on the night shift
approve,openlibrary_OL15141669W,Haunting Tales (Artist of the Beautiful / Birth-Mark / Dr. Heidegger's Experiment / Minister's Black Veil)
approve,openlibrary_OL1636848W,The broken spears
approve,openlibrary_OL19338125W,Stars of Fortune
approve,openlibrary_OL20246149W,Strange Nation
approve,openlibrary_OL2239396W,À rebours
approve,openlibrary_OL23172W,Of Mice and Men & Cannery Row
approve,openlibrary_OL2631733W,The poetry and paintings of the First Bible of Charles the Bald / Paul Edward Dutton and Herbert L. Kessler
approve,openlibrary_OL455238W,Dr. Heidegger's Experiment and Other Stories
approve,openlibrary_OL578528W,Joan Miró
approve,openlibrary_OL5805158W,My Secret Protector
approve,openlibrary_OL617847W,El túnel
approve,openlibrary_OL14860204W,A Grave Talent
approve,openlibrary_OL14925040W,House of dolls
approve,openlibrary_OL16604845W,The crimson shard
approve,openlibrary_OL17063057W,How to Be Both
approve,openlibrary_OL1807045W,False Impression
approve,openlibrary_OL18819693W,The Great Believers
approve,openlibrary_OL19969978W,Starry nights
approve,openlibrary_OL20169W,The  light that failed
approve,openlibrary_OL4071192W,Run for Your Life
approve,openlibrary_OL455511W,Young Goodman Brown and Other Tales
approve,openlibrary_OL457916W,The Cat Who Could Read Backwards
approve,openlibrary_OL484029W,When Poppy and Max grow up
approve,openlibrary_OL86334W,The Portable James Joyce
approve,openlibrary_OL111414W,The art of deception
approve,openlibrary_OL112983W,A month in the country
approve,openlibrary_OL16098518W,The Greek Maiden and the English Lord
approve,openlibrary_OL16597105W,The last nude
approve,openlibrary_OL19742710W,Cottage by the sea
approve,openlibrary_OL2011725W,The Duchess of Malfi
approve,openlibrary_OL22315687W,Tiffany girl
approve,openlibrary_OL2583377W,Miss Bede is staying
approve,openlibrary_OL2750622W,Secrets of the Code
approve,openlibrary_OL2752599W,The 13th [Thirteenth] Apostle
approve,openlibrary_OL478981W,Rococo
approve,openlibrary_OL5682139W,After the Kiss
approve,openlibrary_OL804947W,Albert's bridge and other plays
approve,openlibrary_OL103719W,Danitra Brown Leaves Town
approve,openlibrary_OL15025391W,A Christmas blizzard
approve,openlibrary_OL15212198W,Banishing Verona
approve,openlibrary_OL15838576W,My Man Blue
approve,openlibrary_OL15920535W,"I, too, am America"
approve,openlibrary_OL15958981W,44 Charles Street
approve,openlibrary_OL16821846W,The Girl You Left Behind
approve,openlibrary_OL17358762W,The Marriage of Opposites
approve,openlibrary_OL17709W,Ain't she sweet
approve,openlibrary_OL17869561W,A pinch of ooh la la
approve,openlibrary_OL1804684W,La Princesa Dormida / Waking the Princess
approve,openlibrary_OL1834066W,The Vanishing Point
approve,openlibrary_OL20010769W,Precious gifts
approve,openlibrary_OL2003057W,Red sings from treetops
approve,openlibrary_OL20488508W,Thirty-Six Views
approve,openlibrary_OL2649591W,Anaïs
approve,openlibrary_OL2652471W,Uncommon Arrangements
approve,openlibrary_OL30557W,The Danish Girl
approve,openlibrary_OL3931405W,The Demon Lover (Chivers Sound Library)
approve,openlibrary_OL4049087W,靈山 = Ling shan
approve,openlibrary_OL477612W,Brown Honey in Broomwheat Tea
approve,openlibrary_OL523460W,Star Wars - Tatooine Ghost
approve,openlibrary_OL537771W,Haiku Humor
approve,openlibrary_OL69220W,Kristin Lavransdatter III
approve,openlibrary_OL7965965W,D.H. Lawrence
approve,openlibrary_OL8536124W,The Collector
approve,openlibrary_OL861825W,Daddy calls me man
approve,openlibrary_OL937173W,Duck and kangaroo
approve,openlibrary_OL14992713W,Notes Left Behind
approve,openlibrary_OL17898496W,Dead man's fancy
approve,openlibrary_OL19668212W,Gnomon
approve,openlibrary_OL3177113W,Men in black
approve,openlibrary_OL8570871W,Bones in the belfry
approve,openlibrary_OL12094W,A New Lease of Death
approve,openlibrary_OL14860188W,The Language of Bees
approve,openlibrary_OL17820716W,Death at the Door
approve,openlibrary_OL17903619W,Night and day
approve,openlibrary_OL1900871W,Death and restoration
approve,openlibrary_OL1937851W,The magic barrel
approve,openlibrary_OL20084597W,Flies in the Punch Bowl
approve,openlibrary_OL457921W,The Cat Who Lived High (A Jim Qwilleran Feline Whodunnit)
approve,openlibrary_OL9207377W,Chasing the Devil
approve,openlibrary_OL14856320W,How to avoid making art (or anything else you enjoy)
approve,openlibrary_OL17712929W,Bertie's guide to life and mothers
approve,openlibrary_OL18937W,Diary
approve,openlibrary_OL19663452W,The Wangs vs The World
approve,openlibrary_OL20003044W,The sunlit night
approve,openlibrary_OL20014193W,Imagination in action
approve,openlibrary_OL20049321W,Almost autumn
approve,openlibrary_OL2239502W,Count the Ways
approve,openlibrary_OL2435492W,44 Scotland Street
approve,openlibrary_OL3351101W,Helping teens work through grief
approve,openlibrary_OL477554W,Third and Indiana
approve,openlibrary_OL115646W,The Matisse Stories
approve,openlibrary_OL14851792W,Orchids and diamonds
approve,openlibrary_OL14963848W,A Scotsman in Love
approve,openlibrary_OL15845071W,Shadow-box
approve,openlibrary_OL1804680W,Lady Macbeth
approve,openlibrary_OL1920342W,Smoking mirror
approve,openlibrary_OL19978209W,The Prisoner of the Riviera
approve,openlibrary_OL20043137W,Black Dog
approve,openlibrary_OL22646055W,Darker still
approve,openlibrary_OL25282075W,Lady Jenny's Christmas Portrait
approve,openlibrary_OL2648432W,Blindspot
approve,openlibrary_OL3517198W,A Palestine affair
approve,openlibrary_OL40361W,Luncheon of the Boating Party
approve,openlibrary_OL4501618W,The rival queens
approve,openlibrary_OL505740W,The moon and sixpence
approve,openlibrary_OL508477W,Marguerite makes a book
approve,openlibrary_OL5261622W,Those in Peril
approve,openlibrary_OL5723532W,The illuminator
approve,openlibrary_OL5724188W,Stray dog winter
approve,openlibrary_OL77998W,The Red Rover: A Tale
approve,openlibrary_OL12703W,A cold heart
approve,openlibrary_OL13724618W,Eroica yori ai wo komete 13
approve,openlibrary_OL14710W,Hemlock Bay
approve,openlibrary_OL16679842W,A vine in the blood
approve,openlibrary_OL17399731W,Lines Of Sight
approve,openlibrary_OL1959585W,Worm gets a job
approve,openlibrary_OL19654066W,Typhoon fury
approve,openlibrary_OL19993415W,The sculptor
approve,openlibrary_OL20157055W,Dark Tribute
approve,openlibrary_OL2445392W,White nights
approve,openlibrary_OL2646060W,Asylum
approve,openlibrary_OL275666W,Nerve Damage
approve,openlibrary_OL37212858W,Inside outside overlap
approve,openlibrary_OL8485306W,Night of the Tiki
approve,openlibrary_OL11334031W,Julia and the Bazooka
approve,openlibrary_OL11946396W,Lush
approve,openlibrary_OL14867027W,Death in Venice
approve,openlibrary_OL14867038W,Death in Venice and other stories
approve,openlibrary_OL14867075W,Death in Venice and Other Tales
approve,openlibrary_OL14872406W,Turnpike flameout
approve,openlibrary_OL151445W,A Tangled Tale
approve,openlibrary_OL15847035W,Paganini's Ghost
approve,openlibrary_OL16246083W,Tod in Venedig
approve,openlibrary_OL17730695W,Cleavage
approve,openlibrary_OL17991820W,The serpent's tongue
approve,openlibrary_OL1819841W,Dreams Underfoot
approve,openlibrary_OL2093183W,La route d'Altamont
approve,openlibrary_OL2513030W,The fisher king
approve,openlibrary_OL3050194W,The duke who outlawed jelly beans
approve,openlibrary_OL3738864W,Easy connections
approve,openlibrary_OL455350W,Mosses from an Old Manse
approve,openlibrary_OL455540W,"Representative Selections, with Introduction, Bibliography, and Notes"
approve,openlibrary_OL458044W,Novels
approve,openlibrary_OL7198656W,The treasure of Tolmec
approve,openlibrary_OL81740W,My date with Satan
approve,openlibrary_OL11876770W,Submission
approve,openlibrary_OL14872638W,Diary of an emotional idiot
approve,openlibrary_OL15659831W,Undressing Mercy
approve,openlibrary_OL15981227W,Culo by Mazzucco
approve,openlibrary_OL16833839W,If I Were You
approve,openlibrary_OL18314143W,Erotica II
approve,openlibrary_OL2707427W,Lunch
approve,openlibrary_OL30273W,Moise and the World of Reason
approve,openlibrary_OL8110499W,The beauty of surrender
approve,openlibrary_OL8488818W,Barenaked Jane
approve,openlibrary_OL9467216W,Lured by Lust
approve,openlibrary_OL11876769W,The art of desire
approve,openlibrary_OL15165491W,Dare to Surrender
approve,openlibrary_OL15169819W,Other People's Husbands
approve,openlibrary_OL15190143W,Hard To Resist
approve,openlibrary_OL15191315W,The Master & the Muses
approve,openlibrary_OL16029351W,"Prince of Montez, pregnant mistress"
approve,openlibrary_OL21713753W,Hour of the Black Wolf
approve,openlibrary_OL3510637W,Dark plums
approve,openlibrary_OL4317749W,Pick-up
approve,openlibrary_OL495494W,Mramorna koža
approve,openlibrary_OL8488808W,Sin
approve,hardcover_320939,Peril at End House
approve,hardcover_428829,Better Than the Movies
approve,hardcover_512068,The Marriage Portrait
approve,openlibrary_OL15950652W,Earth colors
approve,openlibrary_OL19976641W,The painter
approve,openlibrary_OL20900682W,War journey
approve,hardcover_352094,Fever Dream
approve,hardcover_430308,Win
approve,hardcover_434829,The One Hundred Years of Lenni and Margot
approve,hardcover_438161,Dexter By Design
approve,hardcover_442353,A Hero of Our Time
approve,hardcover_447182,The Tokyo Zodiac Murders
approve,hardcover_454859,Still Life
approve,hardcover_482900,Thirteen Storeys
approve,hardcover_51230,Heist society
approve,hardcover_83322,Sandstorm
approve,hardcover_124724,Set This House in Order
approve,hardcover_1459578,The Maid's Secret
approve,hardcover_157269,The Devil Colony
approve,hardcover_242289,By the Pricking of My Thumbs
approve,hardcover_259120,"Not a Penny More, Not a Penny Less"
approve,hardcover_273163,Lust for Life
approve,hardcover_350261,False Memory
approve,hardcover_377674,Skinny Legs and All
approve,hardcover_380785,The Land of Painted Caves
approve,hardcover_437106,The Bone Labyrinth
approve,hardcover_453808,Optic Nerve
approve,hardcover_471459,Hate Notes
approve,hardcover_474156,Before Mars
approve,hardcover_496430,Driving the Deep
approve,hardcover_60428,The Heist
approve,hardcover_623640,The Map and the Territory
approve,hardcover_943289,Inheritance
approve,hardcover_188043,The Sparsholt Affair
approve,hardcover_218526,I Am Having So Much Fun Here Without You
approve,hardcover_242302,Resurrection Men
approve,hardcover_284204,What the Dead Know
approve,hardcover_332964,Lady Isabella's Scandalous Marriage
approve,hardcover_341227,A Redbird Christmas 
approve,hardcover_456650,A Gentleman Never Keeps Score
approve,hardcover_459205,Hide Me Among the Graves
approve,hardcover_474550,War and Turpentine
approve,hardcover_56752,Wreck This Journal
approve,hardcover_714014,The Roads to Sata: A 2000-mile walk through Japan
approve,hardcover_94924,Breaking Silence
approve,hardcover_374588,Now You See Her
approve,hardcover_379459,Blind Alley
approve,hardcover_487441,The Horse's Mouth
approve,hardcover_532804,The Scribe of Siena
approve,hardcover_587933,When We Meet Again
approve,hardcover_865439,Cigarettes
approve,binding_13,Binding 13
approve,fourth_wing,Fourth Wing
approve,hot_ice,Hot Ice
approve,if_we_were_villains,If We Were Villains
approve,iron_flame,Iron Flame
approve,it_ends_with_us,It Ends With Us
approve,josh_and_hazels_guide_to_not_dating,Josh and Hazel's Guide to Not Dating
approve,moodreads_10749,Wait for You
approve,moodreads_12260,Sabotage
approve,moodreads_4,Deep End
approve,never_say_never,Never Say Never
approve,nothing_like_the_movies,Nothing Like the Movies
approve,onyx_storm,Onyx Storm
approve,openlibrary_OL134872W,Hidden Jewel
approve,openlibrary_OL14963398W,Jane bites back
approve,openlibrary_OL15140674W,Ghosts I have been / The dreadful future of Blossom Culp
approve,openlibrary_OL20016593W,Plants vs. zombies. Bully for you
approve,openlibrary_OL20660812W,The return
approve,openlibrary_OL24855564W,Three acclaimed novels
approve,openlibrary_OL66229W,Lost
approve,openlibrary_OL8053429W,Hell Week
approve,openlibrary_OL8333973W,Ninth Grade Slays (The Chronicles of Vladimir Tod)
approve,something_better_than_home,Something Better than Home
approve,the_big_u,The Big U
approve,the_corridors_of_time,The Corridors of time
approve,openlibrary_OL13769960W,I So Don't Do Spooky
approve,openlibrary_OL16574033W,Moonsong
approve,openlibrary_OL17703588W,Asylum
approve,openlibrary_OL18182225W,The vanishing season
approve,openlibrary_OL19724581W,The big F
approve,openlibrary_OL24320639W,Gillette Park
approve,openlibrary_OL2660380W,Make Lemonade
approve,openlibrary_OL443605W,Judy Moody goes to college
approve,openlibrary_OL448989W,The teeth of the tiger
approve,openlibrary_OL492727W,Forever Princess
approve,openlibrary_OL547145W,Peeps
approve,openlibrary_OL5702968W,Ghostwriter
approve,openlibrary_OL60143W,The Time of the Ghost
approve,openlibrary_OL7465738W,The Dust of Wonderland
approve,openlibrary_OL9418025W,Same difference
approve,openlibrary_OL13255506W,one hundred dollar misunderstanding
approve,openlibrary_OL151947W,"Ramona Quimby, Age 8"
approve,openlibrary_OL16212228W,Tiger's Quest (Tiger's Curse #2)
approve,openlibrary_OL16654179W,Out of the Easy
approve,openlibrary_OL16802331W,Lean In
approve,openlibrary_OL17076679W,A Wonderlandiful World
approve,openlibrary_OL17714701W,The Hate U Give
approve,openlibrary_OL18020235W,Find Her
approve,openlibrary_OL1835361W,Tuned out
approve,openlibrary_OL19068751W,I Am Not Your Perfect Mexican Daughter
approve,openlibrary_OL19667880W,Gathering prey
approve,openlibrary_OL19692W,H.R.H.
approve,openlibrary_OL19996547W,Tom Clancy
approve,openlibrary_OL2234851W,Gaudy night
approve,openlibrary_OL24496732W,Caught
approve,openlibrary_OL2761361W,The Vast Fields of Ordinary
approve,openlibrary_OL3974941W,Mrs. Merryweather's Letter (Tales from Fern Hollow)
approve,openlibrary_OL495470W,Invisible Man
approve,openlibrary_OL509183W,Speak
approve,openlibrary_OL5717635W,"L8r, g8r"
approve,openlibrary_OL5952817W,A Northern Light
approve,openlibrary_OL74649W,Indignation
approve,openlibrary_OL875437W,The Perks of Being a Wallflower
approve,openlibrary_OL11975130W,Superpowers
approve,openlibrary_OL15114839W,Hard Magic
approve,openlibrary_OL16139144W,Red wet dirt
approve,openlibrary_OL16817807W,Dragon Juctice
approve,openlibrary_OL20026409W,City of the Lost
approve,openlibrary_OL20150260W,Normal People
approve,openlibrary_OL22061845W,Wacky Wednesday
approve,openlibrary_OL24139395W,Soul to Keep
approve,openlibrary_OL2660316W,Sorcery & Cecelia
approve,openlibrary_OL2980902W,A Fine Balance
approve,openlibrary_OL15299823W,Deception
approve,openlibrary_OL15815153W,Conspiracies
approve,openlibrary_OL16811862W,Red Hill
approve,openlibrary_OL17440972W,Sacrifices
approve,openlibrary_OL17801648W,Slade House
approve,openlibrary_OL19731989W,I Am Not Okay With This
approve,openlibrary_OL19959998W,The Secret Commonwealth
approve,openlibrary_OL2679341W,The Magicians
approve,openlibrary_OL3924629W,Territory
approve,openlibrary_OL46736W,Kwanzaa and Me
approve,openlibrary_OL5968387W,Christmas When Music Almost Killed the World
approve,openlibrary_OL86162W,Twenty-four Hours
approve,openlibrary_OL10614077W,The ranch
approve,openlibrary_OL13263336W,A practical handbook for the boyfriend
approve,openlibrary_OL13771777W,Goddess of the market
approve,openlibrary_OL14857996W,Mr. and Miss Anonymous
approve,openlibrary_OL14923565W,The Pregnant Widow
approve,openlibrary_OL15932734W,First comes love
approve,openlibrary_OL15991019W,"Novels, 1970-1982"
approve,openlibrary_OL1714722W,The Bad Quarto
approve,openlibrary_OL17356259W,Three Sisters
approve,openlibrary_OL17646142W,The forever girl
approve,openlibrary_OL17877348W,The clasp
approve,openlibrary_OL17904764W,Making pretty
approve,openlibrary_OL1893843W,Still Summer
approve,openlibrary_OL1894886W,Love and death on Long Island
approve,openlibrary_OL20031306W,Chronicle of a last summer
approve,openlibrary_OL20049343W,We are still tornadoes
approve,openlibrary_OL20072032W,The Nickel Boys
approve,openlibrary_OL20461540W,A Century of Detection
approve,openlibrary_OL21164753W,Bittersweet
approve,openlibrary_OL21790778W,Swiss Affair
approve,openlibrary_OL23319149W,Deeper
approve,openlibrary_OL2347411W,A Dream To Follow
approve,openlibrary_OL2703800W,My nights at the Improv
approve,openlibrary_OL3185760W,Chūshingura
approve,openlibrary_OL3264926W,Cults in Our Midst
approve,openlibrary_OL464511W,Beyond Black
approve,openlibrary_OL48556W,A midsummer night's scream
approve,openlibrary_OL500956W,Summer blowout
approve,openlibrary_OL5689284W,Cold hearted
approve,openlibrary_OL5709189W,Willa by Heart (Wedding Planner's Daughter #3)
approve,openlibrary_OL6819459W,Forever and ever
approve,openlibrary_OL726613W,The Ginger Man
approve,openlibrary_OL77013W,The Last Juror
approve,openlibrary_OL8032784W,Apple Brown Betty (Sepia)
approve,openlibrary_OL8254947W,The Rules for Hearts
approve,openlibrary_OL9475344W,Solemnly Swear
approve,openlibrary_OL109880W,Framley Parsonage
approve,openlibrary_OL14906161W,Without Mercy
approve,openlibrary_OL16211977W,We'll Always Have Summer
approve,openlibrary_OL16817447W,The Moon and More
approve,openlibrary_OL17746362W,The longest ride
approve,openlibrary_OL17824780W,All I need
approve,openlibrary_OL18008837W,History Is All You Left Me
approve,openlibrary_OL18019728W,Goodhouse
approve,openlibrary_OL1911599W,Between friends
approve,openlibrary_OL19719010W,Not Your Villain
approve,openlibrary_OL19744884W,Un hombre cae
approve,openlibrary_OL20078193W,Dead Dead Demon's Dededede Destruction
approve,openlibrary_OL20619940W,Moral Compass
approve,openlibrary_OL20824171W,"Check, Please! Book 2"
approve,openlibrary_OL21550099W,Falling Away
approve,openlibrary_OL278281W,All American
approve,openlibrary_OL34252W,Smoke in Mirrors
approve,openlibrary_OL42430111W,The Deal
approve,openlibrary_OL77748W,Anne of the Island
approve,openlibrary_OL7796306W,Colin's campus
approve,openlibrary_OL13012W,"Loves Music, Loves to Dance"
approve,openlibrary_OL14959533W,Sherlock Holmes Through Time and Space
approve,openlibrary_OL15022406W,Hollywood Hustle (Son of the Mob
approve,openlibrary_OL15834737W,Bass ackwards and belly up
approve,openlibrary_OL17764912W,Flash point
approve,openlibrary_OL17767880W,A History of the Church
approve,openlibrary_OL17854075W,Speak. The Graphic Novel
approve,openlibrary_OL19728133W,I Hear the SunSpot
approve,openlibrary_OL19996150W,Invaded
approve,openlibrary_OL24573337W,The Night She Disappeared
approve,openlibrary_OL24784540W,Ladyparts
approve,openlibrary_OL2745944W,The unlimited dream company
approve,openlibrary_OL492872W,The Princess Diaries
approve,openlibrary_OL507782W,The wilding of America
approve,openlibrary_OL9348223W,"Wannabes, Goths, and Christians"
approve,openlibrary_OL98269W,Game
approve,openlibrary_OL115540W,White Butterfly (Easy Rawlins Mysteries)
approve,openlibrary_OL14955207W,Bad Mother
approve,openlibrary_OL15854181W,Easy Avenue
approve,openlibrary_OL17311359W,Tricky Twenty-Two (Stephanie Plum Series #22)
approve,openlibrary_OL17356243W,Keep Quiet
approve,openlibrary_OL17358870W,All Dressed in White
approve,openlibrary_OL17917042W,Sins of the Flesh
approve,openlibrary_OL18019261W,Bone Box
approve,openlibrary_OL19666058W,Fear the darkness
approve,openlibrary_OL1972683W,Amanda Bright   Home
approve,openlibrary_OL19742153W,Vestida de blanco
approve,openlibrary_OL20009509W,Don't fail me now
approve,openlibrary_OL20149194W,Throw Me to the Wolves
approve,openlibrary_OL21363772W,Massacre in Mexico
approve,openlibrary_OL23083626W,Dial A for Aunties
approve,openlibrary_OL29052214W,Bright Young Women
approve,openlibrary_OL3759548W,Gangbusters
approve,openlibrary_OL5707421W,How to Be Bad
approve,openlibrary_OL5710003W,Maisie Dobbs (Maisie Dobbs #1)
approve,openlibrary_OL82380W,Grave Surprise
approve,openlibrary_OL8442292W,An Administrator's Guide for Responding to Campus Crime From Prevention to Liability
approve,openlibrary_OL114501W,Girltalk
approve,openlibrary_OL11547060W,School plot
approve,openlibrary_OL11815060W,The madness continues
approve,openlibrary_OL12253538W,Spud
approve,openlibrary_OL12340W,Back roads
approve,openlibrary_OL12406W,The Voice on the Radio
approve,openlibrary_OL13591588W,Chum
approve,openlibrary_OL15094317W,The great smelling bee
approve,openlibrary_OL15172016W,Write Your Memoir
approve,openlibrary_OL15329429W,The Ambitious Generation
approve,openlibrary_OL16668652W,Freshman year & other unnatural disasters
approve,openlibrary_OL17884420W,Jack Strong takes a stand
approve,openlibrary_OL1841423W,Someday This Pain Will Be Useful to You
approve,openlibrary_OL1898758W,Forrest Gump
approve,openlibrary_OL19711744W,Mrs. Fletcher
approve,openlibrary_OL19712740W,Class mom
approve,openlibrary_OL19722259W,Mis(h)adra
approve,openlibrary_OL19743687W,"Love, hate & other filters"
approve,openlibrary_OL19763056W,Come November
approve,openlibrary_OL1998034W,Ten Things I Wish I'd Known--Before I Went Out into the Real World
approve,openlibrary_OL20009516W,Infinite in between
approve,openlibrary_OL20014579W,Teens' guide to college & career planning
approve,openlibrary_OL20492637W,Jasmine #4
approve,openlibrary_OL21216386W,Permanent Record
approve,openlibrary_OL26530150W,Jellicoe Road
approve,openlibrary_OL29954W,One hot summer
approve,openlibrary_OL488463W,The things we do for love
approve,openlibrary_OL492866W,Princess in Pink
approve,openlibrary_OL503165W,Nuclear Jellyfish
approve,openlibrary_OL5712517W,Because I'm Worth It
approve,openlibrary_OL5729076W,The lake of dead languages
approve,openlibrary_OL5742571W,Organize your family's schedule-- in no time
approve,openlibrary_OL5760185W,Inventing Elliot
approve,openlibrary_OL74405W,The Fortress of Solitude
approve,openlibrary_OL88115W,Chaos theory
approve,openlibrary_OL8909095W,Finn
approve,openlibrary_OL14091W,The Body in the Ivy
approve,openlibrary_OL14911377W,The Cereal Murders  (Goldy Bear Culinary Mystery #3)
approve,openlibrary_OL17626W,Call to Arms
approve,openlibrary_OL20018748W,Wedding Cake Murder
approve,openlibrary_OL20030286W,The gilded years
approve,openlibrary_OL2347387W,Believing the dream
approve,openlibrary_OL2649152W,"Olivia, or, The weight of the past"
approve,openlibrary_OL274495W,Rotten School #14 - Night of the Creepy Things
approve,openlibrary_OL276827W,Red sky in morning
approve,openlibrary_OL97436W,Jesse
approve,openlibrary_OL13668602W,Paradise kiss
approve,openlibrary_OL13723652W,My sassy girl
approve,openlibrary_OL15399491W,Dead or Alive
approve,openlibrary_OL15537520W,My girlfriend's a geek
approve,openlibrary_OL17741430W,Think of a number
approve,openlibrary_OL17913645W,Monday's lie
approve,openlibrary_OL18023151W,Tom Clancy Support and Defend
approve,openlibrary_OL19720211W,Tom Clancy power and empire
approve,openlibrary_OL20152738W,Before She Knew Him
approve,openlibrary_OL20828734W,Never die alone
approve,openlibrary_OL20911633W,Diary of a girl next door
approve,openlibrary_OL22900W,Spencerville
approve,openlibrary_OL24172046W,Vortex
approve,openlibrary_OL41927W,A conventional corpse
approve,openlibrary_OL8752923W,Pretéar
approve,openlibrary_OL8783315W,MeruPuri
approve,openlibrary_OL8783503W,Beauty is the beast
approve,openlibrary_OL15306086W,Death Is Not An Option
approve,openlibrary_OL17186661W,Miss Me When I'm Gone
approve,openlibrary_OL17573887W,The Scatter Here Is Too Great
approve,openlibrary_OL17575406W,So Much A Part Of You
approve,openlibrary_OL17729059W,An arsonist's guide to writers' homes in New England
approve,openlibrary_OL17881164W,Leaving Amarillo
approve,openlibrary_OL17886385W,The Bellwether revivals
approve,openlibrary_OL18187675W,The ivy
approve,openlibrary_OL1852422W,The fires
approve,openlibrary_OL19977306W,Maybe someday
approve,openlibrary_OL20871776W,My smoky bacon crisp obsession
approve,openlibrary_OL28595634W,Challengers of the dust
approve,openlibrary_OL37691W,In Custody
approve,openlibrary_OL492831W,Size 14 Is Not Fat Either
approve,openlibrary_OL5721370W,Summer of love
approve,openlibrary_OL5732616W,Sightseeing
approve,openlibrary_OL5816152W,Snow Island
approve,openlibrary_OL15179888W,Tender to His Touch
approve,openlibrary_OL15185342W,Love Means Courage
approve,openlibrary_OL15190037W,Teach Me Tonight
approve,openlibrary_OL15951827W,The Magician King
approve,openlibrary_OL17020160W,Gettin' buck wild
approve,openlibrary_OL19983346W,Straddling the line
approve,openlibrary_OL20036612W,The second time I saw you
approve,openlibrary_OL20564243W,Carnal Knowledge
approve,openlibrary_OL24314189W,CLAIMED
approve,openlibrary_OL24847701W,Turkish delights
approve,openlibrary_OL25850254W,Mind Fields
approve,openlibrary_OL2630219W,Made for Sex
approve,openlibrary_OL2756403W,White Flames
approve,openlibrary_OL3457550W,Technicolor pulp
approve,openlibrary_OL5726947W,A dangerous secret
approve,openlibrary_OL5843918W,Knockin' boots
approve,openlibrary_OL5850717W,Red Hot Reunion
approve,openlibrary_OL6026839W,An inexpressible state of grace
approve,openlibrary_OL9214852W,Six
approve,openlibrary_OL15186038W,Texas Cinderella
approve,openlibrary_OL15871033W,Strange attractions
approve,openlibrary_OL16467172W,Corporal in Charge of Taking Care of Captain O'Malley
approve,openlibrary_OL17867761W,Spice
approve,openlibrary_OL1845014W,Be Mine
approve,openlibrary_OL1869646W,Gangsters
approve,openlibrary_OL20919836W,Love Is A Battlefield
approve,openlibrary_OL20942915W,Third time lucky
approve,openlibrary_OL24230004W,Mark Cooper versus America
approve,openlibrary_OL27068542W,Heavenly Moves
approve,openlibrary_OL30223545W,Cards of Love
approve,openlibrary_OL74648W,The dying animal
approve,openlibrary_OL8959388W,Love Circles
approve,hardcover_1108705,The Eyes Are the Best Part
approve,hardcover_1196065,Graveyard Shift
approve,hardcover_1214974,Intermezzo
approve,hardcover_1396631,Bury Our Bones in the Midnight Soil
approve,hardcover_1424790,King Sorrow
approve,hardcover_194063,Replay
approve,hardcover_257917,The Alice Network
approve,hardcover_428035,The Magician's Land
approve,hardcover_428775,You've Reached Sam
approve,hardcover_429089,The Score
approve,hardcover_432319,Survive the Night
approve,hardcover_432661,People We Meet on Vacation
approve,hardcover_436062,Final Girls
approve,hardcover_445360,All's Well
approve,hardcover_467465,As Good As Dead
approve,hardcover_503761,A Study in Drowning
approve,hardcover_504048,No Exit
approve,hardcover_524206,Happy Place
approve,hardcover_593589,The Chalice of the Gods
approve,hardcover_64604,"Always and Forever, Lara Jean"
approve,hardcover_71678,The Idiot
approve,hardcover_801808,Done and Dusted
approve,hardcover_88978,The Devil Wears Prada
approve,hardcover_8999,One of Us Is Lying
approve,moodreads_10672,The Dare
approve,moodreads_3105,Firefly Lane
approve,moodreads_9894,Ambition
approve,openlibrary_OL11381732W,Pay Dirt
approve,openlibrary_OL18166129W,The sheriff
approve,openlibrary_OL2619169W,Ladies of the Goldfield Stock Exchange
approve,hardcover_102557,After We Collided
approve,hardcover_104137,Happiness for Beginners
approve,hardcover_1084878,Collide
approve,hardcover_1095739,Society of Lies
approve,hardcover_1098560,Tangled Up in You
approve,hardcover_122026,Girls in Pants: The Third Summer of the Sisterhood
approve,hardcover_137573,The Poet
approve,hardcover_165279,Hangsaman
approve,hardcover_2023003,The Astral Library
approve,hardcover_228798,A List of Cages
approve,hardcover_232292,Elsewhere
approve,hardcover_23401,Glass Houses
approve,hardcover_331640,The Leftovers
approve,hardcover_362433,Skippy Dies
approve,hardcover_383728,Dexter in the Dark
approve,hardcover_386190,Love Does: Discover a Secretly Incredible Life in an Ordinary World
approve,hardcover_428790,The Goal
approve,hardcover_428804,The Legacy
approve,hardcover_431221,Between Two Kingdoms: A Memoir of a Life Interrupted
approve,hardcover_432262,Empire Falls
approve,hardcover_433173,The Nest
approve,hardcover_438678,In the Tall Grass
approve,hardcover_439517,All Creatures Great and Small
approve,hardcover_444053,Glamorama
approve,hardcover_444462,Here's to Us
approve,hardcover_449358,The Way I Used to Be
approve,hardcover_454779,Icebreaker
approve,hardcover_459878,Magical Midlife Madness
approve,hardcover_469279,Flock
approve,hardcover_471408,Him
approve,hardcover_471514,The Risk
approve,hardcover_478571,The Things We Cannot Say
approve,hardcover_485056,Counterfeit
approve,hardcover_487577,The Dreamers
approve,hardcover_501144,Wait for You
approve,hardcover_503903,By the Book
approve,hardcover_505214,The Lies I Tell
approve,hardcover_515023,Little Secrets
approve,hardcover_526035,Savage Bonds
approve,hardcover_550882,Long Shot
approve,hardcover_587905,Rosencrantz and Guildenstern are Dead
approve,hardcover_596751,The Tatami Galaxy
approve,hardcover_606295,28 Summers
approve,hardcover_617116,Good Girl Complex
approve,hardcover_689599,"Right Man, Right Time"
approve,hardcover_812379,The Life and Times of The Thunderbolt Kid
approve,hardcover_996503,The Rule Book
approve,hardcover_156807,Princess in Training
approve,hardcover_1759552,You've Found Oliver
approve,hardcover_20984,Frigid
approve,hardcover_2202397,Kin
approve,hardcover_269984,The group
approve,hardcover_302598,Winger
approve,hardcover_379684,Summer Sisters
approve,hardcover_383201,The Good Guy
approve,hardcover_385042,Tell Me Lies
approve,hardcover_429626,All Creatures Great and Small / All Things Bright and Beautiful
approve,hardcover_434600,Jayber Crow
approve,hardcover_449397,American Panda
approve,hardcover_465821,Clock Dance
approve,hardcover_485218,Have His Carcase
approve,hardcover_487237,Enigma Variations
approve,hardcover_513190,Anatomy of a Scandal
approve,hardcover_543112,A Love Letter to Whiskey
approve,hardcover_547587,Dreamland
approve,hardcover_561921,Like Real People Do
approve,hardcover_593471,The Girl I Was
approve,hardcover_629010,Chasing Love
approve,hardcover_638189,Dungeon Diving 101
approve,hardcover_871133,The Way I Am Now
approve,hardcover_1106702,Just a Girl
approve,hardcover_116255,Catalyst
approve,hardcover_1174430,Don't Let Me Break
approve,hardcover_123458,The Book of Daniel
approve,hardcover_158971,How to Love
approve,hardcover_167379,Call Me Irresistible
approve,hardcover_1902185,The Librarians
approve,hardcover_194170,Emotionally Weird
approve,hardcover_262760,Tinker
approve,hardcover_302154,Eyeless in Gaza
approve,hardcover_306393,You Know You Love Me
approve,hardcover_323181,The Mistress of Spices
approve,hardcover_339292,Foreplay
approve,hardcover_349104,Bad Things Happen
approve,hardcover_378395,Absurdistan
approve,hardcover_427554,"Wolfpack: How Young People Will Find Their Voice, Unite Their Pack, and Change the World"
approve,hardcover_435086,Florence Adler Swims Forever
approve,hardcover_437165,Rich and Pretty
approve,hardcover_437216,Long Black Veil
approve,hardcover_443977,Clear Light of Day
approve,hardcover_444658,The Great American Whatever
approve,hardcover_448272,Early Work
approve,hardcover_449506,Chaotic Good
approve,hardcover_467940,Miss Pym Disposes
approve,hardcover_505255,When the Lights Go Out
approve,hardcover_520718,The First Time She Drowned
approve,hardcover_577957,Code of Honor
approve,hardcover_66163,In the Blood
approve,hardcover_67232,A College of Magics
approve,hardcover_67637,The Secret Life of Violet Grant
approve,hardcover_71948,"Hello, Goodbye, and Everything in Between"
approve,hardcover_76402,Stephen Florida
approve,hardcover_799805,Like You've Nothing Left to Prove
approve,hardcover_817586,Good Girl
approve,hardcover_139437,Death In Holy Orders
approve,hardcover_1399860,Lessons In Faking
approve,hardcover_1455653,"Depraved: The Definitive True Story of H.H. Holmes, Whose Grotesque Crimes Shattered Turn-Of-The-Century Chicago"
approve,hardcover_1659100,Vertigo
approve,hardcover_172838,Dead Center
approve,hardcover_192470,The Twenty-Three
approve,hardcover_20926,What We Left Behind
approve,hardcover_210350,Bream Gives Me Hiccups
approve,hardcover_250509,How to Start a Fire
approve,hardcover_273814,The Golden Son
approve,hardcover_355457,You Are One of Them
approve,hardcover_429932,"My Year of Running Dangerously: A Dad, a Daughter, and a Ridiculous Plan"
approve,hardcover_440273,Knit Two
approve,hardcover_443945,All Around The Town
approve,hardcover_448860,Make Your Home Among Strangers
approve,hardcover_45681,The Bride Wore Size 12
approve,hardcover_465820,"Goodbye, Paris"
approve,hardcover_480109,Summer Skin
approve,hardcover_491667,The Genius And The Goddess
approve,hardcover_520472,Me Being Me Is Exactly as Insane as You Being You
approve,hardcover_616411,Some Faraway Place
approve,hardcover_735421,Thin Air
approve,hardcover_817666,Wrecked Palace
approve,hardcover_87960,"Breathe, Annie, Breathe"
approve,for_the_love_of_cake,For the Love of Cake
approve,in_the_garden_of_iden,In the Garden of Iden
approve,moodreads_9211,With the Fire on High
approve,openlibrary_OL17629517W,Goosebumps Most Wanted - The Haunter
approve,openlibrary_OL1729019W,Black Creek Crossing
approve,openlibrary_OL17793648W,The Silver Eyes (Five Nights At Freddy's #1)
approve,openlibrary_OL18183435W,The Winchester Reader
approve,openlibrary_OL19751214W,A Study in Emerald
approve,openlibrary_OL20760650W,A Certain Hunger
approve,openlibrary_OL81600W,The dark tower
approve,openlibrary_OL14929975W,The Complete Sherlock Holmes [1/2] (Adventures of Sherlock Holmes / Hound of the Baskervilles / Memoirs of Sherlock Holmes / Study in Scarlet / Sign of Four)
approve,openlibrary_OL15186122W,This Book Is Not Good For You
approve,openlibrary_OL17870016W,Revenge of the bully
approve,openlibrary_OL21764311W,Traveling Restaurant
approve,openlibrary_OL4323012W,The Case of the Missing Hat
approve,openlibrary_OL8383188W,The sugar queen
approve,openlibrary_OL9264548W,Thirteen reasons why
approve,openlibrary_OL11913274W,Madame Pamplemousse and her incredible edibles
approve,openlibrary_OL14960171W,Return of the emerald skull
approve,openlibrary_OL15369459W,Wicked appetite
approve,openlibrary_OL158672W,Comédia infantil
approve,openlibrary_OL16517322W,Doppelgangster
approve,openlibrary_OL17315795W,Strange Maine
approve,openlibrary_OL19327147W,Nightbird
approve,openlibrary_OL21662485W,Kittyzen's Arrest
approve,openlibrary_OL4315226W,Critical memory
approve,openlibrary_OL15385937W,A Prince Among Frogs
approve,openlibrary_OL16705381W,Angels at the table
approve,openlibrary_OL17701581W,Let them eat stake
approve,openlibrary_OL2163696W,"Hitchhiker's Trilogy (Hitch Hiker's Guide to the Galaxy / Restaurant at the End of the Universe / Life, the Universe, and Everything)"
approve,openlibrary_OL2163706W,"Works (Hitch Hiker's Guide to the Galaxy / Restaurant at the End of the Universe / Life, the Universe and Everything / So Long, and Thanks for All the Fish / Mostly Harmless / Young Zaphod Plays it Safe)"
approve,openlibrary_OL24195205W,The Chosen and the Beautiful
approve,openlibrary_OL2557250W,The Frog Princess
approve,openlibrary_OL3474638W,Fantasy Stories
approve,openlibrary_OL4080368W,"Full moon soup, or, The fall of the Hotel Splendide"
approve,openlibrary_OL922370W,Kabalmysteriet
approve,openlibrary_OL15013496W,Broadway lights
approve,openlibrary_OL15080731W,Savor the Moment
approve,openlibrary_OL15947234W,The dovekeepers
approve,openlibrary_OL17616758W,The Sellout
approve,openlibrary_OL17766973W,Wyoming Bold
approve,openlibrary_OL17875090W,The sweet spot
approve,openlibrary_OL19754702W,Alaskan holiday
approve,openlibrary_OL20903721W,The someday jar
approve,openlibrary_OL3183501W,Puppet Pandemonium
approve,openlibrary_OL447786W,Poison Plate (Vortex Books)
approve,openlibrary_OL56795W,Quentins
approve,openlibrary_OL16534600W,The New Space Opera #1
approve,openlibrary_OL18020346W,The Little Paris Bookshop
approve,openlibrary_OL1961410W,A Slice of Heaven
approve,openlibrary_OL20161409W,End Game
approve,openlibrary_OL2693077W,Me Talk Pretty One Day
approve,openlibrary_OL5703444W,MACNOLIA
approve,openlibrary_OL11690070W,The king's taster
approve,openlibrary_OL17767901W,Bluescreen
approve,openlibrary_OL19714796W,Scarborough
approve,openlibrary_OL2163655W,The Restaurant at the End of the Universe
approve,openlibrary_OL14911370W,Tough cookie
approve,openlibrary_OL15061275W,The Mystery of the Stolen Boxcar
approve,openlibrary_OL17871310W,Once upon a lie
approve,openlibrary_OL17881439W,The alias men
approve,openlibrary_OL19974516W,The Resistance Man
approve,openlibrary_OL19982686W,The scenic route
approve,openlibrary_OL20886335W,Marge in Charge
approve,openlibrary_OL3374755W,Norton Trilogy (Cat Who Went to Paris / Cat Abroad / Cat Who'll Live Forever)
approve,openlibrary_OL8138395W,The Pizza Mystery
approve,openlibrary_OL11629830W,A Radio romance
approve,openlibrary_OL14859892W,Uncle's bakery
approve,openlibrary_OL14976409W,Medium Raw
approve,openlibrary_OL15133W,The Mystery in the Fortune Cookie
approve,openlibrary_OL15173215W,Mr S and the Secrets of Andorra's Box
approve,openlibrary_OL15182948W,Tipping the Waitress with Diamonds
approve,openlibrary_OL16021969W,A pizza to die for
approve,openlibrary_OL17076306W,Sweet Surprise
approve,openlibrary_OL17395842W,Northern Escape
approve,openlibrary_OL17406603W,Cinnamon And Gunpowder
approve,openlibrary_OL17823779W,Southern as a second language
approve,openlibrary_OL1864461W,The bakery lady
approve,openlibrary_OL1864710W,Piggy's pancake parlor
approve,openlibrary_OL1969780W,Pastries
approve,openlibrary_OL19717951W,Virtually perfect
approve,openlibrary_OL19721833W,The agony of Bun O'Keefe
approve,openlibrary_OL19724625W,Stolen secrets
approve,openlibrary_OL20017180W,The Cupcake Queen
approve,openlibrary_OL20058639W,Dancing with death
approve,openlibrary_OL20161550W,Grace After Henry
approve,openlibrary_OL21195556W,Toy story Toons
approve,openlibrary_OL22309511W,You're the one
approve,openlibrary_OL2703735W,Out to lunch
approve,openlibrary_OL3522590W,The ambiguity of taste
approve,openlibrary_OL3561831W,Babar learns to cook
approve,openlibrary_OL5718869W,The art of undressing
approve,openlibrary_OL5728165W,"She, myself & I"
approve,openlibrary_OL5733953W,On the right side of a dream
approve,openlibrary_OL60014W,Hamburger Heaven
approve,openlibrary_OL61637W,"Boy, Can He Dance!"
approve,openlibrary_OL97945W,The inheritance of loss
approve,openlibrary_OL14078W,The body in the bonfire
approve,openlibrary_OL14911368W,Prime Cut  (Goldy Bear Culinary Mystery #8)
approve,openlibrary_OL15066964W,Gingerbread friends
approve,openlibrary_OL15081125W,Scarpetta's winter table
approve,openlibrary_OL15411651W,Plum pudding murder
approve,openlibrary_OL15862182W,Miranda's vines
approve,openlibrary_OL16299516W,Cinnamon roll murder
approve,openlibrary_OL16484583W,Bake sale
approve,openlibrary_OL17691245W,Cream puff murder
approve,openlibrary_OL17865998W,Kid soldier
approve,openlibrary_OL17866066W,Carlos digs to China
approve,openlibrary_OL17916418W,Blood rubies
approve,openlibrary_OL1896762W,Devil's food
approve,openlibrary_OL19714327W,Before I knew
approve,openlibrary_OL20001991W,The art of baking blind
approve,openlibrary_OL20924196W,A Wizard's Guide to Defensive Baking
approve,openlibrary_OL21048758W,Global Appetites
approve,openlibrary_OL24284217W,Make you mine
approve,openlibrary_OL2447053W,Pratt a Manger
approve,openlibrary_OL25332435W,Many Deadly Returns
approve,openlibrary_OL2715882W,The House on Mulberry Street
approve,openlibrary_OL4058100W,The trouble with Mary
approve,openlibrary_OL41342W,Ms. LaGrange is strange!
approve,openlibrary_OL41919W,Maggody in Manhattan
approve,openlibrary_OL443638W,Pastry school in Paris
approve,openlibrary_OL4457012W,Little Nino's Pizzeria
approve,openlibrary_OL463317W,Dead heat
approve,openlibrary_OL5043617W,Rumble meets Wally Warthog
approve,openlibrary_OL518325W,Lights! Camera! Cook!
approve,openlibrary_OL5261618W,Our Yanks
approve,openlibrary_OL5685162W,"Delicious (The Buchanans, Book 1)"
approve,openlibrary_OL5695977W,Lady in Red
approve,openlibrary_OL5711702W,Eat everything before you die
approve,openlibrary_OL5716721W,The sweet life of Stella Madison
approve,openlibrary_OL5723397W,Perfect sax
approve,openlibrary_OL7165649W,Wicked Games (A Jane Lawless Mystery)
approve,openlibrary_OL854414W,Don Juan
approve,openlibrary_OL13609029W,Luke on the loose
approve,openlibrary_OL16644009W,A Study in Scarlet [graphic novel]
approve,openlibrary_OL18147558W,Fat Cat Spreads Out
approve,openlibrary_OL19720309W,Betty's burgled bakery
approve,openlibrary_OL19733392W,The princess and the frog
approve,openlibrary_OL20799355W,Graveland
approve,openlibrary_OL20820248W,Invisible Men
approve,openlibrary_OL22319873W,The incredible adventures of cinnamon girl
approve,openlibrary_OL8839496W,The pizza mystery
approve,openlibrary_OL9815135W,Claire and the Bakery Thief (Claire)
approve,openlibrary_OL1253282W,The Old Man in the Corner
approve,openlibrary_OL14921321W,Capital Crimes
approve,openlibrary_OL15827634W,The Norton introduction to literature -- shorter fifth edition
approve,openlibrary_OL17924651W,The Writer's Resource - Second Edition
approve,openlibrary_OL2004292W,Mr. Campion and Others
approve,openlibrary_OL20161445W,Lot
approve,openlibrary_OL24844411W,The idea man
approve,openlibrary_OL27699165W,The Egg and Other Stories
approve,openlibrary_OL278323W,Delta of Venus
approve,openlibrary_OL3510930W,Eating out
approve,openlibrary_OL5685292W,Sweet talk
approve,openlibrary_OL816265W,"If You Liked School, You'll Love Work"
approve,openlibrary_OL8266370W,The Mammoth Book of Dickensian Whodunnits
approve,openlibrary_OL922324W,The Secret Chronicles of Sherlock Holmes
approve,openlibrary_OL15171162W,Delicious
approve,openlibrary_OL15190992W,Italian Stallions
approve,openlibrary_OL16148991W,House of Holes
approve,openlibrary_OL16533139W,"Her little secret, his hidden heir"
approve,openlibrary_OL16559429W,Texas baby
approve,openlibrary_OL17392964W,Ruling Sheikh Unruly Mistress
approve,openlibrary_OL17484789W,Enemies At The Altar
approve,openlibrary_OL17798511W,A Taste of the Forbidden
approve,openlibrary_OL18166180W,Sizzle
approve,openlibrary_OL25843212W,Billionaire Bad Boys Club
approve,openlibrary_OL4304254W,Adrenaline
approve,openlibrary_OL473125W,Rocket to Luna
approve,openlibrary_OL5687111W,Cooking Up a Storm
approve,openlibrary_OL5697660W,Jack & Jilted
approve,openlibrary_OL14914183W,Body Rush
approve,openlibrary_OL15111678W,Ralph Compton Shadow of the Gun
approve,openlibrary_OL17654120W,Beautiful you
approve,openlibrary_OL17704737W,Wulf's tracks
approve,openlibrary_OL17798582W,A wilderness Christmas
approve,openlibrary_OL17813156W,From dirt to diamonds
approve,openlibrary_OL19976855W,Dangerously bound
approve,openlibrary_OL21771140W,Tre Pound 2
approve,openlibrary_OL22131978W,Badman sheriff
approve,openlibrary_OL22132199W,Climax
approve,openlibrary_OL24190434W,Hell fire in Paradise
approve,openlibrary_OL24296163W,The Rose Canyon gang
approve,openlibrary_OL2729723W,Stories of the Old West
approve,openlibrary_OL3498590W,Purchased
approve,openlibrary_OL5685285W,Sweet spot
approve,hardcover_149896,The Long Walk
approve,hardcover_434914,Three Women
approve,hardcover_445785,Arsenic and Adobo
approve,hardcover_465319,You Deserve Each Other
approve,hardcover_502031,Every Summer After
approve,hardcover_652414,The Quiet Tenant
approve,hardcover_95237,Elevation
approve,openlibrary_OL17870994W,Travelin' money
approve,openlibrary_OL1920266W,Filaree
approve,openlibrary_OL23199203W,A feather for a fan
approve,openlibrary_OL51044W,The first fast draw
approve,hardcover_1083069,The Pairing
approve,hardcover_1530328,The Strawberry Patch Pancake House
approve,hardcover_1603973,Audition
approve,hardcover_324746,Seconds
approve,hardcover_354321,Tokyo Express
approve,hardcover_438217,A Study in Emerald
approve,hardcover_440492,The Marriage Game
approve,hardcover_440688,Love Her or Lose Her
approve,hardcover_525991,So Not Meant to Be
approve,hardcover_575376,Juniper Hill
approve,hardcover_630398,Neither Here nor There: Travels in Europe
approve,hardcover_73227,Longbourn
approve,hardcover_965798,Expiration Dates
approve,hardcover_1540737,The Curious Kitten at the Chibineko Kitchen
approve,hardcover_179854,Smith of Wootton Major
approve,hardcover_199700,The Deep End of the Ocean
approve,hardcover_271437,The Minotaur Takes a Cigarette Break: A Novel
approve,hardcover_274344,Dragon Tears
approve,hardcover_353421,Lush Life
approve,hardcover_383370,The Improbable Adventures of Sherlock Holmes
approve,hardcover_434903,Arcadia
approve,hardcover_441653,The Peregrine
approve,hardcover_450001,When We Collided
approve,hardcover_466107,The City Baker's Guide to Country Living
approve,hardcover_4727,Keeping the Moon
approve,hardcover_510930,The Better Liar
approve,hardcover_549047,Almost There
approve,hardcover_1001252,The Pucking Wrong Guy
approve,hardcover_1124681,The Baker and the Bard: A Cozy Fantasy Adventure
approve,hardcover_131153,Sprinkle with Murder
approve,hardcover_275253,Aunty Lee's Delights
approve,hardcover_277232,Cherry Cheesecake Murder
approve,hardcover_280968,Preparation for the Next Life
approve,hardcover_313724,Goddess of Spring
approve,hardcover_348781,Blueberry Muffin Murder
approve,hardcover_447638,The Man in the Queue
approve,hardcover_465733,Number One Chinese Restaurant
approve,hardcover_495009,Sherlock: A Study In Pink
approve,hardcover_652262,"Hello, Sunshine"
approve,hardcover_8881,The Sweetness of Forgetting
approve,hardcover_914155,The Sentry
approve,hardcover_1084065,For Never & Always
approve,hardcover_1283937,Everything We Never Had
approve,hardcover_144331,Bliss
approve,hardcover_148799,Something Real
approve,hardcover_331724,The Baker's Daughter
approve,hardcover_5118,The Marriage Mistake
approve,hardcover_528652,The Interrogative Mood
approve,hardcover_563403,Raspberry Danish Murder
approve,hardcover_64445,Gingerbread Cookie Murder
approve,hardcover_65719,Gourmet Rhapsody
approve,hardcover_722604,Infinite Ground
approve,hardcover_785203,Egg Drop Dead
approve,hardcover_98799,French Pressed
approve,deadhouse_gates,Deadhouse Gates
approve,moodreads_12257,Rapture
approve,oathbringer,Oathbringer
approve,openlibrary_OL17886110W,Black metal
approve,prince_of_fools,Prince of Fools
approve,promise_of_blood,Promise of Blood
approve,son_of_the_morning,Son of the Morning
approve,the_drawing_of_the_three,The Drawing of the Three
approve,the_eyes_of_the_dragon,The Eyes of the Dragon
approve,the_grace_of_kings,The Grace of Kings
approve,the_scar,The Scar
approve,wizard_and_glass,Wizard and Glass
approve,openlibrary_OL14850223W,Dogsong
approve,openlibrary_OL17317385W,Wildwood Imperium (Wildwood Chronicles #3)
approve,openlibrary_OL17735259W,Cry to Heaven
approve,openlibrary_OL19339995W,Dreams of Gods & Monsters
approve,openlibrary_OL5769568W,Hi no tori
approve,openlibrary_OL15334093W,Novels 1942-1952 (Cannery Row / East of Eden / Moon is Down / Pearl)
approve,openlibrary_OL20036178W,Night school
approve,openlibrary_OL5735348W,Gregor the Overlander
approve,openlibrary_OL6078576W,After Daybreak
approve,openlibrary_OL77189W,The World from Rough Stones
approve,openlibrary_OL17778666W,The Ministry of Utmost Happiness
approve,openlibrary_OL19988984W,Burned
approve,openlibrary_OL265465W,Longitude
approve,openlibrary_OL5706357W,The Van Alen Legacy
approve,openlibrary_OL111457W,Morrigan's Cross
approve,openlibrary_OL14911212W,Dust to dust
approve,openlibrary_OL14928390W,The sheen on the silk
approve,openlibrary_OL16484573W,Habibi
approve,openlibrary_OL17879310W,Horizon
approve,openlibrary_OL19912860W,The Traitor God
approve,openlibrary_OL20836998W,The Beast Player
approve,openlibrary_OL24201547W,Signs of Cupidity
approve,openlibrary_OL516753W,Streams of Silver
approve,openlibrary_OL8053277W,The Night Watch
approve,openlibrary_OL17770858W,The Nix
approve,openlibrary_OL19984644W,A.D. 30
approve,openlibrary_OL3453483W,The Captive Queen of Scots
approve,openlibrary_OL38121W,The wild girl
approve,openlibrary_OL14860335W,Emma's secret
approve,openlibrary_OL17467751W,Girl On The Orlop Deck
approve,openlibrary_OL20035195W,Monsoon summer
approve,openlibrary_OL15179411W,Pretender
approve,openlibrary_OL15182156W,Destroyer
approve,openlibrary_OL17723404W,The Iron Empire
approve,openlibrary_OL19981746W,Crown of renewal
approve,openlibrary_OL21212127W,Star Wars - Thrawn Ascendancy - Chaos Rising
approve,openlibrary_OL31035W,When Worlds Collide
approve,openlibrary_OL478980W,The queen of the big time
approve,openlibrary_OL79596W,Probe
approve,openlibrary_OL83577W,Star Wars - The Thrawn Trilogy - The Last Command
approve,openlibrary_OL1054101W,Sea of Poppies
approve,openlibrary_OL11876548W,RuneWarriors (RuneWarriors #1)
approve,openlibrary_OL15177257W,Black Mamba Boy
approve,openlibrary_OL18181917W,The closer: young readers edition
approve,openlibrary_OL1975258W,Public Enemies
approve,openlibrary_OL55937W,Skeleton Man CD
approve,openlibrary_OL9175407W,The girl from Junchow
approve,openlibrary_OL15074099W,General Winston's daughter
approve,openlibrary_OL15191386W,Mr Stink
approve,openlibrary_OL19665730W,The terrible two
approve,openlibrary_OL19965696W,Chillax
approve,openlibrary_OL20645179W,Shuggie Bain
approve,openlibrary_OL20705896W,The lightness of hands
approve,openlibrary_OL6585796W,Jurgen
approve,openlibrary_OL15169243W,The House of Lanyon
approve,openlibrary_OL15744896W,Woman of a thousand secrets
approve,openlibrary_OL15842316W,Darcy & Elizabeth
approve,openlibrary_OL15860032W,The bronze horseman
approve,openlibrary_OL16051494W,Wagons West
approve,openlibrary_OL17346806W,Pillars of Light
approve,openlibrary_OL17495812W,The Splintered Kingdom
approve,openlibrary_OL18166293W,Down the Yukon
approve,openlibrary_OL1882619W,Antony and Cleopatra
approve,openlibrary_OL19996208W,The architect's apprentice
approve,openlibrary_OL20056710W,In the shadow of Alabama
approve,openlibrary_OL23222W,Agincourt
approve,openlibrary_OL23316W,Vagabond (The Grail Quest #2)
approve,openlibrary_OL2647293W,The Forest
approve,openlibrary_OL272316W,Sons of Heaven
approve,openlibrary_OL2746370W,The Shelters of Stone
approve,openlibrary_OL2746372W,The Mammoth Hunters
approve,openlibrary_OL2833760W,The rose of Sebastopol
approve,openlibrary_OL3220859W,The scent of sake
approve,openlibrary_OL3357429W,The Lightning Keeper
approve,openlibrary_OL3749659W,Through a glass darkly
approve,openlibrary_OL497481W,Last of the Amazons
approve,openlibrary_OL547106W,The centurion's wife
approve,openlibrary_OL5727923W,Pride of Carthage
approve,openlibrary_OL74386W,The commissariat of enlightenment
approve,openlibrary_OL8631902W,Hannibal
approve,openlibrary_OL17108413W,Art of He Man and the Masters of the Universe
approve,openlibrary_OL17826879W,"Sing, Unburied, Sing"
approve,openlibrary_OL1904175W,Dark voyage
approve,openlibrary_OL19761902W,Heads You Win
approve,openlibrary_OL19983804W,The kills
approve,openlibrary_OL24640304W,Booger beard!
approve,openlibrary_OL5813790W,The Strangler
approve,openlibrary_OL8215653W,ONE PIECE 12
approve,openlibrary_OL9938426W,Jordan Mechner's Prince of Persia
approve,openlibrary_OL110969W,El Aleph
approve,openlibrary_OL17848092W,Philan's Way
approve,openlibrary_OL18162279W,The great alone
approve,openlibrary_OL19712094W,Thick as thieves
approve,openlibrary_OL19870321W,May there be a road
approve,openlibrary_OL24859800W,Warcraft
approve,openlibrary_OL260398W,The Navigator
approve,openlibrary_OL16637278W,The Chronicles of Avantia
approve,openlibrary_OL19357449W,TARZAN
approve,openlibrary_OL11339659W,Outlaw Kingdom
approve,openlibrary_OL17887054W,Coyote Falls
approve,openlibrary_OL51065W,How the West Was Won
approve,hardcover_130810,House of Chains
approve,hardcover_20065,The Darkness That Comes Before
approve,hardcover_203803,Train Dreams
approve,hardcover_31879,Horus Rising
approve,hardcover_428780,The Bone Shard Daughter
approve,hardcover_474056,The Blacktongue Thief
approve,hardcover_513055,Thistlefoot
approve,hardcover_630615,The Frugal Wizard's Handbook for Surviving Medieval England
approve,hardcover_746655,The Unmaking of June Farrow
approve,hardcover_8533,Green Mars
approve,openlibrary_OL16134651W,The Berrybender narratives
approve,openlibrary_OL16362843W,Hard twisted
approve,openlibrary_OL92590W,Bloody Season
approve,hardcover_1377481,The Midnight Lie
approve,hardcover_1443,Jitterbug Perfume
approve,hardcover_1480269,Immortal
approve,hardcover_1639535,Isola
approve,hardcover_178665,The Gates of Rome
approve,hardcover_183907,Past Tense
approve,hardcover_1974594,Children of Strife
approve,hardcover_386184,The Burning Land
approve,hardcover_434366,The Hedge Knight
approve,hardcover_436500,Matterhorn: A Novel of the Vietnam War
approve,hardcover_437220,The Proposal
approve,hardcover_440878,The Tyrant Baru Cormorant
approve,hardcover_441855,The sot-weed factor
approve,hardcover_445851,Age of Swords
approve,hardcover_445880,Age of War
approve,hardcover_461271,Wrath of Empire
approve,hardcover_461376,Fall of Light
approve,hardcover_474627,Lord of the Silver Bow
approve,hardcover_54695,Tower Lord
approve,hardcover_602728,Age of Vice
approve,hardcover_65446,Magic Burns
approve,hardcover_101228,Conqueror
approve,hardcover_101571,Fire Logic
approve,hardcover_132455,Darkspell
approve,hardcover_23464,A Night to Surrender
approve,hardcover_270217,Sacred Games
approve,hardcover_332965,Magic's Promise
approve,hardcover_446074,The Runes of the Earth
approve,hardcover_446277,Earth Strike
approve,hardcover_447756,Daughters of Nri
approve,hardcover_448011,"Hello, Universe"
approve,hardcover_466437,Arthas: Rise of the Lich King
approve,hardcover_728059,Fly with Me
approve,hardcover_1133813,A Darkness Returns
approve,hardcover_157607,Shattered Sky
approve,hardcover_244021,When Darkness Comes
approve,hardcover_330422,Darkmans
approve,hardcover_448566,A Traveler at the Gates of Wisdom
approve,hardcover_458783,The Incrementalists
approve,hardcover_468215,Relic
approve,hardcover_481426,Killer of Men
approve,hardcover_488252,Alone on the Ice: The Greatest Survival Story in the History of Exploration
approve,hardcover_64698,Island of Graves
approve,hardcover_688140,The Autobiography of Kathryn Janeway
approve,hardcover_17964,The Golden City
approve,hardcover_227328,Undertow
approve,hardcover_248417,Beneath the Lion's Gaze
approve,hardcover_253593,A Land Remembered
approve,hardcover_36430,Dawn on a Distant Shore
approve,hardcover_41811,The Taste of Night
approve,hardcover_454156,Strange Adventures
approve,hardcover_542640,Fire in the East
approve,hardcover_95196,The Elder Gods
approve,catalyst,Catalyst
approve,charming_the_vicar,Charming The Vicar
approve,cinderella_is_dead,Cinderella is Dead
approve,cross_her_heart,Cross Her Heart
approve,full_english,Full English
approve,ignite_me,Ignite Me
approve,moodreads_12266,Black Knight
approve,moodreads_3267,All the Ugly and Wonderful Things
approve,moon_crossing,Moon Crossing
approve,openlibrary_OL15056065W,The boy who couldn't die
approve,openlibrary_OL15093856W,The Best Friend
approve,openlibrary_OL15184420W,Tenth Grade Bleeds
approve,openlibrary_OL16485W,Deadlines (Larkin Family Chronicles)
approve,openlibrary_OL16495504W,The bridge of death
approve,openlibrary_OL16810007W,The Sacrifice
approve,openlibrary_OL17203464W,The Fear (The Enemy #3)
approve,openlibrary_OL17638700W,Buffy the Vampire Slayer (Buffy the Vampire Slayer
approve,openlibrary_OL17830065W,Mercy
approve,openlibrary_OL1810248W,The house next door
approve,openlibrary_OL19977258W,Ask me
approve,openlibrary_OL20049004W,The devil crept in
approve,openlibrary_OL20634396W,How I Met My Monster
approve,openlibrary_OL20937249W,Ghost detectors
approve,openlibrary_OL24184690W,Shades of grey
approve,openlibrary_OL24568010W,Eat Your Heart Out
approve,openlibrary_OL28167495W,Jennifer's body
approve,openlibrary_OL3338208W,The Lamp from the Warlock's Tomb
approve,openlibrary_OL476392W,Try
approve,openlibrary_OL5702134W,Scribble
approve,openlibrary_OL5737436W,Get That Ghost to Go!
approve,openlibrary_OL5741898W,After hours
approve,oryx_and_crake,Oryx and Crake
approve,red_white_royal_blue,"Red, White & Royal Blue"
approve,saving_6,Saving 6
approve,seven_husbands_evelyn_hugo,The Seven Husbands of Evelyn Hugo
approve,startide_rising,Startide Rising
approve,taming_7,Taming 7
approve,the_american_roommate_experiment,The American Roommate Experiment
approve,the_loudest_silence,The Loudest Silence
approve,those_who_wait,Those Who Wait
approve,wild_love,Wild Love
approve,wrong_number_right_woman,"Wrong Number, Right Woman"
approve,openlibrary_OL134891W,If There Be Thorns
approve,openlibrary_OL15082743W,Ghost dog secrets
approve,openlibrary_OL15094517W,Fear Street Nights - Midnight Games
approve,openlibrary_OL15111473W,Anna and the French Kiss
approve,openlibrary_OL15688841W,House of Dark Illusions
approve,openlibrary_OL16621819W,Tschick
approve,openlibrary_OL16688323W,Little Magic Shop of Horrors
approve,openlibrary_OL16915198W,Going Rogue
approve,openlibrary_OL17708417W,Paper Valentine
approve,openlibrary_OL17851074W,The Harder the Fall (Girl Meets Ghost #2)
approve,openlibrary_OL17876380W,Dear Martin
approve,openlibrary_OL17902719W,All those broken angels
approve,openlibrary_OL18143589W,Your Worst Nightmare You're Invited to a Creepover #17
approve,openlibrary_OL19332475W,The Accident Season
approve,openlibrary_OL19671165W,Magonia
approve,openlibrary_OL19963116W,Sanctum
approve,openlibrary_OL19971826W,Forevermore
approve,openlibrary_OL19983627W,Blood of my blood
approve,openlibrary_OL19999006W,Mystery in Mayan Mexico
approve,openlibrary_OL20234863W,Girl in Pieces
approve,openlibrary_OL20338816W,The Vines
approve,openlibrary_OL263277W,The Voice of the Night
approve,openlibrary_OL263301W,Intensity
approve,openlibrary_OL27711157W,The spelling bee specter!
approve,openlibrary_OL2986015W,The ghost sitter
approve,openlibrary_OL526371W,The mask in school spirits
approve,openlibrary_OL547288W,Ghost trap
approve,openlibrary_OL56495W,Corrie's Secret Pal
approve,openlibrary_OL5712516W,All I Want Is Everything
approve,openlibrary_OL5730140W,Market Forces
approve,openlibrary_OL5730760W,Twenties Girl
approve,openlibrary_OL6037462W,The Book of Living and Dying
approve,openlibrary_OL72332W,A Shocker on Shock Street
approve,openlibrary_OL7987502W,Friends Forever
approve,openlibrary_OL8913444W,Strange and Stranger
approve,openlibrary_OL9465439W,The Supper Club
approve,openlibrary_OL9568059W,Annie's War
approve,openlibrary_OL109573W,Son of the mob
approve,openlibrary_OL111382W,The Yearling
approve,openlibrary_OL1168015W,Burmese Days
approve,openlibrary_OL11993816W,Best friends forever
approve,openlibrary_OL11999891W,The Help
approve,openlibrary_OL14870342W,Bones to Ashes
approve,openlibrary_OL14873412W,First Sight
approve,openlibrary_OL14906952W,The True Meaning of Smekday
approve,openlibrary_OL14954264W,Girl's best friend
approve,openlibrary_OL15024568W,Along for the ride
approve,openlibrary_OL15033118W,The complete history of why I hate her
approve,openlibrary_OL15057739W,Tales from a not-so-popular party girl
approve,openlibrary_OL15608241W,Cathy's book
approve,openlibrary_OL15835026W,"Bread and roses, too"
approve,openlibrary_OL16461749W,"Bink & Gollie, two for one"
approve,openlibrary_OL16805496W,Mistero sull'Orient Express
approve,openlibrary_OL16816940W,"Where'd You Go, Bernadette"
approve,openlibrary_OL16928539W,Grasshopper Jungle
approve,openlibrary_OL17074363W,Rose Under Fire
approve,openlibrary_OL17090898W,Sulle tracce del tulipano nero
approve,openlibrary_OL17356883W,Red Queen
approve,openlibrary_OL17674973W,The Ring & the Crown
approve,openlibrary_OL17807504W,Swing Time
approve,openlibrary_OL17809581W,All The Answers
approve,openlibrary_OL17828206W,Pointe
approve,openlibrary_OL17829738W,Sorry you're lost
approve,openlibrary_OL17844503W,Bella Tabbypaw in trouble
approve,openlibrary_OL17867097W,The Gentleman's Guide to Vice and Virtue
approve,openlibrary_OL1846074W,Number the Stars
approve,openlibrary_OL19279867W,Because You'll Never Meet Me
approve,openlibrary_OL19663624W,The gauntlet
approve,openlibrary_OL19988972W,The Rosie effect
approve,openlibrary_OL19994728W,Katie Friedman gives up texting! (and lives to tell about it.)
approve,openlibrary_OL19997995W,"Liars, Inc"
approve,openlibrary_OL20007439W,Nightborn
approve,openlibrary_OL20052676W,The dry
approve,openlibrary_OL20260984W,Bully
approve,openlibrary_OL2171632W,Urchin of the riding stars
approve,openlibrary_OL21887597W,Three Keys
approve,openlibrary_OL24209596W,State of Terror
approve,openlibrary_OL27425683W,Heartbeat
approve,openlibrary_OL2775698W,Tuck Everlasting
approve,openlibrary_OL2972092W,Candy Papers
approve,openlibrary_OL30838W,The hours
approve,openlibrary_OL443630W,Stink and the incredible super-galactic jawbreaker
approve,openlibrary_OL464911W,Amber Brown Is Not a Crayon
approve,openlibrary_OL479008W,The Last Report on the Miracles at Little No Horse
approve,openlibrary_OL50567W,Sula
approve,openlibrary_OL5730339W,City of thieves
approve,openlibrary_OL5995336W,Skim
approve,openlibrary_OL6032264W,The Kayla chronicles
approve,openlibrary_OL7546801W,A Day with Wilbur Robinson
approve,openlibrary_OL8045883W,A Stone for Danny Fisher
approve,openlibrary_OL813843W,"Oh, wie schön ist Panama"
approve,openlibrary_OL8202750W,The Enchanted April
approve,openlibrary_OL8488892W,Vampire Academy
approve,openlibrary_OL9334459W,Almost Perfect
approve,openlibrary_OL13785396W,Never slow dance with a zombie
approve,openlibrary_OL15044136W,Alyzon Whitestarr
approve,openlibrary_OL15601955W,Fallen Angel (Fallen Angel #1)
approve,openlibrary_OL15709258W,"Ada, Legend of a  Healer"
approve,openlibrary_OL15910190W,"Defiance (Strange Angels, #4)"
approve,openlibrary_OL15972045W,The wicked heart
approve,openlibrary_OL16002110W,13 gifts
approve,openlibrary_OL16099082W,The Legend of Sasquatch
approve,openlibrary_OL16134440W,Team Human
approve,openlibrary_OL16134728W,Devil's wake
approve,openlibrary_OL16450714W,Fracture
approve,openlibrary_OL16607082W,The city's son
approve,openlibrary_OL16793865W,En man som heter Ove
approve,openlibrary_OL17357601W,El amante japonés
approve,openlibrary_OL17445824W,Gunmetal Magic
approve,openlibrary_OL17932900W,The after girls
approve,openlibrary_OL19131813W,Undead and Unworthy
approve,openlibrary_OL1965503W,Between Women
approve,openlibrary_OL19987708W,"Earthquake (Earthbound Series, Book 2)"
approve,openlibrary_OL19997991W,The walls around us
approve,openlibrary_OL20142351W,Wayward Son
approve,openlibrary_OL20680034W,Night Embrace
approve,openlibrary_OL23332610W,Defector
approve,openlibrary_OL24648323W,Hex on the Beach
approve,openlibrary_OL26185219W,Sombre secret
approve,openlibrary_OL28943451W,Lost Highlander Reckoning
approve,openlibrary_OL2896076W,Barking
approve,openlibrary_OL37683324W,So Thirsty
approve,openlibrary_OL481143W,White Teeth
approve,openlibrary_OL5683690W,All I want for Christmas is a vampire
approve,openlibrary_OL5684139W,Dark Of The Moon
approve,openlibrary_OL5696707W,"Mine to Possess (Psy-Changelings, Book 4)"
approve,openlibrary_OL5698091W,"Lord of the Night (Night Slayer, Book 4)"
approve,openlibrary_OL5754445W,"Undead and Unpopular (Queen Betsy, Book 5)"
approve,openlibrary_OL5816038W,My New Best Friend
approve,openlibrary_OL98501W,Ethan Frome
approve,openlibrary_OL13652223W,Sucks to be me
approve,openlibrary_OL14909460W,Vampire Kisses 7
approve,openlibrary_OL14925057W,Pretty Dead
approve,openlibrary_OL14958727W,Corduroy mansions
approve,openlibrary_OL15455911W,Night Star
approve,openlibrary_OL16102508W,Gerald and the Wee People
approve,openlibrary_OL16412793W,Swear
approve,openlibrary_OL16607691W,Spooky friends
approve,openlibrary_OL16671697W,Dance of shadows
approve,openlibrary_OL16796930W,Lost in the Light
approve,openlibrary_OL16802510W,"Nameless (A Tale of Beauty and Madness, #1)"
approve,openlibrary_OL17079377W,Necromancer's Apprentice
approve,openlibrary_OL17115245W,10:04
approve,openlibrary_OL17613127W,The Wrath & the Dawn
approve,openlibrary_OL17712030W,True Love
approve,openlibrary_OL17786499W,"The Girl in the Clockwork Collar (The Steampunk Chronicles Series, Book 2)"
approve,openlibrary_OL17869800W,Wonder at the edge of the world
approve,openlibrary_OL17879258W,The trap
approve,openlibrary_OL17898076W,Becoming darkness
approve,openlibrary_OL17898323W,The accidental dragon
approve,openlibrary_OL17930545W,The Improbable Wonders of Moojie Littleman
approve,openlibrary_OL18570531W,Philippa Fisher's fairy godsister
approve,openlibrary_OL19346537W,The Ghostfaces
approve,openlibrary_OL19649395W,An Absolutely Remarkable Thing
approve,openlibrary_OL19667008W,Return
approve,openlibrary_OL19713924W,Elizabeth and Zenobia
approve,openlibrary_OL19717763W,I am Alfonso Jones
approve,openlibrary_OL19971819W,Everything breaks
approve,openlibrary_OL20034399W,The art of rivalry
approve,openlibrary_OL20059886W,The song from somewhere else
approve,openlibrary_OL20238821W,Blind Side of the Moon
approve,openlibrary_OL20339383W,Written in My Own Hearts Blood
approve,openlibrary_OL21264519W,Doon
approve,openlibrary_OL23194846W,The broken spell
approve,openlibrary_OL27389473W,A Destiny of Dragons
approve,openlibrary_OL451839W,Charlie Bone and the shadow
approve,openlibrary_OL4772189W,A Stranger at Green Knowe (Green Knowe Chronicles)
approve,openlibrary_OL50622W,Return of the Indian
approve,openlibrary_OL5736829W,Little Vampire
approve,openlibrary_OL5819218W,Morgain's revenge
approve,openlibrary_OL111417W,Black Hills
approve,openlibrary_OL11937621W,"Two parties, one tux, and a very short film about the Grapes of wrath"
approve,openlibrary_OL121765W,Hurricane Bay
approve,openlibrary_OL12297791W,In Between
approve,openlibrary_OL134628W,Winter solstice
approve,openlibrary_OL14177W,The other side of the story
approve,openlibrary_OL14854121W,The gum thief
approve,openlibrary_OL14854929W,Jordan's Star
approve,openlibrary_OL1487977W,Wormwood
approve,openlibrary_OL14925079W,Holly's story
approve,openlibrary_OL14927221W,Peony in Love
approve,openlibrary_OL15053585W,Mallory in the spotlight
approve,openlibrary_OL15122640W,Sam I am
approve,openlibrary_OL15176250W,"Shopaholic & Sister (Shopaholic Series, Book 4)"
approve,openlibrary_OL15221636W,South of resurrection
approve,openlibrary_OL15414496W,Backstage stuff
approve,openlibrary_OL15842901W,Friday night chicas
approve,openlibrary_OL16239868W,The age of desire
approve,openlibrary_OL16262998W,Something like normal
approve,openlibrary_OL16521742W,Barefoot season
approve,openlibrary_OL16700215W,A fool's gold Christmas
approve,openlibrary_OL16796723W,Finding Pride
approve,openlibrary_OL17883644W,How we fall
approve,openlibrary_OL17902760W,Promposal
approve,openlibrary_OL17902867W,The weight of silence
approve,openlibrary_OL17917433W,The unexpected waltz
approve,openlibrary_OL1815407W,Evie & Margie
approve,openlibrary_OL1865748W,The red nun
approve,openlibrary_OL1875009W,Gilead
approve,openlibrary_OL1902421W,Winter Roses
approve,openlibrary_OL1904168W,The World at Night
approve,openlibrary_OL1911337W,"204 Rosewood Lane (Cedar Cove, Book 2)"
approve,openlibrary_OL1913874W,The year of the dog
approve,openlibrary_OL1961453W,Seaview Inn
approve,openlibrary_OL19694W,Irresistible Forces
approve,openlibrary_OL19714W,Second chance
approve,openlibrary_OL19720522W,All I Want for Halloween
approve,openlibrary_OL19748949W,In his father's footsteps
approve,openlibrary_OL19753291W,Beautiful exiles
approve,openlibrary_OL19761912W,The Noel Stranger (The Noel Collection #2)
approve,openlibrary_OL19979119W,The marriage pact
approve,openlibrary_OL19988305W,The Old Deep and Dark
approve,openlibrary_OL20001679W,The ultimate betrayal
approve,openlibrary_OL20030832W,Sweet tomorrows
approve,openlibrary_OL20198127W,The Giver of Stars
approve,openlibrary_OL20908046W,The Rebel Pirate Renegades of the Revolution
approve,openlibrary_OL21283718W,High Drama
approve,openlibrary_OL24340862W,Written In My Own Heart's Blood
approve,openlibrary_OL26426831W,Snowed
approve,openlibrary_OL2645474W,"Quicksand ; and, Passing"
approve,openlibrary_OL2946629W,Secrets of a shoe addict
approve,openlibrary_OL3263743W,Waiting to Exhale
approve,openlibrary_OL34293W,All Night Long
approve,openlibrary_OL3529393W,John Donne and the ancient Catholic nobility
approve,openlibrary_OL37873W,Bad Girls
approve,openlibrary_OL4126109W,Noughts & Crosses
approve,openlibrary_OL448721W,Lucy finds her way
approve,openlibrary_OL449646W,Spin The Bottle
approve,openlibrary_OL476866W,Keeping You a Secret
approve,openlibrary_OL488447W,Summer Island
approve,openlibrary_OL4906705W,Captain Rebel
approve,openlibrary_OL555335W,Cutting loose
approve,openlibrary_OL5719394W,To catch a prince
approve,openlibrary_OL5724635W,Something borrowed
approve,openlibrary_OL5728174W,Soapsuds
approve,openlibrary_OL5735251W,Ghost World
approve,openlibrary_OL6030883W,Ask Me Anything
approve,openlibrary_OL8088746W,Pelham
approve,openlibrary_OL9302677W,The Story of Edgar Sawtelle
approve,openlibrary_OL94312W,Summer (Sunrise)
approve,openlibrary_OL96961W,The Missing
approve,openlibrary_OL134447W,Dark Paradise
approve,openlibrary_OL134613W,Coming Home
approve,openlibrary_OL13804998W,Major Pettigrew's last stand
approve,openlibrary_OL15068361W,Porky and Bess
approve,openlibrary_OL151817W,Mouse of my heart
approve,openlibrary_OL15187516W,Start Me Up Victoria Dahl
approve,openlibrary_OL15193249W,A Summer in Sonoma
approve,openlibrary_OL154596W,Eros
approve,openlibrary_OL16442546W,The Duke is Mine
approve,openlibrary_OL16506045W,Linked
approve,openlibrary_OL16817473W,The Arrangement
approve,openlibrary_OL1692350W,Vixens
approve,openlibrary_OL17441282W,Shadow Of Freedom
approve,openlibrary_OL17830862W,"Shopaholic to the Rescue (Shopaholic Series, Book 8)"
approve,openlibrary_OL17846263W,Rebel Crossings
approve,openlibrary_OL17873354W,The vow
approve,openlibrary_OL17903731W,Fool me twice
approve,openlibrary_OL18150988W,The apartment
approve,openlibrary_OL1850340W,The smoke jumper
approve,openlibrary_OL19090266W,Dark in Death
approve,openlibrary_OL1911535W,Yours and Mine
approve,openlibrary_OL19561W,Au nom du coeur
approve,openlibrary_OL19567W,The kiss
approve,openlibrary_OL19585W,Esperanza
approve,openlibrary_OL19600W,Leap of Faith
approve,openlibrary_OL19730234W,The Queen of Hearts
approve,openlibrary_OL19914112W,The Weight of the Stars
approve,openlibrary_OL19981740W,Mrs. Hemingway
approve,openlibrary_OL19985681W,Rhyme schemer
approve,openlibrary_OL20010059W,Silver linings
approve,openlibrary_OL20042193W,Girls like me
approve,openlibrary_OL20229245W,Manties in a Twist
approve,openlibrary_OL20457297W,A Song for You
approve,openlibrary_OL2046427W,Bel Canto
approve,openlibrary_OL20497910W,Fast Track
approve,openlibrary_OL24390422W,Twisted Love
approve,openlibrary_OL25345147W,Young Mungo
approve,openlibrary_OL25612892W,Arden Grey
approve,openlibrary_OL3260505W,Last orders
approve,openlibrary_OL3295413W,John Keats and the culture of dissent
approve,openlibrary_OL3346402W,The Great Gatsby and Fitzgerald's World of Ideas
approve,openlibrary_OL3366050W,Pedro and Me
approve,openlibrary_OL33894W,The magic of ordinary days
approve,openlibrary_OL35130553W,U menya est seraya koshka
approve,openlibrary_OL35608W,Girls Out Late (Girls #3)
approve,openlibrary_OL4279479W,Second chance pass
approve,openlibrary_OL4331797W,Mine Till Midnight (Platinum Romance Series)
approve,openlibrary_OL477552W,The Soloist
approve,openlibrary_OL488450W,"Comfort and Joy (Hannah, Kristin)"
approve,openlibrary_OL56500W,"Yours Till Niagara Falls, Abby"
approve,openlibrary_OL5718820W,The bond
approve,openlibrary_OL5730763W,"Shopaholic Ties the Knot (Shopaholic Series, Book 3)"
approve,openlibrary_OL5737780W,Am I Right or Am I Right?
approve,openlibrary_OL5738540W,Barefoot
approve,openlibrary_OL5959694W,The Peacock Emporium
approve,openlibrary_OL67227W,The country of the pointed firs and other stories
approve,openlibrary_OL8162466W,Who Said ''Sweet Sixteen''?
approve,openlibrary_OL9362567W,Wheels
approve,openlibrary_OL9482587W,Seth Baumgartner's love manifesto
approve,openlibrary_OL9723154W,Black Gemini
approve,openlibrary_OL14855767W,Rain is not my Indian name
approve,openlibrary_OL14912616W,The Skies of Pern
approve,openlibrary_OL15048435W,The genius wars (Genius #3)
approve,openlibrary_OL15105538W,Fancy Nancy sees stars
approve,openlibrary_OL15473070W,Angel
approve,openlibrary_OL15550642W,The Lying Game
approve,openlibrary_OL16134400W,Jacob Wonderbar for President of the Universe
approve,openlibrary_OL16263965W,Keep me in your heart
approve,openlibrary_OL16704590W,The shimmers in the night
approve,openlibrary_OL1675326W,Aka
approve,openlibrary_OL17557211W,Maggot Moon
approve,openlibrary_OL17722181W,China Dolls
approve,openlibrary_OL17761066W,Zeroes
approve,openlibrary_OL1918164W,The usual rules
approve,openlibrary_OL1925726W,The Madman's Tale
approve,openlibrary_OL19669992W,The Mothers
approve,openlibrary_OL19721397W,Spliced
approve,openlibrary_OL19751537W,That's Not What Happened
approve,openlibrary_OL19763048W,Otherearth
approve,openlibrary_OL19970056W,Star Trek - The Fall - The Crimson Shadow
approve,openlibrary_OL19981615W,The last illusion
approve,openlibrary_OL20007413W,Frank Einstein and the BrainTurbo
approve,openlibrary_OL20029640W,Addicted
approve,openlibrary_OL20048705W,Lilac attack!
approve,openlibrary_OL20454121W,The Lost Causes of Bleak Creek
approve,openlibrary_OL20642898W,Upright Women Wanted
approve,openlibrary_OL20812373W,Within Ash and Stardust
approve,openlibrary_OL21092800W,Edge of Dark
approve,openlibrary_OL21307151W,Space Raptor Butt Trilogy
approve,openlibrary_OL2954219W,Mud City
approve,openlibrary_OL45408848W,Daredevil
approve,openlibrary_OL56812W,Dark Reflections
approve,openlibrary_OL5711566W,"Tiger Moth, Insect Ninja"
approve,openlibrary_OL5713097W,Bras & broomsticks
approve,openlibrary_OL5834373W,Attack of the mutant lunch lady
approve,openlibrary_OL5906638W,A country in the mind
approve,openlibrary_OL73330W,Dragon's Kin
approve,openlibrary_OL8423543W,Marvelous world
approve,openlibrary_OL9324516W,Academy 7
approve,openlibrary_OL9397667W,My Tiki Girl
approve,openlibrary_OL97354W,Encounter
approve,openlibrary_OL106879W,Amelia hits the road
approve,openlibrary_OL12017292W,Camille McPhee Fell Under the Bus
approve,openlibrary_OL1371933W,It's Raining Cupcakes
approve,openlibrary_OL15182969W,The Fence
approve,openlibrary_OL15488051W,Orphan
approve,openlibrary_OL15729024W,Claire and the Water Wish
approve,openlibrary_OL16239554W,Three times lucky
approve,openlibrary_OL16341270W,A year without Autumn
approve,openlibrary_OL16475165W,A need to kill
approve,openlibrary_OL167178W,Along Came a Spider
approve,openlibrary_OL16818105W,Cinque amiche per un leone
approve,openlibrary_OL17359700W,Betrayed
approve,openlibrary_OL17623229W,Unicorn Crossing
approve,openlibrary_OL17639855W,Cold cold heart
approve,openlibrary_OL17822742W,The paradox of vertical flight
approve,openlibrary_OL17838485W,Home
approve,openlibrary_OL1807125W,A Prisoner of Birth
approve,openlibrary_OL18176278W,Vanishing acts
approve,openlibrary_OL18217886W,All American Boys
approve,openlibrary_OL1916444W,Friends for Life
approve,openlibrary_OL19402583W,I Am Princess X
approve,openlibrary_OL19700690W,The 18th Abduction
approve,openlibrary_OL19729767W,En un bosque muy oscuro
approve,openlibrary_OL19951897W,Jeremy Bender vs. the Cupcake Cadets
approve,openlibrary_OL19960932W,Calling me home
approve,openlibrary_OL19968362W,Dangerous girls
approve,openlibrary_OL19969826W,Inherit the dead
approve,openlibrary_OL19997613W,Get mooned
approve,openlibrary_OL20008517W,The Adventuress
approve,openlibrary_OL20052630W,Bad seeds
approve,openlibrary_OL20159448W,The Lost Girls of Paris
approve,openlibrary_OL20644392W,King and the Dragonflies
approve,openlibrary_OL20848809W,Blood sisters
approve,openlibrary_OL20925334W,Amelia in joy and wonder
approve,openlibrary_OL21032532W,Undercover
approve,openlibrary_OL22903W,The gold coast
approve,openlibrary_OL2687709W,The girl from Playa Blanca
approve,openlibrary_OL4111100W,Black powder
approve,openlibrary_OL4120331W,Annie Freeman's fabulous traveling funeral
approve,openlibrary_OL4619989W,Adventures of Huckleberry Finn [adaptation]
approve,openlibrary_OL466113W,Little Tim and the Brave Sea Captain (Little Tim)
approve,openlibrary_OL48061W,Two for the dough
approve,openlibrary_OL482008W,In a lonely place
approve,openlibrary_OL510886W,Unnatural Causes
approve,openlibrary_OL5478214W,David and the Phoenix
approve,openlibrary_OL5794151W,The Sweetness at the Bottom of the Pie
approve,openlibrary_OL5797953W,Jasper Jones
approve,openlibrary_OL5830440W,The long wait for tomorrow
approve,openlibrary_OL735690W,How many miles to Babylon?
approve,openlibrary_OL79333W,The Final Detail
approve,openlibrary_OL8256719W,Secrets in the Attic
approve,openlibrary_OL860485W,Revenge of the Aztecs
approve,openlibrary_OL877892W,Mapping the edge
approve,openlibrary_OL112166W,Jack
approve,openlibrary_OL11902844W,A recipe for robbery
approve,openlibrary_OL11904006W,Sorta like a rockstar
approve,openlibrary_OL12048485W,Love You Hate You Miss You
approve,openlibrary_OL12048498W,"Love, Aubrey"
approve,openlibrary_OL13617997W,How to buy a love of reading
approve,openlibrary_OL13849339W,Having Faith in the Polar Girls' Prison
approve,openlibrary_OL14906906W,P.S. I Loathe You
approve,openlibrary_OL14911347W,"The Main Corpse (Goldy Culinary Mysteries, Book 6)"
approve,openlibrary_OL14927671W,Diary of a witness
approve,openlibrary_OL14981655W,Forest gate
approve,openlibrary_OL15050797W,Who Ordered This Baby? Definitely Not Me! #13 (Hank Zipzer)
approve,openlibrary_OL15056011W,Horrible Harry takes the cake
approve,openlibrary_OL15068823W,Never walk in shoes that talk
approve,openlibrary_OL15105582W,Pajama Day
approve,openlibrary_OL15171826W,Gym and Slimline
approve,openlibrary_OL15173649W,Fouling Out
approve,openlibrary_OL15440981W,The popularity papers
approve,openlibrary_OL15506882W,I am J
approve,openlibrary_OL15747057W,Speed shrinking
approve,openlibrary_OL15836321W,The fish in Room 11
approve,openlibrary_OL15837678W,LBD
approve,openlibrary_OL16071709W,Beatle meets Destiny
approve,openlibrary_OL16175876W,Gold medal summer
approve,openlibrary_OL16184010W,The Dyno-mite Dog Show
approve,openlibrary_OL16191779W,Rotten apple
approve,openlibrary_OL16215117W,When you were mine
approve,openlibrary_OL16451517W,A conspiracy of friends
approve,openlibrary_OL16455208W,Fake mustache
approve,openlibrary_OL16469599W,The Girl with the Mermaid Hair
approve,openlibrary_OL16499019W,Telegraph Avenue
approve,openlibrary_OL16558272W,You take it from here
approve,openlibrary_OL16615526W,Revenge of the horned bunnies
approve,openlibrary_OL16968066W,Being Bindy
approve,openlibrary_OL17201289W,Look
approve,openlibrary_OL17359198W,The Hopefuls
approve,openlibrary_OL17439757W,Hunting Lila
approve,openlibrary_OL17613126W,Wonders of the Invisible World
approve,openlibrary_OL17623120W,Phoebe and Her Unicorn
approve,openlibrary_OL17870896W,Petal and Poppy
approve,openlibrary_OL17884971W,Justin
approve,openlibrary_OL17905018W,Firecracker
approve,openlibrary_OL17911723W,No dogs allowed
approve,openlibrary_OL17936863W,A girl walks into a wedding
approve,openlibrary_OL18027642W,In the garage
approve,openlibrary_OL1884582W,Thumbelina
approve,openlibrary_OL1921233W,Slot Machine
approve,openlibrary_OL19541546W,At the Edge of the Universe
approve,openlibrary_OL19662626W,Max
approve,openlibrary_OL19717792W,Just friends
approve,openlibrary_OL19728105W,Don't cosplay with my heart
approve,openlibrary_OL19750128W,We all love the beautiful girls
approve,openlibrary_OL19964114W,The last original wife
approve,openlibrary_OL19996687W,City girls
approve,openlibrary_OL20007151W,About a Girl
approve,openlibrary_OL20035216W,Vow of celibacy
approve,openlibrary_OL20036901W,Dory Dory black sheep
approve,openlibrary_OL20039343W,Quinny & Hopper
approve,openlibrary_OL20046518W,The impossible fortress
approve,openlibrary_OL20048393W,All Grown Up
approve,openlibrary_OL2005020W,Up and at 'em with Winnie & Ernst
approve,openlibrary_OL20054936W,Standard deviation
approve,openlibrary_OL20336855W,Us
approve,openlibrary_OL20658102W,"Justin, Jay-Jay and the Juvenile Dinkent"
approve,openlibrary_OL20816554W,Turning Angel
approve,openlibrary_OL20818554W,Go with the Flow
approve,openlibrary_OL20828731W,Piglettes
approve,openlibrary_OL21077573W,As Close As Sisters
approve,openlibrary_OL22062633W,Underneath everything
approve,openlibrary_OL22555429W,Used to be
approve,openlibrary_OL23208779W,Cassidy's guide to everyday etiquette (and obfuscation)
approve,openlibrary_OL23226007W,Dog eat dog
approve,openlibrary_OL2538252W,The Power of Three
approve,openlibrary_OL265128W,Boy Meets Boy
approve,openlibrary_OL278586W,"Rumors (Luxe Series, Book 2)"
approve,openlibrary_OL2875350W,Alienated
approve,openlibrary_OL3472762W,Flying solo
approve,openlibrary_OL3478941W,Teen mothers--citizens or dependents?
approve,openlibrary_OL35607W,Girls in Love (Girls #1)
approve,openlibrary_OL3942223W,"Clementine, Friend of the Week"
approve,openlibrary_OL3942237W,Clementine
approve,openlibrary_OL4290263W,Donutheart
approve,openlibrary_OL503242W,Shakespeare on love and friendship
approve,openlibrary_OL547511W,Animal husbandry
approve,openlibrary_OL549523W,Confessions of a Serial Kisser
approve,openlibrary_OL553263W,The Theft & the Miracle
approve,openlibrary_OL5707253W,What I Was
approve,openlibrary_OL5716029W,Riding the universe
approve,openlibrary_OL5720758W,Rainbow boys
approve,openlibrary_OL5730767W,"Shopaholic and Sister (Shopaholic Series, Book 4)"
approve,openlibrary_OL5735331W,"At swim, two boys"
approve,openlibrary_OL5836290W,Story of a girl
approve,openlibrary_OL6047529W,The Moth Diaries
approve,openlibrary_OL6212634W,The Beach Street Knitting Society and Yarn Club
approve,openlibrary_OL74586W,Letters from the Mountain
approve,openlibrary_OL762601W,The Barrytown Trilogy
approve,openlibrary_OL77091W,There's a Girl in My Hammerlock
approve,openlibrary_OL8165759W,Perfect You
approve,openlibrary_OL8256687W,Girl in the Shadows
approve,openlibrary_OL85357W,After Tupac and D Foster
approve,openlibrary_OL12256604W,Miscarriage of justice
approve,openlibrary_OL13604721W,Chasing Charity
approve,openlibrary_OL13763243W,Three rivers rising
approve,openlibrary_OL14866593W,Summer of the war
approve,openlibrary_OL14912281W,Worlds apart
approve,openlibrary_OL14971833W,"Rich Girl, Poor Girl"
approve,openlibrary_OL15120265W,Catching Katie
approve,openlibrary_OL15120545W,A catered birthday party
approve,openlibrary_OL15165932W,The Rebellion of Jane Clarke
approve,openlibrary_OL15411992W,The Wolfling
approve,openlibrary_OL17358368W,Virgins (Outlander 0.5)
approve,openlibrary_OL17418421W,The Last Kind Words Saloon
approve,openlibrary_OL17605161W,Jessica Lost Her Wobble
approve,openlibrary_OL17737065W,Simon's family
approve,openlibrary_OL17924341W,The choice
approve,openlibrary_OL1887901W,Winter of the holy iron
approve,openlibrary_OL1902481W,The Savage Heart
approve,openlibrary_OL1905446W,Courting Miss Hattie
approve,openlibrary_OL19704806W,Mrs. Lincoln's dressmaker
approve,openlibrary_OL19714784W,The necklace
approve,openlibrary_OL19718473W,Mr. Dickens and his carol
approve,openlibrary_OL19722951W,Dolls of war
approve,openlibrary_OL19985607W,Ship of dolls
approve,openlibrary_OL1999591W,Virgin
approve,openlibrary_OL20335658W,Two Brothers / Dva brata
approve,openlibrary_OL21208318W,White River Brides
approve,openlibrary_OL21471W,Koolaids
approve,openlibrary_OL2223949W,Cathedral of the sea
approve,openlibrary_OL23216950W,The river palace
approve,openlibrary_OL23268W,Sharpe's Fury
approve,openlibrary_OL23319804W,The breakfast club murder
approve,openlibrary_OL261459W,Churchill's Hour
approve,openlibrary_OL2691870W,Love and infamy
approve,openlibrary_OL4092591W,Royal Escape
approve,openlibrary_OL4093302W,"Good Night, Mr. Tom"
approve,openlibrary_OL456230W,Burning Bright
approve,openlibrary_OL4778084W,The Lightkeeper
approve,openlibrary_OL488306W,The return of Gabriel
approve,openlibrary_OL497954W,Patriot Hearts
approve,openlibrary_OL507714W,Pumpkin soup
approve,openlibrary_OL553689W,Jewel
approve,openlibrary_OL568805W,Elska
approve,openlibrary_OL5729483W,Death of a nationalist
approve,openlibrary_OL5738677W,The Three Day Road
approve,openlibrary_OL5791110W,The girls' global guide to guys
approve,openlibrary_OL5826546W,The leanin' dog
approve,openlibrary_OL735337W,The whereabouts of Eneas McNulty
approve,openlibrary_OL79524W,Island of ghosts
approve,openlibrary_OL829375W,The sealed letter
approve,openlibrary_OL8317283W,The Mother-Daughter Book Club (The Mother-Daughter Book Club #1)
approve,openlibrary_OL877888W,In the company of the courtesan
approve,openlibrary_OL891681W,Becoming Mary Mehan
approve,openlibrary_OL891915W,Blanche passes go
approve,openlibrary_OL9341909W,Palace circle
approve,openlibrary_OL10510957W,A Peanuts Valentine
approve,openlibrary_OL112269W,Silent partner
approve,openlibrary_OL13668603W,Nana
approve,openlibrary_OL14857156W,Thurber's dogs
approve,openlibrary_OL14906887W,Friend is not a verb
approve,openlibrary_OL14958823W,The last surgeon
approve,openlibrary_OL15040071W,Battle for home plate
approve,openlibrary_OL15506856W,"Squish, Super Amoeba"
approve,openlibrary_OL15980916W,Guilty wives
approve,openlibrary_OL16134445W,Secret diary
approve,openlibrary_OL16318139W,Pooltime
approve,openlibrary_OL16516827W,Slog's dad
approve,openlibrary_OL16557722W,Down in the dumps
approve,openlibrary_OL16654110W,"The awesome, almost 100% true adventures of Matt and Craz"
approve,openlibrary_OL16726374W,A match made in heaven
approve,openlibrary_OL17415737W,Shattered Peace
approve,openlibrary_OL17740441W,Ponyo
approve,openlibrary_OL17872752W,The devil you know
approve,openlibrary_OL17885542W,The year of the beasts
approve,openlibrary_OL17900319W,Big star Otto
approve,openlibrary_OL17935871W,Her last breath
approve,openlibrary_OL18165286W,After her
approve,openlibrary_OL18165971W,Cover of snow
approve,openlibrary_OL1883064W,Becoming Felix
approve,openlibrary_OL1900390W,Miss Ophelia
approve,openlibrary_OL19360844W,A Good Old-Fashioned Wedgie
approve,openlibrary_OL19715168W,A simple favor
approve,openlibrary_OL19717336W,Louis undercover
approve,openlibrary_OL19718546W,Voices in the dark
approve,openlibrary_OL19720342W,My little pony
approve,openlibrary_OL19740199W,All summer long
approve,openlibrary_OL19914053W,Laura Dean Keeps Breaking Up with Me
approve,openlibrary_OL19952373W,A + E 4ever
approve,openlibrary_OL19989455W,Meteor men
approve,openlibrary_OL19991358W,Her
approve,openlibrary_OL19998934W,Impasse
approve,openlibrary_OL20011240W,Flop to the Top!
approve,openlibrary_OL20011248W,My little pony
approve,openlibrary_OL20026188W,My little pony friends forever
approve,openlibrary_OL20026416W,A game for all the family
approve,openlibrary_OL20059915W,My Little Pony
approve,openlibrary_OL20153347W,The Wedding Guest
approve,openlibrary_OL20794698W,Desert Boys
approve,openlibrary_OL20895762W,Egghead
approve,openlibrary_OL20919671W,Twins
approve,openlibrary_OL21040575W,The Committed
approve,openlibrary_OL2645989W,The song of names
approve,openlibrary_OL2881150W,Little lightning
approve,openlibrary_OL41925W,A Really Cute Corpse
approve,openlibrary_OL41934W,Tickled to death
approve,openlibrary_OL480525W,Fade
approve,openlibrary_OL5727483W,Requiem for an Assassin
approve,openlibrary_OL58116W,The distant echo
approve,openlibrary_OL5861026W,A Time to Be Brave (Owly #4)
approve,openlibrary_OL5861028W,Owly
approve,openlibrary_OL7920703W,HUMAN TRACES
approve,openlibrary_OL8698896W,Life on the Fly
approve,openlibrary_OL8705739W,Roy & Al
approve,openlibrary_OL8783349W,彼 first love 7
approve,openlibrary_OL8783576W,Beauty pop
approve,openlibrary_OL9153969W,Chillwater Cove
approve,openlibrary_OL94737W,The art of deception
approve,openlibrary_OL111475W,Stars
approve,openlibrary_OL115550W,Six easy pieces
approve,openlibrary_OL1174972W,Kokoro
approve,openlibrary_OL13652412W,Struts and frets
approve,openlibrary_OL13929W,Annie and the Wild Animals
approve,openlibrary_OL15066949W,Slapboxing with Jesus
approve,openlibrary_OL15073040W,Showdown at Camp Wannaweep (Disney's Kim Possible #3)
approve,openlibrary_OL151646W,Baby Brother's Blues
approve,openlibrary_OL15178583W,Almost Home
approve,openlibrary_OL15189897W,Sexy Ms. Takes
approve,openlibrary_OL15836042W,Enthusiasm
approve,openlibrary_OL15843278W,Hot Spot
approve,openlibrary_OL15907206W,Mac Slater hunts the cool
approve,openlibrary_OL16071058W,21 Proms
approve,openlibrary_OL16134741W,Bat and Rat
approve,openlibrary_OL16298691W,Guitar notes
approve,openlibrary_OL16667087W,Just Like Heaven
approve,openlibrary_OL17047216W,Heat of the Moment
approve,openlibrary_OL17449480W,The West Rand Jive Cats Boxing Club
approve,openlibrary_OL17735770W,The hot box
approve,openlibrary_OL17874312W,A tale of two friends
approve,openlibrary_OL1892451W,A West quartet
approve,openlibrary_OL19635087W,The Other Side of Youth
approve,openlibrary_OL19738047W,Leah on the offbeat
approve,openlibrary_OL20018719W,A few of the girls
approve,openlibrary_OL20817001W,The Subtweet
approve,openlibrary_OL20833283W,The mystery tour
approve,openlibrary_OL2189386W,Aaliyah
approve,openlibrary_OL2189394W,Veronique
approve,openlibrary_OL23327W,The New Ron (Disney's Kim Possible #2)
approve,openlibrary_OL24155356W,Have a little faith
approve,openlibrary_OL2435496W,La's orchestra saves the world
approve,openlibrary_OL2670766W,A Place I’ve Never Been
approve,openlibrary_OL27776027W,Stout hearts & whizzing biscuits
approve,openlibrary_OL28216887W,Sign of the Sandman
approve,openlibrary_OL28557W,Tambourines to glory
approve,openlibrary_OL35117168W,Dver Vremeni
approve,openlibrary_OL35163391W,The Main Words
approve,openlibrary_OL56780W,This Year It Will Be Different
approve,openlibrary_OL5720418W,So lyrical
approve,openlibrary_OL5721262W,Aisha's moonlit walk
approve,openlibrary_OL5757738W,Payback Is A Mutha
approve,openlibrary_OL5831633W,Ivy + Bean Take Care of the Babysitter
approve,openlibrary_OL5849597W,Both ways is the only way I want it
approve,openlibrary_OL6214422W,The piano shop on the Left Bank
approve,openlibrary_OL62238W,"Essays, first series"
approve,openlibrary_OL6608971W,Sing About Us (Wildfire)
approve,openlibrary_OL69263W,The love object
approve,openlibrary_OL9495842W,The Dowry Bride
approve,openlibrary_OL1000826W,Witch
approve,openlibrary_OL13754555W,Playing
approve,openlibrary_OL14920140W,Fang
approve,openlibrary_OL14996265W,Dark Harvest
approve,openlibrary_OL15072988W,Bueno Nacho (Disney's Kim Possible #1)
approve,openlibrary_OL15169439W,Winter's Desire
approve,openlibrary_OL15170014W,Innocent in the Italian's Possession
approve,openlibrary_OL15173266W,Adventures of a London Call Boy
approve,openlibrary_OL15177174W,The Envelope Incident
approve,openlibrary_OL15177523W,SECRET CONFESSIONS OF LADY H BOOK 1
approve,openlibrary_OL15182097W,SECRET CONFESSIONS OF LADY H BOOK 2
approve,openlibrary_OL15184187W,Make Me Yours
approve,openlibrary_OL15188798W,Men On Fire
approve,openlibrary_OL15538602W,Pleasure bound
approve,openlibrary_OL15883721W,Four play
approve,openlibrary_OL16121422W,Three sinful wishes
approve,openlibrary_OL16191099W,Captivated (Phantom Corps # 5)
approve,openlibrary_OL16933720W,Branded as trouble
approve,openlibrary_OL17269835W,Taking care of business
approve,openlibrary_OL17441462W,What A Rancher Wants
approve,openlibrary_OL17489542W,Eighty Days White
approve,openlibrary_OL17564086W,Simply Voracious
approve,openlibrary_OL17673343W,Down low diva
approve,openlibrary_OL17714555W,Wanting What She Can't Have
approve,openlibrary_OL17735949W,Black duck
approve,openlibrary_OL17803811W,To Tame A Cowboy
approve,openlibrary_OL17814723W,Unfaithful
approve,openlibrary_OL17872204W,In too close
approve,openlibrary_OL17879209W,Sex becomes her
approve,openlibrary_OL17896542W,Armoured defence
approve,openlibrary_OL17909102W,Ordinary girl in a tiara
approve,openlibrary_OL17918648W,Protecting the desert heir
approve,openlibrary_OL17934798W,Scandalous betrayal
approve,openlibrary_OL18011164W,A girl walks into a bar
approve,openlibrary_OL18178146W,The satin sash
approve,openlibrary_OL18338742W,Dragon's jaw
approve,openlibrary_OL19963198W,Illicit
approve,openlibrary_OL19971408W,Ike's incredible ink
approve,openlibrary_OL20011544W,Dangerously broken
approve,openlibrary_OL20018771W,Dirty heat
approve,openlibrary_OL20040810W,Fear of dying
approve,openlibrary_OL20489703W,Make Me Sin
approve,openlibrary_OL20878473W,The One That Got Away
approve,openlibrary_OL20880831W,The Friend Zone
approve,openlibrary_OL21096425W,Map of the Passages (Enchanted Emporium #3)
approve,openlibrary_OL24256007W,Coming back
approve,openlibrary_OL24260298W,Desired
approve,openlibrary_OL24265281W,The flame
approve,openlibrary_OL24265688W,Forever man
approve,openlibrary_OL2454409W,Edades de Lulu
approve,openlibrary_OL24689318W,Yours completely
approve,openlibrary_OL24714732W,All Together
approve,openlibrary_OL2550607W,Four Ways to Be a Woman
approve,openlibrary_OL25650852W,Caught Running
approve,openlibrary_OL2649301W,A plan for women
approve,openlibrary_OL29247989W,The secret sock club
approve,openlibrary_OL465304W,Poppy and Ereth
approve,openlibrary_OL5692483W,In Too Deep
approve,openlibrary_OL5714075W,Zahrah the Windseeker
approve,openlibrary_OL5716217W,Priscilla and the Great Santa search
approve,openlibrary_OL5717578W,The Palace of Laughter
approve,openlibrary_OL5828112W,Suite fantasy
approve,openlibrary_OL5828116W,Play With Me
approve,openlibrary_OL5948223W,Gabriel's Woman
approve,openlibrary_OL8165792W,Swap
approve,openlibrary_OL8488690W,Pack Challenge
approve,openlibrary_OL852304W,Summer on Kidd's Creek
approve,openlibrary_OL8967099W,After Hours Girls
approve,openlibrary_OL9003493W,Blackmailed
approve,openlibrary_OL9212235W,Darker Than Love
approve,openlibrary_OL9265380W,All the Trimmings
approve,openlibrary_OL9841495W,The Desires of Rebecca
approve,openlibrary_OL11947W,The happy island
approve,openlibrary_OL14848322W,Deep West
approve,openlibrary_OL14949973W,Kiss the Year Goodbye
approve,openlibrary_OL14954417W,Pride/Prejudice
approve,openlibrary_OL15867570W,Buchanan's Revenge
approve,openlibrary_OL15951572W,Belong to me
approve,openlibrary_OL15979784W,Hunter's blood
approve,openlibrary_OL16362815W,Mine to hold
approve,openlibrary_OL16587243W,The playboy's gift
approve,openlibrary_OL16714297W,Abnormal lives
approve,openlibrary_OL16806393W,Rush
approve,openlibrary_OL17417458W,An Uncommon Sense
approve,openlibrary_OL17422308W,In the Australian Billionaire's Arms
approve,openlibrary_OL17522153W,The Judas Metal
approve,openlibrary_OL17792448W,What A Rancher Wants
approve,openlibrary_OL17921818W,Captivated by her innocence
approve,openlibrary_OL18186591W,Seducing Lauren
approve,openlibrary_OL19711720W,All the dirty parts
approve,openlibrary_OL19963746W,Consequences
approve,openlibrary_OL19988644W,Fever
approve,openlibrary_OL19994478W,River of no return
approve,openlibrary_OL20000431W,Tycoon takedown
approve,openlibrary_OL20041780W,Loving you easy
approve,openlibrary_OL22304274W,"Vice, virtue & video"
approve,openlibrary_OL23183779W,Massacre canyon
approve,openlibrary_OL23200613W,Saddle up for steamboat
approve,openlibrary_OL24251892W,Brannigan
approve,openlibrary_OL24304936W,Two gun marshal
approve,openlibrary_OL25350072W,Leo
approve,openlibrary_OL27039001W,Crackers in the scrub
approve,openlibrary_OL28715395W,Rhett's Make-Believe Marriage
approve,openlibrary_OL39689651W,One Night
approve,openlibrary_OL41348709W,One Night of Scandal
approve,openlibrary_OL4409122W,Something On the Side
approve,openlibrary_OL5692539W,Too Much Temptation
approve,openlibrary_OL5737352W,Lover man
approve,openlibrary_OL5737565W,Ladies Listen Up
approve,openlibrary_OL8110507W,Be with me
approve,openlibrary_OL8488913W,Sex in the Sanctuary
approve,openlibrary_OL8840755W,Out of Love
approve,hardcover_1078847,The Sorrows of Young Werther
approve,hardcover_115005,The Little Prince
approve,hardcover_119785,Truly Madly Guilty
approve,hardcover_1200618,Powerful
approve,hardcover_1534849,Not Quite Dead Yet
approve,hardcover_1818351,Problematic Summer Romance
approve,hardcover_350896,Mr. Penumbra's 24-Hour Bookstore
approve,hardcover_383752,Spin
approve,hardcover_386091,The Hate U Give
approve,hardcover_41261,My Year of Rest and Relaxation
approve,hardcover_428969,Fireborne
approve,hardcover_433146,The Other Boleyn Girl
approve,hardcover_468114,The Trouble With Peace
approve,hardcover_481892,Remarkably Bright Creatures
approve,hardcover_502041,Daughter of No Worlds
approve,hardcover_502338,The House Across the Lake
approve,hardcover_503854,Five Survive
approve,hardcover_525944,Final Offer
approve,hardcover_544098,All Rhodes Lead Here
approve,hardcover_590679,Lovelight Farms
approve,hardcover_652542,What Lies in the Woods
approve,hardcover_688372,The Right Move
approve,hardcover_715023,Mister Magic
approve,hardcover_735466,Maeve Fly
approve,hardcover_817516,Pucking Around
approve,hardcover_825221,Funny Story
approve,hardcover_87848,Beneath the Sugar Sky
approve,hardcover_880617,How to Solve Your Own Murder
approve,moodreads_9896,Paradise Lost
approve,openlibrary_OL15188248W,A Love of Her Own
approve,openlibrary_OL15228667W,"Amelia's are-we-there-yet, longest ever car trip"
approve,openlibrary_OL15527621W,A cold place in hell
approve,openlibrary_OL16188938W,Breaking trail
approve,openlibrary_OL17521629W,"Moon Lily
            
                Western Literature"
approve,openlibrary_OL17896505W,The vengeance of Boon Helm
approve,openlibrary_OL1902463W,The Marriage Agenda
approve,openlibrary_OL19788602W,Murdock's law
approve,openlibrary_OL20029385W,Carlisle
approve,openlibrary_OL20030327W,Triple play
approve,openlibrary_OL20639423W,Country strong
approve,openlibrary_OL20942416W,Quarter Miles
approve,openlibrary_OL2107895W,The Accordionist's Son
approve,openlibrary_OL24197870W,Wild Highway
approve,openlibrary_OL2715924W,Code of the West
approve,openlibrary_OL27700239W,Snow in Montana
approve,openlibrary_OL27959553W,Fighting for air
approve,openlibrary_OL28587753W,Last hope
approve,openlibrary_OL4076168W,Forever Autumn
approve,openlibrary_OL4136880W,Honeymooners
approve,openlibrary_OL465873W,The fruit of stone
approve,openlibrary_OL50939W,To Tame a Land
approve,openlibrary_OL64715W,The Assassination of Jesse James by the Coward Robert Ford
approve,openlibrary_OL7967682W,Resolution
approve,hardcover_101050,Jar of Hearts
approve,hardcover_1013546,The Lost Story
approve,hardcover_1101426,Picking Daisies on Sundays
approve,hardcover_1176428,This Summer Will Be Different
approve,hardcover_117943,Hotel on the Corner of Bitter and Sweet
approve,hardcover_1196577,Lost and Lassoed
approve,hardcover_1197498,The Briar Club
approve,hardcover_121476,Wicked Fox
approve,hardcover_1216207,The Nightmare Before Kissmas
approve,hardcover_1494605,Dream Count
approve,hardcover_1539721,Cruel Winter with You
approve,hardcover_1552666,You Killed Me First
approve,hardcover_158071,Priestess of the White
approve,hardcover_1633716,Homeseeking
approve,hardcover_177262,Five Point Someone : What Not to Do at IIT
approve,hardcover_182692,Blaze
approve,hardcover_183713,Another Brooklyn
approve,hardcover_1842561,We Are All Guilty Here
approve,hardcover_1938161,Fake Skating
approve,hardcover_210172,Stepsister
approve,hardcover_28136,Fruit of the Drunken Tree
approve,hardcover_310748,A War of Gifts: An Ender Battle School Story
approve,hardcover_328302,On the Way to the Wedding
approve,hardcover_336476,The Island of Sea Women
approve,hardcover_39909,Genuine Fraud
approve,hardcover_428982,Shadow Me
approve,hardcover_429026,Her Royal Highness
approve,hardcover_434742,Force of Nature
approve,hardcover_434749,We Begin at the End
approve,hardcover_435478,The Black Dahlia
approve,hardcover_437022,Patron Saints of Nothing
approve,hardcover_437552,99 Percent Mine
approve,hardcover_438742,Release
approve,hardcover_440418,Meet Cute
approve,hardcover_440502,Malice
approve,hardcover_440705,The Wives
approve,hardcover_444129,Perfect on Paper
approve,hardcover_444248,None Shall Sleep
approve,hardcover_445665,Steel Crow Saga
approve,hardcover_448365,Flame in the Mist
approve,hardcover_449732,Butter Honey Pig Bread
approve,hardcover_450915,The Upside of Falling
approve,hardcover_454946,So This Is Ever After
approve,hardcover_455101,If This Gets Out
approve,hardcover_455272,All That's Left in the World
approve,hardcover_455367,Ophelia After All
approve,hardcover_456728,We Are Not Like Them
approve,hardcover_456778,Victories Greater Than Death
approve,hardcover_467553,Awakened
approve,hardcover_471337,The Play
approve,hardcover_471394,Us
approve,hardcover_471399,Sinner
approve,hardcover_486325,The Last Letter
approve,hardcover_503904,The Agathas
approve,hardcover_504049,Nothing More to Tell
approve,hardcover_508826,Silence
approve,hardcover_512380,Saint
approve,hardcover_525977,Give Me More
approve,hardcover_572594,Iris Kelly Doesn't Date
approve,hardcover_575380,Consider Me
approve,hardcover_61832,The Authenticity Project
approve,hardcover_627044,We All Want Impossible Things
approve,hardcover_689264,Unfortunately Yours
approve,hardcover_77593,The Ice Princess
approve,hardcover_81890,Lola and the Boy Next Door
approve,hardcover_832717,The Five-Star Weekend
approve,hardcover_835748,Morbidly Yours
approve,hardcover_884143,The Wife Upstairs
approve,hardcover_102901,The Tin Woodman of Oz
approve,hardcover_1249835,The Book Swap
approve,hardcover_12609,The Secret of Shadow Ranch
approve,hardcover_145708,Winter's Passage
approve,hardcover_1493935,Junie
approve,hardcover_1508144,Raising Hare: A Memoir
approve,hardcover_1619041,Unloved
approve,hardcover_1641355,The Shots You Take
approve,hardcover_1758367,Pitcher Perfect
approve,hardcover_1758514,People Watching
approve,hardcover_177478,American Rust
approve,hardcover_180737,The Comfort of Strangers
approve,hardcover_183834,The Bookseller
approve,hardcover_1906487,Palaver
approve,hardcover_2041939,How to Kill a Guy in Ten Dates
approve,hardcover_20823,Little Monsters
approve,hardcover_235125,Sloppy Firsts
approve,hardcover_247488,Not If I Save You First
approve,hardcover_247533,The Far Pavilions
approve,hardcover_250409,The Dangerous Art of Blending In
approve,hardcover_26681,Good Me Bad Me
approve,hardcover_292560,Broken Things
approve,hardcover_293640,Nerd Do Well
approve,hardcover_300053,Rant
approve,hardcover_304165,Home
approve,hardcover_304304,Little White Lies
approve,hardcover_308677,The Dinner List
approve,hardcover_380951,Uncommon Criminals
approve,hardcover_382509,Social Creature
approve,hardcover_386705,The Two-Family House
approve,hardcover_428155,This Boy's Life: A Memoir
approve,hardcover_42917,Ramona Blue
approve,hardcover_433340,Anna K: A Love Story
approve,hardcover_434527,Mudbound
approve,hardcover_435549,The Swimming-Pool Library
approve,hardcover_437217,How Not to Die Alone
approve,hardcover_437423,When Katie Met Cassidy
approve,hardcover_437701,A Nearly Normal Family
approve,hardcover_440224,The Magician's Assistant
approve,hardcover_440403,Faithful
approve,hardcover_440668,The Worst Best Man
approve,hardcover_441533,Edinburgh
approve,hardcover_448139,Black Girls Must Die Exhausted
approve,hardcover_449125,The Fowl Twins
approve,hardcover_449657,The Weight of Our Sky
approve,hardcover_449663,The Lady Rogue
approve,hardcover_454727,Queen of the Tiles
approve,hardcover_455031,The Body Scout
approve,hardcover_470858,The Shape of Water
approve,hardcover_471916,The Girl with the Make-Believe Husband
approve,hardcover_480014,The Fill-In Boyfriend
approve,hardcover_491234,Once Upon a K-Prom
approve,hardcover_501042,Beautiful Player
approve,hardcover_519883,Girls on Fire
approve,hardcover_529368,Gifting Me To His Best Friend
approve,hardcover_536466,Seize The Night
approve,hardcover_56049,Emmy & Oliver
approve,hardcover_575367,Garnet Flats
approve,hardcover_5759,Bed of Roses
approve,hardcover_578820,The Missing Piece
approve,hardcover_585405,A Dead and Stormy Night
approve,hardcover_59627,Dead Simple
approve,hardcover_626162,Scattered Showers
approve,hardcover_668498,Forever Never
approve,hardcover_697888,Sick Fux
approve,hardcover_698055,Finn Rhodes Forever
approve,hardcover_735633,Bad Dolls
approve,hardcover_804083,Until It Fades
approve,hardcover_817491,Pucking Wild
approve,hardcover_818438,"Good Night, Irene"
approve,hardcover_87977,Court of Fives
approve,hardcover_945984,This Gilded Abyss
approve,hardcover_100037,Look at Me
approve,hardcover_100858,Open and Shut
approve,hardcover_1119233,I Love You So Much It's Killing Us Both
approve,hardcover_1190464,Mania
approve,hardcover_1203605,I Shall Never Fall in Love
approve,hardcover_122430,Jamrach's Menagerie
approve,hardcover_1292277,The Next Best Fling
approve,hardcover_1627887,The Quiet Librarian
approve,hardcover_164467,The devil's alphabet
approve,hardcover_168425,The Broken God
approve,hardcover_17042,The Princess Present
approve,hardcover_1744396,Killer on the Road/The Babysitter Lives
approve,hardcover_1760837,If Not for My Baby
approve,hardcover_177845,The false princess
approve,hardcover_185223,"You're Welcome, Universe"
approve,hardcover_186285,Dragon Flight
approve,hardcover_1983016,Payment In Blood
approve,hardcover_199504,Poison
approve,hardcover_207534,The Giant's House
approve,hardcover_2079938,A Good Person
approve,hardcover_20990,Rick
approve,hardcover_211015,Envy
approve,hardcover_261935,Ravishing the Heiress
approve,hardcover_283870,The Sister
approve,hardcover_333587,Holy Cow
approve,hardcover_35044,Dragon Spear
approve,hardcover_351195,Six Months Later
approve,hardcover_356717,How to Save a Life
approve,hardcover_377839,A Suitable Vengeance
approve,hardcover_434575,Black and Blue
approve,hardcover_434990,The Guest Book
approve,hardcover_435068,The Beantown Girls
approve,hardcover_436915,New Boy
approve,hardcover_442469,The Information
approve,hardcover_449513,The Bridge Home
approve,hardcover_450037,Deposing Nathan
approve,hardcover_452159,Ponti
approve,hardcover_453539,The Blackbird Girls
approve,hardcover_461449,Neuropath
approve,hardcover_475561,Life of the Beloved: Spiritual Living in a Secular World
approve,hardcover_47574,The Vintner's Luck
approve,hardcover_479980,The State of Us
approve,hardcover_480015,Split Second
approve,hardcover_480194,Listen to Your Heart
approve,hardcover_483276,Fair coin
approve,hardcover_495315,This May End Badly
approve,hardcover_504058,Just Your Local Bisexual Disaster
approve,hardcover_517240,The Halloween Moon
approve,hardcover_519596,Little Disasters
approve,hardcover_520595,He Will Be My Ruin
approve,hardcover_520861,The Lost Girls of Camp Forevermore
approve,hardcover_556298,Join
approve,hardcover_562589,The Emerald Sea
approve,hardcover_56800,The Company
approve,hardcover_581273,Whiteout
approve,hardcover_596003,The German Girl
approve,hardcover_610227,The Lost
approve,hardcover_644513,Sacculina
approve,hardcover_698301,Not So Nice Guy
approve,hardcover_735324,What Stalks Among Us
approve,hardcover_86555,Barsk: The Elephants' Graveyard
approve,hardcover_109294,Start Me Up
approve,hardcover_137491,The Confusion of Languages
approve,hardcover_1443989,If You Dare
approve,hardcover_1612914,The Romantic Tragedies of a Drama King
approve,hardcover_179092,Forge
approve,hardcover_1825009,When Love Gives You Lemons
approve,hardcover_2071346,Dead Girls Don't Talk
approve,hardcover_244304,In honor
approve,hardcover_328395,Pressure
approve,hardcover_332060,Come Back to Me
approve,hardcover_336134,Gilt
approve,hardcover_360483,Dead Man's Ransom
approve,hardcover_382033,Sweet Little Lies
approve,hardcover_384465,"To the Edge of the World: Boxed Set Volumes I, II, III"
approve,hardcover_445070,Lucky Starr and the Moons of Jupiter
approve,hardcover_450812,Like Water
approve,hardcover_460361,Eye Spy
approve,hardcover_462867,High school debut
approve,hardcover_468912,Icefall
approve,hardcover_472738,Bringing Home the Bad Boy
approve,hardcover_483795,The Oathbreaker's Shadow
approve,hardcover_486354,Hold Me
approve,hardcover_506074,Wicked Lies Boys Tell
approve,hardcover_532137,Harmless Like You
approve,hardcover_532156,The Boleyn King
approve,hardcover_586772,Midnight Pearls
approve,hardcover_593639,Lady Renegades
approve,hardcover_596587,The Prom Queen
approve,hardcover_717640,The Life and Crimes of Hoodie Rosen
approve,hardcover_721665,Man on Fire
approve,hardcover_855773,The Alphabet House
approve,openlibrary_OL26438894W,The Ghost of Buxton Manor
approve,openlibrary_OL19734199W,All out
approve,openlibrary_OL19745556W,Forward
approve,hardcover_1268106,Seeing Red
approve,a_court_of_wings_and_ruin,A Court of Wings and Ruin
approve,a_dawn_of_onyx,A Dawn of Onyx
approve,a_little_hatred,A Little Hatred
approve,assassins_apprentice,Assassin’s Apprentice
approve,assassins_quest,Assassin’s Quest
approve,bitterblue,Bitterblue
approve,blood_of_the_mantis,Blood of the Mantis
approve,book_of_night,Book of Night
approve,caraval,Caraval
approve,charm,Charm
approve,dead_beat,Dead Beat
approve,eldest,Eldest
approve,eragon,Eragon
approve,finale,Finale
approve,foundation1,Foundation
approve,foxglove_summer,Foxglove Summer
approve,galileos_dream,Galileo’s Dream
approve,intrigues,Intrigues
approve,jem,Jem
approve,king_of_scars,King of Scars
approve,left_hand_of_darkness,The Left Hand of Darkness
approve,legendary,Legendary
approve,medusas_web,Medusa's Web
approve,mistborn,Mistborn: The Final Empire
approve,moodreads_1751,Every Spiral of Fate
approve,moodreads_5,Apprentice to the Villain
approve,moodreads_5485,"Apparently, Sir Cameron Needs to Die"
approve,moodreads_9992,Wildwood Dancing
approve,mr_vertigo,Mr Vertigo
approve,one_dark_window,One Dark Window
approve,one_last_stop,One Last Stop
approve,one_love,One-Love
approve,openlibrary_OL114707W,McBroom's ghost
approve,openlibrary_OL14966748W,Simpsons Treehouse of horror
approve,openlibrary_OL1515165W,The monkey's paw
approve,openlibrary_OL166497W,The Prestige
approve,openlibrary_OL17516383W,Night Of The Giant Everything
approve,openlibrary_OL1838134W,The philosophy of H.P. Lovecraft
approve,openlibrary_OL2152479W,The icy hand
approve,openlibrary_OL24158204W,Goblins and ghosties
approve,openlibrary_OL47670W,The house of the Wolfings
approve,openlibrary_OL503252W,The Haunting of Hip Hop
approve,openlibrary_OL679304W,The Dream Hunters
approve,openlibrary_OL72240W,Chicken Chicken
approve,openlibrary_OL90564W,Three Hearts and Three Lions
approve,perdido_street_station,Perdido Street Station
approve,poppy_war,The Poppy War
approve,sabriel,Sabriel
approve,servant_of_the_underworld,Servant of the underworld
approve,shadows_of_self,Shadows of Self
approve,spectacular,Spectacular
approve,the_armageddon_rag,The Armageddon Rag
approve,the_atlas_six,The Atlas Six
approve,the_ballad_of_never_after,The Ballad of Never After
approve,the_blinding_knife,The Blinding Knife
approve,the_blood_mirror,The Blood Mirror
approve,the_broken_kingdoms,The Broken Kingdoms
approve,the_city_of_brass,The City of Brass
approve,the_dangerous_gift,The Dangerous Gift
approve,the_final_empire,The Final Empire
approve,the_forgotten_beasts_of_eld,The Forgotten Beasts of Eld
approve,the_golden_tower,The Golden Tower
approve,the_green_mile,The Green Mile
approve,the_killing_moon,The Killing Moon
approve,the_ocean_at_the_end_of_the_lane,The Ocean at the end of the lane
approve,the_path_of_daggers,The Path Of Daggers
approve,the_science_of_avatar,The Science of Avatar
approve,the_seventh_decimate,The Seventh Decimate
approve,the_white_cat,The White Cat
approve,the_world_we_make,The World We Make
approve,the_wounded_land,The Wounded Land
approve,trinity_rising,Trinity Rising
approve,under_a_falling_star,Under A Falling Star
approve,whispers_underground,Whispers Underground
approve,white_night,White Night
approve,wolves_of_the_calla,Wolves of the Calla
approve,openlibrary_OL1000774W,Spooksville - Witch's Revenge
approve,openlibrary_OL109416W,The Blue Sword
approve,openlibrary_OL112538W,Jinx High
approve,openlibrary_OL112558W,Burning Water
approve,openlibrary_OL121877W,Camp Princess 1
approve,openlibrary_OL12467545W,Vampire Kisses
approve,openlibrary_OL14911298W,Unhallowed ground
approve,openlibrary_OL14933221W,Love is hell
approve,openlibrary_OL14949601W,Aunt Dimity digs in
approve,openlibrary_OL15012283W,Cinemonsters
approve,openlibrary_OL15103059W,The Specter from the Magician's Museum
approve,openlibrary_OL15553502W,Spellbinder
approve,openlibrary_OL16126158W,The paradise trap
approve,openlibrary_OL16237930W,The Unwanteds (The Unwanteds #1)
approve,openlibrary_OL16496863W,Scary Stories
approve,openlibrary_OL16804939W,the kiss
approve,openlibrary_OL17351698W,Crystal Keepers
approve,openlibrary_OL17883771W,Woven
approve,openlibrary_OL18160158W,Fiction 100
approve,openlibrary_OL1930173W,Suspicion
approve,openlibrary_OL19541804W,The Changeling
approve,openlibrary_OL19634151W,"Have Sword, Will Travel"
approve,openlibrary_OL19635091W,From the Stars in the Sky to the Fish in the Sea
approve,openlibrary_OL1966566W,The Black Cauldron
approve,openlibrary_OL19669748W,The jumbies
approve,openlibrary_OL19680663W,All Our Pretty Songs
approve,openlibrary_OL20002376W,Gustav Gloom and the Cryptic Carousel
approve,openlibrary_OL20015242W,Firewalker
approve,openlibrary_OL20026899W,Tell the wind and fire
approve,openlibrary_OL2039060W,Starlight surprise
approve,openlibrary_OL20625138W,The warlock stone
approve,openlibrary_OL21635168W,"Midnight (Skulduggery Pleasant, Book 11)"
approve,openlibrary_OL21767604W,Rebel Angels
approve,openlibrary_OL23318478W,The Dyerville tales
approve,openlibrary_OL2431024W,What Did Miss Darrington See?
approve,openlibrary_OL2628741W,Aenir
approve,openlibrary_OL2628750W,The Fall
approve,openlibrary_OL27794W,Discover the Destroyer
approve,openlibrary_OL28169649W,Creepy Christmas waffle
approve,openlibrary_OL28169942W,Mistress of Geese
approve,openlibrary_OL28993W,The Subtle Knife
approve,openlibrary_OL29261W,Wild Magic
approve,openlibrary_OL3151660W,The Nightmare Reader
approve,openlibrary_OL3171085W,The Lottery
approve,openlibrary_OL3333967W,Wolf's Complete Book of Terror
approve,openlibrary_OL3338202W,The Ghost in the Mirror
approve,openlibrary_OL3338229W,The Best of John Bellairs
approve,openlibrary_OL4438958W,Behind the Attic Wall
approve,openlibrary_OL44700964W,Hellboy
approve,openlibrary_OL453707W,Interesting Times
approve,openlibrary_OL45869W,Esio Trot
approve,openlibrary_OL5705413W,The Princess and the Bear
approve,openlibrary_OL5954753W,The Two Pearls of Wisdom
approve,openlibrary_OL60109W,"The Pinhoe Egg (Chrestomanci, Book 6)"
approve,openlibrary_OL71042W,The Magician's Nephew
approve,openlibrary_OL72416W,Let's Get Invisible!
approve,openlibrary_OL7978672W,Rabbit-cadabra!
approve,openlibrary_OL8053275W,The Day Watch
approve,openlibrary_OL8110490W,"Claimed By Shadow (Cassandra Palmer Series, Book 2)"
approve,openlibrary_OL8593547W,The American Short Story [59 stories]
approve,openlibrary_OL8755862W,Devoured
approve,openlibrary_OL894245W,The dark is rising
approve,openlibrary_OL941672W,Drachenreiter
approve,openlibrary_OL9804113W,Amber Shadows and the Missing Wands
approve,openlibrary_OL1137909W,The Golden Phoenix
approve,openlibrary_OL134642W,The Shell Seekers
approve,openlibrary_OL13650523W,As You Wish
approve,openlibrary_OL14860162W,The Art of Detection
approve,openlibrary_OL14920182W,Witch & wizard
approve,openlibrary_OL15049017W,Signals in the Sky (Time Spies #5)
approve,openlibrary_OL15049616W,Kate Greenaway's Original Drawings for The Snow Queen
approve,openlibrary_OL15131069W,Blizzard Of the Blue Moon
approve,openlibrary_OL15131136W,Eve of the Emperor Penguin
approve,openlibrary_OL15131139W,A ghost tale for Christmas time
approve,openlibrary_OL15131175W,Leprechaun in late winter
approve,openlibrary_OL15131184W,Night of the New Magicians
approve,openlibrary_OL152076W,"Bless Me, Ultima"
approve,openlibrary_OL15406W,The wise woman
approve,openlibrary_OL16053942W,A Forgotten Girl
approve,openlibrary_OL1636262W,The Phantom Tollbooth
approve,openlibrary_OL16546767W,The council of mirrors
approve,openlibrary_OL17054790W,Percy Jackson's Greek Gods
approve,openlibrary_OL17094208W,Nana in the City
approve,openlibrary_OL17262607W,The Enchantress Returns
approve,openlibrary_OL17332803W,A Darker Shade of Magic
approve,openlibrary_OL17689431W,The watcher in the shadows
approve,openlibrary_OL18185333W,The Apprentices (The Apothecary #2)
approve,openlibrary_OL18341W,Larry's Party
approve,openlibrary_OL1859174W,Tar Beach
approve,openlibrary_OL1898308W,Green Eggs and Ham
approve,openlibrary_OL19136720W,The Magic Grinder [#34-1975] Walt Disney Co. w WD Productions presents
approve,openlibrary_OL19360227W,Three burps and you're out!
approve,openlibrary_OL19659793W,Children of Blood and Bone
approve,openlibrary_OL19977073W,the Vanishing Coin
approve,openlibrary_OL19999004W,The mad apprentice
approve,openlibrary_OL20046951W,Wrath of the storm
approve,openlibrary_OL20570319W,The case of the missing marquess [graphic novel]
approve,openlibrary_OL21208697W,Ordinary Hazards
approve,openlibrary_OL22328W,Sylvester and the magic pebble
approve,openlibrary_OL25452403W,A Magic Steeped in Poison
approve,openlibrary_OL262391W,Glinda of Oz
approve,openlibrary_OL274433W,The Classic Tale of the Velveteen Rabbit
approve,openlibrary_OL27448W,The Lord of the Rings
approve,openlibrary_OL29286W,Alanna
approve,openlibrary_OL2954212W,Parvana's Journey (The Breadwinner #2)
approve,openlibrary_OL3506116W,Sadako and the Thousand Paper Cranes
approve,openlibrary_OL3743762W,The Sweetest Fig
approve,openlibrary_OL4041609W,Witch in the House
approve,openlibrary_OL453657W,The Colour of Magic
approve,openlibrary_OL453737W,A Hat Full of Sky
approve,openlibrary_OL457175W,The Satanic Verses
approve,openlibrary_OL45876W,The Magic Finger
approve,openlibrary_OL479073W,Lost in the Barrens - Collector's Edition
approve,openlibrary_OL5109982W,The science of Philip Pullman's His dark materials
approve,openlibrary_OL5721394W,Brideshead Revisited
approve,openlibrary_OL5827141W,Catcall
approve,openlibrary_OL5850410W,The Red Book
approve,openlibrary_OL70988W,The Chronicles of Narnia
approve,openlibrary_OL71069W,Prince Caspian
approve,openlibrary_OL81767W,Carnival at Candlelight
approve,openlibrary_OL81773W,Dinosaurs Before Dark
approve,openlibrary_OL81783W,Haunted castle on Hallows Eve
approve,openlibrary_OL81785W,The knight at dawn
approve,openlibrary_OL81792W,Midnight on the moon
approve,openlibrary_OL81799W,Polar bears past bedtime
approve,openlibrary_OL81802W,Season of the Sandstorms
approve,openlibrary_OL81818W,Viking Ships at Sunrise
approve,openlibrary_OL81822W,Buffalo Before Breakfast
approve,openlibrary_OL81823W,Dolphins at Daybreak
approve,openlibrary_OL81831W,Night of the Ninjas
approve,openlibrary_OL81833W,Sunset of the Sabertooth
approve,openlibrary_OL81834W,Tigers at Twilight
approve,openlibrary_OL81835W,Tonight on the Titanic
approve,openlibrary_OL82565W,Harry Potter and the Half-Blood Prince
approve,openlibrary_OL86617W,City of Masks
approve,openlibrary_OL953162W,Como agua para chocolate
approve,openlibrary_OL98280W,Shooter
approve,openlibrary_OL99541W,The Enchanted Castle
approve,openlibrary_OL10022754W,Magic Lilly and the vampire with the wiggly tooth
approve,openlibrary_OL137213W,The Blue-Eyed Witch
approve,openlibrary_OL14906136W,"Two Ghosts for Sister Rachel / Run, Run, Rudolph / Six / The Harvest"
approve,openlibrary_OL14909228W,An Enchanted Season
approve,openlibrary_OL14911297W,Home in Time for Christmas
approve,openlibrary_OL14924993W,Must love hellhounds
approve,openlibrary_OL14933257W,Eternal Kiss of Darkness
approve,openlibrary_OL14933260W,At Grave's End
approve,openlibrary_OL14979085W,Chains of Ice
approve,openlibrary_OL14990578W,Desire Untamed
approve,openlibrary_OL14990579W,Obsession Untamed
approve,openlibrary_OL15103087W,The Tower at the End of the World (Lewis Barnavelt #9)
approve,openlibrary_OL15163973W,The silver cloud café
approve,openlibrary_OL15182721W,Many Bloody Returns
approve,openlibrary_OL15334610W,Star Quality
approve,openlibrary_OL15370762W,Shadowland (The Immortals Series Book #3)
approve,openlibrary_OL15385834W,Siren Song
approve,openlibrary_OL15481623W,Blood Spells
approve,openlibrary_OL15976360W,Spun by Sorcery
approve,openlibrary_OL16014251W,Enthralled
approve,openlibrary_OL16014584W,"Drink Deep (Chicagoland Vampires, #5)"
approve,openlibrary_OL16516395W,The magical Christmas cat
approve,openlibrary_OL16557755W,Blood Moon
approve,openlibrary_OL16584844W,The bitter seed of magic
approve,openlibrary_OL16662658W,The Last Warner Woman
approve,openlibrary_OL16681470W,Teeth
approve,openlibrary_OL17203414W,Boundary Crossed
approve,openlibrary_OL17376486W,Shifters Captive
approve,openlibrary_OL17493386W,Deception Cove
approve,openlibrary_OL17869956W,Chantress alchemy
approve,openlibrary_OL17881628W,House of secrets
approve,openlibrary_OL17904408W,Blood spirits
approve,openlibrary_OL17935097W,Would-be witch
approve,openlibrary_OL1804648W,Thornyhold
approve,openlibrary_OL18182164W,Vampires Need Not ... Apply?
approve,openlibrary_OL19339752W,To Dance With the Devil (The Blood Singer Novels)
approve,openlibrary_OL19707535W,The Midnight Witch
approve,openlibrary_OL19710288W,Kicking it
approve,openlibrary_OL19717276W,Akata Warrior
approve,openlibrary_OL19744645W,Princess before dawn
approve,openlibrary_OL19995227W,Vision in Silver
approve,openlibrary_OL20109585W,Untamed
approve,openlibrary_OL20312334W,Dream House
approve,openlibrary_OL20787752W,The Tea Leaf Reader
approve,openlibrary_OL20894082W,Biting Nixie
approve,openlibrary_OL23168495W,Fair game
approve,openlibrary_OL23209827W,The witches of Echo Park
approve,openlibrary_OL24210938W,The Midnight Girls
approve,openlibrary_OL24304593W,The trouble with Twilight
approve,openlibrary_OL263282W,Brother Odd
approve,openlibrary_OL27043838W,"Three Kisses, One Midnight"
approve,openlibrary_OL276089W,Passions of the Ghost
approve,openlibrary_OL29228961W,Realm law
approve,openlibrary_OL2975816W,Unmentionable!
approve,openlibrary_OL34959527W,Beloved Paradise
approve,openlibrary_OL523619W,A dog's life
approve,openlibrary_OL524248W,"Harvest Moon (Sabrina, the Teenage Witch)"
approve,openlibrary_OL5255369W,Wicked by Any Other Name
approve,openlibrary_OL5612472W,Dreams Made Flesh
approve,openlibrary_OL5682737W,It's a Wonderfully Sexy Life
approve,openlibrary_OL5683848W,Dark Magic
approve,openlibrary_OL5684128W,Lord of the Beasts
approve,openlibrary_OL5685304W,"Bewitched, Bthered, And Bewildered"
approve,openlibrary_OL5697634W,Absolutely Captivated
approve,openlibrary_OL5706039W,The Shadowmancer Returns
approve,openlibrary_OL5813815W,The Stone prince
approve,openlibrary_OL5848526W,Destiny kills
approve,openlibrary_OL60097W,Conrad's Fate
approve,openlibrary_OL6213550W,Mrs. Mike
approve,openlibrary_OL77834W,The Claiming of Sleeping Beauty
approve,openlibrary_OL796480W,Brida
approve,openlibrary_OL8033276W,Sorcery and the Single Girl
approve,openlibrary_OL8110495W,Destiny's Warrior
approve,openlibrary_OL8138223W,Return of the Unicorn
approve,openlibrary_OL84113W,Last Call
approve,openlibrary_OL8454618W,Very Gothic Christmas
approve,openlibrary_OL9756071W,Night Biters
approve,openlibrary_OL1000381W,"Prom time. (Sabrina, The Teenage Witch No. 21)"
approve,openlibrary_OL1019600W,Yeni hayat
approve,openlibrary_OL106199W,Summer Light
approve,openlibrary_OL1090091W,The horse fair
approve,openlibrary_OL111433W,Face the Fire
approve,openlibrary_OL111447W,Key of Valour
approve,openlibrary_OL111556W,Key of Light
approve,openlibrary_OL116089W,In the Time of the Butterflies
approve,openlibrary_OL13745556W,Unfamiliar magic
approve,openlibrary_OL13753566W,Hunted
approve,openlibrary_OL14906809W,No Rest for the Witches
approve,openlibrary_OL14911197W,Blood Red
approve,openlibrary_OL14912607W,Dragon Harper
approve,openlibrary_OL14932795W,The witch's grave
approve,openlibrary_OL14960157W,Corby Flood
approve,openlibrary_OL14981193W,The shifter
approve,openlibrary_OL15018805W,Winnie's Midnight Dragon
approve,openlibrary_OL15067137W,The goblin gate
approve,openlibrary_OL15082686W,A Most Improper Magick
approve,openlibrary_OL15119175W,Luka and the Fire of Life (Khalifa Brothers #2)
approve,openlibrary_OL15121003W,Magical realism and the postcolonial novel
approve,openlibrary_OL15145648W,Magic and the Modern Girl
approve,openlibrary_OL15158874W,Arabian Nights
approve,openlibrary_OL15177190W,Enchanted Glass
approve,openlibrary_OL15221547W,The Grand Tour  (Cecelia and Kate #2)
approve,openlibrary_OL15270124W,Millicent's gift
approve,openlibrary_OL15329701W,The Unsinkable Walker Bean
approve,openlibrary_OL15706736W,The Mists of Sorrow
approve,openlibrary_OL15836010W,Enchantress from the Stars
approve,openlibrary_OL15881747W,Plain Kate
approve,openlibrary_OL15932753W,The Chronicles of Harris Burdick
approve,openlibrary_OL16002145W,Princess of the wild swans
approve,openlibrary_OL16173088W,Horsin' around
approve,openlibrary_OL16184326W,Illusion
approve,openlibrary_OL16307974W,The Rock of Ivanore
approve,openlibrary_OL16414294W,Vampire Academy
approve,openlibrary_OL16451416W,The Wind Through the Keyhole
approve,openlibrary_OL16672913W,The unspoken
approve,openlibrary_OL16703295W,Seraphina
approve,openlibrary_OL16809947W,Golem and the Jinni
approve,openlibrary_OL17081840W,Snow like ashes
approve,openlibrary_OL17101831W,Iron and Smoke
approve,openlibrary_OL17105682W,Beauty Queen / Whatever After (Bk. 7)
approve,openlibrary_OL17209903W,Touch Of Frost
approve,openlibrary_OL17265211W,The Dream Thieves
approve,openlibrary_OL17309070W,Skulduggery Pleasant. Dark Days
approve,openlibrary_OL17317603W,Sister Mine
approve,openlibrary_OL17322632W,Of Beast and Beauty
approve,openlibrary_OL17356063W,Every Heart a Doorway
approve,openlibrary_OL17358798W,The Seat of Magic (The Golden City #2)
approve,openlibrary_OL17376766W,Madame Pamplemousse And The Enchanted Sweet Shop
approve,openlibrary_OL17411846W,Disenchanted Co
approve,openlibrary_OL17439172W,Shadow Highlander
approve,openlibrary_OL17537774W,The Flight Of Dragons The Fourth Tale From The Five Kingdoms
approve,openlibrary_OL17636100W,Cinderella Stays Late
approve,openlibrary_OL17688889W,Heart of Dread
approve,openlibrary_OL17708075W,Elysian Fields
approve,openlibrary_OL17710050W,The Dark Prophecy
approve,openlibrary_OL17714280W,The Princess of Cortova (Silver Bowl #3)
approve,openlibrary_OL17833335W,Dragonwatch
approve,openlibrary_OL17833980W,The snow bear
approve,openlibrary_OL17841386W,Cheshire Crossing
approve,openlibrary_OL17846141W,Chloe the kitten
approve,openlibrary_OL17846174W,Might & Magic
approve,openlibrary_OL17857569W,Tsarina
approve,openlibrary_OL17868408W,Compulsion
approve,openlibrary_OL17877323W,Sink or swim
approve,openlibrary_OL17881585W,The demon notebook
approve,openlibrary_OL17886297W,Typhon and the winds of destruction
approve,openlibrary_OL17895828W,The Emerald Shore
approve,openlibrary_OL17899983W,Magic in the park
approve,openlibrary_OL17900339W,City of halves
approve,openlibrary_OL17902811W,"Meri Mercer doesn't lie, mostly"
approve,openlibrary_OL17902924W,Tattletale traitor
approve,openlibrary_OL17902954W,Vacation dreams
approve,openlibrary_OL17903066W,Terrible twin mania
approve,openlibrary_OL17919210W,Lottie the Lollipop Fairy
approve,openlibrary_OL1804640W,The Prince and the Pilgrim
approve,openlibrary_OL1814650W,The silver call
approve,openlibrary_OL1815048W,Muggles and Magic
approve,openlibrary_OL1884570W,The fire from within
approve,openlibrary_OL19086611W,The Lost
approve,openlibrary_OL19347138W,Nevermoor
approve,openlibrary_OL19379576W,Walt Disney Pictures
approve,openlibrary_OL19665038W,The map to everywhere
approve,openlibrary_OL19716047W,The purloining of Prince Oleomargarine
approve,openlibrary_OL19720019W,Voyage to Avalon
approve,openlibrary_OL19730066W,The Hazel Wood
approve,openlibrary_OL19733916W,Billie the Baby Goat Fairy
approve,openlibrary_OL19733919W,Debbie the Duckling Fairy
approve,openlibrary_OL19733920W,Elodie the Lamb Fairy
approve,openlibrary_OL19740011W,How Long 'Til Black Future Month
approve,openlibrary_OL19748W,Safe harbour
approve,openlibrary_OL19844225W,Wizards & Warriors
approve,openlibrary_OL19857386W,A Little Night Magic
approve,openlibrary_OL19972727W,The adversary
approve,openlibrary_OL19981685W,Bad hair day
approve,openlibrary_OL19983599W,Mortal danger
approve,openlibrary_OL19985896W,"A bean, a stalk, and a boy named Jack"
approve,openlibrary_OL20007194W,Rebel Mechanics (Rebel Mechanics #1)
approve,openlibrary_OL20007216W,A book of spirits and thieves
approve,openlibrary_OL20020547W,The return of the witch
approve,openlibrary_OL20040156W,"Him, me, Muhammad Ali"
approve,openlibrary_OL20045227W,Illusion
approve,openlibrary_OL20125974W,The Water Dancer
approve,openlibrary_OL20218895W,Camp Half-Blood Confidential
approve,openlibrary_OL20505739W,Cinderella Read-Along Storybook and CD
approve,openlibrary_OL20656224W,The house in the Cerulean Sea
approve,openlibrary_OL2066252W,The irresistible rise of Harry Potter
approve,openlibrary_OL20891593W,The magic sword
approve,openlibrary_OL20902206W,The sealed-up house
approve,openlibrary_OL20911305W,The herald
approve,openlibrary_OL213263W,The Hollow Hills
approve,openlibrary_OL2195990W,Trollkarlens hatt
approve,openlibrary_OL22058359W,Midnight dolls
approve,openlibrary_OL24324241W,Bibi Blocksberg
approve,openlibrary_OL24579320W,If the Shoe Fits #2 Whatever After
approve,openlibrary_OL24670510W,The Witch Doctor Is In
approve,openlibrary_OL2557255W,The salamander spell
approve,openlibrary_OL2641766W,The witches' hammer
approve,openlibrary_OL2660314W,Searching for dragons
approve,openlibrary_OL2713849W,Cupid's Melody
approve,openlibrary_OL27508W,The Return of the Shadow
approve,openlibrary_OL276029W,Letters from Rapunzel
approve,openlibrary_OL2769843W,Compute's Guide to Nintendo Adventure Games
approve,openlibrary_OL2918682W,The curse of the Raven Mocker
approve,openlibrary_OL2986982W,Swan lake
approve,openlibrary_OL2990410W,The Making of the Potterverse
approve,openlibrary_OL3008160W,"Hopi stories of witchcraft, shamanism, and magic"
approve,openlibrary_OL3403948W,You be the detective
approve,openlibrary_OL3534982W,Smoke and mirrors
approve,openlibrary_OL4018314W,Penelope
approve,openlibrary_OL4086564W,The Merchant of Death (Pendragon #1)
approve,openlibrary_OL4444235W,Heart of Valor
approve,openlibrary_OL4444237W,The Night of the Solstice
approve,openlibrary_OL451778W,Midnight for Charlie Bone
approve,openlibrary_OL461912W,Seduced By Moonlight
approve,openlibrary_OL461952W,Mistral's Kiss
approve,openlibrary_OL4650620W,The Hunter's Moon
approve,openlibrary_OL473253W,Fur Magic
approve,openlibrary_OL4772202W,An enemy at Green Knowe
approve,openlibrary_OL481756W,The Robe of Skulls
approve,openlibrary_OL516728W,The Crystal Shard
approve,openlibrary_OL55218W,Grimoire
approve,openlibrary_OL56821W,Neveryóna
approve,openlibrary_OL5683445W,The Sword of Shannara
approve,openlibrary_OL5683593W,The Wishsong of Shannara
approve,openlibrary_OL5683833W,Dark Fire
approve,openlibrary_OL5703074W,Theodosia and the Staff of Osiris
approve,openlibrary_OL5705414W,The Princess and the Hound
approve,openlibrary_OL5706038W,Shadowmancer
approve,openlibrary_OL5725141W,Children of the serpent gate
approve,openlibrary_OL5738149W,Warbreaker
approve,openlibrary_OL5738583W,Calamity Jack
approve,openlibrary_OL5922884W,Cinderella
approve,openlibrary_OL60108W,Mixed Magics (The Chrestomanci)
approve,openlibrary_OL60141W,Castle in the Air
approve,openlibrary_OL675803W,Princess Prunella and the purple peanut
approve,openlibrary_OL71165W,That hideous strength
approve,openlibrary_OL7976932W,Inventing Wonderland
approve,openlibrary_OL7988552W,Oakleaf Bearers
approve,openlibrary_OL8120820W,The Cobra King of Kathmandu
approve,openlibrary_OL8455218W,Game 2
approve,openlibrary_OL8460139W,Harry Potter (series) 1-4
approve,openlibrary_OL9172346W,Pichi pichi pitch
approve,openlibrary_OL9302678W,Found
approve,openlibrary_OL97363W,Sleeping Ugly
approve,openlibrary_OL9789906W,Lost In Oz
approve,openlibrary_OL98221W,Dope Sick
approve,openlibrary_OL9836896W,Nintendo Role-Playing Games
approve,openlibrary_OL109409W,Rose Daughter
approve,openlibrary_OL111469W,The Playboy Prince
approve,openlibrary_OL111493W,Captivated
approve,openlibrary_OL111553W,Heart of the Sea
approve,openlibrary_OL15089825W,A Man of Means
approve,openlibrary_OL15186859W,2012 Awakening
approve,openlibrary_OL16486107W,"So Silver Bright (Théâtre Illuminata, Act III)"
approve,openlibrary_OL17356257W,A Seaside Christmas
approve,openlibrary_OL17407814W,Her Desert Prince
approve,openlibrary_OL17718118W,Becoming Jinn
approve,openlibrary_OL17927579W,The Christmas angel
approve,openlibrary_OL1815818W,By The Light of My Father's Smile
approve,openlibrary_OL19353457W,The Golden House
approve,openlibrary_OL1957676W,The life and times of Sir Thomas Malory
approve,openlibrary_OL19716648W,It's not Jack and the beanstalk
approve,openlibrary_OL19720990W,All the wind in the world
approve,openlibrary_OL19736644W,Let's go Pocoyo
approve,openlibrary_OL19977262W,Rebel belle
approve,openlibrary_OL20022561W,The little red chairs
approve,openlibrary_OL20050977W,An American sickness
approve,openlibrary_OL21883453W,Rock Me on the Water
approve,openlibrary_OL2247505W,Antonio S. and the mystery of Theodore Guzman
approve,openlibrary_OL2510290W,The street of crocodiles
approve,openlibrary_OL4331814W,A Wallflower Christmas
approve,openlibrary_OL447886W,The Children's Book
approve,openlibrary_OL457166W,The Enchantress of Florence
approve,openlibrary_OL4778046W,The Mistress (Mira)
approve,openlibrary_OL48962W,The Ice Queen
approve,openlibrary_OL4996122W,In Your Arms
approve,openlibrary_OL535195W,A City of Bells
approve,openlibrary_OL547743W,Bridget Jones
approve,openlibrary_OL5815731W,The best romantic ideas
approve,openlibrary_OL5971119W,This Must Be Love
approve,openlibrary_OL63983W,Old Christmas
approve,openlibrary_OL6810916W,Famous Tales of the Fantastic
approve,openlibrary_OL697417W,The Infernal Desire Machines of Doctor Hoffman
approve,openlibrary_OL86505W,The Bride Hunt
approve,openlibrary_OL8840986W,Out Of Bounds (Beacon Street Girls)
approve,openlibrary_OL10402330W,Kniha smíchu a zapomnění
approve,openlibrary_OL111610W,Public secrets
approve,openlibrary_OL1326307W,The Sandcastle
approve,openlibrary_OL14854418W,The wild child
approve,openlibrary_OL14911600W,Kiss
approve,openlibrary_OL14912632W,Dragonseye
approve,openlibrary_OL15111878W,Kid Beowulf and the blood-bound oath
approve,openlibrary_OL15196223W,The ordinary
approve,openlibrary_OL16482721W,Creatures
approve,openlibrary_OL16524702W,Head of a Man
approve,openlibrary_OL17050W,An Affair Before Christmas
approve,openlibrary_OL17080323W,Lost Lake
approve,openlibrary_OL17463705W,Report From Planet Midnight
approve,openlibrary_OL17718851W,Nantucket sisters
approve,openlibrary_OL17766223W,Christmas on 4th Street
approve,openlibrary_OL17904029W,Toxic heart
approve,openlibrary_OL19164917W,The shipwrecked sailor
approve,openlibrary_OL19489145W,At the End of the Road: Jack Kerouac in Mexico
approve,openlibrary_OL19548720W,The High Druid's Blade: The Defenders of Shannara
approve,openlibrary_OL1997026W,Jamberry
approve,openlibrary_OL19973630W,A Nantucket Christmas
approve,openlibrary_OL2021972W,The story of King Arthur and his knights
approve,openlibrary_OL2463711W,Breaking the spell
approve,openlibrary_OL265676W,A CROWNING MERCY
approve,openlibrary_OL2660322W,Mairelon the Magician
approve,openlibrary_OL2887010W,The Forests of Silence
approve,openlibrary_OL2908352W,Duality and structure in the Iliad and Odyssey
approve,openlibrary_OL2952018W,Thirteen senses
approve,openlibrary_OL473368W,Star Hunter & Voodoo Planet
approve,openlibrary_OL4778094W,The Horsemaster's Daughter:(Calhoun Chronicles #2)
approve,openlibrary_OL48538W,Kate Hannigan
approve,openlibrary_OL535191W,Gentian Hill
approve,openlibrary_OL5683827W,Dangerous Tides
approve,openlibrary_OL5850152W,Flora Segunda (Flora Trilogy #1)
approve,openlibrary_OL59730W,Glory Road
approve,openlibrary_OL86543W,Sophie's Choice
approve,openlibrary_OL98287W,Bad Boy
approve,openlibrary_OL1000303W,Book of magic
approve,openlibrary_OL102647W,"Billy Budd, Sailor and Selected Tales"
approve,openlibrary_OL102653W,Great Short Works of Herman Melville
approve,openlibrary_OL102708W,Billy Budd and Other Tales
approve,openlibrary_OL103118W,Dandelion Wine
approve,openlibrary_OL109411W,Deerskin
approve,openlibrary_OL11787180W,The Goblin King
approve,openlibrary_OL14866570W,The locked garden
approve,openlibrary_OL14923521W,The breath of God
approve,openlibrary_OL14953697W,Pierre / Israel Potter / The Piazza Tales / The Confidence-Man / Uncollected Prose / Billy Budd
approve,openlibrary_OL14953744W,The Complete Shorter Fiction
approve,openlibrary_OL15364949W,End of Overeating
approve,openlibrary_OL15412275W,Bakugan Battle Brawlers
approve,openlibrary_OL15836620W,The Goblin Wood
approve,openlibrary_OL16045470W,"Novels (Bartleby, the Scrivener / Benito Cereno / Billy Budd / Encantadas)"
approve,openlibrary_OL17893149W,Camelot burning
approve,openlibrary_OL17917621W,The irregular at Magic High School
approve,openlibrary_OL18820687W,A Cold Legacy
approve,openlibrary_OL19339771W,Esrever Doom: A Fun-Filled Adventure in the Magical Land of Xanth
approve,openlibrary_OL19341604W,The Summer That Made Us
approve,openlibrary_OL19665812W,The invasion of the Tearling
approve,openlibrary_OL19671690W,Hilo
approve,openlibrary_OL1975716W,True Names
approve,openlibrary_OL19800272W,The Stiehl Assassin
approve,openlibrary_OL20656941W,A phoenix first must burn
approve,openlibrary_OL20889237W,The legend of Frog
approve,openlibrary_OL20904971W,Before the Ever After
approve,openlibrary_OL2132806W,From time to time
approve,openlibrary_OL23192252W,Wood sprites
approve,openlibrary_OL25346963W,Final Strife
approve,openlibrary_OL26459W,The Last Unicorn
approve,openlibrary_OL275862W,Mating in Captivity
approve,openlibrary_OL2886986W,Arenas Movedizas / The Shifting Sands (Deltora)
approve,openlibrary_OL3196445W,"The Isle of Mists (Secrets of Droon, 22)"
approve,openlibrary_OL41094W,Songs of Power
approve,openlibrary_OL47752W,The wood beyond the world
approve,openlibrary_OL477817W,Brown Girl in the Ring
approve,openlibrary_OL48849W,Seven Dials
approve,openlibrary_OL5683559W,Wizard At Large
approve,openlibrary_OL7013293W,Book of Signs (Diadem
approve,openlibrary_OL73344W,The Dragonriders of Pern
approve,openlibrary_OL73425W,Triumph of the Darksword
approve,openlibrary_OL80863W,Omnivore
approve,openlibrary_OL82522W,Black Unicorn
approve,openlibrary_OL9302679W,Lost
approve,openlibrary_OL15181022W,Deadly Angel
approve,openlibrary_OL16332124W,My life with a criminal
approve,openlibrary_OL16471204W,Prince of Air (The Treasure Chest #4)
approve,openlibrary_OL16816911W,The all-girl filling station's last reunion
approve,openlibrary_OL17405274W,The Curse Of The Chocolate Phoenix
approve,openlibrary_OL17450905W,Dragon Storm
approve,openlibrary_OL17594443W,"Amelia Earhart, Lady Lindy (The Treasure Chest #8)"
approve,openlibrary_OL17914174W,The Murdstone trilogy
approve,openlibrary_OL17917962W,hippie
approve,openlibrary_OL17938179W,The Secret of Magic
approve,openlibrary_OL17999846W,Expecting Armageddon
approve,openlibrary_OL18020765W,Precious thing
approve,openlibrary_OL18180192W,A tale of two centuries
approve,openlibrary_OL1925338W,The mysterious case of Nancy Drew & the Hardy boys
approve,openlibrary_OL19946822W,Walt Disney's Uncle scrooge
approve,openlibrary_OL19983464W,Edda
approve,openlibrary_OL20030824W,"Nine women, one dress"
approve,openlibrary_OL21797986W,Grown
approve,openlibrary_OL23428451W,Náttblinda
approve,openlibrary_OL24292589W,Poisoned
approve,openlibrary_OL2535210W,In Stitches with Ms.Wiz
approve,openlibrary_OL3292966W,"Money, Love"
approve,openlibrary_OL3338193W,The House with a Clock in Its Walls
approve,openlibrary_OL473298W,The shadow of Albion
approve,openlibrary_OL549504W,The Gecko and Sticky
approve,openlibrary_OL5682126W,Muses on the Move
approve,openlibrary_OL5801440W,Almost French
approve,openlibrary_OL73424W,Test of the Twins
approve,openlibrary_OL8032281W,Divine By Blood
approve,openlibrary_OL14865252W,"My Grandma, major league slugger"
approve,openlibrary_OL14988W,The Queen's nose
approve,openlibrary_OL15021615W,The magical Ms. Plum
approve,openlibrary_OL15182629W,Who Stole My Mojo?
approve,openlibrary_OL15327473W,Pirates of Underwhere
approve,openlibrary_OL154803W,Ventriloquism
approve,openlibrary_OL16099107W,Wonkenstein
approve,openlibrary_OL16671702W,That time I joined the circus
approve,openlibrary_OL17415061W,Winnie Says Cheese
approve,openlibrary_OL1783229W,In defense of globalization
approve,openlibrary_OL17876066W,The Language of Thorns
approve,openlibrary_OL17908122W,Just One Wish
approve,openlibrary_OL1892249W,Growing Girls
approve,openlibrary_OL19709430W,Miss Julia's marvelous makeover
approve,openlibrary_OL23344W,Winnie in winter
approve,openlibrary_OL26454310W,Teen mom prom
approve,openlibrary_OL27072917W,The Cowboy Cookie Challenge
approve,openlibrary_OL2969231W,The Princess and the Peabodys
approve,openlibrary_OL3180509W,The Success Principles
approve,openlibrary_OL473056W,The autobiography of Meatball Finkelstein
approve,openlibrary_OL496118W,The Worst Witch (The Worst Witch #1)
approve,openlibrary_OL524260W,"I'll Zap Manhattan (Sabrina, the Teenage Witch)"
approve,openlibrary_OL53704W,Murder in a cathedral
approve,openlibrary_OL5707244W,The bride's farewell
approve,openlibrary_OL5713336W,Breaking point
approve,openlibrary_OL78359W,A tree grows in Brooklyn
approve,openlibrary_OL102707W,Billy Budd and other stories
approve,openlibrary_OL121031W,The year of the hangman
approve,openlibrary_OL13520142W,Something Like Love
approve,openlibrary_OL13648915W,The book of night women
approve,openlibrary_OL137708W,The Epicure's lament
approve,openlibrary_OL14865291W,Imagining Argentina
approve,openlibrary_OL14871772W,The witch in the well
approve,openlibrary_OL14920948W,The Rosetta key
approve,openlibrary_OL14932481W,Excalibur
approve,openlibrary_OL14953627W,"Moby-Dick, Billy Budd, and other writings"
approve,openlibrary_OL14953715W,Selected Writings of Herman Melville
approve,openlibrary_OL14961532W,"People of the Mist (North America's Forgotten Past, Book Nine)"
approve,openlibrary_OL15158716W,Almost Innocent
approve,openlibrary_OL15197289W,On the Go with Mr. and Mrs. Green
approve,openlibrary_OL15321532W,A Coronation of Love
approve,openlibrary_OL16587215W,Midnight
approve,openlibrary_OL16597179W,Jack and the baked beanstalk
approve,openlibrary_OL1804821W,Chig and the second spread
approve,openlibrary_OL1874001W,Mari of Magdala
approve,openlibrary_OL1902352W,Midnight Rider
approve,openlibrary_OL1979133W,Beguiled
approve,openlibrary_OL2160457W,Pilate's Wife
approve,openlibrary_OL23231W,The Pale Horseman
approve,openlibrary_OL23732W,The Forest House
approve,openlibrary_OL2625923W,The escape artist
approve,openlibrary_OL3353287W,"Signed, Mata Hari"
approve,openlibrary_OL3566792W,"The Barefoot Princess (Lost Princesses, Book 2)"
approve,openlibrary_OL3566823W,A Knight to Remember:(Knight#2)
approve,openlibrary_OL3975981W,A Perfect Bride
approve,openlibrary_OL4484880W,The fire opal
approve,openlibrary_OL4772220W,Seduction Becomes Her
approve,openlibrary_OL4778027W,The Charm School:(The Calhoun Chronicles #1)
approve,openlibrary_OL4778034W,Halfway to Heaven (Mira (Audio))
approve,openlibrary_OL4778068W,Enchanted Afternoon:(Calhoun Chronicles #4)
approve,openlibrary_OL489792W,Looking for Marco
approve,openlibrary_OL4961683W,Stranger by the Lake
approve,openlibrary_OL4996149W,The Tea Planter's Bride
approve,openlibrary_OL548906W,The Greener Shore
approve,openlibrary_OL553675W,A chance at love
approve,openlibrary_OL5603262W,Sebastian Darke
approve,openlibrary_OL5685948W,Highland bride
approve,openlibrary_OL5692988W,The Immortal Highlander
approve,openlibrary_OL5703425W,The Ladies of Grace Adieu and Other Stories
approve,openlibrary_OL5730480W,Sovay
approve,openlibrary_OL5735028W,A Break in the Chain
approve,openlibrary_OL6214252W,When the Elephants Dance
approve,openlibrary_OL683095W,The Corn King and the Spring Queen
approve,openlibrary_OL695672W,Pour l'amour de Philae
approve,openlibrary_OL8394435W,The Parfit Knight
approve,openlibrary_OL8755874W,The Candy Shop War
approve,openlibrary_OL13604666W,America libre
approve,openlibrary_OL15530867W,The Book of Heroes
approve,openlibrary_OL15861W,Enchanted
approve,openlibrary_OL16451378W,The secret of the stone frog
approve,openlibrary_OL16571943W,Circle of heroes
approve,openlibrary_OL16726730W,The girl on the cliff
approve,openlibrary_OL17880854W,August moon
approve,openlibrary_OL17915458W,One fine day
approve,openlibrary_OL17924772W,The wonderful Wizard of Oz
approve,openlibrary_OL19712077W,Flying witch
approve,openlibrary_OL19712734W,Bibliomysteries
approve,openlibrary_OL19714034W,Dinosaur empire!
approve,openlibrary_OL19715969W,Tangled
approve,openlibrary_OL19943248W,Taro and the magic pencil
approve,openlibrary_OL20049125W,Disney Kilala princess
approve,openlibrary_OL20055632W,The honor student at magic high school
approve,openlibrary_OL2029462W,Meanwhile--
approve,openlibrary_OL20357375W,Where the Willow Does Not Weep
approve,openlibrary_OL20800247W,Leave the World Behind
approve,openlibrary_OL20936872W,Detective files
approve,openlibrary_OL21400434W,Baron
approve,openlibrary_OL23222326W,Ice Age
approve,openlibrary_OL2735951W,Spies Beneath Berlin
approve,openlibrary_OL2971412W,The official CIA manual of trickery and deception
approve,openlibrary_OL3474645W,Radar riders
approve,openlibrary_OL5255675W,Duainfey
approve,openlibrary_OL545415W,Tree of Smoke
approve,openlibrary_OL554678W,Magician
approve,openlibrary_OL731614W,Magic Trixie and the dragon
approve,openlibrary_OL102678W,The Piazza Tales and Other Prose Pieces 1839-1860
approve,openlibrary_OL102742W,Piazza Tales
approve,openlibrary_OL111459W,Mysterious
approve,openlibrary_OL111533W,Tears of the Moon
approve,openlibrary_OL1358966W,Portrait of the Artist as a Young Dog
approve,openlibrary_OL14848575W,All through the night
approve,openlibrary_OL14851371W,The serial garden
approve,openlibrary_OL14871878W,Looking for Jake
approve,openlibrary_OL14872530W,Instead of three wishes
approve,openlibrary_OL14906539W,Upon A Midnight Clear
approve,openlibrary_OL15002246W,Abracadabra! Magic with Mouse and Mole
approve,openlibrary_OL15090585W,Walter the Warlock
approve,openlibrary_OL15191042W,Once upon a Dream
approve,openlibrary_OL15653158W,Rhönmärchen
approve,openlibrary_OL16415543W,The orchid house
approve,openlibrary_OL16449859W,Sumi's book
approve,openlibrary_OL16654667W,The Last Girlfriend on Earth
approve,openlibrary_OL17428359W,The Flying Diggers
approve,openlibrary_OL17734216W,Borderlands 5
approve,openlibrary_OL17795073W,Cherished Moments
approve,openlibrary_OL17822154W,The Witch's Vacuum Cleaner
approve,openlibrary_OL17862839W,Tremble
approve,openlibrary_OL17869249W,Sun catcher
approve,openlibrary_OL17911477W,This is how it really sounds
approve,openlibrary_OL17912719W,Dangerous Women
approve,openlibrary_OL17969943W,Sword of Ice and Other Tales of Valdemar  (Tales of Valdemar #1)
approve,openlibrary_OL18179070W,Snowbone
approve,openlibrary_OL1856795W,The velveteen rabbit
approve,openlibrary_OL1858328W,Merlin dreams
approve,openlibrary_OL1907410W,Stompin' at the Savoy
approve,openlibrary_OL1911264W,Champion Rose
approve,openlibrary_OL19323319W,Crime never pays
approve,openlibrary_OL1948560W,Six o'clock tales
approve,openlibrary_OL19663219W,Sands of Nezza
approve,openlibrary_OL1969524W,The Ministry of Special Cases
approve,openlibrary_OL19724217W,New York fantastic
approve,openlibrary_OL19744501W,Onyx & ivory
approve,openlibrary_OL19963936W,Molly Moon & the monster music
approve,openlibrary_OL19984131W,Witchrise
approve,openlibrary_OL20006541W,Lady Emily's exotic journey
approve,openlibrary_OL20013009W,Beatlebone
approve,openlibrary_OL20021510W,Rebel of the sands
approve,openlibrary_OL20022559W,The life of elves
approve,openlibrary_OL2022004W,The Garden Behind the Moon
approve,openlibrary_OL20743273W,You Know You Want This
approve,openlibrary_OL23780W,The best of Marion Zimmer Bradley
approve,openlibrary_OL25520W,Fyrtøjet
approve,openlibrary_OL262057W,Necklace of Raindrops
approve,openlibrary_OL3837726W,The Asey Mayo Trio
approve,openlibrary_OL4317657W,Paul Bowles
approve,openlibrary_OL4473451W,Joey's head
approve,openlibrary_OL45861W,Roald Dahl Treasury
approve,openlibrary_OL462262W,Perilous Seas
approve,openlibrary_OL484561W,"Hair today, gone tomorrow!"
approve,openlibrary_OL491803W,Strangers In The Night
approve,openlibrary_OL5097129W,"The Avalon Collection, Quest for Magic Books 1-3"
approve,openlibrary_OL567485W,Tickle's Tale
approve,openlibrary_OL5708029W,Ophelia's Fan
approve,openlibrary_OL6031030W,Enchanted again
approve,openlibrary_OL8017825W,Birds of Prey
approve,openlibrary_OL82416W,Girl Goddess #9
approve,openlibrary_OL8803488W,The Forgotten Voyage of the H.M.S. Baci
approve,openlibrary_OL1000307W,Book of reality
approve,openlibrary_OL11928975W,The lost island of Tamarind
approve,openlibrary_OL11957439W,Hunter Brown and the secret of the Shadow
approve,openlibrary_OL13622736W,The thief and the beanstalk
approve,openlibrary_OL13760000W,Lord of the dark
approve,openlibrary_OL14851448W,The Whispering Mountain (Wolves #0)
approve,openlibrary_OL14950982W,Wicked beast
approve,openlibrary_OL14962001W,The Gecko and Sticky in-- the villain's lair
approve,openlibrary_OL15182879W,The Millionaire's Misbehaving Mistress
approve,openlibrary_OL15186219W,Soul of the Wildcat
approve,openlibrary_OL15191318W,Midnight Resolutions
approve,openlibrary_OL15191506W,Eros Island
approve,openlibrary_OL15192573W,Dark Embers (Dragon's Heat)
approve,openlibrary_OL15327456W,Fat cat of Underwhere
approve,openlibrary_OL15327480W,Flyboy of Underwhere
approve,openlibrary_OL15616008W,Trundle's Quest (Sundered Lands #1)
approve,openlibrary_OL15707531W,The sorcerer's apprentice
approve,openlibrary_OL15883401W,Masters of disaster
approve,openlibrary_OL16019100W,Return to Quag Keep
approve,openlibrary_OL16342594W,Fascinated
approve,openlibrary_OL16536180W,The Grimm Legacy (The Grimm Legacy #1)
approve,openlibrary_OL16630746W,Song of the Serpent
approve,openlibrary_OL16811560W,Scion's Avalon
approve,openlibrary_OL17382968W,Inconveniently Wed!
approve,openlibrary_OL17397594W,Undone By His Touch
approve,openlibrary_OL17416568W,Caught In The Billionaires Embrace
approve,openlibrary_OL17739367W,Under His Spell
approve,openlibrary_OL17920424W,The mysterious moonstone
approve,openlibrary_OL1800776W,The ghost of Camp Whispering Pines
approve,openlibrary_OL1819353W,The Stars My Destination
approve,openlibrary_OL19702658W,The villain's lair
approve,openlibrary_OL19722899W,The keymaster's quest
approve,openlibrary_OL19988937W,Cronus and the threads of dread
approve,openlibrary_OL19997211W,Crius and the night of fright
approve,openlibrary_OL20326073W,Out of This World
approve,openlibrary_OL20403370W,Yearn
approve,openlibrary_OL20487792W,The Jezebel
approve,openlibrary_OL20837069W,Suitcase of Stars (Enchanted Emporium #1)
approve,openlibrary_OL20915958W,"Bone, fog, ash & star"
approve,openlibrary_OL21109830W,Lost Sword
approve,openlibrary_OL21508403W,Once Is Never Enough
approve,openlibrary_OL21540878W,The Thief of Mirrors (Enchanted Emporium #4)
approve,openlibrary_OL24189127W,Rebel bride
approve,openlibrary_OL24200201W,The monkey king
approve,openlibrary_OL24714759W,The Padisah's Son and the Fox
approve,openlibrary_OL24716821W,The legend of sleepers forest
approve,openlibrary_OL26171574W,Summer spell
approve,openlibrary_OL2754169W,The Stubbornly Secretive Servant
approve,openlibrary_OL278202W,"Heat of the Night (Dream Guardians, Book 2)"
approve,openlibrary_OL2928307W,Race Forever
approve,openlibrary_OL3687816W,911
approve,openlibrary_OL3743840W,Dragon quest
approve,openlibrary_OL3775490W,Sensual Encounter
approve,openlibrary_OL5115827W,The Hairy Horror Trick (Trick Series #7)
approve,openlibrary_OL516804W,The Ancient
approve,openlibrary_OL5204575W,"Walt Disney presents Lt. Robin Crusoe, U.S.N"
approve,openlibrary_OL5714483W,"Into the Mist (The Land of Elyon, #0.5)"
approve,openlibrary_OL5717575W,The Lightning Key
approve,openlibrary_OL5757275W,Turn Left At Sanity
approve,openlibrary_OL5810887W,So many men--
approve,openlibrary_OL5819446W,The adventures of Patty and the big red bus
approve,openlibrary_OL5836235W,The outlandish adventures of Liberty Aimes
approve,openlibrary_OL5836964W,Captive desires
approve,openlibrary_OL76561W,The Magic Walking-Stick
approve,openlibrary_OL7797618W,The Tarzan novels of Edgar Rice Burroughs
approve,openlibrary_OL8120367W,Emma und der blaue Dschinn
approve,openlibrary_OL8368827W,House of Dark Delights
approve,openlibrary_OL8488800W,Moon Shadow
approve,openlibrary_OL9243848W,Cruel Enchantment
approve,openlibrary_OL9467105W,The Cloak of Aphrodite
approve,openlibrary_OL14848930W,Thunder Moon and the Sky People
approve,openlibrary_OL15119425W,Proof by Seduction
approve,openlibrary_OL15174200W,A Taste of Temptation
approve,openlibrary_OL15178385W,"Greek Tycoon, Inexperienced Mistress"
approve,openlibrary_OL15179284W,Hot Spell
approve,openlibrary_OL15190720W,The Sexy Devil
approve,openlibrary_OL16126428W,The doctor and the kid
approve,openlibrary_OL16302431W,The harlot
approve,openlibrary_OL16772679W,The Shy Bride
approve,openlibrary_OL17839834W,Slocum and the witch of Westlake
approve,openlibrary_OL1896467W,The coming of the kid
approve,openlibrary_OL20009756W,Autumn thorns
approve,openlibrary_OL22132700W,Yuma breakout
approve,openlibrary_OL23172004W,Storm bound
approve,openlibrary_OL24294848W,Rebel raiders
approve,openlibrary_OL30752W,Yellow back radio broke-down
approve,openlibrary_OL491794W,The Touch Of Fire
approve,openlibrary_OL5691333W,The Nights Before Christmas
approve,openlibrary_OL8028732W,Stripped
approve,openlibrary_OL8165469W,Cruel Rider
approve,openlibrary_OL8384939W,Adult Origami
approve,openlibrary_OL9467170W,The Barbarian Geisha
approve,openlibrary_OL9481483W,The Cowboy and the Belly Dancer
approve,hardcover_10411,A Conjuring of Light
approve,hardcover_1088283,The Spellshop
approve,hardcover_1421303,Quicksilver
approve,hardcover_197775,Dragon Haven
approve,hardcover_197936,Who Fears Death
approve,hardcover_289044,Midnight Tides
approve,hardcover_362928,Blood of the Fold
approve,hardcover_382142,The Night Watch
approve,hardcover_427559,Spell or High Water
approve,hardcover_428322,The Binding
approve,hardcover_428863,Neon Gods
approve,hardcover_428892,Rhapsodic
approve,hardcover_430942,Down Among the Sticks and Bones
approve,hardcover_432215,Tigana
approve,hardcover_433314,The Republic of Thieves
approve,hardcover_437686,One Day in December
approve,hardcover_437923,Cursor's Fury
approve,hardcover_440987,Magician's Gambit
approve,hardcover_445841,Jade War
approve,hardcover_445842,Jade Legacy
approve,hardcover_445850,Age of Myth
approve,hardcover_445966,The Other Wind
approve,hardcover_445968,A Darkness at Sethanon
approve,hardcover_445980,Silverthorn
approve,hardcover_449039,A Marvellous Light
approve,hardcover_469338,Six Crimson Cranes
approve,hardcover_470914,The Cartographers
approve,hardcover_476479,The Mask of Mirrors
approve,hardcover_524963,Game Changer
approve,hardcover_526694,Heart of the Sun Warrior
approve,hardcover_531720,Manacled
approve,hardcover_552137,The Foxglove King
approve,hardcover_555789,Keeper of Enchanted Rooms
approve,hardcover_58639,The Hammer of Thor
approve,hardcover_66923,The Ruins of Gorlan
approve,hardcover_686110,Divine Rivals
approve,hardcover_80765,Arcanum Unbounded: The Cosmere Collection
approve,hardcover_82110,Pawn of Prophecy
approve,hardcover_860720,The Lost Bookshop
approve,hardcover_926686,Voyage of the Damned
approve,openlibrary_OL14848781W,The black rider and other stories
approve,openlibrary_OL14934302W,My outlaw
approve,openlibrary_OL15689096W,Cheyenne captive
approve,openlibrary_OL17888898W,Echoes of a dead man
approve,openlibrary_OL17915409W,The bully of order
approve,openlibrary_OL18079902W,Blood feud
approve,openlibrary_OL24292987W,Powder River
approve,openlibrary_OL3929002W,The grey horse
approve,openlibrary_OL5687179W,Apache angel
approve,openlibrary_OL5694269W,Hallowe'en Husbands
approve,openlibrary_OL6041206W,Church of the dog
approve,hardcover_105270,Exile
approve,hardcover_1124601,I Cheerfully Refuse
approve,hardcover_119295,A Spell for Chameleon
approve,hardcover_1216180,Avalon Tower
approve,hardcover_1277811,The Sirens
approve,hardcover_1290155,Heretical Fishing
approve,hardcover_1293932,A Monsoon Rising
approve,hardcover_1295276,Bull Moon Rising
approve,hardcover_133741,The Talismans of Shannara
approve,hardcover_138804,Empire of Sand
approve,hardcover_142626,The Source of Magic
approve,hardcover_1491282,Metal Slinger
approve,hardcover_154747,The Sea of Tranquility
approve,hardcover_1613182,Empire of Flame and Thorns
approve,hardcover_1630671,The Society of Unknowable Objects
approve,hardcover_1646459,Rose in Chains
approve,hardcover_171864,Luck in the Shadows
approve,hardcover_1749339,Kiss of the Basilisk
approve,hardcover_175248,Oona Out of Order
approve,hardcover_1767632,Good Spirits
approve,hardcover_1778205,Everybody Wants to Rule the World Except Me
approve,hardcover_186171,Tiger's Curse
approve,hardcover_186986,Forest Mage
approve,hardcover_1993631,The Loneliness of Sonia and Sunny
approve,hardcover_207027,The Enchanted
approve,hardcover_21254,Shaman's Crossing
approve,hardcover_2196720,The Midnight Train
approve,hardcover_241161,Magic's Pawn
approve,hardcover_250412,Summer of Salt
approve,hardcover_253345,So You Want to Be a Wizard
approve,hardcover_254025,Rage of a Demon King
approve,hardcover_256062,The Iron Trial
approve,hardcover_258953,The Little Sisters of Eluria
approve,hardcover_277519,Last Night in Montreal
approve,hardcover_287822,The Ambassador's Mission
approve,hardcover_288859,Seventh Son
approve,hardcover_29618,The Queen's Rising
approve,hardcover_342280,The Last Dragonslayer
approve,hardcover_349327,Trickster's Queen
approve,hardcover_356401,Garden Spells
approve,hardcover_376794,Odd Hours
approve,hardcover_382285,The Book of Speculation
approve,hardcover_384781,Green Rider
approve,hardcover_428354,Down and Out in the Magic Kingdom
approve,hardcover_428378,Reverie
approve,hardcover_428527,What the Wind Knows
approve,hardcover_428640,Wintersong
approve,hardcover_428932,A Vow So Bold and Deadly
approve,hardcover_429000,A Strange Hymn
approve,hardcover_429033,As Old as Time
approve,hardcover_429062,The Guinevere Deception
approve,hardcover_43412,Marlfox
approve,hardcover_435122,The High Lord
approve,hardcover_437545,The Bookshop on the Corner
approve,hardcover_439294,Sailing to Sarantium
approve,hardcover_439352,Across the Green Grass Fields
approve,hardcover_439820,The Summer Tree
approve,hardcover_440080,London Falling
approve,hardcover_440979,Son of the Storm
approve,hardcover_444922,Red Plenty
approve,hardcover_445514,The Diamond Throne
approve,hardcover_445530,City of Bones
approve,hardcover_445555,Spellslinger
approve,hardcover_445924,Cursed
approve,hardcover_446051,Elven Star
approve,hardcover_446125,Shadow of a Dark Queen
approve,hardcover_448228,The Tethered Mage
approve,hardcover_448410,Dreamer's Pool
approve,hardcover_448679,The Queens of Innis Lear
approve,hardcover_448997,The Awakening
approve,hardcover_449553,The Bird and the Sword
approve,hardcover_449947,Minor Mage
approve,hardcover_450849,The Left-Handed Booksellers of London
approve,hardcover_452072,The Storm Crow
approve,hardcover_456053,XOXO
approve,hardcover_458019,The Knight
approve,hardcover_458727,An Artificial Night
approve,hardcover_465109,A Restless Truth
approve,hardcover_465740,Krampus: The Yule Lord
approve,hardcover_469057,Elric: The Sailor on the Seas of Fate
approve,hardcover_469691,A Shadow in Summer
approve,hardcover_51624,The Armored Saint
approve,hardcover_520618,Ruined
approve,hardcover_520964,Wonderland
approve,hardcover_569260,In the Weeds
approve,hardcover_593,Into a Dark Realm
approve,hardcover_599963,The Last Dragon King
approve,hardcover_611123,Promised in Fire
approve,hardcover_61942,Tailchaser's Song
approve,hardcover_635982,Tracers in the Dark: The Global Hunt for the Crime Lords of Cryptocurrency
approve,hardcover_646492,The Path of Ascension 2
approve,hardcover_677569,Fairydale
approve,hardcover_714301,A Fate of Wrath and Flame
approve,hardcover_735358,Witch of Wild Things
approve,hardcover_75756,On the Edge
approve,hardcover_795224,Black River Orchard
approve,hardcover_943285,Queen of Roses
approve,hardcover_972648,Lore of the Wilds
approve,hardcover_108330,The Enchanter Heir
approve,hardcover_110238,Agents of Light and Darkness
approve,hardcover_1201935,The Path of Ascension 5
approve,hardcover_1213157,Bespelled
approve,hardcover_1291,Eragon & Eldest
approve,hardcover_130185,The Girl at Midnight
approve,hardcover_147051,Mystic and Rider
approve,hardcover_1568928,Marble Hall Murders
approve,hardcover_1581199,Terror at the Gates
approve,hardcover_1619128,Go Luck Yourself
approve,hardcover_174583,The Good Man Jesus and the Scoundrel Christ
approve,hardcover_17899,Snow & Rose
approve,hardcover_179236,Never Seduce a Scot
approve,hardcover_1837861,Never Ever After
approve,hardcover_187090,Just Another Judgement Day
approve,hardcover_1906050,As Many Souls as Stars
approve,hardcover_203699,Kissing the Witch
approve,hardcover_2176578,Starside
approve,hardcover_220052,High Wizardry
approve,hardcover_251981,A Crucible of Souls
approve,hardcover_255769,Storm warning
approve,hardcover_2690241,Nightfall and Other Stories
approve,hardcover_286825,Frostfire
approve,hardcover_292082,Dragon Actually
approve,hardcover_308248,Sea Glass
approve,hardcover_310423,Entwined
approve,hardcover_327438,An Accident of Stars
approve,hardcover_328225,Nine Tomorrows
approve,hardcover_335948,Mind Games
approve,hardcover_336954,Sharper Than a Serpent's Tooth
approve,hardcover_347832,Sam's Letters to Jennifer
approve,hardcover_359416,Magic's Price
approve,hardcover_373141,Into the Crooked Place
approve,hardcover_385359,Firstborn
approve,hardcover_429042,What Once Was Mine
approve,hardcover_429869,"Ogre, Ogre"
approve,hardcover_433270,The Wretched of Muirwood
approve,hardcover_434658,The Cat's Table
approve,hardcover_439927,The Mabinogion
approve,hardcover_445478,The Baker's Boy
approve,hardcover_446603,Archmage
approve,hardcover_448244,The Thousand Crimes of Ming Tsu
approve,hardcover_448614,The Lonely Hearts Hotel
approve,hardcover_449008,Tales from the Hinterland
approve,hardcover_449220,Beneath the Citadel
approve,hardcover_449257,Some Kind of Happiness
approve,hardcover_450904,The Other Side of the Sky
approve,hardcover_451076,The Winter Duke
approve,hardcover_451323,The Song of the Quarkbeast
approve,hardcover_451919,Blood Countess
approve,hardcover_457071,Son of the Shadows
approve,hardcover_457755,The Wizard
approve,hardcover_458341,Jimmy and the Crawler
approve,hardcover_458464,The Darkling Child
approve,hardcover_458605,Tower of Thorns
approve,hardcover_459512,Iorich
approve,hardcover_465159,Battle of the Linguist Mages
approve,hardcover_466393,Cold Fire
approve,hardcover_468576,Divided Allegiance
approve,hardcover_468915,The Land of Laughs
approve,hardcover_470522,Carter Beats the Devil
approve,hardcover_474575,Dread Wyrm
approve,hardcover_480538,A Bad Deal for the Whole Galaxy
approve,hardcover_492634,In the Lake of the Woods
approve,hardcover_507175,The Black Unicorn
approve,hardcover_513895,The Zig Zag Girl
approve,hardcover_523920,The Old Man Who Read Love Stories
approve,hardcover_526745,The Next Person You Meet in Heaven
approve,hardcover_545657,Shade's First Rule
approve,hardcover_547364,Dragons of a Fallen Sun
approve,hardcover_56893,The Serpent's Shadow
approve,hardcover_571735,Unsong
approve,hardcover_574729,The Isle of the Lost
approve,hardcover_689288,Fire Night
approve,hardcover_689645,Mountains Made of Glass
approve,hardcover_72720,Heir of Sea and Fire
approve,hardcover_735453,Garden of the Cursed
approve,hardcover_735556,Bitter Medicine
approve,hardcover_767515,The Kingdom of Sweets
approve,hardcover_852956,The Darkness Before Them
approve,hardcover_98253,Roar
approve,hardcover_108939,Reckoning
approve,hardcover_110818,Sword-Dancer
approve,hardcover_123733,Storm Rising
approve,hardcover_128637,The Book of Night with Moon
approve,hardcover_1436703,Galaphile
approve,hardcover_1562870,Return to the DallerGut Dream Department Store
approve,hardcover_1601698,The Sister of the South
approve,hardcover_160957,The Innkeeper's Song
approve,hardcover_180081,Camber of Culdi
approve,hardcover_1801827,And the River Drags Her Down
approve,hardcover_1925736,City of Others
approve,hardcover_195087,Island of Fire
approve,hardcover_197448,First Truth
approve,hardcover_201999,"Whatever You Do, Don't Run: True Tales of a Botswana Safari Guide"
approve,hardcover_209812,The Last Dark
approve,hardcover_217716,The Face in the Frost
approve,hardcover_222747,Mary Stewart's Merlin Trilogy
approve,hardcover_226702,An Echo in the Darkness
approve,hardcover_233931,Brighter Than the Sun
approve,hardcover_234971,Someone to Watch Over Me
approve,hardcover_245479,Days of Blood and Fire
approve,hardcover_263757,The Hand That First Held Mine
approve,hardcover_267285,The Rose and The Beast: Fairy Tales Retold
approve,hardcover_274320,Azure Bonds
approve,hardcover_274975,The Other Typist
approve,hardcover_278178,Traitor's Knot
approve,hardcover_294102,The Zone of Interest: The novel that inspired the Oscar-winning film
approve,hardcover_308189,Splendid
approve,hardcover_335805,The Deptford trilogy
approve,hardcover_339829,Stormrider
approve,hardcover_354974,Phaze Doubt
approve,hardcover_357559,The Gates of Thorbardin
approve,hardcover_373375,Where Rainbows End
approve,hardcover_378746,A Gift of Dragons
approve,hardcover_41553,Champion of the Titan Games
approve,hardcover_428846,Apprentice
approve,hardcover_437812,Fated
approve,hardcover_440520,The Good Luck Charm
approve,hardcover_446257,The Dragon Revenant
approve,hardcover_446268,Out of Phaze
approve,hardcover_449483,The Confession
approve,hardcover_454654,Miranda and Caliban
approve,hardcover_454891,This Rebel Heart
approve,hardcover_458465,The Sorcerer's Daughter
approve,hardcover_461329,The Wrong Dead Guy
approve,hardcover_462052,Magical Midlife Invasion
approve,hardcover_474235,Dust and Light
approve,hardcover_480537,The Worst of All Possible Worlds
approve,hardcover_480592,The Children's Blizzard
approve,hardcover_483091,The Language of Power
approve,hardcover_50825,The Highlander's Touch
approve,hardcover_51547,Kindred Spirits
approve,hardcover_517462,At the End of the Matinee
approve,hardcover_519643,The Gloaming
approve,hardcover_522955,"King, Queen, Knave"
approve,hardcover_560106,"The Night Dance: A Retelling of ""The Twelve Dancing Princesses"""
approve,hardcover_677323,Risuko: A Kunoichi Tale
approve,hardcover_68410,The Door in the Hedge
approve,hardcover_70975,Blue-Eyed Devil
approve,hardcover_735341,Midnight at the Houdini
approve,hardcover_80170,The Black Swan
approve,hardcover_80399,Tiger's Destiny
approve,hardcover_100255,Heart Mate
approve,hardcover_103544,The Shape-Changer's Wife
approve,hardcover_1045454,The Persian Pickle Club
approve,hardcover_105002,Reader and Raelynx
approve,hardcover_1070500,The River of Shadows
approve,hardcover_11594,Matchless: A Christmas Story
approve,hardcover_121924,Thraxas
approve,hardcover_1221629,The Flight of the Horse
approve,hardcover_127099,A Hundred Thousand Worlds
approve,hardcover_1274157,Fated
approve,hardcover_1395288,A Shift in Shadows
approve,hardcover_1421,John Crow's Devil
approve,hardcover_14535,A Morning for Flamingos
approve,hardcover_151339,Rounding the Mark
approve,hardcover_151471,Press Here
approve,hardcover_152636,I Was a Teenage Fairy
approve,hardcover_1801,The Castle Behind Thorns
approve,hardcover_197575,"The City, Not Long After"
approve,hardcover_2118788,Verity Guild
approve,hardcover_213033,The Islands of Chaldea
approve,hardcover_2136340,A Judgement of Powers
approve,hardcover_224391,The Bone Sparrow
approve,hardcover_234154,Always a Witch
approve,hardcover_260311,"The Mislaid Magician; or, Ten Years After"
approve,hardcover_269383,The Everafter War
approve,hardcover_278946,Bones
approve,hardcover_285049,Fade to Black                            Pain Mage Trilogy
approve,hardcover_297446,The Parasites
approve,hardcover_355050,Gates of Paradise
approve,hardcover_364922,The Dawning of a New Age
approve,hardcover_365464,Sleight of Paw
approve,hardcover_373621,The Emperor of Scent
approve,hardcover_40337,Magician's Ward
approve,hardcover_437378,Three O'Clock in the Morning
approve,hardcover_442523,Hav
approve,hardcover_447678,Behind a Mask
approve,hardcover_449406,Beauty and the Beast: Lost in a Book
approve,hardcover_459295,Limits of Power
approve,hardcover_461808,The Day of the Tempest
approve,hardcover_461871,The Hollows Insider
approve,hardcover_468870,Ice Forged
approve,hardcover_474597,The Coming of Wisdom
approve,hardcover_479675,The Survivors
approve,hardcover_485006,The Fall of the Readers
approve,hardcover_485032,The Palace of Glass
approve,hardcover_503149,Manga in Theory and Practice: The Craft of Creating Manga
approve,hardcover_510899,The Centaur's Wife
approve,hardcover_577941,The Sunbird
approve,hardcover_586771,Beauty Sleep
approve,hardcover_587535,The Scarlet Tides
approve,hardcover_648196,From the Teeth of Angels
approve,hardcover_67033,The Pearl of the Soul of the World
approve,hardcover_699486,James Potter and the Morrigan Web
approve,hardcover_70040,Lord of the Silent Kingdom
approve,hardcover_70435,The Fall of the Kings
approve,hardcover_707012,Mrs. Robinson's Disgrace: The Private Diary of a Victorian Lady
approve,hardcover_743011,Believing the Lie
approve,hardcover_764024,Up the Faraway Tree
approve,hardcover_795293,Sethra Lavode
approve,hardcover_80734,Rex Regis
approve,hardcover_85923,The Fox Woman
approve,hardcover_8625,The Tale of Tsar Saltan
approve,a_stranger_in_the_house,A Stranger in the House
approve,breaking_character,Breaking Character
approve,nine_princes_in_amber,Nine Princes In Amber
approve,openlibrary_OL1686633W,Hospitals Make Me Sick Spinechillers Mysteries #11
approve,openlibrary_OL19912966W,Alice
approve,openlibrary_OL4507297W,Creepy Stories
approve,openlibrary_OL81587W,The journals of Eleanor Druse
approve,openlibrary_OL13604181W,Sacrifice
approve,openlibrary_OL15094441W,Nightmare Hour - Time for Terror
approve,openlibrary_OL24208237W,Alle Verhalen
approve,openlibrary_OL3585129W,Funhouse
approve,openlibrary_OL45830W,Skin and Other Stories
approve,openlibrary_OL134371W,Trace
approve,openlibrary_OL134372W,Body of Evidence
approve,openlibrary_OL134378W,Blow Fly
approve,openlibrary_OL14871608W,Body Double
approve,openlibrary_OL14871653W,The Keepsake
approve,openlibrary_OL17064845W,The Narrow Road to the Deep North
approve,openlibrary_OL19061195W,Dans le jardin de l'ogre
approve,openlibrary_OL19766W,Honor Thyself
approve,openlibrary_OL37510149W,Nothing to Lose
approve,openlibrary_OL46903W,A Case of Need
approve,openlibrary_OL813902W,"Ich mach dich gesund, sagte der Bär"
approve,openlibrary_OL134383W,Postmortem
approve,openlibrary_OL17789529W,Breath of iron
approve,openlibrary_OL20768985W,Layla
approve,openlibrary_OL3951517W,The Virgin Suicides (Bloomsbury Classic)
approve,openlibrary_OL5725852W,Faithless
approve,openlibrary_OL112043W,Feed
approve,openlibrary_OL15875364W,Greywalker
approve,openlibrary_OL712019W,Monsieur Pain
approve,openlibrary_OL106730W,The German woman
approve,openlibrary_OL14919630W,While My Sister Sleeps
approve,openlibrary_OL14969984W,Italienska skor
approve,openlibrary_OL16892W,Trial by Fire
approve,openlibrary_OL19573556W,Echoes in Death
approve,openlibrary_OL19742764W,The Verdun Affair
approve,openlibrary_OL2423771W,Man and boy
approve,openlibrary_OL28588005W,Who Wants to Marry a Doctor?
approve,openlibrary_OL4771201W,TV Nurse
approve,openlibrary_OL79517W,The Beacon at Alexandria
approve,openlibrary_OL14956964W,One Tuesday Morning/Beyond Tuesday Morning (911 Series 1-2)
approve,openlibrary_OL17910520W,The law of loving others
approve,openlibrary_OL18199566W,Five Feet Apart
approve,openlibrary_OL18425564W,Aesthetic surgery
approve,openlibrary_OL1911600W,A Cedar Cove Christmas
approve,openlibrary_OL276725W,Unbelievable
approve,openlibrary_OL2816426W,The Vulcan Academy Murders
approve,openlibrary_OL551561W,Born in Death
approve,openlibrary_OL551566W,Promises in Death
approve,openlibrary_OL112895W,Death of a Dentist
approve,openlibrary_OL11901W,A night without stars
approve,openlibrary_OL14872486W,Clinical neurocardiology
approve,openlibrary_OL15221315W,Mind catcher
approve,openlibrary_OL1902476W,The Morcai Battalion
approve,openlibrary_OL1921484W,Enterprise
approve,openlibrary_OL19666155W,Find me
approve,openlibrary_OL19709426W,Transhuman
approve,openlibrary_OL24394870W,I Don't Want to Go to Hospital
approve,openlibrary_OL4279907W,Breast cancer
approve,openlibrary_OL510940W,The Private Patient
approve,openlibrary_OL5737794W,Every patient tells a story
approve,openlibrary_OL8110313W,The real Grey's anatomy
approve,openlibrary_OL8636147W,Emergency action for chemical and biological warfare agents
approve,openlibrary_OL134365W,Point of Origin
approve,openlibrary_OL134375W,Cruel & Unusual
approve,openlibrary_OL134376W,From Potter's Field
approve,openlibrary_OL14858909W,East of the mountains
approve,openlibrary_OL14871607W,"The Apprentice (Jane Rizzoli, Book 2)"
approve,openlibrary_OL14871638W,The Sinner
approve,openlibrary_OL14871646W,"Vanish (Jane Rizzoli, Book 5)"
approve,openlibrary_OL15234130W,Ice Cold
approve,openlibrary_OL157690W,Without mercy
approve,openlibrary_OL16646353W,Bones Are Forever (Temperance Brennan #15)
approve,openlibrary_OL167144W,3rd Degree
approve,openlibrary_OL167145W,The 5th horseman
approve,openlibrary_OL167157W,2nd Chance
approve,openlibrary_OL17308678W,"Alex Cross, run"
approve,openlibrary_OL17867191W,Rizzoli & Isles
approve,openlibrary_OL17872828W,Die again
approve,openlibrary_OL17936241W,Killer Nurse
approve,openlibrary_OL20040147W,Black widow
approve,openlibrary_OL20630338W,"The Sign of the Four, A Scandal in Bohemia and Other Stories [7 works]"
approve,openlibrary_OL2435439W,The Good Husband of Zebra Drive (No. 1 Ladies' Detective Agency Series)
approve,openlibrary_OL24462297W,Couple Found Slain
approve,openlibrary_OL29515W,Claws and effect
approve,openlibrary_OL3377515W,Ardor in the Court!
approve,openlibrary_OL40740W,Las raíces del mal = The Twisted Root
approve,openlibrary_OL5851338W,Body brokers
approve,openlibrary_OL773997W,Cape May Court House
approve,openlibrary_OL79331W,No second chance
approve,openlibrary_OL9568778W,Savvy
approve,openlibrary_OL15181634W,Noah's Compass
approve,openlibrary_OL15414614W,Family Storms
approve,openlibrary_OL18593058W,Holding still for as long as possible
approve,openlibrary_OL20456753W,Man's 4th Best Hospital
approve,openlibrary_OL2729113W,Suicide notes
approve,openlibrary_OL94266W,One Tuesday morning
approve,openlibrary_OL14911500W,Hetty Feather
approve,openlibrary_OL19923597W,Patrick O'Brian's navy
approve,openlibrary_OL2637625W,Star-Crossed
approve,openlibrary_OL3862732W,The Candy Darlings
approve,openlibrary_OL497894W,A free man of color
approve,openlibrary_OL134363W,The Scarpetta Factor
approve,openlibrary_OL137258W,Foreign body
approve,openlibrary_OL14871622W,Harvest
approve,openlibrary_OL14919502W,Storm prey
approve,openlibrary_OL16137935W,St. Louis hustle
approve,openlibrary_OL18020245W,I Know A Secret
approve,openlibrary_OL19704960W,The stolen ones
approve,openlibrary_OL19753278W,RX
approve,openlibrary_OL19761909W,"My sister, the serial killer"
approve,openlibrary_OL19960438W,Don't go where I can't follow
approve,openlibrary_OL19971964W,"The Complete Peanuts, 1987 to 1988"
approve,openlibrary_OL20005380W,Love Lies Beneath
approve,openlibrary_OL20022567W,The North water
approve,openlibrary_OL504624W,Hiding in the shadows
approve,openlibrary_OL5705729W,The bride collector
approve,openlibrary_OL8756406W,Tokyo Shonen Shojo
approve,openlibrary_OL16442329W,The song remains the same
approve,openlibrary_OL1826040W,Infidelities
approve,openlibrary_OL1989537W,Chapter and Hearse
approve,openlibrary_OL20000811W,The wonder garden
approve,openlibrary_OL21156382W,Trickery
approve,openlibrary_OL5806876W,Anything anywhere anytime
approve,openlibrary_OL15096543W,The Millionaire Boss's Reluctant Mistress
approve,openlibrary_OL15182164W,"Billionaire, M.D."
approve,openlibrary_OL16978095W,Raising Kane
approve,openlibrary_OL17400516W,The Daddy Catch
approve,openlibrary_OL17852007W,Monsieur
approve,openlibrary_OL20829105W,Tempted by the Brooding Surgeon
approve,openlibrary_OL8488816W,Body moves
approve,openlibrary_OL15183979W,Deadly Games
approve,openlibrary_OL17535578W,To Have The Doctors Baby
approve,hardcover_187966,"The Surgeon of Crowthorne: A Tale of Murder, Madness and the Oxford English Dictionary"
approve,hardcover_433181,What Alice Forgot
approve,hardcover_504044,Part of Your World
approve,hardcover_512066,Mad Honey
approve,hardcover_572448,The Locked Door
approve,hardcover_694579,Anatomy: A Love Story
approve,hardcover_872021,Ward D
approve,openlibrary_OL3661540W,Requiem at dawn
approve,openlibrary_OL50804W,One more sunrise
approve,hardcover_1197504,Here One Moment
approve,hardcover_151029,Lover Unbound
approve,hardcover_357938,The Surgeon
approve,hardcover_368596,The Wedding Date
approve,hardcover_378464,Undone
approve,hardcover_429786,Postmortem
approve,hardcover_429824,Cruel and Unusual
approve,hardcover_432334,Bath Haus
approve,hardcover_433520,Twenty Years Later
approve,hardcover_437723,1st to Die
approve,hardcover_453492,Things in jars
approve,hardcover_510363,The Butcher and the Wren
approve,hardcover_526741,The Perfect Child
approve,hardcover_84746,The Last Templar
approve,hardcover_90033,A Case of Need
approve,hardcover_92272,Everything Under
approve,hardcover_1195043,The Fabric of Our Souls
approve,hardcover_197395,Breath
approve,hardcover_222090,Conspiracy in Death
approve,hardcover_242928,The 5th Horseman
approve,hardcover_377609,On What Grounds
approve,hardcover_495005,Cause Of Death
approve,hardcover_62558,The Reluctant Swordsman
approve,hardcover_1619074,Hidden Nature
approve,hardcover_180322,The Voice of the Violin
approve,hardcover_20719,Genesis
approve,hardcover_220922,The Piano Tuner
approve,hardcover_240030,The Memory of Light
approve,hardcover_328930,Marked
approve,hardcover_433448,Late in the Day
approve,hardcover_434571,The Fourth Hand
approve,hardcover_452057,You'll Miss Me When I'm Gone
approve,hardcover_459592,Under Currents
approve,hardcover_477022,The Falls
approve,hardcover_480161,Nothing Lasts Forever
approve,hardcover_542635,Blood Test
approve,hardcover_542657,19th Christmas
approve,hardcover_557921,Chiefs
approve,hardcover_688103,K-Pax
approve,hardcover_884140,The Devil You Know
approve,hardcover_91063,Consumed
approve,hardcover_110325,The  nursing home murder
approve,hardcover_19453,Umbrella
approve,hardcover_504170,The Dark Beneath the Ice
approve,hardcover_543913,Love You Dead
approve,a_dance_with_dragons,A Dance with Dragons
approve,afraid,Afraid
approve,against_a_dark_background,Against A Dark Background
approve,crucible_of_gold,Crucible of Gold
approve,cryptonomicon,Cryptonomicon
approve,dark_run,Dark Run
approve,embedded,Embedded
approve,empire_in_black_and_gold,Empire in Black and Gold
approve,fallen_dragon,Fallen Dragon
approve,his_majestys_dragon,His Majesty's Dragon
approve,hopeless,Hopeless
approve,lives_of_bitter_rain,Lives of Bitter Rain
approve,one_of_us_will_be_dead_by_morning,One of us will be dead by morning
approve,openlibrary_OL17453397W,It Came from 1957
approve,openlibrary_OL17895835W,House of doors
approve,openlibrary_OL19352393W,The Casquette Girls
approve,openlibrary_OL19704917W,The remaining
approve,openlibrary_OL19959657W,Spirits of the season
approve,openlibrary_OL21289720W,Ghosts of War #2
approve,openlibrary_OL5709561W,Ghost soldiers
approve,openlibrary_OL5720869W,Bloodline
approve,orion,Orion
approve,point,Point
approve,quicksilver,Quicksilver
approve,reality_36,Reality 36
approve,the_bastard_legion412,The Bastard Legion
approve,the_big_time,The Big Time
approve,the_city,The City
approve,the_gurkha_and_the_lord_of_tuesday,The Gurkha and the Lord of Tuesday
approve,the_northern_star,The Northern Star: The Beginning
approve,the_reality_of_everything,The Reality of Everything
approve,the_stainless_steel_rat_wants_you,The Stainless Steel Rat Wants You
approve,the_word_for_world_is_forest,The Word for World is Forest
approve,triggers,Triggers
approve,victory_of_eagles,Victory of Eagles
approve,openlibrary_OL14863200W,The best of Ambrose Bierce [69 stories]
approve,openlibrary_OL14863227W,Tales of Soldiers and Civilians and Other Stories [36 stories]
approve,openlibrary_OL14996137W,World Literature
approve,openlibrary_OL15520733W,Always War
approve,openlibrary_OL16810034W,The Shadow Throne
approve,openlibrary_OL17454237W,"The Devil’s Dictionary, Tales, & Memoirs"
approve,openlibrary_OL18008624W,Cain's blood
approve,openlibrary_OL3454858W,White Shark
approve,openlibrary_OL37570368W,The Book of Elsewhere
approve,openlibrary_OL45868W,Someone Like You [18 stories]
approve,openlibrary_OL5745638W,The old English baron
approve,openlibrary_OL7973266W,The Collected Writings of Ambrose Bierce
approve,openlibrary_OL8065891W,More Classics to Read Aloud to Your Children
approve,openlibrary_OL106837W,Mémoires d'Hadrien
approve,openlibrary_OL1154715W,Bushidō
approve,openlibrary_OL1209288W,Im Westen nichts Neues
approve,openlibrary_OL137694W,Nicolae
approve,openlibrary_OL14909463W,The things a brother knows
approve,openlibrary_OL15942060W,The Affair
approve,openlibrary_OL16307W,Barry Lyndon
approve,openlibrary_OL17749903W,Defy the Stars
approve,openlibrary_OL18155012W,Classics of children's literature. Third edition
approve,openlibrary_OL18193108W,Casebook of Sherlock Holmes (Adventure of the Blue Carbuncle / Adventure of the Speckled Band / Hound of the Baskervilles / Scandal in Bohemia / Study in Scarlet)
approve,openlibrary_OL193645W,The Looming Tower
approve,openlibrary_OL1944653W,The Tuskegee airmen
approve,openlibrary_OL19727250W,Nagrada
approve,openlibrary_OL1982365W,The Buffalo soldiers and the American West
approve,openlibrary_OL2004614W,Ceremony
approve,openlibrary_OL20096193W,The Ghosts of Eden Park
approve,openlibrary_OL20873838W,Honey Girl
approve,openlibrary_OL23165W,Novels (Cannery Row / East of Eden / Grapes of Wrath / Moon is Down / Of Mice and Men)
approve,openlibrary_OL2343325W,The little shepherd of Kingdom Come
approve,openlibrary_OL2379530W,Postcards from No Man's Land
approve,openlibrary_OL24314579W,Facing the Mountain
approve,openlibrary_OL24477958W,Killing Floor
approve,openlibrary_OL25397W,Fairy Tales and Stories
approve,openlibrary_OL262595W,The Adventures of Gerard
approve,openlibrary_OL2689181W,Vietnam war stories
approve,openlibrary_OL276395W,Washington Square
approve,openlibrary_OL279290W,Troilus and Criseyde
approve,openlibrary_OL2954222W,Parvana (The Breadwinner #1)
approve,openlibrary_OL3000715W,From Here to Eternity
approve,openlibrary_OL3261155W,Outlander
approve,openlibrary_OL37897530W,Never Go Back
approve,openlibrary_OL3961830W,Hemingway's genders
approve,openlibrary_OL44995W,Far from the Madding Crowd
approve,openlibrary_OL472458W,A Caribbean Mystery
approve,openlibrary_OL49488W,Ender's Game
approve,openlibrary_OL52940W,The Hard Way
approve,openlibrary_OL52946W,Tripwire
approve,openlibrary_OL52947W,Bad Luck and Trouble
approve,openlibrary_OL52955W,Persuader
approve,openlibrary_OL5683854W,Predatory Game
approve,openlibrary_OL5702375W,Three cups of tea
approve,openlibrary_OL63072W,A Farewell to Arms
approve,openlibrary_OL8287177W,The Annotated Sherlock Holmes [2/2]
approve,openlibrary_OL84887W,Trojan Odysey
approve,openlibrary_OL85736W,Doctor No
approve,openlibrary_OL1313851W,Elegiae
approve,openlibrary_OL1487362W,Charlotte Temple
approve,openlibrary_OL15172010W,Night of the Wolves
approve,openlibrary_OL15509069W,Night of the Vampires
approve,openlibrary_OL15598462W,Frostfire
approve,openlibrary_OL16240610W,Big bad beast
approve,openlibrary_OL1647068W,Soldados de Salamina
approve,openlibrary_OL175554W,The shimmer
approve,openlibrary_OL17788145W,The Battleimage
approve,openlibrary_OL18145465W,Land of the dead
approve,openlibrary_OL1959516W,"Literature at war, 1914-1940"
approve,openlibrary_OL19810868W,Lover at last
approve,openlibrary_OL20893014W,"Her Perfect Mate (X-Ops, #1)"
approve,openlibrary_OL21136225W,Justice Ascending
approve,openlibrary_OL24212004W,Twice Bitten
approve,openlibrary_OL2919959W,The Things They Carried
approve,openlibrary_OL3288475W,Sentenced to death
approve,openlibrary_OL3550895W,The priest of blood
approve,openlibrary_OL52953W,One Shot
approve,openlibrary_OL5683886W,Dark Guardian
approve,openlibrary_OL8029241W,Unforgiven
approve,openlibrary_OL8126414W,Key to Conspiracy
approve,openlibrary_OL8488689W,The Mane Event
approve,openlibrary_OL8488889W,Frostbite
approve,openlibrary_OL11690073W,Starclimber
approve,openlibrary_OL17373844W,A Taste of Honey
approve,openlibrary_OL17452796W,Bloodfire Quest
approve,openlibrary_OL17797397W,Shield of winter
approve,openlibrary_OL17928720W,Prophecy girl
approve,openlibrary_OL19347195W,"The Anatomy of Curiosity (The Curiosities Series, Book 2)"
approve,openlibrary_OL19356868W,The Escape Artist
approve,openlibrary_OL19634640W,Star Wars - Rebel Rising
approve,openlibrary_OL19710621W,Minecraft
approve,openlibrary_OL3195044W,A secret history
approve,openlibrary_OL5721971W,The Icebound Land
approve,openlibrary_OL77972W,Sea Tales
approve,openlibrary_OL84866W,Atlantis Found
approve,openlibrary_OL857587W,Lituma en los Andes
approve,openlibrary_OL8957967W,Last hope
approve,openlibrary_OL9396795W,Outsourcing Sovereignty
approve,openlibrary_OL9482748W,The eyes of a king
approve,openlibrary_OL119072W,The perfect husband
approve,openlibrary_OL12593W,The robe
approve,openlibrary_OL134333W,The Second World War
approve,openlibrary_OL14933955W,"Splendor (Luxe Series, Book 4)"
approve,openlibrary_OL14963673W,"Tall, Dark And Dangerous"
approve,openlibrary_OL15060052W,Operation Yes
approve,openlibrary_OL157347W,The President's Daughter
approve,openlibrary_OL157534W,Savage Day
approve,openlibrary_OL16334220W,Legend
approve,openlibrary_OL16600075W,Courageous
approve,openlibrary_OL16664819W,The turncoat
approve,openlibrary_OL17820224W,The 14th colony
approve,openlibrary_OL17868082W,A time of change
approve,openlibrary_OL1844035W,Cold Mountain
approve,openlibrary_OL1910978W,Shakespeare's theatre of war
approve,openlibrary_OL19152164W,Lessons of the heart
approve,openlibrary_OL19350542W,Jasmine Nights
approve,openlibrary_OL19735018W,You were never really here
approve,openlibrary_OL19980436W,Texas true
approve,openlibrary_OL19994074W,I'll meet you there
approve,openlibrary_OL20347851W,Just War and the Ethics of Espionage
approve,openlibrary_OL21185295W,PTSD
approve,openlibrary_OL21773670W,Liberty
approve,openlibrary_OL21917148W,Highland Treasure
approve,openlibrary_OL2233665W,Es gibt kein anderes Leben
approve,openlibrary_OL24672855W,"Here, Right Matters"
approve,openlibrary_OL2991481W,Othello
approve,openlibrary_OL3297237W,Comfort woman
approve,openlibrary_OL4092661W,The Spanish Bride
approve,openlibrary_OL5367577W,Born on the Fourth of July
approve,openlibrary_OL5685184W,"Irresistible (The Buchanans, Book 2)"
approve,openlibrary_OL5692801W,Cold pursuit
approve,openlibrary_OL5825574W,Color of the sea
approve,openlibrary_OL5860211W,Small island
approve,openlibrary_OL6048782W,Al-Qaeda
approve,openlibrary_OL6566466W,Crown and mitre
approve,openlibrary_OL737914W,Sonnenblume
approve,openlibrary_OL76845W,"Oh, Johnny"
approve,openlibrary_OL8032429W,The color of courage
approve,openlibrary_OL8097434W,Humane Warfare
approve,openlibrary_OL8110216W,Killer secrets
approve,openlibrary_OL8859417W,Blackwater
approve,openlibrary_OL992492W,El húsar
approve,openlibrary_OL11783559W,SEALed with a kiss
approve,openlibrary_OL12400572W,Torpedoed
approve,openlibrary_OL15171356W,How Beautiful the Ordinary
approve,openlibrary_OL15452623W,The Lotus Eaters
approve,openlibrary_OL16548729W,Sunrise point
approve,openlibrary_OL167362W,Slightly Sinful
approve,openlibrary_OL16813370W,Dear Life
approve,openlibrary_OL17356258W,The Pursuit
approve,openlibrary_OL17627356W,Navy SEAL Dogs
approve,openlibrary_OL17634971W,Rolling Blackouts
approve,openlibrary_OL17862083W,Trust No One
approve,openlibrary_OL17873442W,A Star for Mrs. Blake
approve,openlibrary_OL17926774W,Survivre avec les loups
approve,openlibrary_OL18024147W,The way home
approve,openlibrary_OL1918808W,The passion
approve,openlibrary_OL19347181W,Apprentice in Death
approve,openlibrary_OL19557562W,Starstrike
approve,openlibrary_OL19748587W,The stars at Oktober Bend
approve,openlibrary_OL19764015W,Halo
approve,openlibrary_OL1978137W,Level 7
approve,openlibrary_OL20000768W,Valley of the shadow
approve,openlibrary_OL20001978W,Assassination classroom
approve,openlibrary_OL20339228W,Light Before Day
approve,openlibrary_OL20934954W,Fugitive Atlas
approve,openlibrary_OL24211953W,Flying Angels
approve,openlibrary_OL24561511W,Blind Tiger
approve,openlibrary_OL247075W,Soldiers of Fortune
approve,openlibrary_OL2727376W,Immortal armor
approve,openlibrary_OL4087121W,The Discontented Cavalier
approve,openlibrary_OL4279467W,Whispering Rock
approve,openlibrary_OL4279476W,Paradise Valley
approve,openlibrary_OL467213W,Stars and Stripes in Peril
approve,openlibrary_OL830479W,Revolt in the Desert
approve,openlibrary_OL8536118W,The Diplomat's Wife
approve,openlibrary_OL8621576W,With the Old Breed
approve,openlibrary_OL9483765W,The Last Fighting Tommy
approve,openlibrary_OL12284356W,Pichi pichi pitch
approve,openlibrary_OL13856590W,Black hearts
approve,openlibrary_OL14908230W,For the Win
approve,openlibrary_OL14912765W,Deluge
approve,openlibrary_OL14949644W,Executive intent
approve,openlibrary_OL14979157W,Star Wars - Fate of the Jedi - Backlash
approve,openlibrary_OL15010832W,Companions of the road
approve,openlibrary_OL15988919W,Beyond the frontier
approve,openlibrary_OL16461708W,Insignia
approve,openlibrary_OL16681976W,Night of a thousand Doomsdays
approve,openlibrary_OL17192887W,Reboot
approve,openlibrary_OL17320815W,UnDivided
approve,openlibrary_OL17867106W,Defy the Worlds
approve,openlibrary_OL17878271W,The Venusian gambit
approve,openlibrary_OL1888039W,The zenith angle
approve,openlibrary_OL19354312W,@War: The Rise of the Military-Internet Complex
approve,openlibrary_OL19369697W,The Gradual
approve,openlibrary_OL19710238W,Horizon (Above World #3)
approve,openlibrary_OL19750348W,The mere wife
approve,openlibrary_OL19982559W,Raging heat
approve,openlibrary_OL20000240W,Zeroboxer
approve,openlibrary_OL20046290W,Ethics and cyber warfare
approve,openlibrary_OL20062270W,Star Wars - Thrawn - Treason
approve,openlibrary_OL20810561W,Star Trek The Next Generation - Hearts and Minds
approve,openlibrary_OL2113813W,The fallible fiend
approve,openlibrary_OL21775531W,Destroy Me
approve,openlibrary_OL23192510W,The savior
approve,openlibrary_OL24294850W,Rebel Wing (Rebel Wing #1)
approve,openlibrary_OL261552W,Spook Country
approve,openlibrary_OL27060800W,StarCraft
approve,openlibrary_OL31224W,"The Story of General Dann and Mara's daughter, Griot and the Snow Dog"
approve,openlibrary_OL3567794W,Star Wars - Fate of the Jedi - Outcast
approve,openlibrary_OL4080485W,Space wars
approve,openlibrary_OL4280942W,Voices Prophesying War
approve,openlibrary_OL522223W,Enemies & allies
approve,openlibrary_OL5696521W,Star Trek Vanguard - Summon the Thunder
approve,openlibrary_OL5730139W,Broken Angels
approve,openlibrary_OL59826W,Four Ways to Forgiveness
approve,openlibrary_OL8091739W,"Preventing stress, improving productivity"
approve,openlibrary_OL8135842W,Psy-comm
approve,openlibrary_OL83574W,Dragon and Herdsman
approve,openlibrary_OL83596W,Star Wars - Survivor's Quest
approve,openlibrary_OL84522W,Star Wars - The New Jedi Order - Dark Tide II - Ruin
approve,openlibrary_OL84889W,Valhalla Rising
approve,openlibrary_OL8871282W,Mobile suit Gundam
approve,openlibrary_OL8945224W,Rocketo
approve,openlibrary_OL8982000W,Mobile suit gundam seed astray R
approve,openlibrary_OL115408W,Fatal tide
approve,openlibrary_OL15836851W,Havana
approve,openlibrary_OL16451498W,An unmarked grave
approve,openlibrary_OL167180W,Four Blind Mice
approve,openlibrary_OL16797698W,Private London
approve,openlibrary_OL17502865W,"Technology and the Law on the Use of Force
            
                Routledge Research in International Law"
approve,openlibrary_OL17557653W,Who Shot The Water Buffalo A Novel
approve,openlibrary_OL17823797W,Pirate Alley
approve,openlibrary_OL17871764W,The secret of Raven Point
approve,openlibrary_OL1794668W,When London Burned
approve,openlibrary_OL1976298W,"Victorian travelers and the opening of China, 1842-1907"
approve,openlibrary_OL1978005W,Firewall -- Canadian Book Club
approve,openlibrary_OL19949429W,Spider bones
approve,openlibrary_OL20457356W,Citizen 865
approve,openlibrary_OL2562051W,Carrion colony
approve,openlibrary_OL28767858W,Glass houses
approve,openlibrary_OL3297228W,Uncommon danger
approve,openlibrary_OL41210W,Into the beautiful North
approve,openlibrary_OL41314W,Abner & me
approve,openlibrary_OL43237669W,The Cuban Affair
approve,openlibrary_OL4648479W,Oath betrayed
approve,openlibrary_OL483769W,A question of blood
approve,openlibrary_OL61405W,Knight's Castle (Tales of Magic #2)
approve,openlibrary_OL6220611W,Chantrea Conway's story
approve,openlibrary_OL7989840W,The Sanctuary
approve,openlibrary_OL8026699W,Chroniques birmanes
approve,openlibrary_OL8205086W,Blood From Stones
approve,openlibrary_OL892201W,I'll Always Have Paris
approve,openlibrary_OL9466716W,Storming Las Vegas
approve,openlibrary_OL9825055W,The Lost Boy
approve,openlibrary_OL13255710W,American commodities in an age of empire
approve,openlibrary_OL14958132W,Gentlemen of the road
approve,openlibrary_OL15671724W,Walks in Waziristan
approve,openlibrary_OL16617785W,Hard to have heroes
approve,openlibrary_OL3913748W,"The ""children of Perestroika"" come of age"
approve,openlibrary_OL41471W,Troubling a Star (Austin Family Chronicles #5)
approve,openlibrary_OL526416W,"Darkness, be my friend (Tomorrow #4)"
approve,openlibrary_OL6027803W,You back the attack! We'll bomb who we want!
approve,openlibrary_OL9838945W,Willie & Joe
approve,openlibrary_OL1054090W,The Glass Palace
approve,openlibrary_OL11221643W,The Eye in the Door
approve,openlibrary_OL11384300W,The Whitechapel conspiracy
approve,openlibrary_OL13589W,Dark eagle
approve,openlibrary_OL137282W,Little Big Man
approve,openlibrary_OL13826368W,The red umbrella
approve,openlibrary_OL14847874W,Battle cry
approve,openlibrary_OL14850166W,Woods Runner
approve,openlibrary_OL14854541W,Pirate Hannah Pritchard
approve,openlibrary_OL14866609W,Burying the Sun
approve,openlibrary_OL14927216W,Shanghai girls
approve,openlibrary_OL14932003W,Darkest Hour
approve,openlibrary_OL14953542W,Billy Budd and other prose pieces
approve,openlibrary_OL15105797W,The ghost front
approve,openlibrary_OL15174853W,The Hidden Flame
approve,openlibrary_OL15176763W,The Street Philosopher
approve,openlibrary_OL15189321W,Once Upon a Rose
approve,openlibrary_OL15284140W,The Sword and the Prison
approve,openlibrary_OL15284604W,Partisan
approve,openlibrary_OL15538517W,Mountains stand strong
approve,openlibrary_OL16183562W,Souin Gyokusai seyo!
approve,openlibrary_OL17155637W,The Lost Truth
approve,openlibrary_OL17356858W,And After the Fire
approve,openlibrary_OL17449114W,Goddamn This War
approve,openlibrary_OL17863537W,A medal for Leroy
approve,openlibrary_OL17883772W,Worthless men
approve,openlibrary_OL1816338W,Eyes of the emperor
approve,openlibrary_OL18181043W,The traitor's emblem
approve,openlibrary_OL1822126W,Far bright star
approve,openlibrary_OL1823742W,Flashman and the tiger and other extracts from The Flashman Papers
approve,openlibrary_OL1908895W,The Winter War
approve,openlibrary_OL1925720W,Hart's war
approve,openlibrary_OL19965273W,The boy who said no
approve,openlibrary_OL19969827W,The spymistress
approve,openlibrary_OL20004760W,Like a river
approve,openlibrary_OL20007541W,The Dust That Falls From Dreams
approve,openlibrary_OL20032742W,The white donkey
approve,openlibrary_OL20048395W,Before the war
approve,openlibrary_OL20840W,"The red badge of courage, and other stories"
approve,openlibrary_OL21123195W,Waer
approve,openlibrary_OL21378218W,The dance of death
approve,openlibrary_OL23276W,Sharpe's devil
approve,openlibrary_OL23279W,Sharpe's regiment
approve,openlibrary_OL23289W,Scoundrel (The Thrillers #5)
approve,openlibrary_OL23305W,Sharpe's Eagle
approve,openlibrary_OL2385272W,Caravanas/Caravans
approve,openlibrary_OL2427382W,The last concubine
approve,openlibrary_OL24859287W,Forbidden embrace
approve,openlibrary_OL266834W,Jakob der Lügner
approve,openlibrary_OL2686914W,The thief and the spy
approve,openlibrary_OL2747152W,The Other Side
approve,openlibrary_OL3285801W,The other side of truth
approve,openlibrary_OL3479226W,The Koreas
approve,openlibrary_OL3852121W,Twenty and Ten
approve,openlibrary_OL3899872W,Fiction as fact
approve,openlibrary_OL4783048W,The Bronze Bow
approve,openlibrary_OL48807W,The William Monk mysteries
approve,openlibrary_OL48838W,At Some Disputed Barricade
approve,openlibrary_OL48883W,We Shall Not Sleep
approve,openlibrary_OL4961698W,When Love Commands
approve,openlibrary_OL568590W,Checkmate (Lymond Chronicles)
approve,openlibrary_OL5695219W,The Borrowed Bride
approve,openlibrary_OL5706335W,The Sepoy Mutiny
approve,openlibrary_OL5718773W,Seeing the elephant
approve,openlibrary_OL5725174W,The Memories We Keep
approve,openlibrary_OL57588W,Hannah of Fairfield
approve,openlibrary_OL5779877W,"Loyalty's Haven (Victoria Chronicles, Book 3)"
approve,openlibrary_OL5810109W,Must have been the moonlight
approve,openlibrary_OL5831516W,Forests of the Night
approve,openlibrary_OL6035469W,Washington and Caesar
approve,openlibrary_OL764299W,Rogue warrior II
approve,openlibrary_OL8032172W,Liberty
approve,openlibrary_OL8070950W,Captain Blood
approve,openlibrary_OL8135075W,To Taste Temptation (The Legend of the Four Soldiers)
approve,openlibrary_OL8162789W,Masada
approve,openlibrary_OL817126W,Fatal lies
approve,openlibrary_OL83890W,To the last man
approve,openlibrary_OL83891W,Gone for soldiers
approve,openlibrary_OL83892W,Rise to Rebellion
approve,openlibrary_OL9002504W,Nefertiti
approve,openlibrary_OL12499281W,Waltz with Bashir
approve,openlibrary_OL14959862W,Cat and Mouse
approve,openlibrary_OL14959870W,They are soldiers
approve,openlibrary_OL15181136W,Tom Clancy's Ghost Recon
approve,openlibrary_OL15683134W,Geheime Nachrichtendienste und Funkaufklärung im Zweiten Weltkrieg
approve,openlibrary_OL16213962W,Davy Crockett
approve,openlibrary_OL16263775W,Covert warriors
approve,openlibrary_OL16361369W,Force of nature
approve,openlibrary_OL16521599W,Hunt the wolf
approve,openlibrary_OL16567888W,Signature Wound
approve,openlibrary_OL16802103W,Don't Go
approve,openlibrary_OL16806271W,The Utopia Experiment
approve,openlibrary_OL17124774W,The Escape
approve,openlibrary_OL17335W,The intruders
approve,openlibrary_OL17398017W,Command School
approve,openlibrary_OL17417492W,The Geneva Trap
approve,openlibrary_OL17433947W,Blazing Combat
approve,openlibrary_OL17478017W,Private #1 Suspect
approve,openlibrary_OL17746642W,Hazardous duty
approve,openlibrary_OL17878809W,White plague
approve,openlibrary_OL17903125W,Rebellion and Revolt
approve,openlibrary_OL17962919W,Deeper the Heritage
approve,openlibrary_OL1800611W,Mouse Guard Fall 1152
approve,openlibrary_OL1871582W,Last Day in Vietnam
approve,openlibrary_OL1878594W,Sugar hero
approve,openlibrary_OL19666411W,"Swing it, Sunny!"
approve,openlibrary_OL19712827W,Enigma
approve,openlibrary_OL19848988W,Exit wounds
approve,openlibrary_OL19972976W,Charge of the army eternal
approve,openlibrary_OL19978228W,Wayfaring stranger
approve,openlibrary_OL20026419W,A hero of France
approve,openlibrary_OL20040414W,Such a Lovely Little War
approve,openlibrary_OL20044696W,The Pale House
approve,openlibrary_OL20050146W,The lighthouse
approve,openlibrary_OL20053673W,Use of force
approve,openlibrary_OL20220921W,Betrayal in Berlin
approve,openlibrary_OL20243159W,Robert Ludlum's  The Patriot Attack
approve,openlibrary_OL20431713W,Kusanagi
approve,openlibrary_OL20874531W,Brothers in blood
approve,openlibrary_OL21182494W,The President's Daughter
approve,openlibrary_OL22912W,Wild Fire
approve,openlibrary_OL23326503W,The Red Baron
approve,openlibrary_OL25464748W,Graceling
approve,openlibrary_OL26595734W,Squire
approve,openlibrary_OL28772136W,Power out
approve,openlibrary_OL29329554W,The Secret
approve,openlibrary_OL2939456W,Breaking the Ring
approve,openlibrary_OL3600815W,Keeping watch
approve,openlibrary_OL43031711W,Gone Tomorrow
approve,openlibrary_OL491194W,Orchid Beach
approve,openlibrary_OL556608W,The last prophecy
approve,openlibrary_OL5706338W,Victor and Lords
approve,openlibrary_OL5720537W,The method actors
approve,openlibrary_OL5846037W,The last patriot
approve,openlibrary_OL646614W,JLA
approve,openlibrary_OL6690119W,Strike Force
approve,openlibrary_OL84884W,Serpent
approve,openlibrary_OL8915548W,We Are On Our Own
approve,openlibrary_OL11018911W,Teach us to outgrow our madness
approve,openlibrary_OL12716609W,The Miami Showband massacre
approve,openlibrary_OL1407855W,Dernier de l'Empire
approve,openlibrary_OL14552W,Ocean of Words
approve,openlibrary_OL14863196W,An Occurrence at Owl Creek Bridge
approve,openlibrary_OL14863205W,The collected Civil War stories of Ambrose Bierce [26 stories]
approve,openlibrary_OL14863248W,Ambrose Bierce's Civil War
approve,openlibrary_OL14948599W,The Civil War (The Red Badge of Courage / Tales of Soldiers and Civilians / Uncle Tom's Cabin)
approve,openlibrary_OL14956645W,The Suicide Run
approve,openlibrary_OL15105421W,"The Ghost of John Wayne, and Other Stories"
approve,openlibrary_OL15111714W,Certain jeopardy
approve,openlibrary_OL15287923W,Rainy morning
approve,openlibrary_OL15420222W,Deep Trouble
approve,openlibrary_OL157604W,Violent Enemy
approve,openlibrary_OL16182548W,First Thrills
approve,openlibrary_OL16599873W,Tenth of December
approve,openlibrary_OL17138529W,"Murder, My Dear Watson"
approve,openlibrary_OL19693897W,Chickamauga and other Civil War stories
approve,openlibrary_OL19732585W,Bring out the dog
approve,openlibrary_OL20170W,Plain tales from the hills
approve,openlibrary_OL20647771W,A fool and his money
approve,openlibrary_OL24157862W,Meistererzählungen
approve,openlibrary_OL24843588W,My pack
approve,openlibrary_OL2783379W,Dolphin watch
approve,openlibrary_OL85427W,The 18 Penny Goose
approve,openlibrary_OL11997637W,Able-bodied
approve,openlibrary_OL1418112W,Tarzan the Untamed (Book #7)
approve,openlibrary_OL15137251W,Dark Magic
approve,openlibrary_OL15180756W,Dreaming of Home
approve,openlibrary_OL15186799W,Sexy Devil
approve,openlibrary_OL15189067W,PROMISE OF FOREVER
approve,openlibrary_OL157545W,Sheba
approve,openlibrary_OL16648416W,Red-hot Santa
approve,openlibrary_OL16952926W,"Surrender to Me (Wicked Lovers, # 4)"
approve,openlibrary_OL17443690W,Last Virgin In California Marine Under The Mistletoe
approve,openlibrary_OL17739363W,Sheriff needs a nanny
approve,openlibrary_OL17741064W,Killigan's Island (Disney's Kim Possible #5)
approve,openlibrary_OL17800969W,The rule-breaker
approve,openlibrary_OL17879096W,"Captain America, the first avenger"
approve,openlibrary_OL17915821W,No going back
approve,openlibrary_OL1941951W,The Babel effect
approve,openlibrary_OL21348370W,All Fired Up
approve,openlibrary_OL24270549W,How to seduce a fireman
approve,openlibrary_OL24299399W,¿Solo por honor?
approve,openlibrary_OL26436194W,Hero by night
approve,openlibrary_OL2779808W,The rainbow and the rose
approve,openlibrary_OL29317322W,Erotica from Penthouse
approve,openlibrary_OL30115W,Choose Your Own Adventure - Your Code Name is Jonah
approve,openlibrary_OL4086574W,The Quillan Games (Pendragon #7)
approve,openlibrary_OL41477W,The Arm of the Starfish (O'Keefe Family #1)
approve,openlibrary_OL4927282W,Kingfisher
approve,openlibrary_OL568589W,"Caprice and Rondo (The House of Niccolo, 7)"
approve,openlibrary_OL5686648W,A few good men
approve,openlibrary_OL5813541W,Mercenaries
approve,openlibrary_OL8032252W,Risking It All
approve,openlibrary_OL807136W,Devil's Playground
approve,openlibrary_OL8110207W,Dawn's awakening
approve,openlibrary_OL8110231W,Nauti Nights
approve,openlibrary_OL84894W,Black Wind
approve,openlibrary_OL84918W,Raise the Titanic!
approve,openlibrary_OL11997639W,Overnight sensation
approve,openlibrary_OL15024469W,Into the crossfire
approve,openlibrary_OL15178792W,Her Last Line of Defense
approve,openlibrary_OL15185143W,COMPROMISED
approve,openlibrary_OL15841769W,Bitterroot
approve,openlibrary_OL17388600W,The Littlest Marine The Oldest Living Married Virgin
approve,openlibrary_OL17400534W,Falco The Dark Guardian
approve,openlibrary_OL17457748W,His Unexpectedly
approve,openlibrary_OL17860011W,A SEAL's kiss
approve,openlibrary_OL17882005W,Satan's keyhole
approve,openlibrary_OL17886684W,Robert B. Parker's The bridge
approve,openlibrary_OL18166575W,Whiskey River
approve,openlibrary_OL18279590W,Salvation Gap and other western classics
approve,openlibrary_OL1889772W,The dark island
approve,openlibrary_OL1929205W,Sioux showdown
approve,openlibrary_OL1990730W,Jed McLane and the stranger
approve,openlibrary_OL19981724W,Nauti Enchantress
approve,openlibrary_OL20865725W,Bound to be a Groom
approve,openlibrary_OL21807190W,Murdering Wells
approve,openlibrary_OL22313948W,The dark border
approve,openlibrary_OL22318594W,Furnace flat
approve,openlibrary_OL22645301W,Heart of danger
approve,openlibrary_OL24155878W,Montana skies
approve,openlibrary_OL24179565W,The High Trail
approve,openlibrary_OL24286309W,Misfit Lil hides out
approve,openlibrary_OL24295701W,Ride a savage land
approve,openlibrary_OL24709116W,Saddler's run
approve,openlibrary_OL27060964W,Drifter's end
approve,openlibrary_OL28959140W,Talon
approve,openlibrary_OL2939729W,The Frederick Manfred reader
approve,openlibrary_OL3499383W,Guns of the Palmetto Plains
approve,openlibrary_OL3907980W,The Horses
approve,openlibrary_OL51042W,Crossfire trail
approve,openlibrary_OL555434W,The Frasers - Clay
approve,openlibrary_OL5685213W,Quinn's Woman
approve,openlibrary_OL5805875W,Release
approve,openlibrary_OL5966025W,A History of Barbed Wire
approve,openlibrary_OL8029221W,Hangar 13
approve,openlibrary_OL8030846W,Purchased For Pleasure
approve,openlibrary_OL8052043W,Riding the Storm
approve,openlibrary_OL8052044W,Seduced by the storm
approve,openlibrary_OL8777277W,Undercover (Phantom Corps # 1)
approve,hardcover_1768096,The Everlasting
approve,hardcover_191980,Surface Detail
approve,hardcover_202662,Dread Nation
approve,hardcover_210352,The Burning Bridge
approve,hardcover_251967,The Emperor's Blades
approve,hardcover_283379,All Quiet on the Western Front
approve,hardcover_382242,The Enemy
approve,hardcover_384434,New Spring
approve,hardcover_42612,Ancillary Sword
approve,hardcover_429973,Lethal White
approve,hardcover_445089,The End of All Things
approve,hardcover_445946,The Lions of Al-Rassan
approve,hardcover_458602,The Aeronaut's Windlass
approve,hardcover_482831,What Moves the Dead
approve,hardcover_50772,Speaker for the Dead
approve,hardcover_89213,Ancillary Mercy
approve,openlibrary_OL111363W,A creek called Wounded Knee
approve,openlibrary_OL14854768W,Riches Untold (Chronicles of the Golden Frontier #1)
approve,openlibrary_OL1713489W,Faraway blue
approve,openlibrary_OL17871740W,Adobe Flats
approve,openlibrary_OL18085684W,Wreaths of glory
approve,openlibrary_OL1814915W,The Green Eagle Score (American Crime)
approve,openlibrary_OL1929212W,Slaughter at Buffalo Creek
approve,openlibrary_OL19717244W,The O'Malleys of Texas
approve,openlibrary_OL19979239W,Poison Spring
approve,openlibrary_OL20004556W,Bitter Creek
approve,openlibrary_OL20318971W,Maccallister
approve,openlibrary_OL20644143W,The lawless land
approve,openlibrary_OL20849271W,Ruthless men
approve,openlibrary_OL24176948W,Cougar tracks
approve,openlibrary_OL24270176W,Horse soldier's return
approve,openlibrary_OL50910W,Kilrone
approve,openlibrary_OL50994W,The shadow riders
approve,openlibrary_OL50997W,War Party
approve,openlibrary_OL51057W,Matagorda
approve,openlibrary_OL58295W,God's country
approve,openlibrary_OL6021396W,Missouri son
approve,openlibrary_OL6033896W,Buffalo Gordon on the plains
approve,openlibrary_OL90436W,Dark thicket
approve,hardcover_115566,Summer of Night
approve,hardcover_1201014,The Au Pair Affair
approve,hardcover_1291949,You Weren't Meant to Be Human
approve,hardcover_131473,Dry
approve,hardcover_1390108,Eruption
approve,hardcover_1540,Pirate Latitudes
approve,hardcover_155905,The Forgotten
approve,hardcover_166872,Red Storm Rising
approve,hardcover_167854,Talon
approve,hardcover_168410,Hot Six
approve,hardcover_1718156,Silver Elite
approve,hardcover_18655,The Lions of Lucerne
approve,hardcover_191607,Amazonia
approve,hardcover_217156,Stalingrad
approve,hardcover_220064,Girl at War
approve,hardcover_220764,Extreme Measures
approve,hardcover_231364,Iced
approve,hardcover_23645,The Naked and the Dead
approve,hardcover_383549,Renegade's Magic
approve,hardcover_428320,Reflection
approve,hardcover_433163,First They Killed My Father: A Daughter of Cambodia Remembers
approve,hardcover_441105,Sheepfarmer's Daughter
approve,hardcover_441180,Trading in Danger
approve,hardcover_445504,The Court of Broken Knives
approve,hardcover_459120,Earth's End
approve,hardcover_459138,Revenant Gun
approve,hardcover_461008,The Queen's Army
approve,hardcover_475491,King of Ashes
approve,hardcover_511701,Shrines of Gaiety
approve,hardcover_536364,Edge of Collapse
approve,hardcover_547257,Black Man
approve,hardcover_582419,There Will Come Soft Rains
approve,hardcover_790895,In The Likely Event
approve,hardcover_86856,His Last Bow
approve,hardcover_1076026,Scorpio
approve,hardcover_170920,How to Speak Dragonese
approve,hardcover_1721787,V2: A novel of World War II
approve,hardcover_182034,Horizon
approve,hardcover_192201,The 6th Extinction
approve,hardcover_194993,The Second World War
approve,hardcover_198899,Empire
approve,hardcover_220709,Skinny Dip
approve,hardcover_231618,Summer of '69
approve,hardcover_254517,A Crown Imperilled
approve,hardcover_256355,Rise of the Warrior Cop: The Militarization of America's Police Forces
approve,hardcover_263280,Legacy
approve,hardcover_266183,The Skystone
approve,hardcover_278140,Zodiac
approve,hardcover_294012,These Rebel Waves
approve,hardcover_296682,Tangle of Need
approve,hardcover_296694,War
approve,hardcover_315726,Power Down
approve,hardcover_345811,Under The Eagle
approve,hardcover_348052,Dietland
approve,hardcover_360883,Marque and Reprisal
approve,hardcover_373804,Legacy
approve,hardcover_379324,The Faithful Spy
approve,hardcover_380667,The Atomic City Girls
approve,hardcover_381184,The Women in the Castle
approve,hardcover_383151,Slightly Married
approve,hardcover_433537,Steelstriker
approve,hardcover_438791,Secondborn
approve,hardcover_440540,Undermajordomo Minor
approve,hardcover_440553,Redeployment
approve,hardcover_441211,Cold Welcome
approve,hardcover_446298,March Upcountry
approve,hardcover_446540,Diamantine
approve,hardcover_446950,Dark Space
approve,hardcover_446968,Homeworld
approve,hardcover_456653,The Soldier's Scoundrel
approve,hardcover_458486,Soldier
approve,hardcover_461246,Gameboard of the Gods
approve,hardcover_468189,A Brother's Price
approve,hardcover_498478,Ironclads
approve,hardcover_510268,Going After Cacciato
approve,hardcover_544105,Love in the Afternoon
approve,hardcover_570084,Rebel Queen
approve,hardcover_792030,The Six: The Untold Story of America's First Women Astronauts
approve,hardcover_79529,Dreams of a Dark Warrior
approve,hardcover_837569,The Princess and the Scoundrel
approve,hardcover_884118,Five Brothers
approve,hardcover_109820,Phenomena
approve,hardcover_112039,Skeleton Coast
approve,hardcover_1194391,Counting Miracles: A Novel
approve,hardcover_1310,Orphanage
approve,hardcover_133146,Skyborn
approve,hardcover_14121,The Afghan Campaign
approve,hardcover_1953926,Kingdom of Tomorrow
approve,hardcover_229649,Bloodhype
approve,hardcover_257514,Scholar
approve,hardcover_272965,A Dark-Adapted Eye
approve,hardcover_295574,Going Dark
approve,hardcover_307365,"Your Fathers, Where Are They? and the Prophets, Do They Live Forever?"
approve,hardcover_315243,Flight of the Old Dog
approve,hardcover_339846,Shelter Mountain
approve,hardcover_34748,The Guns of Navarone
approve,hardcover_359445,The Thirteenth House
approve,hardcover_368783,A Year of Marvellous Ways
approve,hardcover_376706,Goliath
approve,hardcover_386747,Island 731
approve,hardcover_429827,The Great Santini
approve,hardcover_432359,They Went Left
approve,hardcover_441112,The Cold Between
approve,hardcover_458292,Shardik
approve,hardcover_458936,Inferno
approve,hardcover_461325,Legion
approve,hardcover_462253,Snakewood
approve,hardcover_472348,Darling Beast
approve,hardcover_475599,The Kremlin Conspiracy
approve,hardcover_477210,Time Siege
approve,hardcover_479267,"Talking Back: Thinking Feminist, Thinking Black"
approve,hardcover_481119,The Whisperers
approve,hardcover_481169,The Trials
approve,hardcover_481943,The Stormcaller
approve,hardcover_484616,Prisoner
approve,hardcover_503897,At the End of Everything
approve,hardcover_507364,Gunpowder Moon
approve,hardcover_510406,"I, Sniper"
approve,hardcover_558816,The Speaker
approve,hardcover_615874,Front Lines
approve,hardcover_633531,Striking the Balance
approve,hardcover_680282,Ascendant
approve,hardcover_845943,Halo : Mortal Dictata Book Three of the Kilo-Five Trilogy
approve,hardcover_90973,The Kill List
approve,hardcover_943071,The Crooked Staircase
approve,hardcover_1099754,Purple Hearts
approve,hardcover_1312488,Crystal World
approve,hardcover_1449637,Scorpion
approve,hardcover_151918,The Escape
approve,hardcover_177913,Terminal
approve,hardcover_2260,Centurion
approve,hardcover_239620,Warriors Don't Cry
approve,hardcover_244114,Hitler's War
approve,hardcover_310505,The First World War
approve,hardcover_314580,Ninth City Burning
approve,hardcover_337865,Grenade
approve,hardcover_33951,Slow Apocalypse
approve,hardcover_34547,The People's Act of Love
approve,hardcover_379865,Island of a Thousand Mirrors
approve,hardcover_382410,The Clone Republic
approve,hardcover_435134,A German Requiem
approve,hardcover_435426,The Hunters
approve,hardcover_436160,Call Me American: A Memoir
approve,hardcover_451473,Journalism
approve,hardcover_458742,A Peace Divided
approve,hardcover_468540,Undercity
approve,hardcover_477718,Over My Dead Body
approve,hardcover_481238,The Eagle's Prey
approve,hardcover_50299,Tokyo Year Zero
approve,hardcover_510405,Dead Zero
approve,hardcover_510408,The 47th Samurai
approve,hardcover_557715,To Die But Once
approve,hardcover_633532,Upsetting the Balance
approve,hardcover_655849,Shock & Awe
approve,hardcover_76358,Once Upon a Prince
approve,hardcover_766716,Uniform Justice
approve,hardcover_781786,Pandaemonium
approve,hardcover_813859,The Hollywood Spy
approve,a_serpent_uncoiled,A Serpent Uncoiled
approve,amongst_our_weapons,Amongst Our Weapons
approve,an_unwanted_guest,An Unwanted Guest
approve,and_then_there_were_none,And Then There Were None
approve,attack_surface,Attack Surface
approve,aurora_rising,Aurora Rising
approve,aurora_s_angel,Aurora’s Angel
approve,believe_me,Believe Me
approve,beyond_the_shadows,Beyond The Shadows
approve,big_little_lies,Big Little Lies
approve,camera_obscura,Camera Obscura
approve,fifth_season,The Fifth Season
approve,foxglove,Foxglove
approve,girl_with_dragon_tattoo,The Girl with the Dragon Tattoo
approve,good_bad_girl,Good Bad Girl
approve,his_hers,His & Hers
approve,hunter_s_way,Hunter’s Way
approve,jack_glass,Jack Glass
approve,king_rat,King Rat
approve,kinsman,Kinsman
approve,knives_out_book,The Thursday Murder Club
approve,lock_in,Lock In
approve,malice,Malice
approve,memory_called_empire,A Memory Called Empire
approve,moodreads_6207,Descendant of the Crane
approve,mystery,Mystery
approve,nevernight,Nevernight
approve,nocturnal,Nocturnal
approve,not_a_happy_family,Not a Happy Family
approve,openlibrary_OL1000795W,Remember Me 2
approve,openlibrary_OL121764W,Ghost walk
approve,openlibrary_OL15078833W,Art in the Blood
approve,openlibrary_OL15093915W,The Second Evil
approve,openlibrary_OL15854682W,"Aunt Dimity, detective"
approve,openlibrary_OL15870126W,Shadows over Baker Street
approve,openlibrary_OL16298896W,Red rain
approve,openlibrary_OL16362841W,Haven
approve,openlibrary_OL16590W,Deadlier than the pen
approve,openlibrary_OL16682089W,The Murders in the Rue Morgue [adaptation]
approve,openlibrary_OL17596744W,Chophouse
approve,openlibrary_OL18178626W,Shadow people
approve,openlibrary_OL18181780W,Reviver
approve,openlibrary_OL19360836W,The Twisted Ones
approve,openlibrary_OL19401492W,San Francisco Thrillers
approve,openlibrary_OL1947862W,Starr Bright will be with you soon
approve,openlibrary_OL19650047W,Things Half In Shadow (Thorndike Press Large Print Crime Scene)
approve,openlibrary_OL19781625W,1922
approve,openlibrary_OL19976643W,Prayer
approve,openlibrary_OL21204504W,Lifeblood
approve,openlibrary_OL23304711W,The body-snatcher
approve,openlibrary_OL24228485W,Creatures of Passage
approve,openlibrary_OL25460336W,The Overnight Guest
approve,openlibrary_OL273540W,The Works of Edgar Allan Poe in Five Volumes - Volume One (Balloon-Hoax / Four Beasts in One / Gold-Bug / Ms. Found in a Bottle / Murders in the Rue Morgue / Mystery of Marie Roget / Oval Portrait / Unparalleled Adventure of One Hans Pfaall)
approve,openlibrary_OL2948099W,Brand new cherry flavor
approve,openlibrary_OL3281045W,Candles burning
approve,openlibrary_OL3503924W,Stories to be Read with the Door Locked
approve,openlibrary_OL3518303W,The Séance
approve,openlibrary_OL3898984W,Ghost Cat
approve,openlibrary_OL3928198W,The Whitechapel Horrors
approve,openlibrary_OL5712734W,The strange case of Dr. Jekyll and Mr. Hyde
approve,openlibrary_OL6583030W,The Elements of the Short Story
approve,openlibrary_OL72314W,Fear Street Superchiller - The New Year's Party
approve,openlibrary_OL72375W,The Cheater
approve,openlibrary_OL72384W,Fear Street - Halloween Party
approve,openlibrary_OL8109748W,Purr-Fect Crime
approve,openlibrary_OL8951067W,The Devil's Racket
approve,openlibrary_OL92638W,Dr. Jekyll and Mr. Holmes
approve,poison,Poison
approve,sea_of_rust,Sea of Rust
approve,second_life,Second Life
approve,smoke,Smoke
approve,someone_we_know,Someone We Know
approve,sunbringer,Sunbringer
approve,the_chosen_seed,The Chosen Seed
approve,the_city_the_city,The City & the City
approve,the_cure,The Cure
approve,the_demolished_man,The Demolished Man
approve,the_dragon_on_the_border,The Dragon on the Border
approve,the_face_of_fear,The Face of Fear
approve,the_final_testimony_of_raphael_ignatius_phoenix,The Final Testimony of Raphael Ignatius Phoenix
approve,the_fury,The Fury
approve,the_kill_order,The Kill Order
approve,the_king_of_the_crags,The King of the Crags
approve,the_likeness,The Likeness
approve,the_man_from_primrose_lane,The Man from Primrose Lane
approve,the_player_of_games,The Player of Games
approve,the_rage_of_dragons,The Rage of Dragons
approve,the_secret_place,The Secret Place
approve,the_seven_deaths_of_evelyn_hardcastle,The Seven Deaths of Evelyn Hardcastle
approve,the_stainless_steel_rat_for_president,The Stainless Steel Rat for President
approve,the_will_of_the_many,The Will of the Many
approve,the_year_of_the_flood,The Year of the Flood
approve,tomorrow_the_killing,Tomorrow the Killing
approve,traitors_blade,Traitor's Blade
approve,unbreakable,Unbreakable
approve,velocity,Velocity
approve,openlibrary_OL1000741W,Remember Me
approve,openlibrary_OL10243891W,Get Spooked! Terrifying Tales Untold
approve,openlibrary_OL103180W,A graveyard for lunatics
approve,openlibrary_OL108823W,"The Case of the Missing Marquess (Enola Holmes, #1)"
approve,openlibrary_OL114292W,Lost boy lost girl
approve,openlibrary_OL11766231W,The Kurosagi corpse delivery service
approve,openlibrary_OL121754W,The séance
approve,openlibrary_OL13751135W,Let the right one in
approve,openlibrary_OL14937918W,18 Best Stories
approve,openlibrary_OL14937931W,The Best Known Works of Edgar Allan Poe
approve,openlibrary_OL14937971W,"Edgar Allan Poe Reader [13 stories, 18 poems]"
approve,openlibrary_OL14937972W,Edgar Allan Poe's Tales (Cask of Amontillado / Descent into the Maelstrom / Gold Bug / Masque of the Red Death / Murders in the Rue Morgue / Mystery of Marie Roget / Pit and the Pendulum)
approve,openlibrary_OL14937997W,"Ghostly Tales and Eerie Poems of Edgar Allan Poe [14 stories, 9 poems]"
approve,openlibrary_OL14938006W,Histoires extraordinaires d'Edgar A. Poe (Balloon-Hoax / Descent Into the Maelstrom / Facts in the Case of M. Valdemar / Gold-Bug / Ligeia / Mesmeric Revelation / Metzengerstein / Morella / Ms. Found in a Bottle / Murders in the Rue Morgue / Mystery of Marie Roget / Philosophy of Composition / Purloined Letter / Tale of the Ragged Mountains / Unparalleled Adventure of One Hans Pfaall)
approve,openlibrary_OL14938080W,"The Raven and Other Writings [13 stories, 16 poems]"
approve,openlibrary_OL14938088W,Selected Poems & Tales
approve,openlibrary_OL14938092W,Selected Tales of Edgar Allan Poe
approve,openlibrary_OL14938101W,Selections from the Prose Tales of Edgar Allan Poe (Assignation / Cask of Amontillado / Descent Into the Maelstrom / Fall of the House of Usher / Gold-Bug / Ligeia / Masque of the Red Death / Murders in the Rue Morgue / Pit and the Pendulum / Silence / William Wilson)
approve,openlibrary_OL14938102W,Seltsame Geschichten (Balloon-Hoax / Descent into the Maelström / Facts in the Case of M. Valdemar / Gold-Bug / Murders in the Rue Morgue / Mystery of Marie Roget / Purloined Letter / Tell-Tale Heart)
approve,openlibrary_OL14938116W,Tales of Horror and Suspense (Cask of Amontillado / Fall of the House of Usher / Gold-Bug / Murders in the Rue Morgue / Pit and the Pendulum / Purloined Letter / Tell-Tale Heart / William Wilson)
approve,openlibrary_OL14938126W,Thirty-Two Stories
approve,openlibrary_OL14955288W,The Secret of Laurel Oaks
approve,openlibrary_OL15211716W,The strange case of Dr Jekyll and Mr Hyde and other tales of terror
approve,openlibrary_OL15215427W,"The Illustrated Edgar Allan Poe [15 stories, 1 poem]"
approve,openlibrary_OL15645821W,The Black Cat and Other Tales (Descent Into the Maelstrom / Black Cat / Cask of Amontillado / Murders in the Rue Morgue / Pit and the Pendulum / Raven)
approve,openlibrary_OL15645903W,"Edgar Allan Poe Collection [10 stories, 4 poems]"
approve,openlibrary_OL15645998W,La caída de la casa Usher y otros cuentos (Facts in the Case of M. Valdemar / Fall of the House of Usher / Ligeia / Masque of the Red Death / Ms. Found in a Bottle / Murders in the Rue Morgue / Oval Portrait / William Wilson)
approve,openlibrary_OL15646098W,"Major Tales and Poems [24 stories, 15 poems]"
approve,openlibrary_OL15646130W,The Raven and the Monkey's Paw
approve,openlibrary_OL15646181W,Tales of Poe (Cask of Amontillado / Descent Into the Maelstrom / Fall of the House of Usher / Murders in the Rue Morgue / Pit and the Pendulum / Purloined Letter / Some Words with a Mummy / Sphinx / William Wilson)
approve,openlibrary_OL15686771W,Shimmer
approve,openlibrary_OL16041642W,Great Ghost Stories
approve,openlibrary_OL16415336W,The Dead and Buried
approve,openlibrary_OL16475179W,Mercy burns
approve,openlibrary_OL16518121W,Velveteen
approve,openlibrary_OL16518134W,13 hangmen
approve,openlibrary_OL16563997W,The madman's daughter
approve,openlibrary_OL16825689W,Cuentos clásicos del norte - Primera Serie (Black Cat / Cask of Amontillado / Descent into the Maelstrom / Fall of the House of Usher / Gold-Bug / Ligeia / Masque of the Red Death / Murders in the Rue Morgue)
approve,openlibrary_OL17073311W,Fear Street Novel - Party Games
approve,openlibrary_OL17081165W,Of Monsters and Madness
approve,openlibrary_OL17516961W,The Essential Edgar Allan Poe (Cask of Amontillado / Facts in the Case of M. Valdemar / Fall of the House of Usher / Masque of the Red Death / Murders in the Rue Morgue / Pit and the Pendulum / Premature Burial / Tell-Tale Heart)
approve,openlibrary_OL17596801W,Unholy Repression
approve,openlibrary_OL17597102W,In the Absence of Sun
approve,openlibrary_OL17622719W,Cuentos de imaginación y misterio (Assignation / Berenice / Black Cat / Cask of Amontillado / Colloquy of Monos and Una / Descent Into the Maelstrom / Facts in the Case of M. Valdemar / Fall of the House of Usher / Gold-Bug / King Pest / Ligeia / Lionizing / Masque of the Red Death / Morella / MS. Found in a Bottle / Murders in the Rue Morgue / Mystery of Marie Roget / Pit and the Pendulum / Premature Burial / Silence / Tell-Tale Heart / William Wilson)
approve,openlibrary_OL17672789W,"Demonic, Dangerous & Deadly"
approve,openlibrary_OL17742435W,The Murders in the Rue Morgue and Other Tales (Fall of the House of Usher / Gold Bug / Murders in the Rue Morgue / Mystery of Marie Roget / Purloined Letter)
approve,openlibrary_OL17762610W,The Golem of Hollywood
approve,openlibrary_OL17767931W,Twelve American Crime Stories
approve,openlibrary_OL17898644W,Zom-B fugitive
approve,openlibrary_OL18011524W,Deep down
approve,openlibrary_OL19145813W,Flight or Fright
approve,openlibrary_OL19337762W,Steampunk Poe (Balloon-Hoax / Bells / City in the Sea / Conqueror Worm / Dream Within a Dream / Fall of the House of Usher / Masque of the Red Death / Murders in the Rue Morgue / Raven / Spectacles / System of Dr. Tarr and Prof. Fether / Tell-Tale Heart / To Helen)
approve,openlibrary_OL19357478W,Tales of Horror (Berenice / Black Cat / Descent into the Maelstrom / Devil in the Belfry / Eleonora / Facts in the Case of M. Valdemar / Fall of the House of Usher / Imp of the Perverse / Ligeia / Man of the Crowd / Masque of the Red Death / Metzengerstein / Morella / MS. Found in a Bottle / Murders in the Rue Morgue / Never Bet the Devil Your Head / Oblong Box / Oval Portrait / Pit and the Pendulum / Premature Burial / Purloined Letter / Some Words with a Mummy / Sphinx / Tale of the Ragged Mountains / Tell-Tale Heart / William Wilson)
approve,openlibrary_OL19364353W,"The Annotated Poe [26 stories, 6 poems]"
approve,openlibrary_OL19623122W,The Vanishing Stair (Truly Devious Book 2)
approve,openlibrary_OL19631260W,Fear Street Novel - Give Me a K-I-L-L
approve,openlibrary_OL19659603W,"Selected Poetry and Tales [28 stories, 17 poems]"
approve,openlibrary_OL19763745W,Nobody's Sweetheart Now
approve,openlibrary_OL19956142W,Tales of Mystery and Horror
approve,openlibrary_OL19963119W,Dead silence
approve,openlibrary_OL20007196W,Ruthless
approve,openlibrary_OL20039486W,Stalking Jack the Ripper
approve,openlibrary_OL20094468W,The Whisper Man
approve,openlibrary_OL20126932W,The Institute
approve,openlibrary_OL20207710W,Luther Strode
approve,openlibrary_OL20633390W,The Black Cat (Black Cat / Cask of Amontillado / Descent Into the Maelstrom / Fall of the House of Usher / Gold-Bug / Masque of the Red Death / Ms. Found in a Bottle / Murders in the Rue Morgue / Mystery of Marie Roget / Oval Portrait / Pit and the Pendulum / Premature Burial / Purloined Letter / Tell-Tale Heart / William Wilson)
approve,openlibrary_OL20693567W,The Selected Works of Edgar Allan Poe
approve,openlibrary_OL20702421W,"Stories & Poems [12 stories, 11 poems]"
approve,openlibrary_OL20805905W,Firekeeper's Daughter
approve,openlibrary_OL20864713W,Exquisite Corpse
approve,openlibrary_OL20869660W,Ghost Stories [35 stories]
approve,openlibrary_OL20890832W,Conflux
approve,openlibrary_OL21407315W,Die Maske des roten Todes und andere Geschichten (Black Cat / Fall of the House of Usher / Hop-Frog / Masque of the Red Death / Murders in the Rue Morgue / Oval Portrait)
approve,openlibrary_OL21715973W,Blood and Salt
approve,openlibrary_OL22072575W,Mystery Tales (Black Cat / Fall of the House of Usher / Gold-Bug / Ligeia / Masque of the Red Death / Murders in the Rue Morgue / Oval Portrait / Purloined Letter / William Wilson)
approve,openlibrary_OL22708002W,Strange Case of Dr Jekyll and Mr Hyde
approve,openlibrary_OL22750349W,"Essential Tales and Poems [25 stories, 18 poems, 1 essay]"
approve,openlibrary_OL2357572W,Favourite Scary Stories from Graveside Al
approve,openlibrary_OL24120W,The Strange Case of Dr. Jekyll and Mr. Hyde
approve,openlibrary_OL24678403W,The Works of the Late Edgar Allan Poe in Four Volumes - I - Tales
approve,openlibrary_OL24824698W,El gato negro y otros cuentos (Berenice / Black Cat / Cask of Amontillado / Descent Into the Maelstrom / Facts in the Case of M. Valdemar / Fall of the House of Usher / Hop-Frog / Ligeia / MS. Found in a Bottle / Pit and the Pendulum / Premature Burial / Tell-Tale Heart)
approve,openlibrary_OL24878970W,The Murders in the Rue Morgue and Other Stories (Assignation / Berenice / Domain of Arnheim / Eleonora / Landor's Cottage / Ligeia / Metzengerstein / Morella / Murders in the Rue Morgue / Mystery of Marie Roget / Purloined Letter / Tell-Tale Heart / William Wilson)
approve,openlibrary_OL24935025W,Novelas y Cuentos (Berenice / Cask of Amontillado / Facts in the Case of M. Valdemar / Four Beasts in One / Hop-Frog / Ligeia / Masque of the Red Death / Murders in the Rue Morgue / Mystery of Marie Roget / Oval Portrait / Pit and the Pendulum / Purloined Letter / System of Dr. Tarr and Prof. Fether)
approve,openlibrary_OL24955662W,Mysteries and Tales of Edgar Allan Poe
approve,openlibrary_OL24973828W,Tales of Mystery & Imagination
approve,openlibrary_OL25158091W,10 Creepiest Stories (Black Cat / Cask of Amontillado / Facts in the Case of M. Valdemar / Fall of the House of Usher / Hop-Frog / Masque of the Red Death / Murders in the Rue Morgue / Pit and the Pendulum / Raven / Tell-Tale Heart)
approve,openlibrary_OL26284681W,"A Classic Crime Collection [12 stories, 22 poems]"
approve,openlibrary_OL263239W,Hideaway
approve,openlibrary_OL26434288W,Cuentos I [33 stories]
approve,openlibrary_OL265953W,Something Upstairs
approve,openlibrary_OL265972W,Wolf Rider
approve,openlibrary_OL27022260W,"The Raven and Other Tales [15 stories, 1 poem]"
approve,openlibrary_OL273458W,"Best of Poe [13 stories, 20 poems]"
approve,openlibrary_OL273461W,Classic Poe (Bells / Berenice / Black Cat / Cask of Amontillado / Fall of the House of Usher / Man Who Was All Used Up / Raven / Tell-Tale Heart)
approve,openlibrary_OL273473W,Cuentos de Horror (Cask of Amontillado / Facts in the Case of M. Valdemar / Fall of the House of Usher / Ms. Found in a Bottle / Murders in the Rue Morgue / Oval Portrait / Pit and the Pendulum / Premature Burial / Tell-Tale Heart)
approve,openlibrary_OL273474W,Cuentos de Horror y Misterio
approve,openlibrary_OL273475W,Der Untergang des Hauses Usher (Assignation / Black Cat / Cask of Amontillado / Descent Into the Maelstrom / Facts in the Case of M. Valdemar / Fall of the House of Usher / Hop-Frog / Man of the Crowd / Masque of the Red Death / MS. Found in a Bottle / Murders in the Rue Morgue / Mystery of Marie Roget / Pit and the Pendulum / Purloined Letter / Tell-Tale Heart / William Wilson)
approve,openlibrary_OL273481W,El escarabajo de oro y otros relatos (Gold-Bug / Murders in the Rue Morgue / Pit and the Pendulum / William Wilson)
approve,openlibrary_OL273484W,The Fall of the House of Usher and Other Tales [15 stories]
approve,openlibrary_OL273508W,"Selected Stories and Poems [10 stories, 17 poems]"
approve,openlibrary_OL273512W,Tales (Black Cat / Colloquy of Monos and Una / Conversation of Eiros and Charmion / Descent Into the Maelstrom / Fall of the House of Usher / Gold-Bug / Lionizing / Man of the Crowd / Mesmeric Revelation / Murders in the Rue Morgue / Mystery of Marie Roget / Purloined Letter)
approve,openlibrary_OL273519W,Cuentos (2) (Cask of Amontillado / Facts in the Case of M. Valdemar / Mystery of Marie Roget / Purloined Letter)
approve,openlibrary_OL273554W,Tales of Edgar Allan Poe
approve,openlibrary_OL276727W,Perfect
approve,openlibrary_OL3917328W,The Wine of Angels
approve,openlibrary_OL40980W,"The Works of Edgar Allan Poe [68 stories, 31 poems]"
approve,openlibrary_OL41004W,"Edgar Allan Poe Stories [27 stories, 8 poems]"
approve,openlibrary_OL41009W,Tales of Suspense
approve,openlibrary_OL41044W,The Unabridged Edgar Allan Poe
approve,openlibrary_OL41059W,The Tell-Tale Heart
approve,openlibrary_OL461914W,Skin Trade
approve,openlibrary_OL461916W,Bloody bones
approve,openlibrary_OL492814W,The Mediator
approve,openlibrary_OL5703712W,My Swordhand Is Singing
approve,openlibrary_OL5727912W,The ghost and Mrs. McClure
approve,openlibrary_OL6798057W,The World of Mystery Fiction
approve,openlibrary_OL8081577W,Driven
approve,openlibrary_OL81592W,Storm of the Century
approve,openlibrary_OL8202629W,Histoires Extraordinaires (Balloon-Hoax / Descent into the Maelstrom / Facts in the Case of M. Valdemar / Gold-Bug / Ligeia / Mesmeric Revelation / Metzengerstein / Morella / MS. Found in a Bottle / Murders in the Rue Morgue / Purloined Letter / Tale of the Ragged Mountains / Unparalleled Adventure of One Hans Pfaall)
approve,openlibrary_OL8297108W,The Illustrated Edgar Allan Poe
approve,openlibrary_OL84784W,The Devil and His Boy
approve,openlibrary_OL859795W,The strange case of Dr. Jekyll and Mr. Hyde
approve,openlibrary_OL8698894W,Tales From 2 A.M
approve,openlibrary_OL92655W,Sherlock Holmes vs. Dracula
approve,openlibrary_OL9761051W,Tales of Terror (Black Cat / Cask of Amontillado / Facts in the Case of M. Valdemar / Fall of the House of Usher / Hop Frog / Masque of the Red Death / Murder in the Rue Morgue / Pit and the Pendulum / Tell Tale Heart)
approve,openlibrary_OL100239W,An American Tragedy
approve,openlibrary_OL100672W,Candide
approve,openlibrary_OL112317W,The Perfect Poison
approve,openlibrary_OL12729W,monster
approve,openlibrary_OL13745255W,The dark days of Hamburger Halpin
approve,openlibrary_OL14869242W,Martin Chuzzlewit
approve,openlibrary_OL14909364W,Luftslottet som sprängdes
approve,openlibrary_OL14914310W,The God of the Hive
approve,openlibrary_OL14920175W,The 9th judgment
approve,openlibrary_OL14922516W,TailSpin
approve,openlibrary_OL14963222W,The Innocent
approve,openlibrary_OL14970034W,Kinesen
approve,openlibrary_OL15221499W,Hero's Guide to Deadly Dragons
approve,openlibrary_OL15688711W,Bloodlands
approve,openlibrary_OL15748935W,Smokin' Seventeen
approve,openlibrary_OL158634W,Vindens son
approve,openlibrary_OL16058063W,Cathy's ring
approve,openlibrary_OL167177W,7th Heaven
approve,openlibrary_OL16810052W,Sycamore Row
approve,openlibrary_OL17124775W,The Serpent of Venice
approve,openlibrary_OL17140057W,Numero zero
approve,openlibrary_OL17309635W,Dust
approve,openlibrary_OL17358381W,As Time Goes By
approve,openlibrary_OL17358384W,Flesh and Blood
approve,openlibrary_OL17670692W,Frog music
approve,openlibrary_OL17724535W,See How They Run
approve,openlibrary_OL17765739W,After I'm gone
approve,openlibrary_OL17826508W,Nemesis
approve,openlibrary_OL17880435W,The Masked Truth
approve,openlibrary_OL17885113W,Garden of Lies
approve,openlibrary_OL19659865W,Festive in Death: 39
approve,openlibrary_OL1978015W,Meltdown
approve,openlibrary_OL20003828W,Silent creed
approve,openlibrary_OL20935W,Adam Bede
approve,openlibrary_OL2257206W,Identity Theft
approve,openlibrary_OL262454W,The Hound of the Baskervilles
approve,openlibrary_OL265958W,The True Confessions of Charlotte Doyle
approve,openlibrary_OL2718328W,The Outsiders
approve,openlibrary_OL2914613W,Acqua Alta (8 Audio CDs)
approve,openlibrary_OL2965102W,The Curious Incident of the Dog in the Night-Time
approve,openlibrary_OL3341160W,Right Behind You
approve,openlibrary_OL455336W,The Marble Faun
approve,openlibrary_OL457936W,The Cat Who Saw Red (A Jim Qwilleran Feline Whodunnit)
approve,openlibrary_OL471576W,Murder on the Orient Express
approve,openlibrary_OL55942W,A Thief of Time
approve,openlibrary_OL77011W,The King of Torts
approve,openlibrary_OL79325W,Drop Shot
approve,openlibrary_OL79339W,The Woods
approve,openlibrary_OL8122279W,The Looking Glass Wars
approve,openlibrary_OL84879W,The Navigator
approve,openlibrary_OL863735W,"Tales of my landlord, Second series. The Heart of Mid-Lothian"
approve,openlibrary_OL112555W,"The Wizard of London (Elemental Masters, Book 4)"
approve,openlibrary_OL14951568W,Pride
approve,openlibrary_OL15165414W,Bengal's Heart
approve,openlibrary_OL15166746W,Abandon the Night
approve,openlibrary_OL15166983W,Vampire Valentine / Hearts Untamed / Kiss and Kill Cupid
approve,openlibrary_OL15169235W,Cody
approve,openlibrary_OL15179553W,Sunrise in a Garden of Love & Evil
approve,openlibrary_OL15361981W,Born to Bite
approve,openlibrary_OL15363904W,Dreams of the Dead (The Waking #1)
approve,openlibrary_OL15399412W,Vanished
approve,openlibrary_OL15532299W,Last Sacrifice
approve,openlibrary_OL15542530W,"Vicious Circle (Persephone Alcmedi, #1)"
approve,openlibrary_OL15662907W,First Grave on the Right
approve,openlibrary_OL16069256W,Aunt Dimity
approve,openlibrary_OL16190778W,Retribution
approve,openlibrary_OL16317676W,Spirit of Seduction
approve,openlibrary_OL16471769W,Patriot acts
approve,openlibrary_OL16580437W,TO DIE OR NOT TO DIE
approve,openlibrary_OL16620040W,Haven
approve,openlibrary_OL16646364W,Three parts dead
approve,openlibrary_OL16677487W,Storm's heart
approve,openlibrary_OL167168W,4th of July
approve,openlibrary_OL17504579W,Firelight
approve,openlibrary_OL17524956W,Air Bound
approve,openlibrary_OL17848042W,River of destiny
approve,openlibrary_OL18167568W,The night is alive
approve,openlibrary_OL18200743W,Edge of Darkness
approve,openlibrary_OL18698312W,Blood ninja
approve,openlibrary_OL19710871W,A panicked premonition
approve,openlibrary_OL19716707W,The trouble with twelfth grave
approve,openlibrary_OL1979141W,Dead by dusk
approve,openlibrary_OL19972362W,Through the smoke
approve,openlibrary_OL19974095W,Ghost medicine
approve,openlibrary_OL19975470W,Promise of shadows
approve,openlibrary_OL19980409W,Her last whisper
approve,openlibrary_OL19981117W,The goodbye witch
approve,openlibrary_OL19992111W,Heart fire
approve,openlibrary_OL20014844W,Wild cat
approve,openlibrary_OL20033294W,Wild embrace
approve,openlibrary_OL20922697W,The Poison Thread
approve,openlibrary_OL21529886W,Possessed by a Warrior
approve,openlibrary_OL22638917W,The dark heroine
approve,openlibrary_OL23319013W,Autumn rose
approve,openlibrary_OL24154155W,Spirit of the Law
approve,openlibrary_OL24267885W,"Graveminder (Graveminder Series, Book 1)"
approve,openlibrary_OL24289959W,On the fringe
approve,openlibrary_OL2671482W,The angel of darkness
approve,openlibrary_OL27591790W,The Viper
approve,openlibrary_OL30144919W,Soul Sign
approve,openlibrary_OL34245W,White Lies
approve,openlibrary_OL3459988W,Fatal charm
approve,openlibrary_OL4321136W,The Little Friend
approve,openlibrary_OL491819W,Killing Time
approve,openlibrary_OL5683889W,Dark Melody
approve,openlibrary_OL5686563W,Hot case
approve,openlibrary_OL5695899W,Unforgettable (Time Travel #6)
approve,openlibrary_OL5715696W,Liar
approve,openlibrary_OL5813554W,The Next
approve,openlibrary_OL5840739W,Vendetta
approve,openlibrary_OL5856186W,Dead men's boots
approve,openlibrary_OL8036957W,Snow Falling on Cedars
approve,openlibrary_OL8047887W,The Dark Companion
approve,openlibrary_OL8110283W,Hunting the Hunter
approve,openlibrary_OL8110285W,The Missing
approve,openlibrary_OL8541667W,Blood Kin (Pinnacle Horror)
approve,openlibrary_OL10834W,Perfume
approve,openlibrary_OL13989W,Sign of the Unicorn
approve,openlibrary_OL14906407W,Wild Fire (Leopard)
approve,openlibrary_OL14906962W,Sunrise
approve,openlibrary_OL14911248W,Nightwalker
approve,openlibrary_OL14955224W,The Shriker
approve,openlibrary_OL15173291W,The Mane Squeeze
approve,openlibrary_OL15381131W,"Deeply, Desperately"
approve,openlibrary_OL15729429W,Timothy and the Dragon's Gate
approve,openlibrary_OL15867391W,Murder Game
approve,openlibrary_OL16615543W,A Temptation of Angels
approve,openlibrary_OL167166W,Violets Are Blue
approve,openlibrary_OL17203415W,Dead Spots
approve,openlibrary_OL17426243W,Feral Nights
approve,openlibrary_OL17473450W,Murder In Vein A Fangincheek Mystery
approve,openlibrary_OL17522089W,Everafter
approve,openlibrary_OL17628541W,The Blackthorn Key
approve,openlibrary_OL17711407W,Copperhead
approve,openlibrary_OL17826219W,The hidden
approve,openlibrary_OL17864100W,"Hush, hush"
approve,openlibrary_OL17883266W,The Amateurs
approve,openlibrary_OL17883311W,The Rome prophecy
approve,openlibrary_OL17906587W,Guile
approve,openlibrary_OL17922956W,Fatal feast
approve,openlibrary_OL18354880W,Lacan at the scene
approve,openlibrary_OL19648403W,Allegiance of honor
approve,openlibrary_OL19720244W,War of the cards
approve,openlibrary_OL19735748W,Code of Honor
approve,openlibrary_OL19738900W,Ash Princess
approve,openlibrary_OL20010760W,The golem of Paris
approve,openlibrary_OL21096734W,Avery
approve,openlibrary_OL27683078W,Azul para las pesadillas
approve,openlibrary_OL29253W,Magic Steps (Circle Opens)
approve,openlibrary_OL29260W,Trickster's Choice
approve,openlibrary_OL457912W,The Cat Who Ate Danish Modern (A Jim Qwilleran Feline Whodunnit)
approve,openlibrary_OL465902W,The Long Patrol
approve,openlibrary_OL46887W,Rising Sun
approve,openlibrary_OL472470W,Curtain
approve,openlibrary_OL4770128W,The adventures of Baron Munchausen
approve,openlibrary_OL47713W,The Life and Death of Jason
approve,openlibrary_OL48010W,White oleander
approve,openlibrary_OL5734768W,Toll the hounds
approve,openlibrary_OL5757591W,The Explosionist
approve,openlibrary_OL6032734W,Cybele's Secret
approve,openlibrary_OL671549W,Raven Quest
approve,openlibrary_OL84115W,The stress of her regard
approve,openlibrary_OL8421798W,Threads
approve,openlibrary_OL121743W,If looks could kill
approve,openlibrary_OL1281850W,The gutter in the sky
approve,openlibrary_OL137397W,The After House
approve,openlibrary_OL14927220W,The Flower Net
approve,openlibrary_OL14934353W,Deadly Deceptions
approve,openlibrary_OL14961076W,The Lies We Told
approve,openlibrary_OL15171441W,Cut & Run
approve,openlibrary_OL15374113W,Port Mortuary
approve,openlibrary_OL15397385W,Farthing
approve,openlibrary_OL15586812W,Desires of the dead
approve,openlibrary_OL15825926W,Detective stories
approve,openlibrary_OL15843041W,Gonna take a homicidal journey
approve,openlibrary_OL15846684W,Boy Toy
approve,openlibrary_OL158685W,Steget efter
approve,openlibrary_OL16021967W,Southern Comfort
approve,openlibrary_OL16035533W,Gateway to Mystery Stories
approve,openlibrary_OL16061933W,Interred with their bones
approve,openlibrary_OL16166285W,Unzipped
approve,openlibrary_OL16343452W,If I should die
approve,openlibrary_OL16451110W,Under the Never Sky
approve,openlibrary_OL16496349W,Love & Loyalty
approve,openlibrary_OL16554817W,The Jew is not my enemy
approve,openlibrary_OL16662774W,The Traitor in the Tunnel
approve,openlibrary_OL167140W,Alibi
approve,openlibrary_OL167161W,The Jester
approve,openlibrary_OL167201W,Something Wicked
approve,openlibrary_OL16810983W,Cast of Criminals
approve,openlibrary_OL16865W,Double minds
approve,openlibrary_OL17263W,The silent woman
approve,openlibrary_OL17268W,The malevolent comedy
approve,openlibrary_OL17402200W,Pike
approve,openlibrary_OL17413644W,The Return Of The Thin Man
approve,openlibrary_OL17896294W,Invincible
approve,openlibrary_OL1923123W,Chill of night
approve,openlibrary_OL19551985W,The Specimen
approve,openlibrary_OL19698W,Ransom
approve,openlibrary_OL19712292W,The diplomat's daughter
approve,openlibrary_OL19728987W,The maze at Windermere
approve,openlibrary_OL20000802W,The Inn at Ocean's Edge
approve,openlibrary_OL20017810W,The Italian wife
approve,openlibrary_OL20059515W,A blessing & a curse
approve,openlibrary_OL20936808W,The Shakespeare secret
approve,openlibrary_OL263965W,Crime Classics
approve,openlibrary_OL2682535W,Revenge in Attic and later tragedy
approve,openlibrary_OL26926W,Fire and Ice
approve,openlibrary_OL28217254W,Portrait of lies
approve,openlibrary_OL2909420W,Snowfall
approve,openlibrary_OL3029934W,In God's name
approve,openlibrary_OL3548364W,Take no prisoners
approve,openlibrary_OL36632W,Jamaica Inn
approve,openlibrary_OL40293W,The Holy Thief
approve,openlibrary_OL4451599W,Turning Point
approve,openlibrary_OL446158W,Origin in Death
approve,openlibrary_OL452768W,Morality play
approve,openlibrary_OL461855W,Dead man's bones
approve,openlibrary_OL471870W,Sad Cypress
approve,openlibrary_OL471974W,Masterpieces of Murder (And Then There Were None / Death on the Nile / The Murder of Roger Ackroyd / Witness for the Prosecution)
approve,openlibrary_OL551572W,Holiday in Death
approve,openlibrary_OL55930W,Sacred Clowns
approve,openlibrary_OL5683334W,Unspoken
approve,openlibrary_OL5693990W,Have you seen her?
approve,openlibrary_OL5713491W,Sleep Toward Heaven
approve,openlibrary_OL5733893W,Upstate
approve,openlibrary_OL59454W,A Suspension of Mercy (Random Acts of Kindness)
approve,openlibrary_OL7412489W,Darkness of Slumber
approve,openlibrary_OL7465351W,Look down in mercy
approve,openlibrary_OL8423432W,Murder on the Leviathan
approve,openlibrary_OL111460W,Naked in Death
approve,openlibrary_OL111635W,True Betrayals
approve,openlibrary_OL112899W,Death of a nag
approve,openlibrary_OL1281928W,Querelle de Brest
approve,openlibrary_OL13852525W,Simeon's story
approve,openlibrary_OL14659W,Lord Of Raven's Peak
approve,openlibrary_OL14954142W,Star Trek - Captain's Blood
approve,openlibrary_OL152319W,Every Breath You Take
approve,openlibrary_OL152323W,Night whispers
approve,openlibrary_OL15916312W,"Ultraviolet (Ultraviolet, #1)"
approve,openlibrary_OL16026532W,On fire
approve,openlibrary_OL167307W,Exclusive
approve,openlibrary_OL16854W,London Fields
approve,openlibrary_OL17895144W,The Liar
approve,openlibrary_OL1850338W,The divide
approve,openlibrary_OL18821976W,The Private School Murders
approve,openlibrary_OL1902472W,Desperado
approve,openlibrary_OL19436256W,The best of Neo-opsis science fiction magazine
approve,openlibrary_OL1961434W,Along came trouble
approve,openlibrary_OL19711497W,The pearl thief
approve,openlibrary_OL19796677W,My Life as a Rat
approve,openlibrary_OL19951894W,The rendering
approve,openlibrary_OL19992837W,The magician's lie
approve,openlibrary_OL20030799W,The angels' share
approve,openlibrary_OL20641107W,Golden in death
approve,openlibrary_OL20942522W,Unconditional love
approve,openlibrary_OL24210325W,Forgotten in Death
approve,openlibrary_OL2538257W,Another Thing to Fall
approve,openlibrary_OL2571790W,The bay at midnight
approve,openlibrary_OL2641345W,A Wreath for Emmett Till
approve,openlibrary_OL31923W,Fried Green Tomatoes at the Whistle Stop Cafe
approve,openlibrary_OL3287381W,Letters of Sacco and Vanzetti
approve,openlibrary_OL34233W,Eye of the Beholder
approve,openlibrary_OL462986W,The Burnt House
approve,openlibrary_OL471713W,Dead Man's Folly
approve,openlibrary_OL480294W,"Star Trek - Double, Double"
approve,openlibrary_OL551585W,Strangers in death
approve,openlibrary_OL5738313W,A Fatal Waltz
approve,openlibrary_OL8270122W,Star Trek The Next Generation - Gulliver's Fugitives
approve,openlibrary_OL8568484W,Fear no evil
approve,openlibrary_OL8942167W,The Black Hand
approve,openlibrary_OL9134641W,Jacob's Courage
approve,openlibrary_OL103207W,Cat in a diamond dazzle
approve,openlibrary_OL109014W,Violence
approve,openlibrary_OL1099545W,The Kip brothers
approve,openlibrary_OL111733W,A darkness more than night
approve,openlibrary_OL119070W,The next accident
approve,openlibrary_OL12724W,Bad love
approve,openlibrary_OL13666W,Skeleton canyon
approve,openlibrary_OL14870346W,Monday mourning
approve,openlibrary_OL14914140W,Legal tender
approve,openlibrary_OL15193346W,"Book One of the Travelers (Pendragon, Before the War #1)"
approve,openlibrary_OL15279071W,Lockdown (Escape from Furnace #1)
approve,openlibrary_OL15330410W,Dead Man's Hand
approve,openlibrary_OL15662421W,The Sixth Man
approve,openlibrary_OL16421115W,Micro
approve,openlibrary_OL16505W,Rogue Planet
approve,openlibrary_OL16547619W,Robert B. Parker's lullaby
approve,openlibrary_OL167142W,The good German
approve,openlibrary_OL16802469W,Screwed
approve,openlibrary_OL17046610W,MaddAdam
approve,openlibrary_OL17046882W,Tomorrow and Tomorrow
approve,openlibrary_OL17198299W,Sherlock Holmes - Gods of War
approve,openlibrary_OL17241W,The silent spirit
approve,openlibrary_OL17514293W,Code
approve,openlibrary_OL17519371W,Newbury & Hobbes - The Executioner's Heart
approve,openlibrary_OL17808769W,Swarm
approve,openlibrary_OL17875712W,The happier dead
approve,openlibrary_OL17897914W,1636
approve,openlibrary_OL1841313W,Star Wars - The New Jedi Order - Edge of Victory II - Rebirth
approve,openlibrary_OL1866925W,The aftermath
approve,openlibrary_OL19540295W,Early Riser
approve,openlibrary_OL19704959W,Death of a policeman
approve,openlibrary_OL19721406W,The lost causes
approve,openlibrary_OL1984974W,Name To a Face
approve,openlibrary_OL19967789W,Blood from a stone
approve,openlibrary_OL20005549W,Deadly desires at Honeychurch Hall
approve,openlibrary_OL20023684W,Huérfanos del narco
approve,openlibrary_OL20028052W,Company Town
approve,openlibrary_OL20046498W,A cast of vultures
approve,openlibrary_OL20063585W,Speaking of Summer
approve,openlibrary_OL21486W,Mother to mother
approve,openlibrary_OL2727035W,Star Wars - Shatterpoint
approve,openlibrary_OL2773869W,I wasn't ready to say goodbye
approve,openlibrary_OL29524W,"Pay dirt, or, Adventures at Ash Lawn"
approve,openlibrary_OL3578007W,The Joshua files
approve,openlibrary_OL36352W,Fatal
approve,openlibrary_OL40647W,Callander Square (Anderson Price Promo)
approve,openlibrary_OL4108011W,Final lap
approve,openlibrary_OL467290W,Make Room! Make Room!
approve,openlibrary_OL46875W,The Terminal Man
approve,openlibrary_OL5696563W,Star Wars - Fate of the Jedi - Omen
approve,openlibrary_OL5718966W,Deception
approve,openlibrary_OL57281W,Blood Ties
approve,openlibrary_OL5729428W,Daylight runner
approve,openlibrary_OL5729927W,Cast of shadows
approve,openlibrary_OL579067W,Space Viking
approve,openlibrary_OL60144W,Dogsbody
approve,openlibrary_OL65723W,A man to slay dragons
approve,openlibrary_OL74204W,A Mist of Prophecies
approve,openlibrary_OL77046W,Whispers of the Dead
approve,openlibrary_OL80028W,On Basilisk Station
approve,openlibrary_OL809765W,Full Circle
approve,openlibrary_OL8122271W,Hatter M Volume One - The Looking Glass Wars
approve,openlibrary_OL8258190W,Star Trek - Klingon
approve,openlibrary_OL8259657W,Flag in Exile
approve,openlibrary_OL8269871W,Star Trek - Enemy Unseen
approve,openlibrary_OL83591W,Star Wars - Outbound Flight
approve,openlibrary_OL8536127W,Silent in the sanctuary
approve,openlibrary_OL106083W,Brighton rock
approve,openlibrary_OL111734W,Angels flight
approve,openlibrary_OL11359487W,Absolution by Murder
approve,openlibrary_OL115526W,Black Betty (Easy Rowlins Mysteries)
approve,openlibrary_OL115930W,The speed queen
approve,openlibrary_OL12069W,A dark-adapted eye
approve,openlibrary_OL12087W,Asta's book
approve,openlibrary_OL12704W,Compulsion
approve,openlibrary_OL12726W,The web
approve,openlibrary_OL12731W,Billy Straight
approve,openlibrary_OL13051W,You belong to me
approve,openlibrary_OL13060W,Daddy's little girl
approve,openlibrary_OL134364W,Book of the Dead
approve,openlibrary_OL134369W,At Risk
approve,openlibrary_OL134385W,Portrait of a Killer
approve,openlibrary_OL134443W,Dark horse
approve,openlibrary_OL13763304W,Friends of the family
approve,openlibrary_OL14079W,The body in the cast
approve,openlibrary_OL1471332W,The Who's Who of Unsolved Murders
approve,openlibrary_OL14857774W,Wrightsville Murders
approve,openlibrary_OL14860175W,A Letter of Mary
approve,openlibrary_OL14860181W,O Jerusalem
approve,openlibrary_OL14860201W,A Monstrous Regiment of Women
approve,openlibrary_OL14864784W,River of darkness
approve,openlibrary_OL14871640W,The Surgeon
approve,openlibrary_OL14920186W,The 8th confession
approve,openlibrary_OL14932646W,Fire and Ice
approve,openlibrary_OL14958417W,"My Sister, My Love"
approve,openlibrary_OL15102450W,No hiding place
approve,openlibrary_OL15105748W,Blood echoes
approve,openlibrary_OL15110510W,Search for the Strangler
approve,openlibrary_OL15131516W,An Absence of Light
approve,openlibrary_OL15132100W,About Face
approve,openlibrary_OL15162415W,Love's blood
approve,openlibrary_OL15173757W,Ladykiller
approve,openlibrary_OL15174438W,Bondi Badlands
approve,openlibrary_OL15174937W,Known to Evil
approve,openlibrary_OL15183865W,Defending Gary
approve,openlibrary_OL15183888W,Connie's Secret
approve,openlibrary_OL15184372W,Mr Big
approve,openlibrary_OL15190440W,The Killing of Caroline Byrne
approve,openlibrary_OL152095W,Heat lightning
approve,openlibrary_OL15352750W,Indulgence in Death
approve,openlibrary_OL15383088W,The Postcard Killers
approve,openlibrary_OL15396505W,The ultimate evil
approve,openlibrary_OL15403294W,The Sleepwalkers
approve,openlibrary_OL15597945W,Prey on Patmos
approve,openlibrary_OL15667666W,Six seconds
approve,openlibrary_OL15673510W,Devious
approve,openlibrary_OL157485W,Midnight Runner
approve,openlibrary_OL15840845W,Vulgar Favors
approve,openlibrary_OL15848306W,The Yale murder
approve,openlibrary_OL158687W,Pyramiden
approve,openlibrary_OL159203W,Breach of Promise (Nina Reilly)
approve,openlibrary_OL15921173W,Now you see me
approve,openlibrary_OL15947482W,Heat rises
approve,openlibrary_OL15951433W,City of secrets
approve,openlibrary_OL15951529W,Dick Francis's Gamble
approve,openlibrary_OL16033642W,"Brutes, beasts and human fiends"
approve,openlibrary_OL16033787W,The torso killer
approve,openlibrary_OL16062012W,When London walked in terror
approve,openlibrary_OL16215427W,Death of an artist
approve,openlibrary_OL16318432W,XO
approve,openlibrary_OL16343384W,"The Chalk Girl (A Mallory Novel, #10)"
approve,openlibrary_OL16469956W,The Sherlockian
approve,openlibrary_OL16480891W,Careless whispers
approve,openlibrary_OL16489867W,The nightmare
approve,openlibrary_OL16547617W,Stolen prey
approve,openlibrary_OL16703W,The case of the runaway corpse
approve,openlibrary_OL167150W,Double Cross
approve,openlibrary_OL167173W,"Mary, Mary"
approve,openlibrary_OL167185W,Jack & Jill
approve,openlibrary_OL167204W,Dead days of summer
approve,openlibrary_OL167219W,Death on Demand
approve,openlibrary_OL16931187W,Post-mortem
approve,openlibrary_OL17048301W,The weight of blood
approve,openlibrary_OL17283721W,Private L.A.
approve,openlibrary_OL17356240W,Accused
approve,openlibrary_OL17358390W,The Gates of Evangeline
approve,openlibrary_OL17411650W,Bad Blood
approve,openlibrary_OL17421171W,Crossbones Yard
approve,openlibrary_OL17490120W,James Bond Choice Of Weapons Three 007 Novels
approve,openlibrary_OL1749768W,Hush little babies
approve,openlibrary_OL175800W,Let Sleeping Dogs Lie
approve,openlibrary_OL17625956W,Hard Cold Winter
approve,openlibrary_OL17697830W,Fear nothing
approve,openlibrary_OL17709869W,Concealed in Death
approve,openlibrary_OL17710619W,I've got you under my skin
approve,openlibrary_OL17748619W,Killer
approve,openlibrary_OL17753379W,Let sleeping dogs lie
approve,openlibrary_OL17767905W,The lady from Zagreb
approve,openlibrary_OL17775258W,Rope
approve,openlibrary_OL17823317W,Deep Winter
approve,openlibrary_OL17827661W,Echoes of my soul
approve,openlibrary_OL17833872W,The setup man
approve,openlibrary_OL17861183W,The steel kiss
approve,openlibrary_OL17861524W,Dance of the bones
approve,openlibrary_OL17883285W,Furious Jones and the assassin's secret
approve,openlibrary_OL17900774W,No shred of evidence
approve,openlibrary_OL17916362W,Assassination!
approve,openlibrary_OL17934682W,Grave doubts
approve,openlibrary_OL18028W,A Woman's Eye
approve,openlibrary_OL18040W,Guardian angel
approve,openlibrary_OL18144258W,Fatal conceit
approve,openlibrary_OL18147497W,Prep school confidential
approve,openlibrary_OL18161593W,Ghost month
approve,openlibrary_OL18170889W,Delivering death
approve,openlibrary_OL18278769W,Without sanctuary
approve,openlibrary_OL18349378W,Emmett Till and the Mississippi press
approve,openlibrary_OL1852567W,The 4 O'clock Murders
approve,openlibrary_OL1855937W,Enduring Love
approve,openlibrary_OL1858266W,While I Was Gone
approve,openlibrary_OL1881691W,The Naked Face
approve,openlibrary_OL19087190W,Murder Games
approve,openlibrary_OL1933639W,Liar
approve,openlibrary_OL19627527W,His Royal Whiskers
approve,openlibrary_OL19637081W,"Blood Will Out: The True Story of a Murder, a Mystery, and a Masquerade"
approve,openlibrary_OL19669891W,His bloody project
approve,openlibrary_OL19670840W,Mississippi blood
approve,openlibrary_OL19671632W,A narco history
approve,openlibrary_OL19707062W,Practice to deceive
approve,openlibrary_OL19710787W,The Ends of the Earth
approve,openlibrary_OL19711766W,Y is for yesterday
approve,openlibrary_OL19740346W,Auntie Poldi and the Sicilian lions
approve,openlibrary_OL19818766W,Ruffly speaking : a dog lover's mystery
approve,openlibrary_OL1985105W,"Crouching Buzzard, Leaping Loon"
approve,openlibrary_OL19965267W,The highway
approve,openlibrary_OL19967882W,The thicket
approve,openlibrary_OL19984663W,The counterfeit heiress
approve,openlibrary_OL19996229W,The Winter Foundlings
approve,openlibrary_OL20001659W,Badlands
approve,openlibrary_OL20003816W,Dexter is dead
approve,openlibrary_OL20011515W,Black-eyed susans
approve,openlibrary_OL20012673W,Naked greed
approve,openlibrary_OL20012997W,Pop goes the weasel
approve,openlibrary_OL20020345W,While the city slept
approve,openlibrary_OL20031806W,A good month for murder
approve,openlibrary_OL20034912W,Trials of the century
approve,openlibrary_OL20036173W,The Mistletoe Murder
approve,openlibrary_OL20037798W,Who killed these girls?
approve,openlibrary_OL20046260W,The blood of Emmett Till
approve,openlibrary_OL20049971W,Mister Memory
approve,openlibrary_OL201031W,Severed
approve,openlibrary_OL20254769W,Shots on the Bridge
approve,openlibrary_OL2035258W,Bath massacre
approve,openlibrary_OL2037261W,Brothers in Blood
approve,openlibrary_OL20596808W,Sidney Sheldon's The Silent Widow
approve,openlibrary_OL20800266W,Moonflower Murders
approve,openlibrary_OL20863101W,Concrete Rose
approve,openlibrary_OL21001W,The Hard Way
approve,openlibrary_OL21074051W,Justice Hall
approve,openlibrary_OL21085318W,Ultimo atto al teatro dell'Opera
approve,openlibrary_OL2157541W,Homicide
approve,openlibrary_OL2167439W,Treasure Island
approve,openlibrary_OL2234807W,Busman's honeymoon
approve,openlibrary_OL2234905W,Strong Poison
approve,openlibrary_OL22898W,The gate house
approve,openlibrary_OL22907W,Up country
approve,openlibrary_OL23300626W,Murder in Battle Creek
approve,openlibrary_OL23558W,The Night Gardener
approve,openlibrary_OL24267080W,The ghost and Mrs. Fletcher
approve,openlibrary_OL24602441W,Targeted
approve,openlibrary_OL2626692W,A criminal injustice
approve,openlibrary_OL26309731W,Weeping Walls
approve,openlibrary_OL2665281W,The Book of the Sleuth
approve,openlibrary_OL2670278W,The Death of Friends
approve,openlibrary_OL2670281W,How Town
approve,openlibrary_OL26909W,Presumed Innocent
approve,openlibrary_OL27033518W,In the Arms of Evil
approve,openlibrary_OL27311029W,Murders to Die For (Murder At the Vicarage / Murder in Mesopotamia / Murder Is Easy / Murder of Roger Ackroyd / Murder on the Links / Murder on the Orient Express / Sleeping Murder)
approve,openlibrary_OL2751814W,Southland
approve,openlibrary_OL276675W,By Their Father's Hand
approve,openlibrary_OL276850W,Redbone
approve,openlibrary_OL27703037W,Perfect victim
approve,openlibrary_OL278089W,The Blue Zone
approve,openlibrary_OL2912296W,The Stalking of Kristin
approve,openlibrary_OL2914652W,A Sea of Troubles
approve,openlibrary_OL29508W,Wish you were here
approve,openlibrary_OL29520W,"Murder at Monticello, or, Old sins"
approve,openlibrary_OL29545W,Six of one
approve,openlibrary_OL3031060W,Cannibalism
approve,openlibrary_OL30817W,Rumpole and the Penge Bungalow Murders
approve,openlibrary_OL3104358W,Berserk!
approve,openlibrary_OL3128353W,To kill and kill again
approve,openlibrary_OL3231049W,A question of guilt
approve,openlibrary_OL3529926W,The Brain Finds a Leg
approve,openlibrary_OL3594523W,Murder on Marble Row
approve,openlibrary_OL3775257W,The Ordeal of Philip Yale Drew
approve,openlibrary_OL38058568W,Postmortem
approve,openlibrary_OL3943080W,A vast amount of trouble
approve,openlibrary_OL40218W,A Morbid Taste for Bones
approve,openlibrary_OL40634W,Belgrave Square (A Victorian Murder Mystery)
approve,openlibrary_OL41245W,Hour Game
approve,openlibrary_OL41924W,Out on a limb
approve,openlibrary_OL41931W,Miracles in Maggody
approve,openlibrary_OL4325274W,Final Truth
approve,openlibrary_OL457926W,The Cat Who Played Post Office (A Jim Qwilleran Feline Whodunnit)
approve,openlibrary_OL457934W,The Cat Who Sang for Birds
approve,openlibrary_OL457949W,The Cat Who Wasn't There
approve,openlibrary_OL458002W,The Cat Who Knew Shakespeare (A Jim Qwilleran Feline Whodunnit)
approve,openlibrary_OL458047W,The cat who talked to ghosts
approve,openlibrary_OL462980W,Straight into Darkness
approve,openlibrary_OL463313W,Silks
approve,openlibrary_OL471577W,Hickory Dickory Death
approve,openlibrary_OL471637W,Cards on the Table
approve,openlibrary_OL471664W,The Sittaford Mystery
approve,openlibrary_OL471667W,Appointment with Death
approve,openlibrary_OL471765W,Murder in Three Acts
approve,openlibrary_OL471921W,The Thirteen Problems
approve,openlibrary_OL471947W,The Big Four
approve,openlibrary_OL472572W,Murder in Mesopotamia
approve,openlibrary_OL47275W,The Thin Man
approve,openlibrary_OL4796353W,Funny money
approve,openlibrary_OL48563W,Someone to watch over me
approve,openlibrary_OL48765W,Paragon Walks
approve,openlibrary_OL48766W,Pentecost Alley
approve,openlibrary_OL48844W,Death in the Devil's Acre
approve,openlibrary_OL4980239W,A Talent to Deceive
approve,openlibrary_OL5102004W,C.B. Greenfield
approve,openlibrary_OL510867W,The Black Tower
approve,openlibrary_OL510872W,Cover Her Face
approve,openlibrary_OL510879W,A Taste for Death
approve,openlibrary_OL5337429W,The 6th Target
approve,openlibrary_OL55903W,Dance Hall of the Dead
approve,openlibrary_OL55904W,The Dark Wind
approve,openlibrary_OL55908W,The Fallen Man (Enhanced CD: Includes Interactive Material on CD-ROM)
approve,openlibrary_OL5591219W,On the Track of Murder
approve,openlibrary_OL5701136W,The coroner's lunch
approve,openlibrary_OL5725693W,Dead run (Monkeewrench #3)
approve,openlibrary_OL5757090W,Something wicked
approve,openlibrary_OL5759257W,Body hunter
approve,openlibrary_OL58114W,The torment of others
approve,openlibrary_OL5822580W,In Silence
approve,openlibrary_OL5897249W,Guilty until proven innocent
approve,openlibrary_OL59482W,Strangers On a Train
approve,openlibrary_OL59489W,Ripley's Game (Ripley #3)
approve,openlibrary_OL6092531W,Bad Blood
approve,openlibrary_OL6677770W,Seductions of crime
approve,openlibrary_OL6843300W,Etched in Arsenic
approve,openlibrary_OL72151W,Gier
approve,openlibrary_OL77054W,Suffer Little Children
approve,openlibrary_OL79316W,Back Spin
approve,openlibrary_OL794064W,Quer pasticciaccio brutto de via Merulana
approve,openlibrary_OL7988979W,Uncle Jack
approve,openlibrary_OL8109992W,Female serial killers
approve,openlibrary_OL8110489W,In Her Own Backyard
approve,openlibrary_OL8163308W,The Boston Strangler
approve,openlibrary_OL8165883W,Every mother's nightmare
approve,openlibrary_OL81969W,Conviction
approve,openlibrary_OL8475917W,The Cruelest Month
approve,openlibrary_OL84908W,The Chase
approve,openlibrary_OL8551055W,Serial killers and mass murderers
approve,openlibrary_OL892093W,No regrets
approve,openlibrary_OL89922W,Cold Hit
approve,openlibrary_OL8993718W,Aruba
approve,openlibrary_OL9006156W,Norfolk
approve,openlibrary_OL9355729W,The False Prophet
approve,openlibrary_OL9915614W,The Murder of Police Officers (Criminal Justice) (Criminal Justice (Lfb Scholarly Publishing Llc).)
approve,openlibrary_OL11884W,Blade
approve,openlibrary_OL12164W,End in Tears
approve,openlibrary_OL13614503W,The Crying Tree
approve,openlibrary_OL13657857W,Scherbenpark
approve,openlibrary_OL14911367W,The Grilling Season  (Goldy Bear Culinary Mystery #7)
approve,openlibrary_OL14911375W,Dark Tort
approve,openlibrary_OL15558500W,Compulsion
approve,openlibrary_OL15680121W,A Well-Kept Family Secret
approve,openlibrary_OL15728472W,The Adventures of Tom Sawyer
approve,openlibrary_OL16012962W,The season
approve,openlibrary_OL16029943W,The Y2K File (Film)
approve,openlibrary_OL16068691W,The PMS murder
approve,openlibrary_OL17875714W,When you leave
approve,openlibrary_OL17912268W,Confessions of a wild child
approve,openlibrary_OL18049W,God bless John Wayne
approve,openlibrary_OL18153652W,Bitter River
approve,openlibrary_OL19720496W,The family lawyer
approve,openlibrary_OL19732660W,City of saviors
approve,openlibrary_OL19966414W,Blood orange
approve,openlibrary_OL20646061W,A Good Girl's Guide to Murder
approve,openlibrary_OL2673905W,Bubbles a broad
approve,openlibrary_OL2673907W,Bubbles betrothed
approve,openlibrary_OL2707443W,The Rosary Girls
approve,openlibrary_OL46478W,Reservation blues
approve,openlibrary_OL48035W,One for the Money
approve,openlibrary_OL48082W,Motor Mouth
approve,openlibrary_OL54147W,"Tom Sawyer, Detective"
approve,openlibrary_OL5857450W,Clubbing (Minx)
approve,openlibrary_OL787996W,Cold skin
approve,openlibrary_OL8552929W,How the Light Gets In
approve,openlibrary_OL1064246W,Memoirs of Arsene Lupin
approve,openlibrary_OL112274W,Chains of Folly
approve,openlibrary_OL112327W,Affair
approve,openlibrary_OL13770153W,The marshal takes a bride
approve,openlibrary_OL14862057W,A world lost
approve,openlibrary_OL14872653W,Death in lacquer red
approve,openlibrary_OL14887W,The chivalry of crime
approve,openlibrary_OL14908935W,Genghis: Lords of the Bow
approve,openlibrary_OL14920128W,Alex Cross's trial
approve,openlibrary_OL14924853W,Crossers (Vintage Contemporaries)
approve,openlibrary_OL15027341W,The devil amongst the lawyers
approve,openlibrary_OL15071144W,Hawksmaid
approve,openlibrary_OL15078694W,The thorne maze
approve,openlibrary_OL15183683W,Rule's Bride
approve,openlibrary_OL15722118W,Blood of the Fathers
approve,openlibrary_OL157265W,Jane and his lordship's legacy
approve,openlibrary_OL157268W,Jane and the genius of the place
approve,openlibrary_OL1587568W,The Obsidian Dagger (Horatio Lyle #2)
approve,openlibrary_OL16064489W,A dead man in Tangier
approve,openlibrary_OL16126174W,Mr. Death's blue-eyed girls
approve,openlibrary_OL16191449W,Hard country
approve,openlibrary_OL16240570W,Vienna twilight
approve,openlibrary_OL16618455W,Man in the blue moon
approve,openlibrary_OL16620766W,Sabará 18
approve,openlibrary_OL16677574W,Night Hawk
approve,openlibrary_OL17188362W,The Devil in the Marshalsea
approve,openlibrary_OL17266W,The Excursion Train
approve,openlibrary_OL17299W,To Davy Jones Below (Daisy Dalrymple #9)
approve,openlibrary_OL17425506W,The Lady and the Libertine
approve,openlibrary_OL176293W,The Accusers
approve,openlibrary_OL17824929W,The silver locomotive mystery
approve,openlibrary_OL17855936W,The crooked spire
approve,openlibrary_OL18021147W,The mannequin house
approve,openlibrary_OL1854154W,Devil's brood
approve,openlibrary_OL1854169W,The queen's man
approve,openlibrary_OL1893721W,Dawn Encounter
approve,openlibrary_OL1937854W,The Fixer
approve,openlibrary_OL1951992W,The Deadly Embrace
approve,openlibrary_OL1969168W,The snake stone
approve,openlibrary_OL19729016W,The Widows of Malabar Hill
approve,openlibrary_OL19870292W,The all-true travels and adventures of Lidie Newton
approve,openlibrary_OL1995307W,Night Watch
approve,openlibrary_OL20028041W,Speakers of the dead
approve,openlibrary_OL20045501W,Django Unchained
approve,openlibrary_OL20054931W,A Rising Man
approve,openlibrary_OL2009666W,The Black Tower
approve,openlibrary_OL20909872W,The Murder of Roger Ackroyd / The Mystery of the Blue Train / Dumb Witness / Death on the Nile
approve,openlibrary_OL20925722W,True History of the Kelly Gang
approve,openlibrary_OL21554529W,Fatal Harvest
approve,openlibrary_OL2296590W,The Last Jew
approve,openlibrary_OL23538W,In pursuit of the green lion
approve,openlibrary_OL25960309W,And by Fire
approve,openlibrary_OL2645238W,"Nothing But Velvet-(Litchfield, #1)"
approve,openlibrary_OL265457W,Ratcatcher
approve,openlibrary_OL2666394W,The outsider
approve,openlibrary_OL2744698W,Tallgrass
approve,openlibrary_OL278201W,Ask For It
approve,openlibrary_OL27958837W,Words to die for
approve,openlibrary_OL28602601W,Just not cricket
approve,openlibrary_OL2912686W,The crepes of wrath
approve,openlibrary_OL29535W,The Hounds and the Fury
approve,openlibrary_OL30556W,The 19th wife
approve,openlibrary_OL3261151W,Lord John and the private matter
approve,openlibrary_OL3355212W,Helen of Troy
approve,openlibrary_OL3594509W,Murder on Waverly Place
approve,openlibrary_OL36945W,Tracks of Deceit (Katy Steele Adventures #1)
approve,openlibrary_OL3931413W,The Black Opal
approve,openlibrary_OL4058258W,An Independent Woman
approve,openlibrary_OL40644W,Cain & His Brother Hardcover P
approve,openlibrary_OL40729W,Slaves of Obsession
approve,openlibrary_OL4627756W,Wild Willful Love (Love #3)
approve,openlibrary_OL471533W,Five Classic Murder Mysteries (Boomerang Clue / Death Comes as the End / Moving Finger / Murder of Roger Ackroyd / Secret Adversary)
approve,openlibrary_OL473677W,The Apostate's Tale
approve,openlibrary_OL48794W,Traitor's Gate
approve,openlibrary_OL48831W,silence in Hanover Close
approve,openlibrary_OL48867W,A Christmas Guest
approve,openlibrary_OL48893W,Angels in the Gloom
approve,openlibrary_OL5685529W,Strangers at Dawn
approve,openlibrary_OL568638W,Niccolò rising
approve,openlibrary_OL5725481W,Espresso shot
approve,openlibrary_OL5734164W,Dark fire
approve,openlibrary_OL5738500W,Island of Exiles
approve,openlibrary_OL5755274W,A darker god
approve,openlibrary_OL5887649W,Killing Texas Bob
approve,openlibrary_OL58949W,The prize
approve,openlibrary_OL6567459W,"Nine Buck's Row = Susannah, Beware"
approve,openlibrary_OL77071W,The samurai's wife
approve,openlibrary_OL78046W,Jack Tier or the Florida Reef
approve,openlibrary_OL8124477W,Son of Holmes
approve,openlibrary_OL8125266W,The Trial
approve,openlibrary_OL8459113W,The Song of the Gladiator
approve,openlibrary_OL8536126W,Silent in the Grave
approve,openlibrary_OL9302592W,Sisters of the Sword
approve,openlibrary_OL97336W,Sword of the Rightful King
approve,openlibrary_OL9872291W,The owl killers
approve,openlibrary_OL111754W,Blood Work
approve,openlibrary_OL11651248W,The lemur
approve,openlibrary_OL118464W,Courting Trouble CD
approve,openlibrary_OL12066W,The Bridesmaid
approve,openlibrary_OL12699W,Obsession
approve,openlibrary_OL12710W,Therapy
approve,openlibrary_OL12727W,Survival of the fittest
approve,openlibrary_OL12730W,Twisted
approve,openlibrary_OL13066W,No place like home
approve,openlibrary_OL134390W,Firestorm
approve,openlibrary_OL134433W,Kill the messenger
approve,openlibrary_OL134449W,Ashes to Ashes
approve,openlibrary_OL13641W,Cruel intent
approve,openlibrary_OL13648W,Justice Denied CD (J. P. Beaumont Mysteries)
approve,openlibrary_OL13653W,Partner in Crime
approve,openlibrary_OL13661W,Exit wounds
approve,openlibrary_OL13671W,Outlaw mountain
approve,openlibrary_OL14698W,The Maze
approve,openlibrary_OL14722W,Blowout
approve,openlibrary_OL14858846W,Cold in hand
approve,openlibrary_OL14914149W,The vendetta defense
approve,openlibrary_OL14961146W,Evidence of murder
approve,openlibrary_OL15120530W,Famous players
approve,openlibrary_OL15125141W,The Spy
approve,openlibrary_OL152106W,Easy prey
approve,openlibrary_OL15267381W,The Rembrandt Affair (Gabriel Allon #10)
approve,openlibrary_OL15286462W,Beneath the blonde
approve,openlibrary_OL15387675W,The runner
approve,openlibrary_OL15586994W,Strategic moves
approve,openlibrary_OL15649851W,The Man from St. Petersburg
approve,openlibrary_OL15857033W,Triptych
approve,openlibrary_OL15902598W,William Shakespeare's Julius Caesar
approve,openlibrary_OL15936549W,Northwest angle
approve,openlibrary_OL16134286W,Fallen
approve,openlibrary_OL16283144W,Catch me
approve,openlibrary_OL16307794W,Sherlock Holmes and the Adventure of Black Peter
approve,openlibrary_OL16308143W,A fatal debt
approve,openlibrary_OL16470015W,Sherlock Holmes and the Boscombe Valley Mystery
approve,openlibrary_OL1648287W,Souls of angels
approve,openlibrary_OL16499084W,Princess Elizabeth's spy
approve,openlibrary_OL16607360W,The hiding place
approve,openlibrary_OL16634607W,Dublin dead
approve,openlibrary_OL167182W,Pop Goes the Weasel
approve,openlibrary_OL167314W,The switch
approve,openlibrary_OL16819230W,The Rendition
approve,openlibrary_OL1706340W,Muertos incómodos
approve,openlibrary_OL17124776W,The Forsaken
approve,openlibrary_OL17271831W,Antiques con
approve,openlibrary_OL17308089W,Defending Jacob
approve,openlibrary_OL17337542W,Maestra
approve,openlibrary_OL17491013W,The Tehran Triangle
approve,openlibrary_OL17580197W,The Good Thief's Guide to Berlin
approve,openlibrary_OL17689169W,No way back
approve,openlibrary_OL17689768W,Fox tracks
approve,openlibrary_OL17825117W,Dick Francis's Damage
approve,openlibrary_OL17896487W,Lion plays rough
approve,openlibrary_OL17898340W,"I, witness"
approve,openlibrary_OL17928116W,Tragic
approve,openlibrary_OL17941958W,A Plea of Insanity
approve,openlibrary_OL18020273W,The Gangster
approve,openlibrary_OL18176028W,Poison flower
approve,openlibrary_OL18178378W,Second chances
approve,openlibrary_OL18181676W,Ruined abbey
approve,openlibrary_OL1879922W,The Genesis Code
approve,openlibrary_OL1914082W,The Third Twin
approve,openlibrary_OL19156W,"Baby, Would I Lie"
approve,openlibrary_OL19356364W,Private Paris
approve,openlibrary_OL19666016W,Cruddy
approve,openlibrary_OL19707516W,The Cairo affair
approve,openlibrary_OL19708359W,Villa triste
approve,openlibrary_OL19712733W,Are you sleeping
approve,openlibrary_OL19715157W,Look behind you
approve,openlibrary_OL19715527W,The trust
approve,openlibrary_OL19736213W,The sixth day
approve,openlibrary_OL19747419W,The wanted
approve,openlibrary_OL19764383W,The ninth grave
approve,openlibrary_OL1978004W,Remote Control
approve,openlibrary_OL19975554W,Chance
approve,openlibrary_OL19978230W,That night
approve,openlibrary_OL19980415W,Don't talk to strangers
approve,openlibrary_OL19990177W,Forty days without shadow
approve,openlibrary_OL19995222W,Lethal beauty
approve,openlibrary_OL20011146W,Case closed
approve,openlibrary_OL20013374W,False Positive
approve,openlibrary_OL20032923W,The sixth idea
approve,openlibrary_OL20040217W,Little boy blue
approve,openlibrary_OL20043105W,Kill the next one
approve,openlibrary_OL20043548W,Never never
approve,openlibrary_OL20049935W,Among the ruins
approve,openlibrary_OL20059206W,Lovemurder
approve,openlibrary_OL20084546W,The Turn of the Key
approve,openlibrary_OL20152717W,The Black Ascot
approve,openlibrary_OL20493412W,Dear Daughter
approve,openlibrary_OL20849431W,Police
approve,openlibrary_OL2173392W,Crooked river
approve,openlibrary_OL22913W,The General's Daughter
approve,openlibrary_OL24232915W,The Fiancée
approve,openlibrary_OL261513W,Invisible Prey
approve,openlibrary_OL26195358W,Catfoot's vengeance
approve,openlibrary_OL263296W,Icebound
approve,openlibrary_OL274694W,Dead Wrong
approve,openlibrary_OL27975W,Touched by the dead
approve,openlibrary_OL2941539W,The secrets of Harry Bright
approve,openlibrary_OL2989419W,Death has a small voice
approve,openlibrary_OL3480707W,Double Indemnity
approve,openlibrary_OL40289W,The summer of the Danes
approve,openlibrary_OL4092513W,"Behold, Here's Poison"
approve,openlibrary_OL41928W,Death by the Light of the Moon
approve,openlibrary_OL4459730W,The fig eater
approve,openlibrary_OL456051W,Accordion Crimes
approve,openlibrary_OL458110W,The oath
approve,openlibrary_OL463329W,Banker
approve,openlibrary_OL463345W,Reflex
approve,openlibrary_OL463348W,Smokescreen
approve,openlibrary_OL471898W,Death Comes as the End
approve,openlibrary_OL510888W,The Lighthouse
approve,openlibrary_OL55940W,Talking God
approve,openlibrary_OL5717332W,Tropic of night
approve,openlibrary_OL5718961W,Resolution
approve,openlibrary_OL5734046W,A Perfect Evil
approve,openlibrary_OL5799442W,"Daredevil, the man without fear!"
approve,openlibrary_OL624355W,The old fashioned mystery of the haunted dollhouse
approve,openlibrary_OL76991W,A Painted House
approve,openlibrary_OL77504W,The floating girl
approve,openlibrary_OL8013760W,The Yellowcake Conspiracy
approve,openlibrary_OL81972W,No safe place
approve,openlibrary_OL81990W,Acts of faith
approve,openlibrary_OL8260070W,Memories of Another Day
approve,openlibrary_OL874063W,Gypsy in amber
approve,openlibrary_OL12188W,Blood Lines
approve,openlibrary_OL13057W,My Gal Sunday
approve,openlibrary_OL15104098W,The composer is dead
approve,openlibrary_OL15400578W,Trouble Is My Business
approve,openlibrary_OL15520916W,Summer of shadows
approve,openlibrary_OL15825924W,Detection by Gaslight
approve,openlibrary_OL15938270W,Gingerbread Cookie Murder
approve,openlibrary_OL160856W,Phantom Lady
approve,openlibrary_OL16529253W,The Chalice of Blood
approve,openlibrary_OL17205723W,Candy cane murder.
approve,openlibrary_OL17462466W,The Very Eye of Death (GOLD BUG / MAN OF THE CROWD / MURDERS IN THE RUE MORGUE / MYSTERY OF MARIE ROGET / PURLOINED LETTER / THOU ART THE MAN)
approve,openlibrary_OL18020095W,A song to die for
approve,openlibrary_OL18149268W,The ring of five
approve,openlibrary_OL18169454W,Who done it?
approve,openlibrary_OL18182235W,The vengeance man
approve,openlibrary_OL1869458W,To die like a gentleman
approve,openlibrary_OL1896312W,Twist Of Cain (Jake Strait)
approve,openlibrary_OL1904247W,Murder for Christmas
approve,openlibrary_OL1927001W,Arranged marriage
approve,openlibrary_OL19710795W,The Graybar Hotel
approve,openlibrary_OL19750345W,A big ship at the edge of the universe
approve,openlibrary_OL19763761W,The big book of female detectives
approve,openlibrary_OL19859821W,The Chancellor manuscript
approve,openlibrary_OL19987884W,"Prophecies, libels and dreams"
approve,openlibrary_OL20035161W,Bright magic
approve,openlibrary_OL2004256W,The Allingham Minibus
approve,openlibrary_OL20043066W,Rhythm & clues
approve,openlibrary_OL20058509W,Miraculous mysteries
approve,openlibrary_OL21180299W,Dangerous games
approve,openlibrary_OL21283394W,Last of the Hippies
approve,openlibrary_OL21874810W,Settling Scores
approve,openlibrary_OL27970697W,Peasants and other stories [9 stories]
approve,openlibrary_OL29468090W,Cards Of Love
approve,openlibrary_OL3926775W,Fen Country
approve,openlibrary_OL4164508W,Crime for Christmas
approve,openlibrary_OL4297221W,Fatherland
approve,openlibrary_OL454575W,The Chuckling Fingers
approve,openlibrary_OL463319W,Field of thirteen
approve,openlibrary_OL472135W,The Under Dog and Other Stories [9 stories]
approve,openlibrary_OL472317W,Three Blind Mice and Other Stories [9 stories]
approve,openlibrary_OL472811W,Double Sin and Other Stories
approve,openlibrary_OL483743W,"Good Hanging, A"
approve,openlibrary_OL506248W,A flush of shadows
approve,openlibrary_OL5113947W,Hub
approve,openlibrary_OL55281W,The fountain overflows
approve,openlibrary_OL5591827W,Six Against the Yard
approve,openlibrary_OL5702160W,Sea room
approve,openlibrary_OL5725866W,Like a Charm
approve,openlibrary_OL5738123W,The musician's daughter
approve,openlibrary_OL5814248W,How to Marry a Ghost
approve,openlibrary_OL59430W,"Black House, the"
approve,openlibrary_OL6320851W,Victorian Tales of Mystery and Detection
approve,openlibrary_OL65288W,A good man is hard to find
approve,openlibrary_OL76464W,The secret of Father Brown
approve,openlibrary_OL78906W,A Country of Old Men
approve,openlibrary_OL7991015W,Merry Murder
approve,openlibrary_OL8000468W,"Agatha Christie, Woman of Mystery"
approve,openlibrary_OL8453843W,Casanegra
approve,openlibrary_OL9102950W,La Biblia De Barro
approve,openlibrary_OL116309W,The Cannibals
approve,openlibrary_OL14918860W,The Icarus Hunt
approve,openlibrary_OL14932953W,Nothing Denied
approve,openlibrary_OL15061534W,Roxie and the hooligans
approve,openlibrary_OL15069600W,When Alex was bad
approve,openlibrary_OL15902261W,A Kingdom Besieged
approve,openlibrary_OL16477945W,Summer of deceit
approve,openlibrary_OL17422790W,The Lost Army Of Cambyses
approve,openlibrary_OL17817098W,Revelation
approve,openlibrary_OL17914304W,The Samaritan
approve,openlibrary_OL18167537W,The extinction event
approve,openlibrary_OL1822006W,The lonely skier
approve,openlibrary_OL1839869W,Sparrow Hawk Red
approve,openlibrary_OL19704291W,Apple Tree Yard
approve,openlibrary_OL19969876W,Babayaga
approve,openlibrary_OL20056892W,The emperor's ostrich
approve,openlibrary_OL23165954W,Undone by the Duke
approve,openlibrary_OL24221496W,Tre Pound
approve,openlibrary_OL24308534W,A wind of many colors
approve,openlibrary_OL25649769W,Wild Borders
approve,openlibrary_OL2635599W,Jake & Mimi
approve,openlibrary_OL30114W,Choose Your Own Adventure - Who Killed Harlowe Thrombey?
approve,openlibrary_OL477570W,In the cut
approve,openlibrary_OL50927W,Off the Mangrove Coast
approve,openlibrary_OL50949W,Beyond the great snow mountains
approve,openlibrary_OL555414W,Promised Splendor
approve,openlibrary_OL5695059W,Heat Of The Night
approve,openlibrary_OL5735069W,Night of Sin
approve,openlibrary_OL5804294W,It Happened in South Beach
approve,openlibrary_OL5805876W,Relentless
approve,openlibrary_OL8052035W,Beg Me
approve,openlibrary_OL8454192W,The Climax
approve,openlibrary_OL8691325W,Astral Nights
approve,openlibrary_OL8777331W,Dalakis Passion
approve,openlibrary_OL8900666W,Settling the Score
approve,openlibrary_OL1000465W,The Old Spanish Trail (The Trail Drive)
approve,openlibrary_OL100126W,.45-Caliber Deathtrap
approve,openlibrary_OL100152W,The savage curse
approve,openlibrary_OL14848301W,Silver Desert
approve,openlibrary_OL14981660W,Something About You
approve,openlibrary_OL15121929W,Slocum and the town killers
approve,openlibrary_OL15186342W,The Goodbye Trail
approve,openlibrary_OL15188367W,"BRIBES, BLACKMAIL & BONDAGE"
approve,openlibrary_OL15437843W,Spencer's Law
approve,openlibrary_OL15437847W,Warrick's Battle
approve,openlibrary_OL15527783W,Slocum's Bar-S Ranch
approve,openlibrary_OL15546504W,The stagecoach killers
approve,openlibrary_OL15946249W,Angel of fire
approve,openlibrary_OL16074383W,The border empire
approve,openlibrary_OL16152832W,Helltown massacre
approve,openlibrary_OL16500003W,Blood trails
approve,openlibrary_OL17312909W,Savage guns
approve,openlibrary_OL17375540W,Long Road To Cheyenne
approve,openlibrary_OL17531248W,Shootout At Clearwater Springs
approve,openlibrary_OL17560434W,The Stranger From Abilene A Ralph Compton Novel
approve,openlibrary_OL17685928W,Four on the floor
approve,openlibrary_OL17705921W,Playing in the dark
approve,openlibrary_OL17820708W,Return of the mountain man
approve,openlibrary_OL17826801W,The brothers O'Brien
approve,openlibrary_OL17872255W,"Crossing the bravo, for Pueblito"
approve,openlibrary_OL17872452W,Tonopah Range
approve,openlibrary_OL17874798W,The Valley of Dry Bones
approve,openlibrary_OL17875315W,Silver galore
approve,openlibrary_OL17875722W,The Snake River bounty
approve,openlibrary_OL17876844W,Shotgun
approve,openlibrary_OL17890129W,Stampede at Rattlesnake Pass
approve,openlibrary_OL17895959W,A rope for Scudder
approve,openlibrary_OL17898031W,The plains of Laramie
approve,openlibrary_OL17904582W,The shadow of Iron Eyes
approve,openlibrary_OL17918660W,Gaptown law
approve,openlibrary_OL17919157W,Flight from Felicidad
approve,openlibrary_OL17934434W,The secret of Devil's Canyon
approve,openlibrary_OL17941286W,The black rider
approve,openlibrary_OL1815650W,Winchester affidavit
approve,openlibrary_OL18176519W,The silent deputy
approve,openlibrary_OL1889775W,Ned Christie's war
approve,openlibrary_OL1895177W,The daughters of Luke McCall
approve,openlibrary_OL1902818W,Wiregrass Country
approve,openlibrary_OL19368013W,Comes a Horseman
approve,openlibrary_OL19763733W,Hunting the Saturday Night Strangler
approve,openlibrary_OL19939840W,A family affair
approve,openlibrary_OL19959301W,Still grindin'
approve,openlibrary_OL19967275W,The butcher of Bear Creek
approve,openlibrary_OL19973216W,Butchery of the mountain man
approve,openlibrary_OL19981760W,Jailhouse glock
approve,openlibrary_OL19994237W,At Wolf Ranch
approve,openlibrary_OL20015545W,Wicked release
approve,openlibrary_OL20029390W,Echoes of Massacre Canyon
approve,openlibrary_OL20051322W,An eye for an eye
approve,openlibrary_OL20158436W,Noose
approve,openlibrary_OL20371404W,Hidden Gold
approve,openlibrary_OL20648857W,The ballad of Delta Rose
approve,openlibrary_OL20653305W,The Good Luck Girls
approve,openlibrary_OL20865365W,Saratoga
approve,openlibrary_OL20879928W,Killer on the loose
approve,openlibrary_OL20903947W,Desolation Pass
approve,openlibrary_OL20915879W,Blood Trail to Tall Pine
approve,openlibrary_OL20920590W,Return to Tatanka Crossing
approve,openlibrary_OL20975976W,Latimer's justice
approve,openlibrary_OL20984324W,Gone to blazes
approve,openlibrary_OL21064858W,Wild Side of the River
approve,openlibrary_OL21296182W,Vengeance at Sundown
approve,openlibrary_OL21413107W,Night of the gunslinger
approve,openlibrary_OL21415328W,Shadow of guilt
approve,openlibrary_OL21536176W,A bullet for Ben McCabe
approve,openlibrary_OL21574834W,Showdown at Dane's Bend
approve,openlibrary_OL21730807W,Fugitive lawman
approve,openlibrary_OL21732405W,The second Coffeyville bank raid
approve,openlibrary_OL21733216W,Duel of shadows
approve,openlibrary_OL21767548W,Revenge for a hanging
approve,openlibrary_OL21775783W,Two-gun trouble
approve,openlibrary_OL22060148W,A Wanton Woman
approve,openlibrary_OL22133587W,Sharper's quest
approve,openlibrary_OL22321550W,Shadow of the gun
approve,openlibrary_OL24158690W,Derby John's alibi
approve,openlibrary_OL24176940W,Gallows bait
approve,openlibrary_OL24179459W,Nemesis trail
approve,openlibrary_OL24179505W,Crooked Creek
approve,openlibrary_OL24183909W,Return to Black Rock
approve,openlibrary_OL24189238W,Sparrow's gun
approve,openlibrary_OL24191318W,Sign of the hawk
approve,openlibrary_OL24246740W,Ace of bones
approve,openlibrary_OL24252794W,Calveron's chase
approve,openlibrary_OL24259658W,Dead Man's Range
approve,openlibrary_OL24260964W,Dig two graves
approve,openlibrary_OL24268410W,Gun law
approve,openlibrary_OL24268669W,The hanging of Red Cavanagh
approve,openlibrary_OL24270078W,The honour of the badge
approve,openlibrary_OL24270790W,The hunted
approve,openlibrary_OL24274735W,Johnny Dollar
approve,openlibrary_OL24275103W,Justice for Crockett
approve,openlibrary_OL24277230W,Lanigan and the silent mourner
approve,openlibrary_OL24287240W,Mr Gunn
approve,openlibrary_OL24290430W,Outlaw vengeance
approve,openlibrary_OL24291130W,Pay dirt
approve,openlibrary_OL24293161W,The predators
approve,openlibrary_OL24294544W,The rain tree
approve,openlibrary_OL24295695W,Riders from hell
approve,openlibrary_OL24296383W,Running wild
approve,openlibrary_OL24297889W,The shadow riders
approve,openlibrary_OL24302344W,Texas vengeance
approve,openlibrary_OL24303227W,The tombstone vendetta
approve,openlibrary_OL24303251W,Tom Rider's reckoning
approve,openlibrary_OL24306387W,Vengeance unbound
approve,openlibrary_OL24307243W,War smoke
approve,openlibrary_OL24309288W,Wrong town
approve,openlibrary_OL24463839W,The raiders
approve,openlibrary_OL24696306W,The long trail
approve,openlibrary_OL24856296W,A town called Limbo
approve,openlibrary_OL2591376W,Trail from St. Augustine
approve,openlibrary_OL26178758W,Trail boss
approve,openlibrary_OL26181005W,"Along Chico Creek, and"
approve,openlibrary_OL2634360W,Broken Silence
approve,openlibrary_OL26412449W,Yellow town
approve,openlibrary_OL26436319W,The devil in the bottle
approve,openlibrary_OL27046W,Wolf moon
approve,openlibrary_OL27706145W,Sold
approve,openlibrary_OL28600260W,"McGuire, manhunter"
approve,openlibrary_OL28945567W,Viva the Brazos Kid!
approve,openlibrary_OL3270189W,Jurisdiction
approve,openlibrary_OL3270200W,"Ralph Compton, riders of judgment"
approve,openlibrary_OL3282240W,Tenbow
approve,openlibrary_OL3339729W,Eastertown
approve,openlibrary_OL3388685W,Blood Kin
approve,openlibrary_OL3550259W,Longarm 349
approve,openlibrary_OL3698077W,Lightning
approve,openlibrary_OL3957222W,"Spies, Lies & Naked Thighs"
approve,openlibrary_OL50999W,The broken gun
approve,openlibrary_OL51043W,Dark Canyon
approve,openlibrary_OL51063W,Brionne
approve,openlibrary_OL51078W,The sky-liners
approve,openlibrary_OL5683876W,Oceans of fire
approve,openlibrary_OL5731785W,Candy licker
approve,openlibrary_OL5751942W,Out Of Control
approve,openlibrary_OL5830595W,Storm Riders
approve,openlibrary_OL5887640W,Border Dogs (Ranger (Signet))
approve,openlibrary_OL5887647W,"Justice (Big Iron Series , No 3)"
approve,openlibrary_OL6028037W,Sunset
approve,openlibrary_OL630140W,Guilty
approve,openlibrary_OL6923636W,Barbed Wire Noose
approve,openlibrary_OL8075016W,Black Jack
approve,openlibrary_OL8127062W,The Legend Maker
approve,openlibrary_OL8266882W,Dead Ringer
approve,openlibrary_OL8266940W,The Last Great Scout
approve,openlibrary_OL8267042W,Ride For Revenge
approve,openlibrary_OL8843997W,In Cahootz
approve,openlibrary_OL9027639W,Rustler Roundup
approve,openlibrary_OL9031992W,Devil's Range
approve,openlibrary_OL9032048W,Badlanders
approve,openlibrary_OL9495854W,Explosive
approve,openlibrary_OL9790419W,South of Dodge
approve,openlibrary_OL99943W,Gerald's party
approve,openlibrary_OL999589W,Dakota Prairie Pirates
approve,openlibrary_OL999677W,The Trailsman 002 The Hanging Trail
approve,hardcover_1001453,The Silverblood Promise
approve,hardcover_100792,The Last Policeman
approve,hardcover_1218611,The Girl with the Dragon Tattoo
approve,hardcover_1250824,The Raven Scholar
approve,hardcover_137484,Stalking Jack the Ripper
approve,hardcover_140086,Pretty Girls
approve,hardcover_1570320,Strange Pictures
approve,hardcover_177453,We Have Always Lived in the Castle
approve,hardcover_1875356,The Impossible Fortune
approve,hardcover_197349,Night Watch
approve,hardcover_207877,Kafka on the Shore
approve,hardcover_217326,Wizard's First Rule
approve,hardcover_242555,Best Served Cold
approve,hardcover_290741,The Big Sleep
approve,hardcover_322433,Darkfever
approve,hardcover_374879,A Curious Beginning
approve,hardcover_427471,Six Wakes
approve,hardcover_428313,The Hunting Party
approve,hardcover_428650,Lore
approve,hardcover_428943,"Good Girl, Bad Blood"
approve,hardcover_429555,The White Tiger
approve,hardcover_432608,Magpie Murders
approve,hardcover_434854,Miracle Creek
approve,hardcover_435024,My Lovely Wife
approve,hardcover_435433,The Girl Next Door
approve,hardcover_440165,Truly Devious
approve,hardcover_440171,Network Effect
approve,hardcover_444426,A ​Sky Beyond the Storm
approve,hardcover_445511,The Silence of the Girls
approve,hardcover_462024,Kill Joy
approve,hardcover_463684,The Man Who Died Twice
approve,hardcover_465106,Some Desperate Glory
approve,hardcover_470922,Belladonna
approve,hardcover_473722,The Book of Cold Cases
approve,hardcover_482996,Between Two Fires
approve,hardcover_509292,Hidden Pictures
approve,hardcover_510410,The Bullet That Missed
approve,hardcover_510526,All Good People Here
approve,hardcover_512236,Wrong Place Wrong Time
approve,hardcover_552142,Can't Spell Treason Without Tea
approve,hardcover_584720,The Only One Left
approve,hardcover_654026,The Inmate
approve,hardcover_688431,The Jasad Heir
approve,hardcover_730898,The Last Devil to Die
approve,hardcover_75337,Geek Love
approve,hardcover_882710,That's Not My Name
approve,hardcover_965786,The Last Murder at the End of the World
approve,openlibrary_OL1000445W,The Dawn of Fury
approve,openlibrary_OL10673325W,Murphy's Stand
approve,openlibrary_OL111366W,The search for Temperance Moon
approve,openlibrary_OL137295W,The return of little big man
approve,openlibrary_OL15304080W,Idaho Impact
approve,openlibrary_OL15456732W,Outlaw train
approve,openlibrary_OL15855575W,Holmes on the range
approve,openlibrary_OL16070706W,The vigilante
approve,openlibrary_OL16212110W,Hell is empty
approve,openlibrary_OL16454925W,Savage vengeance
approve,openlibrary_OL16467220W,Wild winds
approve,openlibrary_OL1648289W,St. Agnes' Stand
approve,openlibrary_OL16664705W,Tucker's reckoning
approve,openlibrary_OL17442337W,The Ghost Of Apache Creek A Ralph Compton Novel
approve,openlibrary_OL17553564W,The Case Of The Goodlooking Corpse
approve,openlibrary_OL175812W,Murder in the Middle Pasture
approve,openlibrary_OL175813W,The original adventures of Hank the Cowdog
approve,openlibrary_OL17666292W,Robert B. Parker's Bull River
approve,openlibrary_OL17729988W,Canyon Diablo
approve,openlibrary_OL17741552W,Custer's brother's horse
approve,openlibrary_OL17833807W,The bounty killers
approve,openlibrary_OL17873408W,Posse guns
approve,openlibrary_OL17875468W,My gallows hang high
approve,openlibrary_OL17882984W,Black ransom
approve,openlibrary_OL17883301W,Wade's war
approve,openlibrary_OL17887910W,Hope's last chance
approve,openlibrary_OL17903438W,Kincaid and the Barton gang
approve,openlibrary_OL17928857W,Hop Alley
approve,openlibrary_OL17937187W,"Smoke Jensen, the beginning"
approve,openlibrary_OL18158936W,Preacher's bloodbath
approve,openlibrary_OL18172500W,Manhunt
approve,openlibrary_OL18176534W,Nevada vipers' nest
approve,openlibrary_OL1898757W,El Paso
approve,openlibrary_OL19348479W,The Butcher of Baxter Pass (Hell's Half Acre)
approve,openlibrary_OL19651978W,River of blood
approve,openlibrary_OL19710801W,The last cowboys of San Geronimo
approve,openlibrary_OL19717245W,One if by land
approve,openlibrary_OL19724184W,The outfit
approve,openlibrary_OL19747134W,Once more into the fire
approve,openlibrary_OL19954104W,Longarm and the 400 blows
approve,openlibrary_OL19979240W,Double-cross ranch
approve,openlibrary_OL20007319W,Justice at Redwillow
approve,openlibrary_OL20026408W,Cape Hell
approve,openlibrary_OL20053859W,Black wind pass
approve,openlibrary_OL20649548W,Tombstone lullaby
approve,openlibrary_OL20905480W,Vengeance rides the river
approve,openlibrary_OL20913975W,The prairie man
approve,openlibrary_OL20915613W,Sharpshooters in the hills
approve,openlibrary_OL20925456W,The outlaw takes a bride
approve,openlibrary_OL20941966W,Drummond takes a hand
approve,openlibrary_OL20985067W,The reluctant gun hand
approve,openlibrary_OL21112427W,The Heart Of Texas
approve,openlibrary_OL21137278W,Monahan's Massacre
approve,openlibrary_OL21181846W,Showdown in Desperation
approve,openlibrary_OL21377539W,Longarm and the Diamondback widow
approve,openlibrary_OL21620648W,Lawless guns
approve,openlibrary_OL21716392W,Tall rider
approve,openlibrary_OL22068097W,Matthew
approve,openlibrary_OL23317916W,Castle rock
approve,openlibrary_OL24106306W,King of the gunmen
approve,openlibrary_OL24155737W,Reverend Colt
approve,openlibrary_OL24205976W,Whirlwind
approve,openlibrary_OL24260321W,Desperate men
approve,openlibrary_OL24261541W,Donovan
approve,openlibrary_OL24261958W,Duel at Del Norte
approve,openlibrary_OL24268667W,Hanging day
approve,openlibrary_OL24278306W,Law of the noose
approve,openlibrary_OL24285221W,McBride rides out
approve,openlibrary_OL24286832W,Montana justice
approve,openlibrary_OL24297881W,Shadow of the gun
approve,openlibrary_OL24306385W,Vengeance rider
approve,openlibrary_OL24425208W,Vengeance Pass
approve,openlibrary_OL24440755W,Coltaine's revenge
approve,openlibrary_OL24447433W,The devil's work
approve,openlibrary_OL24693574W,The devil's marshal
approve,openlibrary_OL24717794W,Journey into jeopardy
approve,openlibrary_OL24814759W,Bad moon over Devil's Ridge
approve,openlibrary_OL24821457W,Death at the Yellow Rose
approve,openlibrary_OL25071959W,A dangerous man
approve,openlibrary_OL25589812W,Indigo Ridge
approve,openlibrary_OL26173296W,Cold Creek justice
approve,openlibrary_OL277927W,Ride the Lightning
approve,openlibrary_OL28026W,Lawman
approve,openlibrary_OL28603245W,Blood will have blood
approve,openlibrary_OL2918409W,Castle Garden
approve,openlibrary_OL3388690W,Fang & claw
approve,openlibrary_OL3550244W,Longarm 334
approve,openlibrary_OL3930860W,Dreaming back
approve,openlibrary_OL445518W,Scream of eagles
approve,openlibrary_OL508295W,The sacred hills
approve,openlibrary_OL50926W,Mustang Man
approve,openlibrary_OL50944W,Trouble Shooter
approve,openlibrary_OL50971W,The proving trail
approve,openlibrary_OL50985W,Westward the tide
approve,openlibrary_OL50991W,The Cherokee Trail
approve,openlibrary_OL51012W,Over on the Dry Side
approve,openlibrary_OL51015W,The Sackett brand
approve,openlibrary_OL51028W,Kiowa Trail
approve,openlibrary_OL51033W,Ride the river
approve,openlibrary_OL51046W,The Trail to Seven Pines
approve,openlibrary_OL521487W,Wings of the hawk
approve,openlibrary_OL55949W,Coyote Waits
approve,openlibrary_OL5727263W,Winterkill
approve,openlibrary_OL5830591W,Shoot First
approve,openlibrary_OL8110463W,The outcast
approve,openlibrary_OL8266968W,The Posse from Elsinore
approve,openlibrary_OL8267028W,Out of the Past
approve,openlibrary_OL98263W,The Righteous Revenge of Artemis Bonner
approve,openlibrary_OL999565W,Border bravados
approve,openlibrary_OL999580W,Colorado Cutthroats
approve,openlibrary_OL999585W,Trailsman 151
approve,hardcover_1049045,My Darling Dreadful Thing
approve,hardcover_104958,Sign of Chaos
approve,hardcover_105267,Bad Blood
approve,hardcover_1083901,"Every Time I Go on Vacation, Someone Dies"
approve,hardcover_109913,The Narrows
approve,hardcover_112274,I Am Not A Serial Killer
approve,hardcover_1424615,Vera Wong's Guide to Snooping (on a Dead Man)
approve,hardcover_1426346,Tell Me What You Did
approve,hardcover_1464517,Under Your Scars
approve,hardcover_1628070,You Are Fatally Invited: A Novel
approve,hardcover_166947,The Cabinet of Curiosities
approve,hardcover_212740,Murder of Crows
approve,hardcover_216437,Slave to Sensation
approve,hardcover_221591,Queen of Fire
approve,hardcover_225431,Wildwood
approve,hardcover_228700,The Cheerleaders
approve,hardcover_23885,Phantom
approve,hardcover_245050,20th Century Ghosts
approve,hardcover_27297,Chocolat
approve,hardcover_291224,The Long Way Home
approve,hardcover_295912,The Devil's Star
approve,hardcover_300519,Glory in Death
approve,hardcover_309853,Kiss the Girls
approve,hardcover_319803,Plain Truth
approve,hardcover_320817,"Farewell, My Lovely"
approve,hardcover_328230,Murder is Easy
approve,hardcover_341174,Virtual Light
approve,hardcover_355563,The Will to Battle
approve,hardcover_367746,They Do It With Mirrors
approve,hardcover_369396,The Daughter of Time
approve,hardcover_376656,The Children of Jocasta
approve,hardcover_377033,Cat Among the Pigeons
approve,hardcover_378900,Sleeping Murder
approve,hardcover_378901,Twelve Sharp
approve,hardcover_386191,Magic Breaks
approve,hardcover_428389,The Lie Tree
approve,hardcover_4285,Gorky Park
approve,hardcover_430137,Such a Quiet Place
approve,hardcover_432250,A Hero Born
approve,hardcover_432745,Nine Lives
approve,hardcover_434849,Phantom
approve,hardcover_434860,The Survivors
approve,hardcover_437152,Knots and Crosses
approve,hardcover_437313,Midnight at the Bright Ideas Bookstore
approve,hardcover_438780,If You Tell
approve,hardcover_439346,Come Tumbling Down
approve,hardcover_439510,Killer Instinct
approve,hardcover_439567,The Master Magician
approve,hardcover_439891,Red Harvest
approve,hardcover_440262,Rules Of Prey
approve,hardcover_441093,The Family Trade
approve,hardcover_442504,City of Glass
approve,hardcover_456452,Lemon
approve,hardcover_456542,Crocodile on the Sandbank
approve,hardcover_456550,The Mortal Word
approve,hardcover_458728,Late Eclipses
approve,hardcover_463310,My Sister's Grave
approve,hardcover_463749,The Stranger Diaries
approve,hardcover_463786,Savage Fae
approve,hardcover_464474,A Time for Mercy
approve,hardcover_467193,Moonflower Murders
approve,hardcover_469267,The Red Palace
approve,hardcover_469849,All In
approve,hardcover_470798,Noble House
approve,hardcover_474411,The Marlow Murder Club
approve,hardcover_475859,Knight's Shadow
approve,hardcover_476293,The Dark Hours
approve,hardcover_476877,Two Kinds of Truth
approve,hardcover_481502,The Black Box
approve,hardcover_484922,A Killer's Mind
approve,hardcover_485350,Hunger
approve,hardcover_490228,The Reckoning
approve,hardcover_50133,Dreamsnake
approve,hardcover_506116,Hate
approve,hardcover_510469,Desert Star
approve,hardcover_510536,One Good Deed
approve,hardcover_511122,The Laws of the Skies
approve,hardcover_525998,Wretched
approve,hardcover_526667,"Girl, Forgotten"
approve,hardcover_536438,The Overlook
approve,hardcover_546998,The Judge's List
approve,hardcover_5476,Hickory Dickory Dock
approve,hardcover_564627,I See You
approve,hardcover_56482,Finnikin of the Rock
approve,hardcover_58834,Not Even Bones
approve,hardcover_603189,Bad Cree
approve,hardcover_69331,Raven Black
approve,hardcover_801805,Just Another Missing Person
approve,hardcover_807820,Murder Road
approve,hardcover_81293,Lean Mean Thirteen
approve,hardcover_89066,The Scarecrow
approve,hardcover_92915,Debt of Honor
approve,hardcover_93219,The Pact
approve,hardcover_979832,All This Twisted Glory
approve,hardcover_1083832,Keep Your Friends Close
approve,hardcover_1164420,Beneath the Trees Where Nobody Sees
approve,hardcover_1360139,The Hallmarked Man
approve,hardcover_137457,Deadly Heat
approve,hardcover_146484,A Kiss Before Dying
approve,hardcover_14999,The Plea
approve,hardcover_156322,Ill Wind
approve,hardcover_157057,Murder is Binding
approve,hardcover_162153,The Monkey's Raincoat
approve,hardcover_1644667,The Queens of Crime
approve,hardcover_1905972,The Secret Book Society
approve,hardcover_1957468,The Escape Game
approve,hardcover_197440,Origin in Death
approve,hardcover_199316,My Soul to Take
approve,hardcover_199529,Cross Country
approve,hardcover_200755,Shadowrise
approve,hardcover_208270,Two Graves
approve,hardcover_214438,Let Me Hear a Rhyme
approve,hardcover_218169,F is for Fugitive
approve,hardcover_22421,Lord Arthur Savile's Crime
approve,hardcover_225451,The Pillowman
approve,hardcover_245101,Bad Monkeys
approve,hardcover_251792,The Secret Servant
approve,hardcover_27859,Third Grave Dead Ahead
approve,hardcover_289762,My Husband's Wife
approve,hardcover_308151,Bonds of Justice
approve,hardcover_325453,A Bone to Pick
approve,hardcover_331376,Devil's Bride
approve,hardcover_332579,Night Chills
approve,hardcover_340030,Ripley Under Ground
approve,hardcover_340834,Love You More
approve,hardcover_34699,Double Whammy
approve,hardcover_357224,Gun Machine
approve,hardcover_381200,One Corpse Too Many
approve,hardcover_429666,The Seventh Scroll
approve,hardcover_431048,Gomorrah
approve,hardcover_435295,March Violets
approve,hardcover_435610,Despair
approve,hardcover_437307,Blood Orange
approve,hardcover_437432,Let Me Lie
approve,hardcover_437476,Marion Lane and the Midnight Murder
approve,hardcover_437633,Big Sky
approve,hardcover_440268,Grave Secrets
approve,hardcover_440394,The Grave's a Fine and Private Place
approve,hardcover_441119,Bannerless
approve,hardcover_445733,Hell Divers III: Deliverance
approve,hardcover_445840,The Blinds
approve,hardcover_445972,Murder in LaMut
approve,hardcover_448020,Heart of Thorns
approve,hardcover_451754,Grim Lovelies
approve,hardcover_453871,Summerland
approve,hardcover_454813,Promise Boys
approve,hardcover_457487,Loyalty in Death
approve,hardcover_458635,Neon Prey
approve,hardcover_458732,Half-Off Ragnarok
approve,hardcover_460429,Throttle
approve,hardcover_461503,The Coldest War
approve,hardcover_469298,Reign of Shadows
approve,hardcover_476281,Grave Reservations
approve,hardcover_477168,The Cold Cold Ground
approve,hardcover_477448,M Is For Malice
approve,hardcover_477587,H is for Homicide
approve,hardcover_477631,B is for Burglar
approve,hardcover_482413,Clockers
approve,hardcover_516400,A God in the Shed
approve,hardcover_543883,Death Comes to Marlow
approve,hardcover_547003,Pop. 1280
approve,hardcover_547338,Death of a Gossip
approve,hardcover_563510,Unlucky 13
approve,hardcover_58424,The Quiet Game
approve,hardcover_586381,One Way
approve,hardcover_648117,Playback
approve,hardcover_663994,A Good Marriage
approve,hardcover_728973,A Borrowed Man
approve,hardcover_73868,Brothers Majere
approve,hardcover_764931,A Man Lay Dead
approve,hardcover_77737,Still Lives
approve,hardcover_837955,The Fourth Protocol
approve,hardcover_86624,Heat Stroke
approve,hardcover_946573,The Enemy's Cosmetique
approve,hardcover_96396,Second Grave on the Left
approve,hardcover_98533,Curse of the Pharaohs
approve,hardcover_1013308,Death of an Outsider
approve,hardcover_1030226,Better Run
approve,hardcover_106332,All The Pretty Girls
approve,hardcover_1106708,Murder at the Royal Ruby
approve,hardcover_113698,Word of Honor
approve,hardcover_116860,Cold Steel
approve,hardcover_133135,Blood on snow
approve,hardcover_1386594,Blood Ties
approve,hardcover_14369,The Tenderness of Wolves
approve,hardcover_1540902,rekt
approve,hardcover_188883,Shakespeare's Christmas
approve,hardcover_190236,Emissaries from the Dead
approve,hardcover_194221,Friday the Rabbi Slept Late
approve,hardcover_20509,For Heaven's Eyes Only
approve,hardcover_2079917,Whidbey
approve,hardcover_213447,The Cater Street Hangman
approve,hardcover_214322,Westmark
approve,hardcover_235006,The Man With a Load of Mischief
approve,hardcover_237452,Irène
approve,hardcover_24395,The Hob's Bargain
approve,hardcover_246947,The Killing Game
approve,hardcover_261867,Pretty Little Secrets
approve,hardcover_272146,Tiger Eyes
approve,hardcover_276651,Man in the Empty Suit
approve,hardcover_289334,Shakespeare's Trollop
approve,hardcover_29080,Excursion to Tindari
approve,hardcover_291130,Land of shadows
approve,hardcover_300234,The Straw Men
approve,hardcover_325817,The Devil's Code
approve,hardcover_352245,Blood Work: A Tale of Medicine and Murder in the Scientific Revolution
approve,hardcover_356517,A Duty to the Dead
approve,hardcover_360546,Hercule Poirot's Casebook
approve,hardcover_367986,Spying in High Heels
approve,hardcover_374693,Driving Heat
approve,hardcover_377269,The Secret Speech
approve,hardcover_384163,If I Did It
approve,hardcover_385393,Devil's Cub
approve,hardcover_432825,Curious Toys
approve,hardcover_437609,Twenty-Eight and a Half Wishes
approve,hardcover_438691,Illegal Alien
approve,hardcover_442474,The Man With the Golden Arm
approve,hardcover_446476,Study in Slaughter
approve,hardcover_447961,Art in the Blood
approve,hardcover_459741,"Of Dragons, Feasts and Murders"
approve,hardcover_464923,All the Truth That's in Me
approve,hardcover_47212,In Bed with the Devil
approve,hardcover_474098,Snake Agent
approve,hardcover_477580,Night Passage
approve,hardcover_483396,Punishment
approve,hardcover_484262,The Queen of the South
approve,hardcover_500086,The Snack Thief
approve,hardcover_505227,All the Beautiful Lies
approve,hardcover_510342,Seven of Infinities
approve,hardcover_510430,Polar Star
approve,hardcover_526089,Black Ice
approve,hardcover_542613,Self-Defense
approve,hardcover_542720,The 18th Abduction
approve,hardcover_543794,Bleeding Heart Yard
approve,hardcover_545338,The Sky is Falling
approve,hardcover_5477,The Mousetrap and Other Plays
approve,hardcover_548331,Bloodfire
approve,hardcover_550009,Madison Square Murders
approve,hardcover_550909,Kids of Appetite
approve,hardcover_552555,Mercy Falls
approve,hardcover_56159,I Am Death
approve,hardcover_572941,Stone Princess
approve,hardcover_582450,Blood of Wonderland
approve,hardcover_603599,Batman: Year 100
approve,hardcover_610863,Riven Knight
approve,hardcover_621006,Heartbreaker
approve,hardcover_663456,Icon
approve,hardcover_689706,Tin Queen
approve,hardcover_740217,Agatha Raisin and the Day the Floods Came
approve,hardcover_740220,Agatha Raisin and the Witch of Wyckhadden
approve,hardcover_740222,Agatha Raisin and the wellspring of death
approve,hardcover_740911,The Last Move
approve,hardcover_78961,Day of the Predator
approve,hardcover_795541,Technomancer
approve,hardcover_795547,The Hitman's Guide to Housecleaning
approve,hardcover_79632,Cocaine Nights
approve,hardcover_8238,The Talisman Ring
approve,hardcover_8294,Burglars Can't Be Choosers
approve,hardcover_842779,Nineteen Seventy Four
approve,hardcover_886656,The Cask of Amontillado
approve,hardcover_934533,Hercule Poirot and the Greenshore Folly
approve,hardcover_98318,Smiler's Fair
approve,hardcover_1075319,The Monogram Murders
approve,hardcover_11180,In the Presence of the Enemy
approve,hardcover_1137081,The Instruments of Darkness
approve,hardcover_123441,Devices and Desires
approve,hardcover_1280948,Outfox
approve,hardcover_131495,Solitary
approve,hardcover_14452,Flesh and Blood
approve,hardcover_1487055,Hell Divers X: Fallout
approve,hardcover_15913,The Crocodile Bird
approve,hardcover_159740,The Shape Shifter
approve,hardcover_162946,A Judgement in Stone
approve,hardcover_169826,A Place of Hiding
approve,hardcover_17007,Playing for the Ashes Part 2
approve,hardcover_178007,The Wild Dead
approve,hardcover_184390,The Sinister Pig
approve,hardcover_186768,The Lily and The Lion
approve,hardcover_201382,Do Not Disturb
approve,hardcover_20340,Dolan's Cadillac
approve,hardcover_2062653,The Blackhouse
approve,hardcover_2064074,Miss Winter in the Library with a Knife
approve,hardcover_236498,Cold Paradise
approve,hardcover_265665,A Hole in Space
approve,hardcover_271740,The Paper Moon
approve,hardcover_280187,The Poisoned Chocolates Case
approve,hardcover_296799,A Study in Death
approve,hardcover_305092,Good Bones and Simple Murders
approve,hardcover_323652,Sliver
approve,hardcover_339700,The Drowning Pool
approve,hardcover_339901,L.A. Dead
approve,hardcover_348499,Fletch's Fortune
approve,hardcover_348712,Careless in Red
approve,hardcover_364948,Fires of the Faithful
approve,hardcover_373208,What Came Before He Shot Her
approve,hardcover_375539,Cuckoo's Egg
approve,hardcover_384402,The Victorian city
approve,hardcover_384774,A Study in Scarlet / The Sign of Four
approve,hardcover_386513,The Moon Maze Game
approve,hardcover_435265,Prussian Blue
approve,hardcover_435547,"""Diane..."" - The Twin Peaks Tapes of Agent Cooper"
approve,hardcover_441318,Beyond the Empire
approve,hardcover_451779,Last of Her Name
approve,hardcover_4583,The Rubber Band
approve,hardcover_461469,Island of the Mad
approve,hardcover_467711,Murder at the Manor
approve,hardcover_468531,All Is Fair
approve,hardcover_477684,Blue Heaven
approve,hardcover_477739,Murder by the Book
approve,hardcover_47842,Death And The Dancing Footman
approve,hardcover_479543,Night Train
approve,hardcover_48420,The One You Love
approve,hardcover_4870,Name of the Devil
approve,hardcover_504122,Incompetence
approve,hardcover_510896,Widespread Panic
approve,hardcover_512044,The blunderer
approve,hardcover_516316,A Useful Woman
approve,hardcover_52335,Bury the Lead
approve,hardcover_526085,Lock & Mori
approve,hardcover_526110,Gone
approve,hardcover_542636,Dr. Death
approve,hardcover_542693,Silent Voices
approve,hardcover_547507,Dead Man's Mirror
approve,hardcover_557701,The American Agent
approve,hardcover_568930,Happy!
approve,hardcover_584464,After She Wrote Him
approve,hardcover_596059,Sea Spell
approve,hardcover_603700,A Heart Full of Headstones
approve,hardcover_619865,The King of Lies
approve,hardcover_623656,Antwerp
approve,hardcover_651564,A Grave Matter
approve,hardcover_661795,A Clubbable Woman
approve,hardcover_687721,Bones Don't Lie
approve,hardcover_690955,Dead Watch
approve,hardcover_704891,The Pusher
approve,hardcover_719892,The Tattoo Murder Case
approve,hardcover_722504,The Last King of Scotland
approve,hardcover_73644,The Gladiator
approve,hardcover_93509,Talking to the Dead
approve,love_s_melody_lost,Love’s Melody Lost
approve,moodreads_9212,"Black Leopard, Red Wolf"
approve,moon_over_soho,Moon Over Soho
approve,openlibrary_OL72228W,Fear Street Super Chiller - Bad Moonlight
approve,river_of_blue_fire,River of Blue Fire
approve,station_eleven,Station Eleven
approve,wanderers,Wanderers
approve,openlibrary_OL1833982W,The Phantom of the Opera
approve,openlibrary_OL23304737W,Rock & roll!
approve,openlibrary_OL5357363W,Literature as Art
approve,openlibrary_OL77828W,The Queen of the Damned
approve,openlibrary_OL24161W,The  black arrow
approve,openlibrary_OL26668762W,Jo's Boys
approve,openlibrary_OL44973W,"Under the Greenwood Tree or, The Mellstock quire"
approve,openlibrary_OL5716030W,Backstage pass
approve,openlibrary_OL6032439W,When the spirits dance mambo
approve,openlibrary_OL102421W,Vampire Junction
approve,openlibrary_OL1490133W,Lady Audley's secret
approve,openlibrary_OL15976420W,Soul trapper
approve,openlibrary_OL19707517W,The King
approve,openlibrary_OL3338195W,The Doom of the Haunted Opera
approve,openlibrary_OL55598W,Fingers
approve,openlibrary_OL5683853W,Dark Symphony
approve,openlibrary_OL8110367W,Real Vampires Don't Diet
approve,openlibrary_OL16285860W,Heart of evil
approve,openlibrary_OL16937955W,Miss Mary is scary!
approve,openlibrary_OL1940359W,The moon of Gomrath
approve,openlibrary_OL104417W,A song for summer
approve,openlibrary_OL13064W,Silent Night
approve,openlibrary_OL16040506W,Spellbinder
approve,openlibrary_OL16643999W,Bridge of scarlet leaves
approve,openlibrary_OL17894325W,Her name is Rose
approve,openlibrary_OL17931654W,Romance is my day job
approve,openlibrary_OL1812924W,The Informers
approve,openlibrary_OL18182249W,Verdi's Shakespeare
approve,openlibrary_OL4315634W,The God particle
approve,openlibrary_OL5718828W,Wild roses
approve,openlibrary_OL111419W,Novels (Dance to the Piper / Last Honest Woman)
approve,openlibrary_OL13693747W,Never cry werewolf
approve,openlibrary_OL17914974W,Night in Shanghai
approve,openlibrary_OL20898470W,I Would Leave Me If I Could
approve,openlibrary_OL2858653W,There are no letters like yours
approve,openlibrary_OL4478271W,Ray Charles
approve,openlibrary_OL543253W,Vienna Prelude
approve,openlibrary_OL15673313W,Live Wire
approve,openlibrary_OL41493W,The Young Unicorns (Austin Family Chronicles #3)
approve,openlibrary_OL482454W,Cloud Atlas
approve,openlibrary_OL59837W,Very far away from anywhere else
approve,openlibrary_OL8165127W,Gossamer axe
approve,openlibrary_OL15131224W,Moonlight on the magic flute
approve,openlibrary_OL16298685W,Riding on Duke's train
approve,openlibrary_OL16298969W,Half-blood blues
approve,openlibrary_OL16979947W,The devil & Maria d'Avalos
approve,openlibrary_OL17454153W,The Jewels Of Paradise
approve,openlibrary_OL17801788W,Shadow Land
approve,openlibrary_OL20017701W,Gangster warlords
approve,openlibrary_OL20030208W,Street of Eternal Happiness
approve,openlibrary_OL20152113W,Searching for Lottie
approve,openlibrary_OL456509W,A traitor to memory
approve,openlibrary_OL463574W,Basket case
approve,openlibrary_OL5717566W,Good Enough
approve,openlibrary_OL14864836W,Starburst
approve,openlibrary_OL16027033W,Timoleon Vieta come home
approve,openlibrary_OL17082065W,The story of Owen
approve,openlibrary_OL17883807W,"Thank you, goodnight"
approve,openlibrary_OL1916935W,A long way down
approve,openlibrary_OL20060118W,Songs about a girl
approve,openlibrary_OL483052W,My unwilling witch starts a girl band
approve,openlibrary_OL647107W,Make way for Lucia (Mapp & Lucia #6)
approve,openlibrary_OL15075W,Hope's crossing
approve,openlibrary_OL3279783W,Anna Maria's gift
approve,openlibrary_OL503324W,The Notorious Dr. August
approve,openlibrary_OL506904W,Europe central
approve,openlibrary_OL540337W,Vivaldi's Virgins
approve,openlibrary_OL15440101W,The sky is everywhere
approve,openlibrary_OL15884199W,Acoustic Rooster and his barnyard band
approve,openlibrary_OL16132631W,Xavier Ox's xylophone experiment
approve,openlibrary_OL16689764W,Flex Mentallo
approve,openlibrary_OL1842396W,Out With the Stars
approve,openlibrary_OL18712612W,The Django
approve,openlibrary_OL19711484W,Solo
approve,openlibrary_OL20843356W,Lucy in the Sky
approve,openlibrary_OL23360423W,Love the way you love
approve,openlibrary_OL24282428W,A lily of the field
approve,openlibrary_OL25367992W,Sentries
approve,openlibrary_OL2954142W,"Me & Joey Pinstripe, the king of rock"
approve,openlibrary_OL3232017W,Crossed bones
approve,openlibrary_OL41470W,The Small Rain (Katherine Forrester Vigneras #1)
approve,openlibrary_OL5836524W,Vandal
approve,openlibrary_OL6233611W,Blueprint
approve,openlibrary_OL66848W,Talent Night
approve,openlibrary_OL14875886W,Nocturnes
approve,openlibrary_OL14958057W,A simple Habana melody (from when the world was good)
approve,openlibrary_OL15033519W,Firmament
approve,openlibrary_OL15033526W,Starseeker
approve,openlibrary_OL15061278W,The Mystery of the Stolen Music
approve,openlibrary_OL15316W,Sous le soleil jaguar
approve,openlibrary_OL16564027W,My baton is gone!
approve,openlibrary_OL17046891W,Orfeo
approve,openlibrary_OL17305372W,Writing Gordon Lightfoot
approve,openlibrary_OL17468275W,Welcome Home Cowboy
approve,openlibrary_OL17517830W,Seduction Never Lies
approve,openlibrary_OL17578821W,John Cage And David Tudor Correspondence On Interpretation And Performance
approve,openlibrary_OL17892857W,Sing for me
approve,openlibrary_OL18166251W,The snow queen
approve,openlibrary_OL18171174W,Jane's harmony
approve,openlibrary_OL19732596W,Every Note Played
approve,openlibrary_OL19922194W,Daisy Jones & The Six
approve,openlibrary_OL19958950W,Two-part inventions
approve,openlibrary_OL19988265W,All My Puny Sorrows
approve,openlibrary_OL20011836W,Symphony for the city of the dead
approve,openlibrary_OL20454252W,Find Me
approve,openlibrary_OL20830357W,They Say Sarah
approve,openlibrary_OL21315102W,Double Bass Blues
approve,openlibrary_OL21801927W,Psalms of Israel Jones
approve,openlibrary_OL24675152W,Don't look back!
approve,openlibrary_OL24716331W,Making a Comeback
approve,openlibrary_OL26665W,Goldkorn tales
approve,openlibrary_OL2950012W,The facts and fictions of Minna Pratt
approve,openlibrary_OL38763W,Victory
approve,openlibrary_OL3912510W,The Jazz Man
approve,openlibrary_OL42719W,The Mozart question
approve,openlibrary_OL481923W,Tribute to another dead rock star
approve,openlibrary_OL56865W,In Mozart's shadow
approve,openlibrary_OL5735107W,The Woman Who Wouldn't
approve,openlibrary_OL5842011W,"Tubby, the tuba"
approve,openlibrary_OL5873448W,Moody Food
approve,openlibrary_OL6028146W,Sweet music in Harlem
approve,openlibrary_OL6214214W,Stevie Wonder
approve,openlibrary_OL671556W,Minstrel Boy
approve,openlibrary_OL814975W,China
approve,openlibrary_OL85470W,Big Bend
approve,openlibrary_OL92588W,Billy Gashade
approve,openlibrary_OL92902W,Moses goes to a concert
approve,openlibrary_OL9584891W,Debbie Harry Sings in French
approve,openlibrary_OL14872349W,Trio with four players
approve,openlibrary_OL17547760W,Eighty Days Red
approve,openlibrary_OL17560419W,Eighty Days Amber
approve,openlibrary_OL19737134W,Just one lie
approve,openlibrary_OL23415242W,Devoured
approve,openlibrary_OL26316241W,On His Terms
approve,openlibrary_OL3273060W,The night pirates
approve,openlibrary_OL5686669W,Restless
approve,openlibrary_OL5687100W,Menage
approve,openlibrary_OL15024470W,Midnight Angel
approve,openlibrary_OL15543711W,"Ruthless Russian, Lost Innocence"
approve,openlibrary_OL17397180W,Count Toussaint's Baby
approve,openlibrary_OL19647090W,Rough justice
approve,openlibrary_OL19948300W,Teleny and Camille
approve,openlibrary_OL24259643W,Deadly-double cross
approve,openlibrary_OL26451828W,"Share me, touch me, tie me"
approve,openlibrary_OL2686852W,The Polish lover
approve,openlibrary_OL5836968W,The Hunter's Prey
approve,hardcover_183498,The Cuckoo's Calling
approve,hardcover_384242,The Dragon Keeper
approve,hardcover_433674,Boyfriend Material
approve,hardcover_436870,To Paradise
approve,hardcover_447205,Another Country
approve,hardcover_89506,Kings of the Wyld
approve,openlibrary_OL17873129W,Last mile to Nogales
approve,hardcover_146727,Nick & Norah's Infinite Playlist
approve,hardcover_431265,Troubled Blood
approve,hardcover_450432,Firefly: Big Damn Hero
approve,hardcover_490084,Roomies
approve,hardcover_524965,Tough Guy
approve,hardcover_642432,Red Team Blues
approve,hardcover_1283909,Rest Stop
approve,hardcover_17469,A Boy's Own Story
approve,hardcover_273148,Espedair Street
approve,hardcover_467382,Moshi Moshi
approve,hardcover_501631,Fallen Too Far
approve,hardcover_585143,Kiss the Girl
approve,hardcover_1672627,For the Record
approve,hardcover_469326,Jane
approve,hardcover_472033,Dirty
approve,hardcover_843597,Friends Don't Fall in Love
approve,hardcover_462642,It Started With Goodbye
approve,hardcover_539025,Everyone Is Beautiful
approve,hardcover_633294,Sweet as Sin
approve,hardcover_698038,The Shadow Prince
approve,openlibrary_OL547173W,The Last Days
approve,the_birthing_house,The Birthing House
approve,openlibrary_OL17082063W,Jackaby
approve,openlibrary_OL16116921W,Arkadien erwacht
approve,openlibrary_OL17881418W,The Eterna files
approve,openlibrary_OL16262929W,Sacred evil
approve,openlibrary_OL16316378W,Supernaturally (Paranormalcy #2)
approve,openlibrary_OL16607110W,Mystic city
approve,openlibrary_OL17825108W,The night is watching
approve,openlibrary_OL555796W,"Spying Eyes (Sabrina, the Teenage Witch)"
approve,hardcover_113172,Night Pleasures
approve,hardcover_497318,Opal
approve,hardcover_190674,Branded by Fire
approve,hardcover_229658,To Ride Pegasus
approve,hardcover_1192881,The Day of the Door
approve,hardcover_164274,Lyon's Pride
approve,hardcover_247062,Unbound
approve,bulletproof,Bulletproof
approve,dolores_claiborne,Dolores Claiborne
approve,faithful_place,Faithful Place
approve,finders_keepers138,Finders Keepers
approve,flow_my_tears_the_policeman_said,"Flow my tears, the policeman said"
approve,hellstroms_hive,Hellstrom's Hive
approve,holy_hell,Holy Hell
approve,i_know_who_you_are,I Know Who You Are
approve,its_not_her,It's Not Her
approve,moodreads_6208,The House of My Mother: A Daughter's Quest for Freedom
approve,openlibrary_OL15047485W,Cam Jansen and the mystery at the haunted house
approve,openlibrary_OL16566554W,The Supernatural Solution
approve,openlibrary_OL1729026W,Perfect nightmare
approve,openlibrary_OL19631217W,Mississippi Roll
approve,openlibrary_OL5747668W,30 Days Of Night: Bloodsucker Tales
approve,sea_of_tranquility,Sea of Tranquility
approve,snuff,Snuff
approve,squeeze_me,Squeeze Me
approve,the_bullet_catchers_daughter,The Bullet Catcher's Daughter
approve,the_couple_next_door,The Couple Next Door
approve,the_good_girl,The Good Girl
approve,the_house,The House
approve,the_new_york_trilogy,The New York Trilogy
approve,the_robots_of_dawn,The Robots of Dawn
approve,the_yiddish_policemens_union,The Yiddish Policemen's Union
approve,ticktock,Ticktock
approve,truth_and_fear,Truth and Fear
approve,wolfhound_century,Wolfhound Century
approve,openlibrary_OL15123353W,Phantom nights
approve,openlibrary_OL15301401W,Dean Koontz's Frankenstein
approve,openlibrary_OL16014238W,The Power of Six
approve,openlibrary_OL17414883W,"The Hangmans Revolution
            
                Warp"
approve,openlibrary_OL17913146W,Sean Rosen is not for sale
approve,openlibrary_OL17937105W,The Outsider
approve,openlibrary_OL18027954W,The rule of thre3
approve,openlibrary_OL20663157W,If It Bleeds
approve,openlibrary_OL20818422W,Fort Solitude
approve,openlibrary_OL21343023W,Devil Aspect
approve,openlibrary_OL278290W,Skulduggery Pleasant
approve,openlibrary_OL34057778W,Holly
approve,openlibrary_OL41072W,The Murders in the Rue Morgue
approve,openlibrary_OL472074W,Murder in the Mews
approve,openlibrary_OL5685551W,Precious Dragon
approve,openlibrary_OL5709556W,Double life
approve,openlibrary_OL5727053W,"Killers of the Dawn (Cirque Du Freak, The Saga of Darren Shan #9)"
approve,openlibrary_OL8136624W,Dark Forces
approve,openlibrary_OL81614W,Rose Madder
approve,openlibrary_OL10550284W,Chicken Little
approve,openlibrary_OL12998W,Just take my heart
approve,openlibrary_OL14910940W,"Judy Moody, Girl Detective"
approve,openlibrary_OL14920164W,Swimsuit
approve,openlibrary_OL14929956W,Classic Adventures of Sherlock Holmes
approve,openlibrary_OL15022423W,One False Note
approve,openlibrary_OL15175166W,After
approve,openlibrary_OL1518117W,Adventure of the Dancing Men and Other Sherlock Holmes Stories (Adventure of the Bruce-Partington Plans / Adventure of the Dying Detective / Adventure of the Musgrave Ritual / Adventure of the Dancing Men)
approve,openlibrary_OL1518306W,The Valley of Fear and Selected Cases (Adventure of Black Peter / Adventure of Charles Augustus Milverton / Adventure of the Abbey Grange / Adventure of the Bruce-Partington Plans / Adventure of the Dancing Men / Adventure of the Dying Detective / Adventure of the Empty House / Adventure of the Six Napoleons / Disappearance of Lady Frances Carfax / His Last Bow / Valley of Fear)
approve,openlibrary_OL15394878W,Verlorene Ehre der Katharina Blum
approve,openlibrary_OL16704609W,The diviners
approve,openlibrary_OL17356548W,Clawback
approve,openlibrary_OL17368448W,Inside the O' Briens
approve,openlibrary_OL17842319W,Turtles All the Way Down
approve,openlibrary_OL17875530W,Three pickled herrings
approve,openlibrary_OL17890W,Happy Are the Peacemakers
approve,openlibrary_OL19087058W,The Paris Mysteries
approve,openlibrary_OL1974290W,Encyclopedia Brown Strikes Again
approve,openlibrary_OL20017289W,"Friday Barnes, Girl Detective"
approve,openlibrary_OL20348172W,Solitaire
approve,openlibrary_OL20744409W,Everything Sad Is Untrue
approve,openlibrary_OL24206015W,Treize enquêtes élémentaires de Sherlock Holmes [13 stories]
approve,openlibrary_OL2435522W,The No. 1 Ladies' Detective Agency
approve,openlibrary_OL258333W,Frøken Smillas fornemmelse for sne
approve,openlibrary_OL262421W,The Adventures of Sherlock Holmes [12 stories]
approve,openlibrary_OL262452W,His Last Bow [8 stories]
approve,openlibrary_OL262496W,A Study in Scarlet
approve,openlibrary_OL2671485W,The Alienist
approve,openlibrary_OL471603W,The Mystery of the Blue Train
approve,openlibrary_OL471789W,The Secret Adversary
approve,openlibrary_OL471932W,The Murder of Roger Ackroyd
approve,openlibrary_OL472715W,The Mysterious Affair at Styles
approve,openlibrary_OL53908W,Adventures of Huckleberry Finn
approve,openlibrary_OL53922W,Novels (Adventures of Huckleberry Finn / Adventures of Tom Sawyer / Prince and the Pauper)
approve,openlibrary_OL5726003W,Half Moon Investigations
approve,openlibrary_OL5734718W,Little Brother
approve,openlibrary_OL5737453W,The Suspect
approve,openlibrary_OL59042W,When We Were Orphans
approve,openlibrary_OL891945W,Nineteen Minutes
approve,openlibrary_OL941674W,Herr der Diebe
approve,openlibrary_OL14906170W,"Secret Life of a Vampire (Love at Stake, Book 6)"
approve,openlibrary_OL15157260W,Rosemary and Rue
approve,openlibrary_OL15174809W,Mean Streets
approve,openlibrary_OL15858724W,Girl sleuth
approve,openlibrary_OL16026242W,La vida vampire
approve,openlibrary_OL16152967W,Bride of the night
approve,openlibrary_OL16521473W,Precinct 13
approve,openlibrary_OL176092W,The Moonstone
approve,openlibrary_OL17883610W,A barricade in hell
approve,openlibrary_OL1914078W,Whiteout
approve,openlibrary_OL19338128W,Fear the Dark (Bishop/Special Crimes Unit)
approve,openlibrary_OL19544896W,Twisted Truths: Blood Brothers Book 3
approve,openlibrary_OL1979135W,Beneath a blood red moon
approve,openlibrary_OL20000235W,Scarlett undercover
approve,openlibrary_OL20059200W,A game of ghosts
approve,openlibrary_OL21082974W,Adventure of Six Napoleons and Other Cases
approve,openlibrary_OL21098946W,Raven
approve,openlibrary_OL22911W,The Lion's Game
approve,openlibrary_OL28835947W,Scorpion Shards
approve,openlibrary_OL29257912W,Dominic
approve,openlibrary_OL3566815W,Into the shadow
approve,openlibrary_OL472073W,Murder on the Links
approve,openlibrary_OL472536W,Third Girl
approve,openlibrary_OL5709617W,Booze and the private eye
approve,openlibrary_OL5730094W,Pale death
approve,openlibrary_OL8030908W,Up In Flames
approve,openlibrary_OL121735W,Deadly harvest
approve,openlibrary_OL14909690W,Jailbait zombie
approve,openlibrary_OL15192565W,Cold Sight (Extrasensory Agents)
approve,openlibrary_OL15671392W,Savage Nature
approve,openlibrary_OL15746076W,"The three witches; or, The combination dream dictionary"
approve,openlibrary_OL15834920W,Bloody harvests
approve,openlibrary_OL17708816W,Operation Bunny
approve,openlibrary_OL18024807W,Are you experienced?
approve,openlibrary_OL19729029W,The squirrel on the train
approve,openlibrary_OL522150W,Star Wars - Darksaber
approve,openlibrary_OL522229W,Star Wars - Young Jedi Knights - Lightsabers
approve,openlibrary_OL5730198W,Lost in a Good Book
approve,openlibrary_OL5730204W,"First Among Sequels (Thursday Next, #5)"
approve,openlibrary_OL106077W,The heart of the matter
approve,openlibrary_OL106084W,The Power and the Glory
approve,openlibrary_OL111413W,Affaire Royale
approve,openlibrary_OL1281888W,Journal du voleur
approve,openlibrary_OL15677889W,The face at the window
approve,openlibrary_OL17082310W,The Girl Next Door
approve,openlibrary_OL17199360W,Mean Streak
approve,openlibrary_OL17760704W,Hunted
approve,openlibrary_OL17868859W,The marriage charm
approve,openlibrary_OL1902462W,Renegade
approve,openlibrary_OL1966487W,The Greatest Show on Earth
approve,openlibrary_OL19962604W,Mortal sins
approve,openlibrary_OL20662988W,Star Wars - Dooku - Jedi Lost
approve,openlibrary_OL2458608W,Divorcing Jack
approve,openlibrary_OL258134W,Naked Lunch
approve,openlibrary_OL278216W,The Jesus family tomb
approve,openlibrary_OL3381127W,Tree Of Pearls
approve,openlibrary_OL3529656W,The public life of Sherlock Holmes
approve,openlibrary_OL441004W,"When Comes the Spring (Canadian West, Book 2)"
approve,openlibrary_OL471891W,Crooked House
approve,openlibrary_OL5683217W,Chosen to die
approve,openlibrary_OL684617W,Rock Art Rebel (Vortex Books)
approve,openlibrary_OL79752W,A Quiet Flame
approve,openlibrary_OL111628W,High Noon
approve,openlibrary_OL14913850W,Death of a Scriptwriter
approve,openlibrary_OL16415840W,The Witness
approve,openlibrary_OL16646361W,Only superhuman
approve,openlibrary_OL167319W,Chill factor
approve,openlibrary_OL17389956W,Star Wars - Fate of the Jedi - Apocalypse
approve,openlibrary_OL17427522W,Cs Lewiss Lost Aeneid Arms And The Exile
approve,openlibrary_OL17867847W,Star Wars - A New Dawn
approve,openlibrary_OL17874251W,Far gone
approve,openlibrary_OL18160572W,The forsaken
approve,openlibrary_OL18511681W,Batman chronicles
approve,openlibrary_OL19090184W,Precious and Grace (No. 1 Ladies' Detective Agency)
approve,openlibrary_OL19324556W,Star Wars - Thrawn
approve,openlibrary_OL20022902W,'Til Death Do Us Part
approve,openlibrary_OL20053636W,Come Sundown
approve,openlibrary_OL20830787W,Faithless in Death
approve,openlibrary_OL20872991W,The Voting Booth
approve,openlibrary_OL2915091W,The Way of the Apprentice
approve,openlibrary_OL3846773W,Barracks
approve,openlibrary_OL471990W,The Mirror Crack'd from Side to Side
approve,openlibrary_OL491804W,To die for
approve,openlibrary_OL5683277W,The Night Before
approve,openlibrary_OL5817031W,Stranger Things Happen
approve,openlibrary_OL8109750W,Star Wars - Junior Jedi Knights - The Golden Globe
approve,openlibrary_OL14860082W,Night and Day
approve,openlibrary_OL14871205W,The night sessions
approve,openlibrary_OL14918812W,Star Wars - Allegiance
approve,openlibrary_OL15108992W,Star Wars - Fate of the Jedi - Abyss
approve,openlibrary_OL15537866W,The Maltese mummy
approve,openlibrary_OL15598144W,Man-Kzin Wars XII
approve,openlibrary_OL15921145W,Rule 34
approve,openlibrary_OL16802620W,Star Wars - Dawn of the Jedi - Into the Void
approve,openlibrary_OL17207142W,Earth Afire
approve,openlibrary_OL17456733W,Where The Bodies Are Buried
approve,openlibrary_OL17814966W,Jedi Academy. The Force Oversleeps
approve,openlibrary_OL17867861W,Star Wars Episode VII - The Force Awakens
approve,openlibrary_OL17933404W,Revenge of the Sith
approve,openlibrary_OL18020265W,Star Wars Episode VIII - The Last Jedi
approve,openlibrary_OL1902780W,A dark and hungry god arises
approve,openlibrary_OL19197254W,Nightwalker
approve,openlibrary_OL19657298W,Star Wars - Thrawn - Alliances
approve,openlibrary_OL1974371W,Encyclopedia Brown Saves the Day
approve,openlibrary_OL19979049W,A new hope
approve,openlibrary_OL20013387W,Time of departure
approve,openlibrary_OL20050184W,The Murder of Willie Lincoln
approve,openlibrary_OL20801066W,"Star Wars - Tales from a Galaxy Far, Far Away - Aliens"
approve,openlibrary_OL20855885W,The Pull of the Stars
approve,openlibrary_OL20984945W,Around the World in 80 Days
approve,openlibrary_OL2163629W,The Long Dark Tea-Time of the Soul
approve,openlibrary_OL2215811W,Star Wars - Shadows of the Empire
approve,openlibrary_OL2247559W,Evil Genius (Genius #1)
approve,openlibrary_OL24228313W,Star Wars The High Republic - Light of the Jedi
approve,openlibrary_OL261593W,Star Wars - The New Jedi Order - Vector Prime
approve,openlibrary_OL3475311W,The Chemistry of Death
approve,openlibrary_OL3951201W,Gemini Game
approve,openlibrary_OL40363W,The Reaper
approve,openlibrary_OL4115134W,Star Wars - Black Fleet Crisis - Shield of Lies
approve,openlibrary_OL4191365W,When Gravity Fails
approve,openlibrary_OL46759W,Half broke horses
approve,openlibrary_OL486650W,Beneath the skin
approve,openlibrary_OL522148W,Dark Apprentice (Star Wars
approve,openlibrary_OL522176W,Star Wars - Young Jedi Knights - Jedi Under Siege
approve,openlibrary_OL548158W,Among the Free
approve,openlibrary_OL548182W,Among the enemy
approve,openlibrary_OL5683504W,Star Wars Episode I - The Phantom Menace
approve,openlibrary_OL5819147W,Legends
approve,openlibrary_OL7923838W,EXECUTION CHANNEL
approve,openlibrary_OL79334W,Just one look
approve,openlibrary_OL83578W,Star Wars - Hand of Thrawn Duology - Specter of the Past
approve,openlibrary_OL104535W,True Grit
approve,openlibrary_OL106497W,The Maine massacre
approve,openlibrary_OL111749W,The Poet
approve,openlibrary_OL13252W,A conspiracy of paper
approve,openlibrary_OL134380W,The Last Precinct
approve,openlibrary_OL134448W,Guilty as Sin
approve,openlibrary_OL13609165W,The Gardner Heist
approve,openlibrary_OL137396W,The Circular Staircase
approve,openlibrary_OL13754384W,"""A"" is for Alibi"
approve,openlibrary_OL14852230W,Q Is for Quarry
approve,openlibrary_OL14852285W,"R is for Ricochet (Kinsey Millhone, #18)"
approve,openlibrary_OL14852287W,S Is for Silence
approve,openlibrary_OL14907734W,One Was a Soldier
approve,openlibrary_OL15024955W,Policing organized crime
approve,openlibrary_OL15170067W,Limb from Limb
approve,openlibrary_OL15172910W,"Bind, Torture, Kill"
approve,openlibrary_OL15300886W,The first rule
approve,openlibrary_OL15964555W,Blood warning
approve,openlibrary_OL15991778W,"""V"" is for vengeance"
approve,openlibrary_OL16003101W,Left for dead
approve,openlibrary_OL16183846W,The Silent girl
approve,openlibrary_OL16216252W,11th hour
approve,openlibrary_OL16511797W,Spies of the Balkans
approve,openlibrary_OL16517941W,Black thunder
approve,openlibrary_OL16556671W,Myrknætti
approve,openlibrary_OL16700857W,Never tell
approve,openlibrary_OL16806416W,The Cuckoo's Calling
approve,openlibrary_OL16821554W,Cop Town
approve,openlibrary_OL17301288W,Roadblocks to Hell
approve,openlibrary_OL17320398W,The Making of Planet and Gravity
approve,openlibrary_OL17359866W,Charcoal Joe
approve,openlibrary_OL17474122W,The Minor Adjustment Beauty Salon
approve,openlibrary_OL17570851W,The Striker
approve,openlibrary_OL17671401W,Killer at Large
approve,openlibrary_OL17746670W,Robert B. Parker's Damned if you do
approve,openlibrary_OL17826750W,Crash & burn
approve,openlibrary_OL17883173W,Dragon fruit
approve,openlibrary_OL17892080W,Knightley & son
approve,openlibrary_OL17895579W,The sacrifice
approve,openlibrary_OL17896329W,Insidious
approve,openlibrary_OL17903443W,Ice shear
approve,openlibrary_OL18020233W,Fifty Fifty
approve,openlibrary_OL18020288W,The House Of Unexpected Sisters
approve,openlibrary_OL18181424W,Under a silent moon
approve,openlibrary_OL19335727W,Wicked Takes the Witness Stand: A Tale of Murder and Twisted Deceit in Northern Michigan
approve,openlibrary_OL1970111W,Freddy the magician
approve,openlibrary_OL19706060W,Timmy Failure
approve,openlibrary_OL19722846W,Invisible no more
approve,openlibrary_OL19728139W,The Big Lie
approve,openlibrary_OL19732599W,The fallen
approve,openlibrary_OL19795454W,The Sentence is Death
approve,openlibrary_OL19800251W,"Liar, liar"
approve,openlibrary_OL19960154W,Snow White must die
approve,openlibrary_OL20008522W,City on fire
approve,openlibrary_OL20030822W,Live and let growl
approve,openlibrary_OL20038327W,Coffin Road
approve,openlibrary_OL2005892W,L.A. requiem
approve,openlibrary_OL2008005W,The Beverly Malibu
approve,openlibrary_OL2008605W,Find Me
approve,openlibrary_OL20119849W,The Long Call
approve,openlibrary_OL20121157W,Savage Appetites
approve,openlibrary_OL20809217W,The Bone Jar
approve,openlibrary_OL20877187W,Vigilante season
approve,openlibrary_OL21032740W,Brothers
approve,openlibrary_OL22908W,Plum Island
approve,openlibrary_OL22914W,Night Fall
approve,openlibrary_OL23551W,Right as Rain
approve,openlibrary_OL2435460W,"Sunday Philosophy Club, The"
approve,openlibrary_OL2435463W,Tears of the Giraffe (No. 1 Ladies Detective Agency
approve,openlibrary_OL2435509W,Morality for beautiful girls
approve,openlibrary_OL2538243W,In Big Trouble (A Tess Monaghan Investigation)
approve,openlibrary_OL2737406W,The blue place
approve,openlibrary_OL276040W,All the Centurions
approve,openlibrary_OL28966969W,The Judas dilemma
approve,openlibrary_OL29235477W,Ángulo muerto
approve,openlibrary_OL2975460W,Superhighway robbery
approve,openlibrary_OL2996324W,"Sherlock Holmes, Consulting Detective"
approve,openlibrary_OL3901386W,Lonesome Road
approve,openlibrary_OL4069376W,Armed robbery
approve,openlibrary_OL456392W,In the Presence of the Enemy (Inspector Lynley Mystery)
approve,openlibrary_OL457945W,The cat who turned off and on
approve,openlibrary_OL458007W,The Cat Who Tailed a Thief
approve,openlibrary_OL463573W,Skinny dip
approve,openlibrary_OL471776W,Elephants Can Remember
approve,openlibrary_OL472324W,Death in the Clouds
approve,openlibrary_OL48878W,Long Spoon Lane
approve,openlibrary_OL500303W,Never Dream of Dying
approve,openlibrary_OL5091120W,The alternative Sherlock Holmes
approve,openlibrary_OL5734052W,The soul catcher
approve,openlibrary_OL5846820W,The many deaths of the Firefly Brothers
approve,openlibrary_OL5903444W,Leroy and the Old Man (Point)
approve,openlibrary_OL628226W,Adios Hemingway / Goodbye Hemingway
approve,openlibrary_OL6833143W,Invisible Darkness
approve,openlibrary_OL7918170W,The Forensic Casebook
approve,openlibrary_OL7974042W,The Father of Forensics
approve,openlibrary_OL8093992W,"Triads as Business (Routledge Studies in Modern History of Asia, 6)"
approve,openlibrary_OL117924W,Agatha Raisin and the quiche of death
approve,openlibrary_OL11892763W,The case of the case of mistaken identity
approve,openlibrary_OL11921528W,Dog on it
approve,openlibrary_OL120971W,"Utterly me, Clarice Bean"
approve,openlibrary_OL13819982W,Hamster and cheese
approve,openlibrary_OL15109914W,Playing with fire
approve,openlibrary_OL15537865W,The ferret's a foot
approve,openlibrary_OL16134419W,I Hunt Killers
approve,openlibrary_OL16652175W,Raining cats and detectives
approve,openlibrary_OL17889963W,The Perfect Couple
approve,openlibrary_OL17893900W,The case of the snack snatcher
approve,openlibrary_OL19218303W,A Modern form of slavery
approve,openlibrary_OL19712288W,Boundary
approve,openlibrary_OL19721852W,"Not now, not ever"
approve,openlibrary_OL19734280W,Tyler Johnson was here
approve,openlibrary_OL20008555W,The woman who walked in sunshine
approve,openlibrary_OL20054345W,Goldie Vance
approve,openlibrary_OL2040501W,Casebook of a private (cat's) eye
approve,openlibrary_OL20758839W,This Is My America
approve,openlibrary_OL20793817W,Anxious People
approve,openlibrary_OL24277621W,La revanche du myope
approve,openlibrary_OL24346726W,Razor Girl
approve,openlibrary_OL24433338W,The body in the bookcase
approve,openlibrary_OL2788925W,The great escape
approve,openlibrary_OL47852W,The Mystery of the Chinese Junk
approve,openlibrary_OL503169W,Hurricane Punch CD
approve,openlibrary_OL5843879W,The Sporran Connection
approve,openlibrary_OL79173W,Red leaves
approve,openlibrary_OL8365631W,Spiked!
approve,openlibrary_OL9897485W,My Brain Hurts
approve,openlibrary_OL12284500W,Every past thing
approve,openlibrary_OL14914063W,The edge of town
approve,openlibrary_OL15047445W,Bones and the cupcake mystery
approve,openlibrary_OL15413385W,The body at the tower
approve,openlibrary_OL15469214W,A spy in the house (The Agency #1)
approve,openlibrary_OL15862183W,The princess and the pirates
approve,openlibrary_OL1732353W,Cocaine Blues
approve,openlibrary_OL17885140W,The poisoned island
approve,openlibrary_OL18853207W,"Cordially yours, Brother Cadfael"
approve,openlibrary_OL1984729W,Arthur and George
approve,openlibrary_OL20828965W,DEATH OF KINGS
approve,openlibrary_OL24686489W,Tên của đóa hồng
approve,openlibrary_OL34122W,Poor butterfly
approve,openlibrary_OL40349W,Bertie and the crime of passion
approve,openlibrary_OL4092687W,Why shoot a butler?
approve,openlibrary_OL4797922W,Angel in Jeopardy (Angel)
approve,openlibrary_OL48870W,The shifting tide
approve,openlibrary_OL5840871W,Mutiny
approve,openlibrary_OL58945W,Deadly illusions
approve,openlibrary_OL8897942W,Billy Boyle
approve,openlibrary_OL98660W,Chicago confidential
approve,openlibrary_OL119074W,The killing hour
approve,openlibrary_OL12284337W,Basket case
approve,openlibrary_OL12725W,Silent partner
approve,openlibrary_OL1400610W,The Set-Up
approve,openlibrary_OL15007246W,The Klipfish Code
approve,openlibrary_OL15369653W,The Confession
approve,openlibrary_OL15835108W,"Calling, Tracy!"
approve,openlibrary_OL15835630W,Damnation Street
approve,openlibrary_OL16142378W,The golden scales
approve,openlibrary_OL16168035W,Cheetah and the purrfect crime
approve,openlibrary_OL16471457W,The Thief
approve,openlibrary_OL16499139W,Stay Close
approve,openlibrary_OL16532063W,Gone missing
approve,openlibrary_OL16601037W,Taken
approve,openlibrary_OL16634528W,Sherlock Holmes and the Gloria Scott
approve,openlibrary_OL16814696W,The Dead in Their Vaulted Arches
approve,openlibrary_OL17297968W,Blue Lightning
approve,openlibrary_OL17357374W,What She Knew
approve,openlibrary_OL17357741W,Killer Ambition
approve,openlibrary_OL17389033W,Whiskey Beach
approve,openlibrary_OL17521163W,The Book of Souls
approve,openlibrary_OL17541050W,Death Note #9-10
approve,openlibrary_OL17606520W,The Widow
approve,openlibrary_OL17881167W,Comic relief
approve,openlibrary_OL17894755W,The ghost shift
approve,openlibrary_OL18006921W,Sherlock Bones
approve,openlibrary_OL1814913W,Dirty Money
approve,openlibrary_OL1967312W,The 3-2-3 Detective Agency in The disappearance of Dave Warthog
approve,openlibrary_OL19732002W,Rashomon
approve,openlibrary_OL19736215W,Then She Was Gone
approve,openlibrary_OL19739260W,Bring Me Back
approve,openlibrary_OL19753624W,Wild fire
approve,openlibrary_OL19995970W,Apocalypse bow wow
approve,openlibrary_OL19997973W,The other side of the Wall
approve,openlibrary_OL20003813W,The murderer's daughter
approve,openlibrary_OL20007372W,Punky Brewster
approve,openlibrary_OL20049965W,The loving husband
approve,openlibrary_OL20058493W,The good widow
approve,openlibrary_OL20058533W,Ultimatum
approve,openlibrary_OL20073071W,The Inn
approve,openlibrary_OL20143970W,The 19th Christmas
approve,openlibrary_OL20285172W,The Guardians
approve,openlibrary_OL20512712W,Under Occupation
approve,openlibrary_OL20639860W,The secret guests
approve,openlibrary_OL20821593W,Dimma
approve,openlibrary_OL20835752W,The Darkest Evening
approve,openlibrary_OL23302654W,Target
approve,openlibrary_OL24299478W,The son
approve,openlibrary_OL3297232W,The Light of Day
approve,openlibrary_OL3512189W,City of glass
approve,openlibrary_OL41914W,Mischief in Maggody
approve,openlibrary_OL463356W,Dead cert
approve,openlibrary_OL464425W,The Winds of Change
approve,openlibrary_OL471928W,Partners in Crime
approve,openlibrary_OL4798026W,A Fearful Thing
approve,openlibrary_OL483792W,Watchman (Crime Club)
approve,openlibrary_OL486656W,Killing me softly
approve,openlibrary_OL491709W,Dying To Please
approve,openlibrary_OL533561W,No Trace
approve,openlibrary_OL5706750W,"Drawing a blank, or, How I tried to solve a mystery, end a feud, and land the girl of my dreams"
approve,openlibrary_OL74409W,Motherless Brooklyn
approve,openlibrary_OL8135755W,Hooked
approve,openlibrary_OL8266374W,The Mammoth Book of Historical Detectives
approve,openlibrary_OL87943W,The first 48
approve,openlibrary_OL8992752W,Koukaku Kidoutai 1.5
approve,openlibrary_OL9760019W,Bookhunter
approve,openlibrary_OL14871635W,Presumed Guilty & Keeper Of The Bride
approve,openlibrary_OL15031790W,Northland stories
approve,openlibrary_OL15197284W,Lucky days with Mr. and Mrs. Green
approve,openlibrary_OL15221346W,The Continental Op
approve,openlibrary_OL18041W,Windy City Blues
approve,openlibrary_OL19651115W,Star Wars - The Force Awakens (Storybook)
approve,openlibrary_OL20047327W,The borrowed
approve,openlibrary_OL24180234W,Aye That Will Be Right
approve,openlibrary_OL26178641W,Vango
approve,openlibrary_OL28953005W,Dead duck
approve,openlibrary_OL2961375W,Death wish
approve,openlibrary_OL3020834W,Captain Cut-Throat
approve,openlibrary_OL3295493W,Later novels and other writings
approve,openlibrary_OL3412429W,The Appleby file
approve,openlibrary_OL39160W,The Hidden Staircase
approve,openlibrary_OL44100101W,Morse's Greatest Mystery and Other Stories
approve,openlibrary_OL471915W,Poirot's Early Cases
approve,openlibrary_OL1064287W,L' aiguille creuse
approve,openlibrary_OL15181313W,Sexy Beast VI
approve,openlibrary_OL15183149W,My Only Vice
approve,openlibrary_OL15184717W,Something Wicked
approve,openlibrary_OL15186581W,Out of Control
approve,openlibrary_OL15599271W,The sleepwalker (CHERUB #9)
approve,openlibrary_OL15828893W,The Willful Wife
approve,openlibrary_OL16260891W,Runaway storm
approve,openlibrary_OL16568870W,Ruby Redfort look into my eyes (Ruby Redfort #1)
approve,openlibrary_OL17525575W,Biggles Dangerous Missions
approve,openlibrary_OL18173177W,The mighty Quinns
approve,openlibrary_OL18821239W,Falling for the new guy
approve,openlibrary_OL19721031W,Slow train to Sonora
approve,openlibrary_OL19963137W,The Pearl of Bengal
approve,openlibrary_OL19963786W,The killer wore leather
approve,openlibrary_OL20019968W,Obsession
approve,openlibrary_OL21395612W,The Devil's Kiss
approve,openlibrary_OL2303528W,The flight of the doves
approve,openlibrary_OL2466931W,The instructor
approve,openlibrary_OL25673806W,Thirst
approve,openlibrary_OL278176W,Into the Darkness (Avon Red)
approve,openlibrary_OL3454870W,Selected from Jaws
approve,openlibrary_OL3738771W,Where are the twins?
approve,openlibrary_OL47876W,The Secret Panel
approve,openlibrary_OL5686182W,A Hero for All Seasons
approve,openlibrary_OL5690173W,Don't Look Back
approve,openlibrary_OL5690761W,Bare Facts
approve,openlibrary_OL5690762W,Bare witness
approve,openlibrary_OL5808493W,One dark night
approve,openlibrary_OL7530605W,The Street Sweeper
approve,openlibrary_OL8032249W,Unleashed
approve,openlibrary_OL84785W,The Falcon's Malteser
approve,openlibrary_OL8755487W,Along for the Ride
approve,openlibrary_OL8777332W,Tapestry Dreams
approve,openlibrary_OL9365019W,Married on Mondays
approve,openlibrary_OL16042824W,"I, Tom Horn"
approve,openlibrary_OL17804138W,Nest of vipers
approve,openlibrary_OL17868593W,Damnation Road
approve,openlibrary_OL17891634W,Dark prairie
approve,openlibrary_OL17895701W,Catfoot
approve,openlibrary_OL18005935W,Men of violence
approve,openlibrary_OL18021691W,Amor bajo sospecha
approve,openlibrary_OL18166186W,Command performance
approve,openlibrary_OL19717247W,Pinkerton's gold
approve,openlibrary_OL20056723W,Smoke wagon
approve,openlibrary_OL20828886W,Sons and gunslicks
approve,openlibrary_OL24180213W,Fugitive run
approve,openlibrary_OL24264859W,The fighting cowboy
approve,openlibrary_OL24298644W,Silver Creek trail
approve,openlibrary_OL26448010W,Crucifixion River
approve,openlibrary_OL8488819W,Exposing Casey
approve,hardcover_1196066,We Solve Murders
approve,hardcover_173,Mr Mercedes
approve,hardcover_1905977,Strange Houses
approve,hardcover_302701,Career of Evil
approve,hardcover_325603,Thinner
approve,hardcover_327408,The Silkworm
approve,hardcover_357813,Trainspotting
approve,hardcover_37002,Sadie
approve,hardcover_373314,The Complete Sherlock Holmes
approve,hardcover_376080,The Word is Murder
approve,hardcover_380314,The ABC Murders
approve,hardcover_382405,The Memoirs of Sherlock Holmes
approve,hardcover_41398,Foundryside
approve,hardcover_427863,The Lost Metal
approve,hardcover_430268,The Whisper Man
approve,hardcover_436443,Drive Your Plow Over the Bones of the Dead
approve,hardcover_437238,The Sanatorium
approve,hardcover_437709,The Maid
approve,hardcover_585547,Things We Hide From the Light
approve,hardcover_773806,Happiness Falls
approve,openlibrary_OL14914290W,Blue-eyed devil
approve,openlibrary_OL15522189W,Silverton gold
approve,openlibrary_OL17495033W,The Old Gray Wolf
approve,openlibrary_OL17800436W,The secret of Lodestar
approve,openlibrary_OL1850124W,The wisdom of stones
approve,openlibrary_OL19810855W,The case of the burrowing robot
approve,openlibrary_OL19980388W,Any other name
approve,openlibrary_OL22317374W,Allingham
approve,openlibrary_OL24200130W,Devine
approve,openlibrary_OL24426769W,Nebraska shoot-out
approve,openlibrary_OL47223W,When cowboys die
approve,openlibrary_OL51027W,Hills of Homicide
approve,hardcover_1083639,The Return of Ellie Black
approve,hardcover_108866,The Hollow
approve,hardcover_1162700,Long Island Compromise
approve,hardcover_127000,Apex
approve,hardcover_1477871,The Perfect Divorce
approve,hardcover_1530458,Famous Last Words
approve,hardcover_1628046,Heartwood
approve,hardcover_16554,I Found You
approve,hardcover_174570,Broken
approve,hardcover_202638,Naked in Death
approve,hardcover_216359,Nemesis
approve,hardcover_258558,Motherless Brooklyn
approve,hardcover_314560,Broken Monsters
approve,hardcover_331467,Déjà Dead
approve,hardcover_336557,A Study in Scarlet Women
approve,hardcover_35970,The Difference Engine 
approve,hardcover_375712,Hot Milk
approve,hardcover_427604,Countdown City
approve,hardcover_427611,World of Trouble
approve,hardcover_432828,The Night Fire
approve,hardcover_435529,The third policeman
approve,hardcover_436070,What the Hell Did I Just Read
approve,hardcover_437201,Camino Winds
approve,hardcover_439970,The Big Over Easy
approve,hardcover_440284,Heat Wave
approve,hardcover_440669,The Flight Attendant
approve,hardcover_465025,Invisible Girl
approve,hardcover_476952,The Wrong Side of Goodbye
approve,hardcover_50148,Radicalized: Four Tales of Our Present Moment
approve,hardcover_516394,Hunted
approve,hardcover_559690,The Girl Who Was Taken
approve,hardcover_563029,The Perfect Son
approve,hardcover_654018,Do Not Disturb
approve,hardcover_684012,Zero Days
approve,hardcover_705311,Crook Manifesto
approve,hardcover_770734,Strange Sally Diamond
approve,hardcover_780021,Daughter of Mine
approve,hardcover_99402,One of Our Thursdays Is Missing
approve,hardcover_102301,When Will There Be Good News?
approve,hardcover_1064993,Don't Believe It
approve,hardcover_126626,Complicity
approve,hardcover_130718,Agatha Christie: An Autobiography
approve,hardcover_131931,The Sunday Philosophy Club
approve,hardcover_134190,The Unexpected Guest
approve,hardcover_136583,Mr. Murder
approve,hardcover_163844,The Kalahari Typing School for Men
approve,hardcover_166518,Speaking from Among the Bones
approve,hardcover_1762588,So Far Gone
approve,hardcover_182198,A Midsummer's Equation
approve,hardcover_196515,The Beach House
approve,hardcover_197748,An innocent client
approve,hardcover_252847,True Blue
approve,hardcover_28733,Miss Marple's Final Cases
approve,hardcover_300451,Spider's Web
approve,hardcover_313714,The Fourth Bear
approve,hardcover_33236,Jimmy the Hand
approve,hardcover_3551,Snap
approve,hardcover_432714,The Perfect Family
approve,hardcover_435569,And the Hippos Were Boiled in Their Tanks
approve,hardcover_437462,The Jigsaw Man
approve,hardcover_438513,Laurie
approve,hardcover_440464,The Fifth Heart
approve,hardcover_440497,Sister
approve,hardcover_442789,After Atlas
approve,hardcover_461308,Hello Stranger
approve,hardcover_464472,Two Girls Down
approve,hardcover_474538,Redemption Road
approve,hardcover_481342,The Unquiet Dead
approve,hardcover_505257,The Perfect Mother
approve,hardcover_510449,One Minute Out
approve,hardcover_512671,The Groomer
approve,hardcover_518688,The Crow Trap
approve,hardcover_593270,Lucky
approve,hardcover_597530,Wilt
approve,hardcover_601382,Long Shadows
approve,hardcover_689748,Crimson River
approve,hardcover_710263,The Invention of Murder: How the Victorians Revelled in Death and Detection and Created Modern Crime
approve,hardcover_740320,And There He Kept Her
approve,hardcover_880031,Machine Vendetta
approve,hardcover_91301,Morality for Beautiful Girls
approve,hardcover_10601,Auntie Poldi and the Sicilian Lions
approve,hardcover_1083679,Has Anyone Seen Charlotte Salter?
approve,hardcover_139047,A Meditation on Murder
approve,hardcover_175176,The Ex
approve,hardcover_1753771,An Unsuitable Heir
approve,hardcover_235736,Fatal Affair
approve,hardcover_236551,Among the Brave
approve,hardcover_275825,"Abby Cooper, Psychic Eye"
approve,hardcover_275950,The London Eye Mystery
approve,hardcover_320271,The Accident
approve,hardcover_360568,Open Season
approve,hardcover_373463,Blue Shoes and Happiness
approve,hardcover_38433,Hangman
approve,hardcover_384489,Promised Land
approve,hardcover_385308,Dawn
approve,hardcover_435581,The Night of the Hunter
approve,hardcover_442413,The Dain Curse
approve,hardcover_443402,Millennium People
approve,hardcover_481030,Bloodline
approve,hardcover_481117,The Unquiet
approve,hardcover_487217,Threats
approve,hardcover_494989,The Caller
approve,hardcover_49546,The Wrecker
approve,hardcover_503690,Murder Under Her Skin
approve,hardcover_513145,Snakes and Earrings
approve,hardcover_522017,Under the Bridge
approve,hardcover_522329,Under the Harrow
approve,hardcover_523804,The Killing Lessons
approve,hardcover_528474,The Trial
approve,hardcover_547142,A Song of Shadows
approve,hardcover_549448,Toxic
approve,hardcover_549797,History of Violence
approve,hardcover_663037,Margaret and the Mystery of the Missing Body
approve,hardcover_68949,The Silent Girls
approve,hardcover_718770,Garden of Beasts
approve,hardcover_72595,This Sweet Sickness
approve,hardcover_740182,Agatha Raisin and the Murderous Marriage
approve,hardcover_740221,Agatha Raisin and the Wizard of Evesham
approve,hardcover_105547,Mystery Mile
approve,hardcover_1062951,The Adventures and Memoirs of Sherlock Holmes
approve,hardcover_1589670,The Cracked Mirror
approve,hardcover_209248,The Broken Shore
approve,hardcover_209855,Seven Minutes in Heaven
approve,hardcover_22337,The Diver's Clothes Lie Empty
approve,hardcover_232411,A Purple Place for Dying
approve,hardcover_25600,A Deadly Shade of Gold: A Travis McGee Novel
approve,hardcover_301749,Third Degree
approve,hardcover_316102,Agatha Raisin and the Witches' Tree
approve,hardcover_358773,The Dawn Patrol
approve,hardcover_365284,A Maiden's Grave
approve,hardcover_367750,What Happened at Midnight
approve,hardcover_385840,A Rare Benedictine
approve,hardcover_435208,Eye of the Red Tsar
approve,hardcover_443557,The Ministry of Truth
approve,hardcover_449263,A Man Lies Dreaming
approve,hardcover_458597,Wicked Bronze Ambition
approve,hardcover_460825,Beekeeping for Beginners
approve,hardcover_480934,Nightfall
approve,hardcover_481998,The Big Sleep  and Other Novels
approve,hardcover_483430,Gun Street Girl
approve,hardcover_483917,The Warriors
approve,hardcover_484326,Tandia
approve,hardcover_487473,The Atlas of Reds and Blues
approve,hardcover_508822,Auschwitz Lullaby
approve,hardcover_513221,Yakuza: Japan's Criminal Underworld
approve,hardcover_517862,Birthdays for the Dead
approve,hardcover_537965,What's Done in Darkness
approve,hardcover_571967,Conflict of Interest
approve,hardcover_577866,Far From True
approve,hardcover_577962,Black Fall
approve,hardcover_601291,Night Moves
approve,hardcover_615616,The Lookback Window
approve,hardcover_621096,Comanche Moon
approve,hardcover_648116,Poodle Springs
approve,hardcover_66187,The Illegal
approve,hardcover_704404,iPhuck 10
approve,hardcover_714954,The Old Man and the Gun: And Other Tales of True Crime
approve,hardcover_739791,Odd Girl Out: The Hidden Culture of Aggression in Girls
approve,moodreads_9980,RoseBlood
approve,openlibrary_OL17855394W,A wounded name
approve,openlibrary_OL14953756W,The Girl Who Loved Tom Gordon [adaptation]
approve,openlibrary_OL455667W,A Wonder Book for Girls and Boys
approve,openlibrary_OL23181W,The acts of King Arthur and his noble knights
approve,openlibrary_OL2929798W,Dreaming revolution
approve,openlibrary_OL8992974W,Ice
approve,openlibrary_OL17090952W,"Boy, Snow, Bird"
approve,openlibrary_OL17897025W,Dirty Wings
approve,openlibrary_OL17914213W,Towering
approve,openlibrary_OL19727497W,Girls made of snow and glass
approve,openlibrary_OL2671541W,Pendragon's banner
approve,openlibrary_OL71162W,Till We Have Faces
approve,openlibrary_OL17710858W,Vinegar Girl
approve,openlibrary_OL895002W,Scoundrel time
approve,openlibrary_OL27846678W,Bea Wolf
approve,openlibrary_OL16814579W,William Shakespeare's The Empire Striketh Back
approve,openlibrary_OL17629268W,"Star Wars A New Hope - The Princess, the Scoundrel, and the Farm Boy"
approve,openlibrary_OL36506504W,James
approve,openlibrary_OL5747654W,The Adventures of Rabbi Harvey
approve,openlibrary_OL14992157W,Murder at Mansfield Park
approve,openlibrary_OL1526395W,Indian captive
approve,openlibrary_OL18164818W,Gertrude and Claudius
approve,openlibrary_OL16451708W,Sir Arthur Conan Doyle's The adventure of the three students
approve,openlibrary_OL16818227W,Vader's Little Princess
approve,openlibrary_OL18150464W,Alena
approve,openlibrary_OL21515477W,Grim
approve,hardcover_380006,Scarlet
approve,hardcover_427657,Troy: Our Greatest Story Retold
approve,hardcover_637442,Lore Olympus: Volume One
approve,hardcover_92337,Spinning Silver
approve,openlibrary_OL16802833W,Six-Gun Snow White
approve,hardcover_175986,A Thousand Acres
approve,hardcover_210147,The Shadow Queen
approve,hardcover_277784,Cain
approve,hardcover_437034,How Rory Thorne Destroyed the Multiverse
approve,hardcover_506148,This Girl
approve,hardcover_746652,Our Hideous Progeny
approve,hardcover_126343,D'Aulaires' Book of Greek Myths
approve,hardcover_327738,The Gap of Time
approve,hardcover_435567,The Secret Scripture  
approve,hardcover_166268,All the Ever Afters
approve,hardcover_194765,Black Water
approve,hardcover_198430,Trinity
approve,hardcover_245530,The Lost Books of The Odyssey
approve,hardcover_253924,The Perilous Gard
approve,hardcover_279131,Weight
approve,hardcover_514572,The True Story of Hansel and Gretel
approve,hardcover_520120,Mechanica
approve,hardcover_556779,Jaya: An Illustrated Retelling of the Mahabharata
approve,hardcover_385067,Isle of Woman
approve,hardcover_482152,Quarantine
approve,beautiful_ugly,Beautiful Ugly
approve,black_powder_war,Black Powder War
approve,criers_war,Crier's War
approve,dark_intelligence,Dark Intelligence
approve,from_blood_and_ash,From Blood and Ash
approve,golden_son,Golden Son
approve,in_the_shadow_of_swords,In the Shadow of Swords
approve,openlibrary_OL13600021W,Gaijin girl
approve,openlibrary_OL15352753W,The Other Side
approve,openlibrary_OL16117200W,Night eternal
approve,openlibrary_OL1650992W,Vamps
approve,openlibrary_OL17889896W,The Curse of PCA (Zoey 101 #10)
approve,openlibrary_OL19707159W,Entresombras y la cabalgata macabra
approve,openlibrary_OL20262895W,Stealing Innocents
approve,openlibrary_OL27294535W,"Full Dark, No Stars [5 stories]"
approve,openlibrary_OL2931901W,Five-Minute chillers
approve,openlibrary_OL5855076W,Vampire game
approve,openlibrary_OL744670W,Scare Care
approve,queen_of_shadows,Queen of Shadows
approve,the_ashes_and_the_star_cursed_king,The Ashes and the Star-Cursed King
approve,the_ballad_of_falling_dragons,The Ballad of Falling Dragons
approve,the_hunter,The Hunter
approve,the_order_of_the_scales,The Order of the Scales
approve,the_poison_jungle,The Poison Jungle
approve,the_shadow_of_the_gods,The Shadow of the Gods
approve,time_and_time_again,Time and Time Again
approve,vast,Vast
approve,wuthering_heights,Wuthering Heights
approve,openlibrary_OL149144W,The Mist
approve,openlibrary_OL16014262W,The unquiet
approve,openlibrary_OL16077192W,I Want My Hat Back
approve,openlibrary_OL16116872W,Never Have I Ever
approve,openlibrary_OL16175326W,The Story and Its Writer -- Compact Eighth Edition
approve,openlibrary_OL16557667W,Underworld
approve,openlibrary_OL16611241W,"Terrors, Terrors, Terrors"
approve,openlibrary_OL16807297W,Steelheart
approve,openlibrary_OL17082306W,The Wolf in Winter
approve,openlibrary_OL17310882W,Tales From A Not-So-Perfect Pet Sitter
approve,openlibrary_OL17788289W,The gods of Amyrantha
approve,openlibrary_OL19721385W,First we were IV
approve,openlibrary_OL19726434W,The Woman Who Couldn't Scream
approve,openlibrary_OL20036177W,The next
approve,openlibrary_OL20308209W,"N64 Magazine Double Game Guide +, No. 17"
approve,openlibrary_OL20383604W,Shadowman
approve,openlibrary_OL20884073W,Deception [10 stories]
approve,openlibrary_OL20901218W,The Story and Its Writer -- Ninth Edition
approve,openlibrary_OL21569045W,Goosebumps - Slappy's Revenge
approve,openlibrary_OL23478W,Hannibal
approve,openlibrary_OL253728W,Ghost Stories of an Antiquary
approve,openlibrary_OL3550902W,Isis
approve,openlibrary_OL41207W,Aunt Dimity takes a holiday
approve,openlibrary_OL4444212W,The Fury and Dark Reunion
approve,openlibrary_OL465336W,The seer of shadows
approve,openlibrary_OL492830W,"Shadowland (The Mediator, Book 1)"
approve,openlibrary_OL72346W,99 Fear Street
approve,openlibrary_OL72405W,Attack of the Jack-o'-lanterns
approve,openlibrary_OL102749W,Moby Dick
approve,openlibrary_OL16518130W,E. Aster Bunnymund and the Warrior Eggs at the Earth's Core!
approve,openlibrary_OL16518141W,Unraveling
approve,openlibrary_OL16664287W,The Mark of Athena
approve,openlibrary_OL16797719W,Days of Blood and Starlight
approve,openlibrary_OL1908195W,Loving with a vengeance
approve,openlibrary_OL2003465W,Mindset
approve,openlibrary_OL2130549W,An Abundance of Katherines
approve,openlibrary_OL448973W,Without Remorse
approve,openlibrary_OL5737778W,Dreamrider
approve,openlibrary_OL66460W,Hecuba
approve,openlibrary_OL74658W,I married a communist
approve,openlibrary_OL14937827W,Ashes of Midnight
approve,openlibrary_OL14951094W,Dark Embrace
approve,openlibrary_OL15666W,When Love Awaits
approve,openlibrary_OL15946993W,Plain fear
approve,openlibrary_OL16125978W,Queen of kings
approve,openlibrary_OL16141957W,Dark Predator
approve,openlibrary_OL16298687W,Transcendence
approve,openlibrary_OL16610463W,Sins of the Father
approve,openlibrary_OL16667096W,Forever vampire
approve,openlibrary_OL16689718W,Into the Dreaming
approve,openlibrary_OL17452152W,Neferet's Curse
approve,openlibrary_OL17492439W,Kiss Of Revenge
approve,openlibrary_OL19090233W,Fire Bound (Sea Haven)
approve,openlibrary_OL1954397W,Thief of Souls
approve,openlibrary_OL19651097W,Bengal's Quest  (A Novel of the Breeds)
approve,openlibrary_OL21186800W,House of the rising sun
approve,openlibrary_OL21446295W,Dragonbane
approve,openlibrary_OL21583845W,Blood Symmetry
approve,openlibrary_OL28941072W,Boil
approve,openlibrary_OL29232058W,Enlightened
approve,openlibrary_OL4028742W,Holiday with a vampire II
approve,openlibrary_OL5685366W,Angel's pain
approve,openlibrary_OL1417916W,"The Beasts of Tarzan (Classic Ace SF, F-203)"
approve,openlibrary_OL17686941W,Season of the witch
approve,openlibrary_OL17822928W,The Rose Society
approve,openlibrary_OL18543721W,Girls of Paper and Fire
approve,openlibrary_OL20401833W,Nintendo 64
approve,openlibrary_OL24217618W,Sunset
approve,openlibrary_OL284393W,The Pied Piper of Hamelin
approve,openlibrary_OL3261587W,"Flyte [UNABRIDGED CD] (Audiobook) (Book 2, The Septimus Heap series)"
approve,openlibrary_OL3522029W,Seize the night
approve,openlibrary_OL456229W,The lady and the unicorn
approve,openlibrary_OL5682575W,The good girls' guide to getting even
approve,openlibrary_OL5692976W,Feverborn
approve,openlibrary_OL5717334W,The witch's boy
approve,openlibrary_OL5734887W,Tollins
approve,openlibrary_OL8756057W,Naruto 5
approve,openlibrary_OL108456W,Scaramouche
approve,openlibrary_OL11375128W,Power of a woman
approve,openlibrary_OL15172352W,Virgin on Her Wedding Night
approve,openlibrary_OL15192980W,Journey through Darkness
approve,openlibrary_OL16158516W,A mulher que amou o faraó
approve,openlibrary_OL1622748W,El filibusterismo
approve,openlibrary_OL167363W,Slightly Tempted
approve,openlibrary_OL17537864W,The Rake's Redemption
approve,openlibrary_OL17764484W,My not so Perfect Life
approve,openlibrary_OL18138618W,A young wife
approve,openlibrary_OL19707524W,Deserves to die
approve,openlibrary_OL19712855W,The vengeance of mothers
approve,openlibrary_OL1979153W,Tomorrow The Glory
approve,openlibrary_OL2645192W,"Devil's Prize-(Garrick, #3)"
approve,openlibrary_OL3112693W,Star Wars - The Han Solo Adventures
approve,openlibrary_OL4093779W,Tragedy
approve,openlibrary_OL5947759W,Sweetwater Saga
approve,openlibrary_OL860049W,"Se non ora, quando?"
approve,openlibrary_OL111438W,Sweet Revenge
approve,openlibrary_OL15837640W,Larklight (Larklight #1)
approve,openlibrary_OL16616790W,The sinner's kiss
approve,openlibrary_OL172992W,Marauders of Gor
approve,openlibrary_OL1911512W,Thursdays at Eight
approve,openlibrary_OL19712692W,Beautiful Tempest
approve,openlibrary_OL4233112W,The Brazilian's Blackmailed Bride
approve,openlibrary_OL4318626W,Prosecuting Nazi war criminals
approve,openlibrary_OL455546W,The Scarlet Letter
approve,openlibrary_OL8047724W,Brittany
approve,openlibrary_OL15103044W,Flight of the Outcast
approve,openlibrary_OL15546658W,Star Trek Deep Space Nine - Trials and Tribble-ations
approve,openlibrary_OL15680439W,Story of Atari Star Raiders
approve,openlibrary_OL17867102W,Renegades
approve,openlibrary_OL17874724W,Aerostar and the 3 1/2-point plan of vengeance
approve,openlibrary_OL17881493W,Star Wars rebels
approve,openlibrary_OL17915437W,Mentats of Dune
approve,openlibrary_OL19983673W,The Burnouts
approve,openlibrary_OL20001088W,Into the dorkness
approve,openlibrary_OL20005396W,Bull Mountain
approve,openlibrary_OL2679371W,Star Wars - Jedi Prince - Glove of Darth Vader
approve,openlibrary_OL2679378W,Star Wars - Jedi Prince - Zorba the Hutt's Revenge
approve,openlibrary_OL4661327W,Star Wars - Dark Lord - The Rise of Darth Vader
approve,openlibrary_OL52224W,The country of the blind
approve,openlibrary_OL5714284W,A Dangerous Path
approve,openlibrary_OL5810954W,Made to be Broken
approve,openlibrary_OL695784W,Sous l'acacia d'Occident
approve,openlibrary_OL16176872W,An American spy
approve,openlibrary_OL16473849W,The retribution
approve,openlibrary_OL167152W,The Quickie
approve,openlibrary_OL19360322W,Lunch Lady And The Schoolwide Scuffle (Turtleback School & Library Binding Edition)
approve,openlibrary_OL19750078W,Feared
approve,openlibrary_OL1977998W,Avenger
approve,openlibrary_OL19982042W,Designated daughters
approve,openlibrary_OL20013369W,Dark tides
approve,openlibrary_OL20546955W,Oath breaker
approve,openlibrary_OL26427618W,Adina
approve,openlibrary_OL472145W,Ordeal by Innocence
approve,openlibrary_OL79481W,Black Widow
approve,openlibrary_OL80176W,Devil May Care
approve,openlibrary_OL21306359W,Colter's Journey
approve,openlibrary_OL21738W,Roadside crosses
approve,openlibrary_OL2919713W,Flawed Dogs
approve,openlibrary_OL29699W,I Know What You Did Last Summer
approve,openlibrary_OL12028147W,The Forgotten Legion
approve,openlibrary_OL1253281W,Lord Tony's Wife
approve,openlibrary_OL14854882W,The Fiery Ring (The House of Winslow #28)
approve,openlibrary_OL14857944W,Captive Embraces
approve,openlibrary_OL14872680W,The Pirate Round
approve,openlibrary_OL14914080W,River rising
approve,openlibrary_OL14979087W,In Bed with the Duke:(Governess Brides #9)
approve,openlibrary_OL15146249W,Meet Molly
approve,openlibrary_OL15181490W,Revenge Wears Rubies
approve,openlibrary_OL15181842W,As Sure as the Dawn
approve,openlibrary_OL15191183W,The Marriage Ring
approve,openlibrary_OL152322W,Almost Heaven
approve,openlibrary_OL15297761W,Angel of Darkness
approve,openlibrary_OL15597713W,Blood Feud
approve,openlibrary_OL15887W,Autumn Lover
approve,openlibrary_OL17480986W,Child Of Vengeance
approve,openlibrary_OL1893769W,Guarded Heart
approve,openlibrary_OL1979136W,Branded Hearts
approve,openlibrary_OL20268W,The king in the tree
approve,openlibrary_OL23257W,Wildtrack
approve,openlibrary_OL23281W,Sharpe's Waterloo
approve,openlibrary_OL2577468W,Boży bojownicy
approve,openlibrary_OL276579W,Too Scandalous to Wed
approve,openlibrary_OL286350W,The League of the Scarlet Pimpernel
approve,openlibrary_OL3378642W,Come the Night
approve,openlibrary_OL3388593W,Savage Surrender
approve,openlibrary_OL3566825W,One Kiss From You:(Switching Places #2)
approve,openlibrary_OL4141642W,Highland Knight
approve,openlibrary_OL4141644W,Highland Savage
approve,openlibrary_OL46589W,The Wheel of Fortune
approve,openlibrary_OL470973W,"The binding chair, or, A visit from the Foot Emancipation Society"
approve,openlibrary_OL4778023W,At the king's command
approve,openlibrary_OL5684896W,High seas stowaway
approve,openlibrary_OL8896343W,All I Need Is You
approve,openlibrary_OL894062W,Conspirata
approve,openlibrary_OL97792W,A dream to call my own
approve,openlibrary_OL152102W,Sudden prey
approve,openlibrary_OL15420261W,Red
approve,openlibrary_OL167318W,Unspeakable
approve,openlibrary_OL17340509W,Clayface Returns
approve,openlibrary_OL19324846W,The big finish
approve,openlibrary_OL1973609W,HMS Unseen
approve,openlibrary_OL19967272W,The rules of Wolfe
approve,openlibrary_OL19993221W,Cold betrayal
approve,openlibrary_OL20013027W,The mulberry bush
approve,openlibrary_OL20038665W,The midnight bell
approve,openlibrary_OL20401829W,Blagger's Guide to Turok 2
approve,openlibrary_OL20401830W,Nintendo 64 Solutions
approve,openlibrary_OL20401832W,Nintendo 64 Complee Solution
approve,openlibrary_OL20642043W,The Rise of Scourge
approve,openlibrary_OL23200951W,Deception reception!
approve,openlibrary_OL3004215W,The Indispensable Calvin and Hobbes
approve,openlibrary_OL462957W,The Mercedes Coffin
approve,openlibrary_OL9000952W,Mail order ninja
approve,openlibrary_OL110966W,Historia universal de la infamia
approve,openlibrary_OL121045W,Circling the drain
approve,openlibrary_OL12276405W,Death before dishonor
approve,openlibrary_OL14907745W,Girls' Night In
approve,openlibrary_OL15400226W,All dogs go to heaven
approve,openlibrary_OL15714845W,One Christmas Night
approve,openlibrary_OL17445846W,Seductive and Scandalous
approve,openlibrary_OL20008055W,"Mothers, tell your daughters"
approve,openlibrary_OL29318274W,Queen of the city 3
approve,openlibrary_OL45849W,More Tales of the Unexpected [9 stories]
approve,openlibrary_OL567299W,Cap'n Smudge
approve,openlibrary_OL5814950W,A Shred of Truth
approve,openlibrary_OL5817688W,Maneater
approve,openlibrary_OL726622W,The lady who liked clean rest rooms
approve,openlibrary_OL816241W,Ecstacy
approve,openlibrary_OL1418250W,The Son of Tarzan
approve,openlibrary_OL14937075W,Heat Seeker (Elite Ops)
approve,openlibrary_OL14958463W,Foxfire
approve,openlibrary_OL15170822W,Texan's Wedding-Night Wager
approve,openlibrary_OL15171075W,"Proud Revenge, Passionate Wedlock"
approve,openlibrary_OL15173061W,Mistress of Torment
approve,openlibrary_OL15174003W,Taking Liberties
approve,openlibrary_OL15175769W,The Venadicci Marriage Vengeance
approve,openlibrary_OL15176325W,The Moretti Arrangement
approve,openlibrary_OL15179468W,"Defiant Mistress, Ruthless Millionaire"
approve,openlibrary_OL15180402W,The Rich Man's Blackmailed Mistress
approve,openlibrary_OL15184918W,Seducing the Enemy's Daughter
approve,openlibrary_OL15185416W,PAYBACK
approve,openlibrary_OL15188680W,Coming On Strong
approve,openlibrary_OL15191748W,Kyriakis's Innocent Mistress
approve,openlibrary_OL15718642W,The prodigal prince's seduction
approve,openlibrary_OL15916113W,Patience
approve,openlibrary_OL15933421W,A midnight dance
approve,openlibrary_OL16707492W,"Have baby, need billionaire"
approve,openlibrary_OL17060782W,Sealed Fate Savage Passion
approve,openlibrary_OL17542121W,Surrendering All But Her Heart
approve,openlibrary_OL17717183W,Supersonic
approve,openlibrary_OL18256285W,Naked lies
approve,openlibrary_OL20816479W,Power games
approve,openlibrary_OL20887837W,A marriage fit for a sinner
approve,openlibrary_OL21181530W,At the count's bidding
approve,openlibrary_OL2731260W,Playboy Sheikh (Man Of The Month/Sons Of The Desert)
approve,openlibrary_OL2790112W,Silver's revenge
approve,openlibrary_OL5737354W,Seduction
approve,openlibrary_OL790437W,Ghostfire
approve,openlibrary_OL8165795W,Master
approve,openlibrary_OL8455032W,The Wilde Women
approve,openlibrary_OL8488836W,Roped Heat
approve,openlibrary_OL8935444W,Amazon Slave (Nexus Classic)
approve,openlibrary_OL9156669W,Captives of Cheyner Close
approve,openlibrary_OL9224690W,The Spanish Duke's Virgin Bride
approve,openlibrary_OL9248554W,Stripped Bare
approve,openlibrary_OL1000451W,Death Rides a Chestnut Mare
approve,openlibrary_OL1000506W,Sixguns and double eagles
approve,openlibrary_OL111656W,Trail of the Apache and Other Stories
approve,openlibrary_OL11903311W,Erotic City
approve,openlibrary_OL14848326W,The wild bunch
approve,openlibrary_OL14848824W,Luck
approve,openlibrary_OL14909827W,Message From A Mistress
approve,openlibrary_OL15117971W,The sorceress
approve,openlibrary_OL15134326W,The Billionaire's Bride of Vengeance
approve,openlibrary_OL15152648W,"Spanish magnate, red-hot revenge."
approve,openlibrary_OL15178408W,"I Love You, But ..."
approve,openlibrary_OL15277459W,The rawhiders
approve,openlibrary_OL15422358W,.45-caliber firebrand
approve,openlibrary_OL16031283W,Blood kin
approve,openlibrary_OL16454926W,Longarm and the cold case
approve,openlibrary_OL17188232W,Left hand of the law
approve,openlibrary_OL17394279W,The Costarella Conquest
approve,openlibrary_OL17396987W,The Big Gundown
approve,openlibrary_OL17397733W,The Hunted A Ralph Compton Novel
approve,openlibrary_OL17443847W,Unlocking Her Innocence
approve,openlibrary_OL17452089W,The Price Of Retribution
approve,openlibrary_OL17531713W,Sabrina's Man (Western Justice #2)
approve,openlibrary_OL17651126W,The girl's guide to man hunting
approve,openlibrary_OL17739656W,The graves at Seven Devils
approve,openlibrary_OL17744606W,Warpath of the mountain man
approve,openlibrary_OL18006336W,Arizona ambushers
approve,openlibrary_OL1929244W,Mountains against the sun
approve,openlibrary_OL19708890W,Avenge Me
approve,openlibrary_OL20822889W,Hammer of God
approve,openlibrary_OL20880296W,Return of the bounty hunter
approve,openlibrary_OL20891616W,The Sunset Kid
approve,openlibrary_OL20900420W,Outlaw trackdown
approve,openlibrary_OL20903843W,Just call me Clint
approve,openlibrary_OL20905106W,Medicine feather
approve,openlibrary_OL21181968W,Bare Essentials
approve,openlibrary_OL21192173W,Long blows the north wind
approve,openlibrary_OL2137003W,Obsession
approve,openlibrary_OL21413123W,Snake vengeance
approve,openlibrary_OL21485908W,Bought for her innocence
approve,openlibrary_OL21624066W,Stop Ollinger!
approve,openlibrary_OL21765959W,Dry gulch revenge
approve,openlibrary_OL22133859W,Backshooter
approve,openlibrary_OL22309523W,The devil's collector
approve,openlibrary_OL22425362W,Wolf lawman
approve,openlibrary_OL23683711W,Captive in the Dark
approve,openlibrary_OL24155524W,Long road to revenge
approve,openlibrary_OL24251375W,Blood Creek
approve,openlibrary_OL24254424W,Choking gap
approve,openlibrary_OL24265757W,Fort Revenge
approve,openlibrary_OL24268404W,The Gunfighter
approve,openlibrary_OL24268428W,Guns of wrath
approve,openlibrary_OL24277862W,Last day in paradise
approve,openlibrary_OL24286833W,Montana vengeance
approve,openlibrary_OL24295235W,Renegade's legacy
approve,openlibrary_OL24295890W,Road to Rimrock
approve,openlibrary_OL24308441W,Wild justice
approve,openlibrary_OL24463671W,Sheriff of Jack Hollow
approve,openlibrary_OL24680795W,Riders of the shadowlands
approve,openlibrary_OL27706490W,Riding the vengeance trail
approve,openlibrary_OL28943043W,Iron Hand and Bear
approve,openlibrary_OL3270210W,Jackpot ridge
approve,openlibrary_OL3287337W,Obsession
approve,openlibrary_OL3456439W,Playboy's Ruthless Payback
approve,openlibrary_OL3470282W,Ralph Compton
approve,openlibrary_OL3500097W,Restraint
approve,openlibrary_OL3551273W,Gunplay at Hobb's Hole (Slocum Series #77)
approve,openlibrary_OL467919W,Bride of Johnny McAllister
approve,openlibrary_OL508244W,The Changing Wind
approve,openlibrary_OL5696443W,Jezebel
approve,openlibrary_OL5751940W,Standing in the shadows
approve,openlibrary_OL5808509W,Bought By Her Husband
approve,openlibrary_OL5836967W,The Southern Devil
approve,openlibrary_OL5884953W,Hitting The Mark
approve,openlibrary_OL5887639W,Blood Lands
approve,openlibrary_OL5945461W,Thunder Mountain Massacre
approve,openlibrary_OL5948226W,The Lover
approve,openlibrary_OL6735998W,The Drifter's Revenge
approve,openlibrary_OL8032133W,Claiming his runaway bride
approve,openlibrary_OL806986W,"Rebel outlaw, Josey Wales"
approve,openlibrary_OL8127042W,The Diamond Gun
approve,openlibrary_OL8127089W,Trouble Rides a Fast Horse
approve,openlibrary_OL8368828W,In the garden of sin
approve,openlibrary_OL8570586W,The Autobiography of a Flea
approve,openlibrary_OL8935463W,Blood Lust Chronicles
approve,openlibrary_OL9395726W,Scarlet Fury
approve,openlibrary_OL9481337W,Caretti's forced bride
approve,openlibrary_OL9629268W,Savage Heat
approve,openlibrary_OL999561W,Blood Wedding
approve,openlibrary_OL999562W,Bloody Brazos
approve,openlibrary_OL999588W,Dakota Death Rattle
approve,openlibrary_OL999863W,Trailsman 208
approve,openlibrary_OL999939W,Dakota danger
approve,hardcover_381584,The Sense of an Ending
approve,hardcover_427962,The Dispatcher
approve,hardcover_441070,The Traitor Baru Cormorant
approve,hardcover_456527,The Pariah
approve,hardcover_461467,The Wisdom of Crowds
approve,hardcover_463729,Razorblade Tears
approve,hardcover_473869,The Count of Monte Cristo
approve,hardcover_484817,Gleam
approve,hardcover_59245,Chronicle of a Death Foretold
approve,hardcover_637867,The Butcher's Masquerade
approve,hardcover_735525,Trial of the Sun Queen
approve,openlibrary_OL1000459W,The Killing Season
approve,openlibrary_OL1000501W,Autumn of the Gun
approve,openlibrary_OL14849914W,Ghost of a hanged man
approve,openlibrary_OL15280812W,The romantics
approve,openlibrary_OL16027197W,Wolves of the dawn
approve,openlibrary_OL16475169W,The devil's Winchester
approve,openlibrary_OL16559435W,The killers of Cimarron
approve,openlibrary_OL16566072W,Arizona ambush
approve,openlibrary_OL17432127W,Cottons Devil A Sheriff Cotton Burke Western
approve,openlibrary_OL17436829W,Longarm And The Betrayed Bride
approve,openlibrary_OL17539935W,The Trailsman 380                            Trailsman
approve,openlibrary_OL17842868W,The long high noon
approve,openlibrary_OL17888426W,Ghosts of Bluewater Creek
approve,openlibrary_OL17915553W,The branded man
approve,openlibrary_OL17922671W,Anderson's war
approve,openlibrary_OL1810320W,The Flame And The Fury
approve,openlibrary_OL18180465W,Terror of the mountain man
approve,openlibrary_OL20650920W,The Darkest Winter (The Frontiersman #3)
approve,openlibrary_OL20833509W,The fury of Zococa
approve,openlibrary_OL20886649W,Longarm and the Rock Springs reckoning
approve,openlibrary_OL21731004W,Nine dead men
approve,openlibrary_OL21787137W,The Texans
approve,openlibrary_OL24179790W,Saddles and spurs
approve,openlibrary_OL24266410W,Fury at Troon's ferry
approve,openlibrary_OL24293530W,The proclaimers
approve,openlibrary_OL24303593W,Trace takes a hand
approve,openlibrary_OL24308073W,Where one man stands
approve,openlibrary_OL27057835W,The Cherokee Strip /‡cDusty Richards
approve,openlibrary_OL27696217W,Dead by sundown
approve,openlibrary_OL28603253W,The Mohawk showdown
approve,openlibrary_OL3282215W,The Wages of Sin (The Ash Tallman Series)
approve,openlibrary_OL3550000W,Lone Star and the Deadly Stranger 71
approve,openlibrary_OL3573442W,Cheyenne song
approve,openlibrary_OL485420W,Desert Gold
approve,openlibrary_OL485471W,The Rustlers of Pecos County
approve,openlibrary_OL485485W,Nevada
approve,openlibrary_OL5688328W,The Lawman 1 (Lawman)
approve,openlibrary_OL6624532W,Tallchief
approve,openlibrary_OL8074846W,Riders Of The Silence
approve,hardcover_1084891,Love Unwritten
approve,hardcover_1158862,Happily Never After
approve,hardcover_228799,The Burning Page
approve,hardcover_325529,Spindle's End
approve,hardcover_329870,With a Tangled Skein
approve,hardcover_340579,This Is Where It Ends
approve,hardcover_363920,The Immortals of Meluha
approve,hardcover_428796,The Gilded Cage
approve,hardcover_432408,Pretty Things
approve,hardcover_439513,The Glass Magician
approve,hardcover_461555,City of Miracles
approve,hardcover_485008,The Disappearance of Winter's Daughter
approve,hardcover_506121,The Dare
approve,hardcover_525819,Scarred
approve,hardcover_583214,Tis the Season for Revenge
approve,hardcover_593628,These Infinite Threads
approve,hardcover_671259,Things We Left Behind
approve,hardcover_677667,My Dark Romeo
approve,hardcover_817450,God of Ruin
approve,hardcover_840913,Kill For Me Kill For You
approve,hardcover_996212,Little Stranger
approve,hardcover_1070589,Lost Ark Dreaming
approve,hardcover_151105,Divine Misfortune
approve,hardcover_18488,Gentlemen and Players
approve,hardcover_1913207,Fearful
approve,hardcover_1998150,"The Chronicles of Thomas Covenant, the Unbeliever"
approve,hardcover_227125,Blue Labyrinth
approve,hardcover_276298,Loamhedge
approve,hardcover_284832,Mortal Prey
approve,hardcover_333596,The Wake
approve,hardcover_432854,The God Game
approve,hardcover_434271,The Gate Thief
approve,hardcover_436477,"Someone Comes to Town, Someone Leaves Town"
approve,hardcover_442533,The Room
approve,hardcover_472597,What I Did for a Duke
approve,hardcover_506134,A Worthy Opponent
approve,hardcover_521266,The Smoke Thieves
approve,hardcover_668439,I'm Traveling Alone
approve,hardcover_105956,Deathstalker Destiny
approve,hardcover_108418,Daring and the Duke
approve,hardcover_131821,Stunning
approve,hardcover_144394,Two Truths and a Lie
approve,hardcover_1472837,When They Burned the Butterfly
approve,hardcover_148419,The Serpent Prince
approve,hardcover_16113,Obsessed
approve,hardcover_1890393,The Other Side of Midnight: The master of the unexpected
approve,hardcover_1995778,Nash Falls
approve,hardcover_221598,Mischling
approve,hardcover_221614,Fugitive Prince
approve,hardcover_225597,Only Enchanting
approve,hardcover_278439,Honor's Splendour
approve,hardcover_300539,The Seer and the Sword
approve,hardcover_366123,A Far Cry from Kensington
approve,hardcover_377409,The Cleaner
approve,hardcover_431042,To Each His Own
approve,hardcover_442646,I Spit on Your Graves
approve,hardcover_458982,Heart of Venom
approve,hardcover_461195,Only Ashes Remain
approve,hardcover_48327,Chasing Fire
approve,hardcover_531881,Duke of Sin
approve,hardcover_547349,Lucky You
approve,hardcover_62929,Beauty Awakened
approve,hardcover_926735,Jirel of Joiry
approve,hardcover_1151358,Ghosts of War
approve,hardcover_1195057,Dead Animals
approve,hardcover_124665,Killjoy
approve,hardcover_190979,Get Even
approve,hardcover_270119,The Paladin
approve,hardcover_302704,What Remains of Me
approve,hardcover_370910,Exit Wound
approve,hardcover_462013,Hunter's Prayer
approve,hardcover_484444,Across The Face Of The World
approve,hardcover_492600,The Least of My Scars
approve,hardcover_582761,Allied
approve,hardcover_704852,Freaky Deaky
approve,hardcover_735398,Room Service
approve,openlibrary_OL19761156W,In the house in the dark of the woods
approve,openlibrary_OL2182846W,In camera and other stories
approve,openlibrary_OL262036W,The Shadow Guests
approve,the_blue_blazes,The Blue Blazes
approve,openlibrary_OL16726503W,The Rising
approve,openlibrary_OL17823750W,The Bazaar of Bad Dreams
approve,openlibrary_OL273550W,The Pit and the Pendulum
approve,openlibrary_OL17715962W,Lair of Dreams
approve,openlibrary_OL449632W,School Spirit
approve,openlibrary_OL19724583W,Black bird of the gallows
approve,openlibrary_OL3384738W,The Bermuda Triangle
approve,openlibrary_OL60140W,Eight Days of Luke
approve,openlibrary_OL16116906W,The Calling
approve,openlibrary_OL17855320W,The Invisible Library
approve,openlibrary_OL5717887W,The Otherworldlies
approve,openlibrary_OL8076566W,Lips touch
approve,openlibrary_OL86139W,The Changeover
approve,openlibrary_OL1515171W,The lady of the barge
approve,openlibrary_OL19980911W,The interrogation of Ashala Wolf
approve,openlibrary_OL20641137W,Riot baby
approve,openlibrary_OL1806962W,"Breath, Eyes, Memory"
approve,openlibrary_OL54158W,The Mysterious Stranger
approve,openlibrary_OL8454178W,The Expected One
approve,openlibrary_OL11225347W,There Once Lived a Woman Who Tried To Kill Her Neighbor's Baby
approve,hardcover_451340,House of Hollow
approve,hardcover_200316,The Pale Horse
approve,hardcover_429059,Pure
approve,hardcover_440331,The Supernatural Enhancements
approve,hardcover_465267,Paladin's Strength
approve,hardcover_469254,An Arrow to the Moon
approve,hardcover_436323,After the People Lights Have Gone Off
approve,hardcover_14669,Songs of a Dead Dreamer
approve,hardcover_238153,Prophet
approve,hardcover_373860,Borrower of the Night
approve,hardcover_428584,Akira
approve,hardcover_485015,Revisionary
approve,hardcover_805885,False Bingo: Stories
approve,house_of_flame_and_shadow,House of Flame and Shadow
approve,openlibrary_OL20171731W,City of Ash and Red
approve,openlibrary_OL20193422W,Resident Evil 2
approve,resilient,Resilient
approve,swan_song,Swan Song
approve,the_enemy,The Enemy
approve,openlibrary_OL16591909W,Beware the ninja weenies and other warped and creepy tales
approve,openlibrary_OL17345511W,The City of Mirrors
approve,openlibrary_OL17628215W,The Nest
approve,openlibrary_OL17922858W,Secret of Omordion
approve,openlibrary_OL25323647W,Our Wives Under the Sea
approve,openlibrary_OL381550W,The Island of Dr. Moreau
approve,openlibrary_OL8053430W,Highway to hell
approve,openlibrary_OL455327W,Lord of the Flies
approve,openlibrary_OL5823166W,The Way Back Home
approve,openlibrary_OL8125760W,Hatchet
approve,openlibrary_OL869965W,The Black Stallion
approve,openlibrary_OL20849133W,Mel Foster and the time machine
approve,openlibrary_OL268513W,Night with Related Readings
approve,openlibrary_OL81162W,Mrs. Jeepers on Vampire Island
approve,openlibrary_OL14914265W,Blackout
approve,openlibrary_OL19342770W,Troubletwisters Book 4
approve,openlibrary_OL19354695W,Curse of the Ancients
approve,openlibrary_OL25207432W,Where the Wild Things Bite
approve,openlibrary_OL860483W,Life As We Knew It
approve,openlibrary_OL26955716W,Things We Never Got Over
approve,openlibrary_OL270974W,The Cay
approve,openlibrary_OL28037W,Moonfire
approve,openlibrary_OL9567925W,My Hands Came Away Red
approve,openlibrary_OL879164W,Green Mansions
approve,openlibrary_OL15192422W,Gorilla Society
approve,openlibrary_OL15544886W,Star Trek Voyager - Equinox
approve,openlibrary_OL15581170W,This World We Live In
approve,openlibrary_OL16617793W,A matter of days
approve,openlibrary_OL17452823W,The Eternal Flame
approve,openlibrary_OL17885078W,The islands at the end of the world
approve,openlibrary_OL19857123W,Payback
approve,openlibrary_OL5813999W,Star Wars - Republic Commando - Hard Contact
approve,openlibrary_OL5834404W,"Time blasters, back to the ice age"
approve,openlibrary_OL8267730W,Star Trek - Pawns and Symbols
approve,openlibrary_OL96167W,A strange manuscript found in a copper cylinder
approve,openlibrary_OL15921349W,The brink of fame
approve,openlibrary_OL8455208W,Tar man
approve,openlibrary_OL23298W,Sharpe's Havoc
approve,openlibrary_OL24517446W,Wake
approve,openlibrary_OL2685327W,The Price of a Child
approve,openlibrary_OL3410222W,The emperor's babe
approve,openlibrary_OL42619W,Into the Firestorm
approve,openlibrary_OL467982W,Three times blessed
approve,openlibrary_OL716778W,The Hornet's Nest
approve,openlibrary_OL12067898W,Tenjho tenge
approve,openlibrary_OL19968070W,The flying beaver brothers and the birds vs bunnies
approve,openlibrary_OL20191840W,Who Is Vera Kelly?
approve,openlibrary_OL491816W,Up Close and Dangerous
approve,openlibrary_OL706253W,Symphony of Whales
approve,openlibrary_OL19748552W,"Airports, exes, and other things I'm over"
approve,openlibrary_OL20871350W,Crooked Hallelujah
approve,openlibrary_OL27959621W,The chosen one
approve,openlibrary_OL15836243W,Ferret Island
approve,openlibrary_OL17492742W,The Mighty Quinns Cameron
approve,openlibrary_OL17519223W,The Girl Nobody Wanted
approve,openlibrary_OL17915681W,Tormenta de escandalo
approve,openlibrary_OL20848857W,Children of Icarus
approve,openlibrary_OL24261882W,Drowning
approve,openlibrary_OL28770247W,El cayo
approve,openlibrary_OL38827W,The shadow-line
approve,openlibrary_OL529209W,Kat the time explorer
approve,openlibrary_OL5693837W,His Style Of Seduction
approve,openlibrary_OL5714493W,"Stargazer (The Land of Elyon, #4)"
approve,openlibrary_OL8939686W,Forbidden
approve,openlibrary_OL8961100W,The Best of Kimberly Zant
approve,openlibrary_OL15597452W,Lumberjacked
approve,openlibrary_OL16587248W,The price of scandal
approve,openlibrary_OL17406119W,Two In The Saddle Boones Bounty
approve,openlibrary_OL17490176W,Simply Shameless
approve,openlibrary_OL17850436W,The Daddy Diaries
approve,openlibrary_OL19368022W,Judgement Trail
approve,openlibrary_OL20637522W,Dalton and the sundown kid
approve,openlibrary_OL27422544W,Call Me Daddy
approve,openlibrary_OL3388708W,King of the Mountain
approve,openlibrary_OL5472770W,Bride in Waiting
approve,openlibrary_OL5690198W,She thinks her ex is sexy--
approve,openlibrary_OL5805893W,No holding back
approve,hardcover_1437975,The Crash
approve,hardcover_441246,The Consuming Fire
approve,moodreads_9898,Fight or Flight
approve,openlibrary_OL14921755W,My Heroes Have Always Been Cowboys
approve,openlibrary_OL19714802W,Stranded
approve,openlibrary_OL20019948W,A Texas hill country Christmas
approve,openlibrary_OL265010W,St. Agnes' Stand
approve,openlibrary_OL4090629W,Melinda takes a hand
approve,openlibrary_OL51075W,Down the long hills
approve,hardcover_438830,All Our Wrong Todays
approve,hardcover_506266,Still Beating
approve,hardcover_787337,The Snows of Kilimanjaro
approve,hardcover_208333,Elysium
approve,hardcover_2099288,Crowntide
approve,hardcover_300327,Into the Forest
approve,hardcover_361342,Mao II
approve,hardcover_436584,Gold Fame Citrus
approve,hardcover_444171,Feral Creatures
approve,hardcover_468484,The Spider's War
approve,hardcover_63084,Starry Eyes
approve,hardcover_82214,In the After
approve,hardcover_1031614,Slash Or Pass
approve,hardcover_13688,Calculated Risks
approve,hardcover_212348,Beholder's Eye
approve,hardcover_297036,Day Four
approve,hardcover_450618,The Seafarer's Kiss
approve,hardcover_513234,The Inventor's Secret
approve,hardcover_72588,Bright Shiny Morning
approve,hardcover_469611,Artemis Awakening
approve,hardcover_52932,Castaways
approve,hardcover_664241,The Last Exodus
approve,hardcover_79297,Little Peach
approve,a_war_of_wyverns,A War of Wyverns
approve,academs_fury929,Academ's Fury
approve,hell_train,Hell Train
approve,light_bringer,Light Bringer
approve,openlibrary_OL1174834W,The Haunting of Toby Jugg
approve,openlibrary_OL15529642W,The girl in the lighthouse
approve,openlibrary_OL16769307W,Father Gaetano's puppet catechism
approve,openlibrary_OL2666340W,Backyard Ghost
approve,the_fires_of_heaven,The Fires Of Heaven
approve,the_man_in_the_high_castle,The Man in the high castle
approve,the_violent_century,The Violent Century
approve,time_war,This Is How You Lose the Time War
approve,openlibrary_OL15093171W,Pride and Prejudice and Zombies
approve,openlibrary_OL15424984W,The stuff of legend
approve,openlibrary_OL15672852W,Witches on the Road Tonight
approve,openlibrary_OL17679306W,Love by the Morning Star
approve,openlibrary_OL17717265W,Library of Souls (Miss Peregrine’s Peculiar Children #3)
approve,openlibrary_OL17928788W,Rebel spirits
approve,openlibrary_OL18020192W,The Hired Girl
approve,openlibrary_OL1850130W,Flambards in Summer
approve,openlibrary_OL40862W,The land
approve,openlibrary_OL516516W,Camp X
approve,openlibrary_OL5259765W,Anne Frank (Diary of Anne Frank / Excerpts from Anne Frank)
approve,openlibrary_OL551022W,The Little Stranger
approve,openlibrary_OL883475W,The power of one
approve,openlibrary_OL13691568W,"Beautiful Creatures (Beautiful Creatures Series, Book 1)"
approve,openlibrary_OL15045443W,Crossing stones
approve,openlibrary_OL15382656W,Fall of Giants
approve,openlibrary_OL157273W,Flight of Eagles
approve,openlibrary_OL15821869W,The Kitchen God's Wife
approve,openlibrary_OL16263320W,Home
approve,openlibrary_OL16461733W,Sharpshooter
approve,openlibrary_OL16574337W,The Princess Trap (Scandia #2)
approve,openlibrary_OL16802W,High Road To China
approve,openlibrary_OL17116910W,The Nightingale
approve,openlibrary_OL17208223W,Battle of the Beasts
approve,openlibrary_OL17303307W,Battlesaurus
approve,openlibrary_OL17323728W,The Boy at the Top of the Mountain
approve,openlibrary_OL17332150W,The war that Saved my Life
approve,openlibrary_OL17640174W,Wolf Hollow
approve,openlibrary_OL1855944W,Atonement
approve,openlibrary_OL1912225W,Birds Without Wings
approve,openlibrary_OL1914075W,Hornet Flight
approve,openlibrary_OL19558W,Family Album
approve,openlibrary_OL19562W,Kaleidoscope / Family Album
approve,openlibrary_OL19587W,A Good Woman
approve,openlibrary_OL19661074W,Grandpa’s Great Escape
approve,openlibrary_OL20024505W,Girl in the blue coat
approve,openlibrary_OL2402308W,Once
approve,openlibrary_OL2671499W,From Sea to Shining Sea
approve,openlibrary_OL27455W,The Return of the King
approve,openlibrary_OL2973870W,Rose Blanche
approve,openlibrary_OL42740W,War Horse
approve,openlibrary_OL4279057W,The Old Neighborhood
approve,openlibrary_OL4458315W,The great war of words
approve,openlibrary_OL53959W,Life on the Mississippi
approve,openlibrary_OL54797W,The Notebook
approve,openlibrary_OL55367W,The river between us
approve,openlibrary_OL5731370W,At the hands of persons unknown
approve,openlibrary_OL574849W,Blaine's Way
approve,openlibrary_OL64769W,Brown v. Board of Education
approve,openlibrary_OL69164W,A hazard of new fortunes
approve,openlibrary_OL729134W,"Inside, Outside"
approve,openlibrary_OL77077W,Milkweed
approve,openlibrary_OL82664W,The Killer Angels
approve,openlibrary_OL82922W,The Unvanquished
approve,openlibrary_OL8783182W,Eyeshield 21
approve,openlibrary_OL894460W,The Summer of My German Soldier
approve,openlibrary_OL9334371W,The Guernsey Literary and Potato Peel Pie Society
approve,openlibrary_OL9334405W,Slavery by another name
approve,openlibrary_OL15858408W,The legend of Bagger Vance
approve,openlibrary_OL16810448W,Life After Life
approve,openlibrary_OL17619932W,The Underground Railroad
approve,openlibrary_OL1838875W,Sands of Time
approve,openlibrary_OL19756861W,City of Girls: A Novel
approve,openlibrary_OL19982563W,Vampires of Manhattan
approve,openlibrary_OL2019796W,"Iola Leroy, or, Shadows Uplifted"
approve,openlibrary_OL21354339W,The Handmaid's Tale [Graphic Novel]
approve,openlibrary_OL26306548W,Nevermore
approve,openlibrary_OL2724858W,This stubborn self
approve,openlibrary_OL276321W,The Bostonians
approve,openlibrary_OL457901W,Here and then
approve,openlibrary_OL45867W,Over to You - Ten Stories of Flyers and Flying
approve,openlibrary_OL468488W,This Side of Paradise
approve,openlibrary_OL4793872W,Vlad the Impaler
approve,openlibrary_OL5692987W,Beyond the Highland Mist (Highlander)
approve,openlibrary_OL5738506W,The awakening
approve,openlibrary_OL706612W,I Am Fifteen--And I Don't Want to Die
approve,openlibrary_OL76501W,Greenmantle
approve,openlibrary_OL860066W,Se questo è un uomo
approve,openlibrary_OL11326944W,Flight to Canada
approve,openlibrary_OL15183189W,The Vampire of Ropraz
approve,openlibrary_OL15932756W,The False Prince
approve,openlibrary_OL17818532W,Beautiful creatures
approve,openlibrary_OL19995735W,The dark water
approve,openlibrary_OL21013980W,Hatter M Volume Two - Mad with Wonder
approve,openlibrary_OL21018691W,Hatter M Volume Three - The Nature of Wonder
approve,openlibrary_OL2455093W,Lost Horizon
approve,openlibrary_OL5721264W,Gatekeepers (Dreamhouse Kings # 3)
approve,openlibrary_OL5753150W,Pride of Baghdad
approve,openlibrary_OL934476W,The Wolves of Woden
approve,openlibrary_OL10373W,The Grafton girls
approve,openlibrary_OL13654072W,The piano teacher
approve,openlibrary_OL14854866W,The Amazon Quest (The House of Winslow #25)
approve,openlibrary_OL14974949W,An Echo in the Bone
approve,openlibrary_OL15109524W,White doves at morning
approve,openlibrary_OL15188441W,Easter at Tobruk
approve,openlibrary_OL15855094W,Dirty magic
approve,openlibrary_OL16503065W,The Cove
approve,openlibrary_OL1730347W,God and the American Writer
approve,openlibrary_OL17347831W,"Dorothy, the Terrified"
approve,openlibrary_OL17910691W,Word for word
approve,openlibrary_OL1818341W,North River
approve,openlibrary_OL1847425W,The Enormous Room (The Cummings Typescript Editions)
approve,openlibrary_OL19436733W,The Last Wolf
approve,openlibrary_OL19708158W,The Auschwitz escape
approve,openlibrary_OL19977816W,"Suddenly, love"
approve,openlibrary_OL20022928W,The railwayman's wife
approve,openlibrary_OL20036168W,The Girl from Venice
approve,openlibrary_OL2011279W,March
approve,openlibrary_OL20148521W,The Fountains of Silence
approve,openlibrary_OL20214034W,Hideous Characters and Beautiful Pagans
approve,openlibrary_OL20496516W,Spy
approve,openlibrary_OL23185579W,Salvation
approve,openlibrary_OL2566621W,Dances with wolves
approve,openlibrary_OL2732494W,Dreamers of the day
approve,openlibrary_OL2923338W,In love with Jerzy Kosinksi
approve,openlibrary_OL4101232W,Nowhere else on earth
approve,openlibrary_OL4279450W,By right of arms
approve,openlibrary_OL468329W,Two moons
approve,openlibrary_OL472328W,Towards Zero
approve,openlibrary_OL4778051W,Snowfall at Willow Lake
approve,openlibrary_OL5683734W,Sweet Reckoning
approve,openlibrary_OL5703420W,by George
approve,openlibrary_OL74331W,Anne Frank and me
approve,openlibrary_OL7974860W,Lincoln (Narratives of a Golden Age)
approve,openlibrary_OL96987W,The covenant
approve,openlibrary_OL98585W,The Custom of the Country
approve,openlibrary_OL102725W,Selected Tales and Poems
approve,openlibrary_OL1067068W,Second generation
approve,openlibrary_OL111436W,First Impressions
approve,openlibrary_OL1449798W,Lessico famigliare
approve,openlibrary_OL16319W,Complete poetry and collected prose
approve,openlibrary_OL16553W,The Great War - Breakthroughs
approve,openlibrary_OL16580398W,CHRYSALIS
approve,openlibrary_OL16585418W,Barbed wire baseball
approve,openlibrary_OL1692329W,Intrigued
approve,openlibrary_OL17380938W,The Rebels Of New Sun A Blending Time Novel
approve,openlibrary_OL17600759W,Flying Couch
approve,openlibrary_OL1900840W,The Dream of Scipio
approve,openlibrary_OL19616W,Plein Ciel
approve,openlibrary_OL19771W,Zoya
approve,openlibrary_OL19816697W,Politics and form in postmodern poetry
approve,openlibrary_OL19991333W,The train to Crystal City
approve,openlibrary_OL20053035W,"Captain America, Steve Rogers"
approve,openlibrary_OL20158778W,The Age of Light
approve,openlibrary_OL20663801W,Wartime At Woolworths
approve,openlibrary_OL222099W,The Imagined Civil War
approve,openlibrary_OL2479027W,Battle order 204
approve,openlibrary_OL256387W,With Lee in Virginia
approve,openlibrary_OL4307803W,Andersonville
approve,openlibrary_OL472971W,Malina
approve,openlibrary_OL4906729W,Floodtide
approve,openlibrary_OL52237W,Men Like Gods
approve,openlibrary_OL56770W,Light a Penny Candle
approve,openlibrary_OL5952071W,Writing out of place
approve,openlibrary_OL5959695W,The Ship of Brides
approve,openlibrary_OL6225741W,Letters from an age of reason
approve,openlibrary_OL7278264W,Safe Passage
approve,openlibrary_OL7798222W,Ben's story
approve,openlibrary_OL8945951W,The Knees Of Gullah Island
approve,openlibrary_OL89595W,Crusade in Europe
approve,openlibrary_OL99257W,Storm Haven
approve,openlibrary_OL15546835W,Star Trek Deep Space Nine - The Search
approve,openlibrary_OL158666W,Djup
approve,openlibrary_OL16190783W,The drowned cities
approve,openlibrary_OL16361042W,Partials
approve,openlibrary_OL16555W,Settling accounts
approve,openlibrary_OL16636930W,The Red Ruby
approve,openlibrary_OL17870425W,Stratton's war
approve,openlibrary_OL17874844W,Remember
approve,openlibrary_OL18149454W,The Doomsday equation
approve,openlibrary_OL19349605W,American War
approve,openlibrary_OL1954412W,Unwind
approve,openlibrary_OL1955924W,Aces High
approve,openlibrary_OL19708676W,Storm
approve,openlibrary_OL20013697W,Vortex
approve,openlibrary_OL23258W,Battle Flag
approve,openlibrary_OL27640W,Dante's equation
approve,openlibrary_OL3092106W,Star Trek - Deep Domain
approve,openlibrary_OL35060W,Robert Ludlum's The arctic event
approve,openlibrary_OL52246W,The Shape of Things to Come
approve,openlibrary_OL5813985W,Star Wars - Legacy of the Force - Revelation
approve,openlibrary_OL7202229W,Queer Cowboys
approve,openlibrary_OL76473W,The Napoleon of Notting Hill
approve,openlibrary_OL8047034W,Civil War Fantastic
approve,openlibrary_OL83582W,Star Wars - Hand of Thrawn Duology - Vision of the Future
approve,openlibrary_OL8981998W,Mobile suit Gundam seed astray
approve,openlibrary_OL90371W,The bristling wood
approve,openlibrary_OL92395W,Star Wars - Corellian Trilogy - Ambush at Corellia
approve,openlibrary_OL115533W,Fearless Jones
approve,openlibrary_OL15371135W,The Elephant's Journey
approve,openlibrary_OL15520716W,Lunch-box dream
approve,openlibrary_OL16524128W,Worm
approve,openlibrary_OL16564345W,In the shadow of the gallows
approve,openlibrary_OL16564600W,The Columbus affair
approve,openlibrary_OL17272108W,Requiem
approve,openlibrary_OL17403692W,Mafia Republic Italys Criminal Curse Cosa Nostra Ndrangheta And Camorra From 1946 To The Present
approve,openlibrary_OL17873260W,The ways of the world
approve,openlibrary_OL17875313W,Serpents in the Cold
approve,openlibrary_OL19711601W,Magic in the mix
approve,openlibrary_OL19729654W,The stowaway
approve,openlibrary_OL21285457W,Espionage and Sedition Acts
approve,openlibrary_OL21495614W,The Door at the Crossroads
approve,openlibrary_OL3297230W,Epitaph for a Spy
approve,openlibrary_OL472130W,N or M?
approve,openlibrary_OL894069W,Enigma
approve,openlibrary_OL97262W,The devil's arithmetic
approve,openlibrary_OL112474W,Numbering All the Bones
approve,openlibrary_OL121168W,March Toward the Thunder
approve,openlibrary_OL15845008W,The sea of trees
approve,openlibrary_OL16214099W,Sins of the mother
approve,openlibrary_OL18010044W,The Meltdown
approve,openlibrary_OL19622210W,The Portable Veblen
approve,openlibrary_OL19667287W,Under the Udala trees
approve,openlibrary_OL1967022W,When Will This Cruel War Be Over? (Dear America)
approve,openlibrary_OL20930527W,Telling Tales
approve,openlibrary_OL23334491W,Ribblestrop
approve,openlibrary_OL2898922W,"Hayfoot, Strawfoot"
approve,openlibrary_OL4004015W,Tintin
approve,openlibrary_OL5735106W,My French Whore
approve,openlibrary_OL11634449W,Sensible Hare and the case of the carrots
approve,openlibrary_OL12329087W,The Indian clerk
approve,openlibrary_OL14850214W,The Cookcamp
approve,openlibrary_OL14858144W,Texas Rich
approve,openlibrary_OL14865044W,Regeneration
approve,openlibrary_OL14872071W,Murder in the Executive Mansion
approve,openlibrary_OL14872676W,Thieves of mercy
approve,openlibrary_OL14872681W,Glory in the Name
approve,openlibrary_OL14918501W,War games
approve,openlibrary_OL14920939W,Rebels and traitors
approve,openlibrary_OL15025493W,The crimson rooms
approve,openlibrary_OL15284464W,The Cause
approve,openlibrary_OL15291140W,Death in the Sky
approve,openlibrary_OL15508276W,The Final Reckoning
approve,openlibrary_OL15611884W,Private life
approve,openlibrary_OL15821786W,The sugar camp quilt
approve,openlibrary_OL15840232W,A sundial in a grave--1610
approve,openlibrary_OL16142906W,Waiting for sunrise
approve,openlibrary_OL16319032W,Wilderness
approve,openlibrary_OL16489797W,The absolutist
approve,openlibrary_OL16691872W,Face the Winter Naked
approve,openlibrary_OL17063101W,A horse called Hero
approve,openlibrary_OL17566621W,The Incident Kenneth MacLeod
approve,openlibrary_OL17876949W,Vintage
approve,openlibrary_OL17924657W,Over the top
approve,openlibrary_OL17934982W,Days Without End
approve,openlibrary_OL1868239W,Never call retreat
approve,openlibrary_OL18724430W,Laura's victory
approve,openlibrary_OL1878167W,Wildwood boys
approve,openlibrary_OL18786506W,Two spirits
approve,openlibrary_OL1900861W,Stone's fall
approve,openlibrary_OL1904210W,Fredericksburg
approve,openlibrary_OL1929686W,Maestoso Petra
approve,openlibrary_OL19936018W,Only a girl
approve,openlibrary_OL19938708W,Resistance
approve,openlibrary_OL20055656W,The general's women
approve,openlibrary_OL2045976W,On Agate Hill
approve,openlibrary_OL20810777W,Bomber
approve,openlibrary_OL20900002W,A Season of Secrets
approve,openlibrary_OL23259W,The bloody ground
approve,openlibrary_OL24425163W,Song of Years
approve,openlibrary_OL257692W,Where Eagles Dare
approve,openlibrary_OL258363W,Lenin in Zurich
approve,openlibrary_OL2966445W,The Faithful Lovers
approve,openlibrary_OL3244611W,From fields of gold
approve,openlibrary_OL3508366W,The historical novel from Scott to Sabatini
approve,openlibrary_OL36462W,Vingt ans apres̀
approve,openlibrary_OL3914593W,T. H. White's The once and future king
approve,openlibrary_OL3986349W,Julia's story
approve,openlibrary_OL40786W,No Graves As Yet
approve,openlibrary_OL4090643W,Who Comes With Cannons?
approve,openlibrary_OL4797953W,Iron Ships Iron Men
approve,openlibrary_OL491543W,Chickamauga
approve,openlibrary_OL491579W,Shenandoah
approve,openlibrary_OL497781W,The mostly true adventures of Homer P. Figg
approve,openlibrary_OL51495W,The night inspector
approve,openlibrary_OL5261616W,I'll Be Seeing You
approve,openlibrary_OL53071W,The English Patient
approve,openlibrary_OL553694W,Winds of the Storm
approve,openlibrary_OL5683433W,No crystal stair
approve,openlibrary_OL5685617W,The iron curtain
approve,openlibrary_OL5718645W,Unwelcome voices
approve,openlibrary_OL5827134W,Sisterland
approve,openlibrary_OL5962163W,Gordon
approve,openlibrary_OL59933W,The White Queen
approve,openlibrary_OL59936W,Earthly Joys
approve,openlibrary_OL6060859W,The walnut tree
approve,openlibrary_OL729142W,War and remembrance
approve,openlibrary_OL73391W,Soul catcher
approve,openlibrary_OL7974912W,The Golden Age
approve,openlibrary_OL80181W,Birdsong
approve,openlibrary_OL82637W,"Good-Bye, Billy Radish"
approve,openlibrary_OL827217W,They were counted
approve,openlibrary_OL83633W,Wagon Wheels
approve,openlibrary_OL8891147W,The wakame gatherers
approve,openlibrary_OL9014566W,Born to fly
approve,openlibrary_OL9302676W,The Outcast
approve,openlibrary_OL14981614W,The Private Papers of Eastern Jewel
approve,openlibrary_OL15291153W,Spiralling Down
approve,openlibrary_OL15598531W,The Judas Gate
approve,openlibrary_OL157283W,Bad Company
approve,openlibrary_OL16343257W,North Africa and the Mediterranean
approve,openlibrary_OL16343259W,The Western Front
approve,openlibrary_OL16618360W,The spymasters
approve,openlibrary_OL17365881W,Kill My Mother
approve,openlibrary_OL17577453W,The Star Of Istanbul
approve,openlibrary_OL17701970W,Top secret
approve,openlibrary_OL17812924W,The Secret War
approve,openlibrary_OL17889644W,Quartet for the end of time
approve,openlibrary_OL19350551W,The Assassination Option
approve,openlibrary_OL19671308W,Transcription
approve,openlibrary_OL19711605W,Projekt 1065
approve,openlibrary_OL19741395W,Shadow child
approve,openlibrary_OL19978695W,"Treaties, trenches, mud, and blood"
approve,openlibrary_OL19990126W,Second Avenue caper
approve,openlibrary_OL19997970W,Terrorist
approve,openlibrary_OL2003370W,"Snoopy, flying ace to the rescue"
approve,openlibrary_OL20056116W,Champions
approve,openlibrary_OL20115825W,All the flowers in Paris
approve,openlibrary_OL20916141W,The Hatfields and the McCoys
approve,openlibrary_OL241909W,Bulldog Drummond
approve,openlibrary_OL26901W,Ordinary heroes
approve,openlibrary_OL2750502W,Clara Barton
approve,openlibrary_OL452756W,Land of marvels
approve,openlibrary_OL478720W,Justice for none
approve,openlibrary_OL5734167W,Winter in Madrid
approve,openlibrary_OL5769565W,Adorofo ni tsugu
approve,openlibrary_OL724072W,The Heat of the Day
approve,openlibrary_OL76598W,Mr. Standfast
approve,openlibrary_OL8312233W,The irregulars
approve,openlibrary_OL84882W,Sacred Stone
approve,openlibrary_OL1259806W,Poète assassiné
approve,openlibrary_OL15137937W,Disobedience
approve,openlibrary_OL15834621W,Asleep
approve,openlibrary_OL16142308W,Los Angeles Stories
approve,openlibrary_OL16714798W,Siege 13
approve,openlibrary_OL17079158W,Dangerous Women
approve,openlibrary_OL17832506W,Uncommon Type
approve,openlibrary_OL18171075W,Smert£ na brudershaft
approve,openlibrary_OL1945833W,"Wicked Women (Weldon, Fay)"
approve,openlibrary_OL19984424W,No man's land
approve,openlibrary_OL20027985W,Fall of Poppies
approve,openlibrary_OL20242297W,Heirlooms
approve,openlibrary_OL2641047W,Pulp Friction
approve,openlibrary_OL2650266W,The color of jazz
approve,openlibrary_OL4616539W,The Friendly Persuasion
approve,openlibrary_OL468597W,Dead Sexy
approve,openlibrary_OL69633W,The Lost Prince
approve,openlibrary_OL8299945W,Mother of Sorrows
approve,openlibrary_OL15187624W,Taming Her Irish Warrior
approve,openlibrary_OL17518W,When the World Shook
approve,openlibrary_OL1840406W,Tarzan alive
approve,openlibrary_OL20008544W,A passage to Shambhala
approve,openlibrary_OL20060115W,Royal bastards
approve,openlibrary_OL21102454W,Forbidden Flats
approve,openlibrary_OL27712511W,Last fantasy
approve,openlibrary_OL4242926W,Secret Island
approve,openlibrary_OL5730035W,Homosex
approve,openlibrary_OL5819031W,The Seven Keys of Balabad
approve,openlibrary_OL5958035W,A boy at Gettysburg
approve,openlibrary_OL76591W,The three hostages
approve,openlibrary_OL84920W,Vixen 03
approve,openlibrary_OL8708805W,Erotic Comics
approve,openlibrary_OL118354W,Soldier in buckskin
approve,openlibrary_OL121773W,And One Rode West
approve,openlibrary_OL15429490W,Long winter gone
approve,openlibrary_OL16069242W,Cherokee lighthorse
approve,openlibrary_OL17732240W,Lassiter
approve,openlibrary_OL17872795W,Dollar a day
approve,openlibrary_OL18156997W,Riding for the flag
approve,openlibrary_OL18440292W,The Kerrigans
approve,openlibrary_OL19870294W,Fighting men
approve,openlibrary_OL20009187W,Guns on the prairie
approve,openlibrary_OL24249824W,Bandit's gold
approve,openlibrary_OL24267536W,Gone to Texas
approve,openlibrary_OL24269547W,Hills of blood
approve,openlibrary_OL24270035W,The Hondo kid
approve,openlibrary_OL24674556W,Dead man's canyon
approve,openlibrary_OL24708364W,The $300 man
approve,openlibrary_OL2941492W,Reflections in dark glass
approve,openlibrary_OL3371166W,The lost traveller
approve,openlibrary_OL4290087W,"I, Quantrill"
approve,openlibrary_OL485502W,The Redheaded Outfield and Other Baseball Stories
approve,openlibrary_OL51017W,Showdown at Yellow Butte
approve,openlibrary_OL6438521W,The conquest of Don Pedro
approve,hardcover_359527,"Unbroken: A World War II Story of Survival, Resilience and Redemption"
approve,hardcover_431177,The Magic Mountain
approve,hardcover_461560,The Heroes
approve,hardcover_484822,Glint
approve,hardcover_511650,Leech
approve,hardcover_590689,Yellowface
approve,hardcover_80091,Mother Night
approve,openlibrary_OL111690W,Last Stand at Saber River
approve,openlibrary_OL134588W,"Horseman, pass by"
approve,openlibrary_OL14854917W,The Valiant Gunman (The House of Winslow #14)
approve,openlibrary_OL15198464W,The Baron war
approve,openlibrary_OL17725632W,Spirit of steamboat
approve,openlibrary_OL17820931W,The bells of El Diablo
approve,openlibrary_OL1905084W,Night ride home
approve,openlibrary_OL19748536W,Westerns
approve,openlibrary_OL19990192W,Far as the eye can see
approve,openlibrary_OL20386779W,Unbroke Horses
approve,openlibrary_OL20489553W,Plum Creek
approve,openlibrary_OL21361928W,The Vinegar Peak wars
approve,openlibrary_OL21726831W,Nevin's History
approve,openlibrary_OL24260478W,Devil's deal
approve,openlibrary_OL24268418W,Guns across Red River
approve,openlibrary_OL24347170W,A Good Day to Die
approve,openlibrary_OL24685686W,Justice beyond the trail's end
approve,openlibrary_OL24743857W,Late for Gettysburg
approve,openlibrary_OL26442233W,Escape from the Alamo
approve,openlibrary_OL27998W,Yankee wife
approve,openlibrary_OL3295417W,Shadow of the wolf
approve,openlibrary_OL40883W,The crossing
approve,openlibrary_OL50960W,Night over the Solomons
approve,openlibrary_OL7972956W,Ceremony
approve,openlibrary_OL8552579W,The Lawless Frontier
approve,openlibrary_OL8848984W,Ambush at Mustang Canyon
approve,hardcover_102442,Moonglow
approve,hardcover_160046,War of Honor
approve,hardcover_184166,A Town Like Alice
approve,hardcover_2231086,Daggermouth
approve,hardcover_250401,Underground Airlines
approve,hardcover_28354,The Penultimate Truth
approve,hardcover_300243,Mythago Wood
approve,hardcover_347754,King Rat: The Fourth Novel of the Asian Saga
approve,hardcover_355958,Glasshouse
approve,hardcover_364216,An Instance of the Fingerpost
approve,hardcover_378944,The Tropic of Serpents
approve,hardcover_434689,We Were the Lucky Ones
approve,hardcover_434842,The Buddha in the Attic
approve,hardcover_435046,Great Circle
approve,hardcover_439518,Hell Divers
approve,hardcover_442315,The painted bird
approve,hardcover_445538,The House of Shattered Wings
approve,hardcover_446159,Field of Dishonor
approve,hardcover_456751,A Ladder to the Sky
approve,hardcover_458803,Within the Sanctuary of Wings
approve,hardcover_481310,The Wolf
approve,hardcover_484551,Prince's Gambit
approve,hardcover_502042,The Things We Leave Unfinished
approve,hardcover_505216,Wicked Beauty
approve,hardcover_589241,Ithaca
approve,hardcover_620005,The Prince of Mist
approve,hardcover_70564,The Jane Austen Society
approve,hardcover_892866,Halo: The Fall of Reach
approve,hardcover_102143,The Time In Between
approve,hardcover_145051,The Shoemaker's Wife
approve,hardcover_161248,Birds of a Feather
approve,hardcover_190289,Coalescent
approve,hardcover_277229,Parade's End
approve,hardcover_280167,Horizon Storms
approve,hardcover_325830,In the Shadow of the Banyan
approve,hardcover_346809,Flyboys
approve,hardcover_431377,One of Us: The Story of Anders Breivik and the Massacre in Norway
approve,hardcover_446235,Weapons of Choice
approve,hardcover_447618,Closing Time
approve,hardcover_463772,A Passage North
approve,hardcover_469610,Q
approve,hardcover_477345,Rules for a Knight
approve,hardcover_508663,The Parisian
approve,hardcover_520139,As Bright as Heaven
approve,hardcover_70948,Goodnight Mister Tom
approve,hardcover_82631,The proud tower
approve,hardcover_108263,Citadel
approve,hardcover_23375,Lincoln's dreams
approve,hardcover_25023,Southern Gods
approve,hardcover_251140,Flygirl
approve,hardcover_306267,When My Name Was Keoko
approve,hardcover_373631,Beasts of No Nation
approve,hardcover_376846,Assignment in Eternity
approve,hardcover_429884,Welcome to Braggsville
approve,hardcover_435025,Love and Ruin
approve,hardcover_436001,The Parade
approve,hardcover_436382,The Red Garden
approve,hardcover_441647,Watt
approve,hardcover_442060,The Moving Target
approve,hardcover_442946,The Lost Vintage
approve,hardcover_457582,Ape and Essence
approve,hardcover_458944,A Web of Air
approve,hardcover_474540,The Queen's Accomplice
approve,hardcover_481524,Blood for Blood
approve,hardcover_512791,The Story of a Brief Marriage
approve,hardcover_513219,A Soldier of the Great War
approve,hardcover_522344,The Other Side of Midnight
approve,hardcover_542708,The Alchemist's Secret
approve,hardcover_564252,Burning Paradise
approve,hardcover_590294,You Can't Go Home Again
approve,hardcover_693161,Hotline
approve,hardcover_85875,Reviving Ophelia
approve,hardcover_90589,Dust
approve,hardcover_138522,Betrayer
approve,hardcover_218773,Woman of God
approve,hardcover_238473,Deceiver
approve,hardcover_256091,Children of the Storm
approve,hardcover_285691,A Bell for Adano
approve,hardcover_314724,Stone soup
approve,hardcover_38527,A Green and Ancient Light
approve,hardcover_385949,The Jagged Orbit
approve,hardcover_428517,The wild rose
approve,hardcover_436855,The Boat People
approve,hardcover_447831,"Town of Evening Calm, Country of Cherry Blossoms"
approve,hardcover_448462,The Big Book of Modern Fantasy
approve,hardcover_468986,Crusade
approve,hardcover_475523,Double Play
approve,hardcover_485149,Imager's Battalion
approve,hardcover_542734,In a Dry Season
approve,hardcover_633472,The Lines We Leave Behind
approve,hardcover_678460,Treacherous Is the Night
approve,hardcover_701472,Radio Girls
approve,hardcover_78265,Oorlogswinter
approve,hardcover_815848,Second Contact
approve,hardcover_87216,Antic Hay
approve,dark_age,Dark Age
approve,mirror_dance,Mirror Dance
approve,moodreads_6932,Sunlight
approve,openlibrary_OL20898299W,Corporate Gunslinger
approve,the_gunslinger,The Gunslinger
approve,openlibrary_OL20143959W,Full Throttle
approve,openlibrary_OL26150265W,The Story and Its Writer -- Compact Fourth Edition
approve,openlibrary_OL807843W,It was a dark and stormy night
approve,openlibrary_OL17901897W,Adventures of Huckleberry Finn and Related Readings
approve,openlibrary_OL12472708W,Shadow Country
approve,openlibrary_OL15658225W,The Broken World
approve,openlibrary_OL17797402W,Big Sky River
approve,openlibrary_OL3934086W,This Time For Keeps
approve,openlibrary_OL5682675W,Dead Sexy
approve,openlibrary_OL11020634W,A book of the short story
approve,openlibrary_OL20905801W,Sunshield
approve,openlibrary_OL44373W,A coyote reader
approve,openlibrary_OL50620W,The secret of the Indian
approve,openlibrary_OL5730200W,Something Rotten
approve,openlibrary_OL16664750W,Big sky mountain
approve,openlibrary_OL17538286W,Colorado Courtship
approve,openlibrary_OL17655918W,One Heart to Win
approve,openlibrary_OL17741038W,Broken trail
approve,openlibrary_OL17869091W,Rocky Mountain cowboy
approve,openlibrary_OL17921264W,Resist (Breathe #2)
approve,openlibrary_OL25068548W,Our Time in the Sun
approve,openlibrary_OL4092663W,The Black Moth
approve,openlibrary_OL4996156W,The Wildest Heart
approve,openlibrary_OL15408684W,Dark Life (Dark Life #1)
approve,openlibrary_OL172969W,Hunters of Gor
approve,openlibrary_OL1911409W,Heart of Texas
approve,openlibrary_OL1911605W,Denim and diamonds
approve,openlibrary_OL28023W,High Country Bride (The McKettrick Series #1)
approve,openlibrary_OL2894164W,Late Nights on Air
approve,openlibrary_OL29501W,Cowboy
approve,openlibrary_OL485469W,The Lone Star Ranger
approve,openlibrary_OL8032446W,His Little Cowgirl
approve,openlibrary_OL14920133W,Watch the skies
approve,openlibrary_OL14920136W,Demons and druids
approve,openlibrary_OL20024802W,Lockdown
approve,openlibrary_OL2619982W,"Marihuana, the forbidden medicine"
approve,openlibrary_OL114721W,Jim Ugly
approve,openlibrary_OL11994405W,My harrowing undercover journey to the inner circle of the Hells Angels
approve,openlibrary_OL15105769W,The Best American Crime Writing 2006
approve,openlibrary_OL98366W,Saving Sweetness (Sweetness #1)
approve,openlibrary_OL13617821W,Loser's town
approve,openlibrary_OL1801301W,The Green Men of Gressingham
approve,openlibrary_OL19981141W,Creativity
approve,openlibrary_OL3942229W,The Mount Rushmore Calamity
approve,openlibrary_OL468667W,Mercy Watson fights crime
approve,openlibrary_OL15176459W,Viking in Love
approve,openlibrary_OL15709204W,Crown of Dust
approve,openlibrary_OL15836892W,The heartsong of Charging Elk
approve,openlibrary_OL17452281W,Highland Secrets                            Zebra Historical Romance
approve,openlibrary_OL17880056W,Slocum and the pack of lies
approve,openlibrary_OL1881358W,A lantern in her hand
approve,openlibrary_OL1902478W,Nora
approve,openlibrary_OL20249018W,Stealing the Preacher
approve,openlibrary_OL24229285W,A Hundred Ways to Kill
approve,openlibrary_OL2657134W,Sister Noon
approve,openlibrary_OL2666391W,Heart of the West
approve,openlibrary_OL275736W,The Next Mrs. Blackthorne
approve,openlibrary_OL27991W,The rustler
approve,openlibrary_OL4033747W,The Loner
approve,openlibrary_OL4123637W,The Abilene Trail
approve,openlibrary_OL4778079W,Texas wildflower
approve,openlibrary_OL4778082W,The Drifter
approve,openlibrary_OL72884W,Stand the Storm
approve,openlibrary_OL137404W,Blindfold game
approve,openlibrary_OL15058378W,"The rough-riding adventure of Bronco Charlie, Pony Express rider"
approve,openlibrary_OL17829522W,Down West
approve,openlibrary_OL17881779W,Dragon Teeth
approve,openlibrary_OL24341377W,Hobo Mom
approve,openlibrary_OL1230163W,While the Billy Boils
approve,openlibrary_OL15411414W,Robin Hood
approve,openlibrary_OL15858995W,Fine Just the Way It Is
approve,openlibrary_OL17054984W,Nibbles
approve,openlibrary_OL17703232W,Year of the horse
approve,openlibrary_OL20059731W,Cockfosters
approve,openlibrary_OL21253413W,Sepulcros de vaqueros
approve,openlibrary_OL2265744W,When the wind is in the South and other stories
approve,openlibrary_OL2971199W,The last cowboys
approve,openlibrary_OL3495951W,Mere Anarchy
approve,openlibrary_OL448408W,Pecos Bill
approve,openlibrary_OL50966W,With these hands
approve,openlibrary_OL50987W,Bowdrie
approve,openlibrary_OL15177537W,Hot-Wired
approve,openlibrary_OL15396909W,Once an outlaw
approve,openlibrary_OL16566373W,Alif the unseen
approve,openlibrary_OL17092244W,How to Lasso a Cowboy
approve,openlibrary_OL17379330W,Her Rodeo Cowboy
approve,openlibrary_OL17464134W,Christmas Gifts
approve,openlibrary_OL17501075W,Claimed! (Sons of Chance #3)
approve,openlibrary_OL17570530W,Cowboy Take Me Away
approve,openlibrary_OL17661390W,From this moment on
approve,openlibrary_OL17729423W,Texas heat
approve,openlibrary_OL17921528W,Fifty bales of hay
approve,openlibrary_OL19986024W,Linger
approve,openlibrary_OL5810034W,Chameleons
approve,openlibrary_OL8110459W,Hard to get
approve,openlibrary_OL8488779W,Give Me More
approve,openlibrary_OL118283W,The throwback
approve,openlibrary_OL14854629W,Boomtown (Reno Western Saga #4)
approve,openlibrary_OL15180127W,Going Down Hard
approve,openlibrary_OL15191443W,A Bullet for Billy the Kid
approve,openlibrary_OL15277411W,The guns of Parral
approve,openlibrary_OL16033824W,Buchanan's bride
approve,openlibrary_OL16047769W,Never love a cowboy
approve,openlibrary_OL16054262W,Canyon Moon
approve,openlibrary_OL16064480W,Crack in the sky
approve,openlibrary_OL16069720W,The bells of San Carlos and other stories
approve,openlibrary_OL16070255W,The dangerous dawn
approve,openlibrary_OL16188957W,A congregation of jackals
approve,openlibrary_OL16296540W,Montana dawn
approve,openlibrary_OL16454928W,Bitterroot Valley
approve,openlibrary_OL16454944W,Fortune Found (Fortunes of Texas
approve,openlibrary_OL16477215W,The Western Trail
approve,openlibrary_OL16566076W,Slocum and the Socorro Saloon sirens
approve,openlibrary_OL16639852W,Slocum along Rotten Row
approve,openlibrary_OL1713496W,Rounders 3
approve,openlibrary_OL17407939W,The Prisoner Of Gun Hill
approve,openlibrary_OL17489642W,Fortunes Secret Baby
approve,openlibrary_OL17531371W,Weddings under a Western Sky
approve,openlibrary_OL17551397W,Rosa's Land (Western Justice #1)
approve,openlibrary_OL17570408W,The Omaha Trail A Ralph Compton Novel
approve,openlibrary_OL17582124W,Night Ride with Dahlia
approve,openlibrary_OL17655533W,Cowboy seeks bride
approve,openlibrary_OL17679240W,Lead me on
approve,openlibrary_OL17730585W,Cloudy in the West
approve,openlibrary_OL17734480W,A gentle giving
approve,openlibrary_OL17736062W,A shepherd's song
approve,openlibrary_OL17737711W,Revenge of the mountain man
approve,openlibrary_OL17766969W,The stampeders
approve,openlibrary_OL17800944W,Wild at heart
approve,openlibrary_OL17868103W,The last ride
approve,openlibrary_OL17872906W,Outlaws
approve,openlibrary_OL17873866W,The night riders
approve,openlibrary_OL17874168W,Dead man's canyon
approve,openlibrary_OL17879290W,Six-gun nemesis
approve,openlibrary_OL17892892W,Red Rock's secret
approve,openlibrary_OL17895672W,The hired ace
approve,openlibrary_OL17895868W,The revenge of Iron Eyes
approve,openlibrary_OL17913680W,Iron Eyes is dead
approve,openlibrary_OL17919876W,Outlaw marriage
approve,openlibrary_OL17929436W,The vanishing raiders
approve,openlibrary_OL18156089W,Creed of the mountain man
approve,openlibrary_OL19705719W,Boots under her bed
approve,openlibrary_OL19761921W,Wild justice
approve,openlibrary_OL1990021W,How I spent my summer vacation
approve,openlibrary_OL19901802W,Seven ox seven
approve,openlibrary_OL20032539W,Winchester: 1887
approve,openlibrary_OL20036038W,Journey of the dead
approve,openlibrary_OL20036060W,"Will Tanner, U.S. deputy marshal"
approve,openlibrary_OL20210304W,First Blood and Other Stories
approve,openlibrary_OL20569369W,The Texas Brides Collection
approve,openlibrary_OL20650923W,A Rocky Mountain Christmas (Christmas #2)
approve,openlibrary_OL20829174W,Texas rendezvous
approve,openlibrary_OL20853614W,The tomb of Iron Eyes
approve,openlibrary_OL20864995W,Dalton's valley
approve,openlibrary_OL20865018W,Gunslinger breed
approve,openlibrary_OL20886896W,The Man From Bar-20 and Johnny Nelson
approve,openlibrary_OL20896748W,The buffalo gun
approve,openlibrary_OL20906572W,Trail to Fort Laramie
approve,openlibrary_OL20907898W,Redemption in Inferno
approve,openlibrary_OL20935472W,A man called Breed
approve,openlibrary_OL20976702W,Skeleton hand
approve,openlibrary_OL21181012W,Kid Dynamite
approve,openlibrary_OL21223388W,Ghost riders at Shotgun Bluffs
approve,openlibrary_OL21411345W,Payback at Black Valley Forge
approve,openlibrary_OL21412965W,A rope for Iron Eyes
approve,openlibrary_OL21420005W,Ghost Town Belles
approve,openlibrary_OL21447035W,The Short Creek rustlers
approve,openlibrary_OL21485468W,Divided loyalties
approve,openlibrary_OL21575649W,Killer's kingdom
approve,openlibrary_OL21713858W,Shadow justice
approve,openlibrary_OL22132643W,Skyhorse
approve,openlibrary_OL222186W,The last buffalo hunter
approve,openlibrary_OL22407993W,Slocum and Belle Starr
approve,openlibrary_OL22543042W,Paid in Blood
approve,openlibrary_OL23185688W,Ralph Compton
approve,openlibrary_OL24154925W,The shoestringers
approve,openlibrary_OL24158162W,Trouble-shooting Johnny
approve,openlibrary_OL24183326W,The last buffalo
approve,openlibrary_OL24184893W,The devil's anvil
approve,openlibrary_OL24189982W,Bitter trail
approve,openlibrary_OL24191624W,The venom of Iron Eyes
approve,openlibrary_OL24250755W,Beyond the crimson skies
approve,openlibrary_OL24251469W,Blue Wells
approve,openlibrary_OL24255916W,Colt heat
approve,openlibrary_OL24264538W,The fastest gun in Texas
approve,openlibrary_OL24267072W,Ghost mine gold
approve,openlibrary_OL24269174W,Hell's Courtyard
approve,openlibrary_OL24270227W,The Hot Spurs
approve,openlibrary_OL24270800W,The hunt for Iron Eyes
approve,openlibrary_OL24272392W,Iron Jack rides
approve,openlibrary_OL24277875W,The last great gun
approve,openlibrary_OL24283096W,Lobo
approve,openlibrary_OL24290427W,The outlaw's daughter
approve,openlibrary_OL24290428W,The outlaws of Salty's Noteh
approve,openlibrary_OL24294826W,Reaper
approve,openlibrary_OL24295918W,Robbery in Savage Pass
approve,openlibrary_OL24296425W,Rustler's range
approve,openlibrary_OL24297016W,The Scattergun Gang
approve,openlibrary_OL24297434W,The secret of the silver star
approve,openlibrary_OL24298404W,Shotgun messenger
approve,openlibrary_OL24298663W,Silver track
approve,openlibrary_OL24302796W,Three rode together
approve,openlibrary_OL24304934W,Two for Texas
approve,openlibrary_OL24307150W,Wanderlust Creek and other stories
approve,openlibrary_OL24308412W,Wild Bill Williams
approve,openlibrary_OL24419380W,Trail wolves
approve,openlibrary_OL24442933W,Comanchero Trail
approve,openlibrary_OL24739210W,No coward
approve,openlibrary_OL24818283W,Comanche dawn
approve,openlibrary_OL24852782W,Stage raider
approve,openlibrary_OL26174793W,Abrego canyon
approve,openlibrary_OL26447280W,Badman
approve,openlibrary_OL2703166W,A Texas Matchmaker
approve,openlibrary_OL27305609W,The cowboy takes a bride
approve,openlibrary_OL27698282W,The lonesome death of Joe Savage
approve,openlibrary_OL28942973W,Buffalo wolf
approve,openlibrary_OL2961372W,Wild Times
approve,openlibrary_OL3270195W,Montana Red
approve,openlibrary_OL3273063W,Ordinary Audrey / by Peter Harris ; illustrated by David Runert
approve,openlibrary_OL3282168W,Dakota
approve,openlibrary_OL3470268W,Bluff city
approve,openlibrary_OL3550337W,Longarm and the deadly dead man
approve,openlibrary_OL3550403W,Longarm and the Paiute Indian war
approve,openlibrary_OL3550493W,Longarm 084
approve,openlibrary_OL3754523W,Charlotte's Cowboy
approve,openlibrary_OL3916713W,Monte Walsh
approve,openlibrary_OL3922187W,The Ox-Bow Incident
approve,openlibrary_OL39793781W,Last Buckaroo
approve,openlibrary_OL4119407W,The Mysterious Valley
approve,openlibrary_OL4128658W,Outlaw
approve,openlibrary_OL456766W,The wild earth's nobility
approve,openlibrary_OL4580294W,The Cowboy Crashes A Wedding  (Code Of The West)
approve,openlibrary_OL4644504W,Quantrell's Raiders
approve,openlibrary_OL467886W,The Drifter
approve,openlibrary_OL485452W,The Hash Knife outfit
approve,openlibrary_OL50876W,A son of his father
approve,openlibrary_OL51037W,Utah Blaine
approve,openlibrary_OL5365459W,The Cowboy & the Shotgun Bride
approve,openlibrary_OL5477792W,Sun dog days
approve,openlibrary_OL555377W,To Tempt a Rogue (An Avon Romantic Treasure)
approve,openlibrary_OL555419W,The outlaws
approve,openlibrary_OL5682941W,A promise of roses
approve,openlibrary_OL5685625W,The Lawmen
approve,openlibrary_OL5695492W,The Right Cowboy'S Bed (Caught With A Cowboy)
approve,openlibrary_OL5695870W,The Angel & the Outlaw (Time Travel #2)
approve,openlibrary_OL5707135W,The man of the desert
approve,openlibrary_OL5707137W,Riders of Paradise
approve,openlibrary_OL5717240W,The fast red road
approve,openlibrary_OL5807781W,The Cowboy's Ideal Wife
approve,openlibrary_OL5825282W,Desert justice
approve,openlibrary_OL5887650W,Nightfall at Little Aces
approve,openlibrary_OL64212W,By the Gun
approve,openlibrary_OL8029188W,Cowboy Christmas (Man Of The Month)
approve,openlibrary_OL8029474W,Cowboy's Promise (Man Of The Month/Code Of The West)
approve,openlibrary_OL8029558W,Wyoming Wildcat
approve,openlibrary_OL8031597W,A Cowboy for Clementine
approve,openlibrary_OL8110573W,Trick Shot (Alias Smith & Jones)
approve,openlibrary_OL8267018W,Outlaw's Reckoning
approve,openlibrary_OL8341288W,Ponderfoot's Dollars
approve,openlibrary_OL8395506W,True Love Ranch
approve,openlibrary_OL8568498W,One Step Over the Border
approve,openlibrary_OL8939333W,Cowboys for Christ
approve,openlibrary_OL90416W,Ranger's trail
approve,openlibrary_OL99939W,The adventures of Lucky Pierre
approve,openlibrary_OL999683W,Trailsman 005 The River Raiders
approve,hardcover_1941363,Yesteryear
approve,hardcover_465734,The Rise of Kyoshi
approve,openlibrary_OL111210W,Rampage of the mountain man
approve,openlibrary_OL11993883W,Righteous porkchop
approve,openlibrary_OL134154W,Trouble in Tombstone
approve,openlibrary_OL134506W,The Cowboy and the Black-Eyed Pea
approve,openlibrary_OL14911952W,Deadlock
approve,openlibrary_OL14914053W,Nightrose
approve,openlibrary_OL14914056W,Train from Marietta
approve,openlibrary_OL15125783W,Jo and the bandit
approve,openlibrary_OL15191158W,West Wandering Wind
approve,openlibrary_OL15715658W,Hawk's Way Rogues
approve,openlibrary_OL15830727W,Frontier Woman
approve,openlibrary_OL15835051W,Brush country
approve,openlibrary_OL15839907W,Six bits a day
approve,openlibrary_OL158438W,Cinderdog and the wicked stepcat
approve,openlibrary_OL15847012W,Big Deal At Whistle Stop
approve,openlibrary_OL15883693W,Emily's Chance
approve,openlibrary_OL16069087W,The western story
approve,openlibrary_OL16988632W,Wrangled and tangled
approve,openlibrary_OL17390860W,Rusted Tin A Ralph Compton Novel
approve,openlibrary_OL17434926W,Sharpshooter Mcclure
approve,openlibrary_OL17507807W,Longarm Hell Up North
approve,openlibrary_OL17652177W,Big sky wedding
approve,openlibrary_OL17715182W,That wild cowboy
approve,openlibrary_OL17803118W,Rancher rescue
approve,openlibrary_OL17852036W,There's Something About a Cowboy
approve,openlibrary_OL17852840W,Miami gundown
approve,openlibrary_OL17865606W,Crow Creek Crossing
approve,openlibrary_OL17873338W,Ragtime Cowboys
approve,openlibrary_OL17876920W,Seth MacFarlane's a million ways to die in the West
approve,openlibrary_OL17878528W,The lightning runner
approve,openlibrary_OL17887499W,Outlaw canyon
approve,openlibrary_OL17896121W,The long chase
approve,openlibrary_OL17900443W,Red Rock Crossing
approve,openlibrary_OL18024722W,Rebel Outlaw
approve,openlibrary_OL1814413W,"Black cowboy, wild horses"
approve,openlibrary_OL18157072W,Ten guns from Texas
approve,openlibrary_OL18161089W,Frontier Earth
approve,openlibrary_OL18163185W,Heart of the mountain man
approve,openlibrary_OL18191392W,And not to yield and
approve,openlibrary_OL1847218W,Dust devils
approve,openlibrary_OL1853256W,Nellie and the bandit
approve,openlibrary_OL18800554W,Hard winter
approve,openlibrary_OL1896481W,Warlock
approve,openlibrary_OL19368W,Cowboys Are My Weakness
approve,openlibrary_OL19714806W,Tales of the last frontier
approve,openlibrary_OL19748991W,Whiskey when we're dry
approve,openlibrary_OL19759250W,Charley Sunday's Texas outfit
approve,openlibrary_OL19781501W,Mesa grande
approve,openlibrary_OL1982538W,Lonesome Land
approve,openlibrary_OL20049939W,Big Lonesome
approve,openlibrary_OL2050752W,A Roundup of Cowboy Humor (Roundup Books)
approve,openlibrary_OL20653046W,The trail west
approve,openlibrary_OL20653370W,Cowboy Creek Christmas
approve,openlibrary_OL20782533W,The Creation of the Cowboy Hero
approve,openlibrary_OL20828663W,The savage river
approve,openlibrary_OL21182054W,Shotgun charade
approve,openlibrary_OL21446022W,Range of terror
approve,openlibrary_OL21532491W,Raiders of the Mission San Juan
approve,openlibrary_OL21576779W,Derailed
approve,openlibrary_OL22060277W,Slocum and the wanton widows of Wolf Creek
approve,openlibrary_OL22310345W,Vigilante dawn
approve,openlibrary_OL22320028W,Arizona territory
approve,openlibrary_OL23266148W,Apache lawman
approve,openlibrary_OL2385281W,Centennial 1
approve,openlibrary_OL24163892W,The black dove
approve,openlibrary_OL24179701W,Raven's feud
approve,openlibrary_OL24180101W,The afterlife of Slim McCord
approve,openlibrary_OL24248575W,Applejack
approve,openlibrary_OL24283516W,The lost trail
approve,openlibrary_OL24284732W,The mark of Trask
approve,openlibrary_OL24288982W,A noose for Iron Eyes
approve,openlibrary_OL24298854W,Six-shooter bride
approve,openlibrary_OL2617812W,Zane Grey
approve,openlibrary_OL2674250W,The Shootist
approve,openlibrary_OL2703168W,The log of a cowboy
approve,openlibrary_OL2712718W,Jess and the stinky cowboys
approve,openlibrary_OL2752673W,"Pug, Slug, and Doug the Thug"
approve,openlibrary_OL275727W,Hawk's Way
approve,openlibrary_OL28759451W,New Indians
approve,openlibrary_OL2915170W,Deadwood
approve,openlibrary_OL2936257W,The Jackleg Sheriff
approve,openlibrary_OL2944475W,Last go round
approve,openlibrary_OL3336406W,Diablo
approve,openlibrary_OL33673546W,The last real cowboy
approve,openlibrary_OL34044198W,Long Trail
approve,openlibrary_OL3470271W,Do or die
approve,openlibrary_OL34963481W,Summer Drifter
approve,openlibrary_OL3549964W,Lone Star 81
approve,openlibrary_OL3573443W,Comanche Cowboy
approve,openlibrary_OL38428W,The Ballad of Wilbur and the Moose
approve,openlibrary_OL3944319W,Borderlands
approve,openlibrary_OL3975948W,Hong on the range
approve,openlibrary_OL40869W,Cities of the Plain
approve,openlibrary_OL4457464W,The Christmas Cowboy
approve,openlibrary_OL485422W,Desert Heritage
approve,openlibrary_OL485464W,Last of the Duanes
approve,openlibrary_OL485465W,The Last of the Plainsmen
approve,openlibrary_OL485546W,The Trail Driver
approve,openlibrary_OL488360W,Wicked Wyoming nights
approve,openlibrary_OL50916W,Long ride home
approve,openlibrary_OL50921W,The man from Broken Hills
approve,openlibrary_OL50935W,The Sixth Shotgun
approve,openlibrary_OL50973W,Valley of the Sun
approve,openlibrary_OL50990W,Catlow
approve,openlibrary_OL51022W,The empty land
approve,openlibrary_OL51068W,The lonesome gods
approve,openlibrary_OL547410W,A cowboy Christmas
approve,openlibrary_OL5513645W,Old Blue
approve,openlibrary_OL5683052W,Tarnished Angel
approve,openlibrary_OL5685289W,Wild West Wife (Montana Mavericks)
approve,openlibrary_OL5685624W,The Alamosa Trail
approve,openlibrary_OL5695015W,Never Love A Cowboy
approve,openlibrary_OL5695443W,Cowboy Be Mine (New Arrivals)
approve,openlibrary_OL5727924W,Gabriel's story
approve,openlibrary_OL5848706W,On the Wrong Track
approve,openlibrary_OL5961640W,Way out West-- with a baby!
approve,openlibrary_OL60168W,The Gentleman Outlaw and Me-Eli
approve,openlibrary_OL71597W,The Hart Brand
approve,openlibrary_OL8115856W,Quattro topi nel Far West!
approve,openlibrary_OL8834931W,Brokentrail
approve,openlibrary_OL9013653W,The Manhunters
approve,openlibrary_OL90419W,The Smiling Country (Hewey Calloway)
approve,openlibrary_OL98774W,The drifting cowboy
approve,openlibrary_OL99944W,Ghost town
approve,openlibrary_OL999459W,Desperado
approve,openlibrary_OL999553W,Badland Bloodbath
approve,openlibrary_OL999859W,Trailsman 204
approve,hardcover_439867,The Renegades of Pern
approve,hardcover_526032,Defend the Dawn
approve,hardcover_817419,Swift and Saddled
approve,hardcover_1242678,Nine Month Contract
approve,hardcover_250228,Children of Eden
approve,hardcover_252835,Oathbreakers
approve,hardcover_336992,The Orchard Keeper
approve,hardcover_460238,Charmcaster
approve,hardcover_465866,Traitor to the Throne
approve,hardcover_669521,Pudd'nhead Wilson and Those Extraordinary Twins
approve,hardcover_751714,The Outlaws of Sherwood
approve,hardcover_264412,"Ballad of the Whiskey Robber: A True Story of Bank Heists, Ice Hockey, Transylvanian Pelt Smuggling, Moonlighting Detectives, and Broken Hearts"
approve,hardcover_547140,The Disappeared
approve,hardcover_143482,Outlaw
approve,hardcover_342310,The tiger in the smoke
approve,hardcover_482451,The Scot Beds His Wife
approve,hardcover_643152,Cyberpunk: Outlaws and Hackers on the Computer Frontier
