decision,book_id,title
approve,armada,Armada
approve,ethan_of_athos,Ethan of Athos
approve,good_news_from_outer_space,Good News from Outer Space
approve,in_the_mouth_of_the_whale,In the Mouth of the Whale
approve,openlibrary_OL135552W,The Simpsons Treehouse of Horror Fun-Filled Frightfest #3
approve,openlibrary_OL14866549W,Uncle from another planet
approve,openlibrary_OL14958765W,Alien Sex
approve,openlibrary_OL16591909W,Beware the ninja weenies and other warped and creepy tales
approve,openlibrary_OL1684407W,Goblins
approve,openlibrary_OL17721909W,Fright Night
approve,openlibrary_OL17931940W,The Adventures of Shrinkman
approve,openlibrary_OL19737680W,The Merry Spinster
approve,openlibrary_OL20002021W,Clones vs. aliens
approve,openlibrary_OL2004736W,The return of the repressed
approve,openlibrary_OL20270249W,Scooby-Doo! Read and Solve
approve,openlibrary_OL23613075W,A Tale of Hell and Other Works of Horror (The Gillett Edition)
approve,openlibrary_OL34960984W,The Shivering Ground & Other Stories
approve,openlibrary_OL3972834W,The White Mountains (The Tripods #1)
approve,openlibrary_OL5687552W,Star Trek The Next Generation - Invasion - The Soldiers of Fear
approve,openlibrary_OL5769568W,Hi no tori
approve,openlibrary_OL57989W,The Scary States of America
approve,openlibrary_OL5817028W,Pretty Monsters
approve,openlibrary_OL5828791W,The cult of alien gods
approve,openlibrary_OL59790W,Changing planes
approve,openlibrary_OL8110872W,Venusian Lullaby (Dr Who
approve,openlibrary_OL8833987W,The Everborn
approve,rogue_moon,Rogue Moon
approve,terra,Terra
approve,the_human_front,The Human Front
approve,the_other_end_of_time,The Other End Of Time
approve,theme_planet,Theme Planet
approve,uplift_war,Uplift War
approve,vast,Vast
approve,veteran,Veteran
approve,openlibrary_OL15105025W,Spaceheadz
approve,openlibrary_OL16263320W,Home
approve,openlibrary_OL20079802W,The Great Wall
approve,openlibrary_OL20246149W,Strange Nation
approve,openlibrary_OL263458W,"Men are From Mars, Women are From Venus"
approve,openlibrary_OL2982983W,The Rights of Others
approve,openlibrary_OL5753156W,Runaways
approve,openlibrary_OL5815935W,Looney Tunes [2003] Back in Action Reader
approve,openlibrary_OL5823166W,The Way Back Home
approve,openlibrary_OL6214253W,In another country
approve,openlibrary_OL69300W,My Teacher Fried My Brains
approve,openlibrary_OL8115238W,The Visitor
approve,openlibrary_OL8119758W,Captain Underpants and the Invasion of the Incredibly Naughty Cafeteria Ladies from Outer Space
approve,openlibrary_OL1000778W,Spooksville - Aliens in the Sky
approve,openlibrary_OL14909690W,Jailbait zombie
approve,openlibrary_OL16134728W,Devil's wake
approve,openlibrary_OL1865426W,After Dark
approve,openlibrary_OL18821975W,Lights Out
approve,openlibrary_OL19734351W,Oddity
approve,openlibrary_OL20000126W,The orphan army
approve,openlibrary_OL2015980W,Rama
approve,openlibrary_OL24390421W,"Jamis Bachman, Ghost Hunter"
approve,openlibrary_OL34960463W,Mass Contacts
approve,openlibrary_OL3599650W,Lovescape
approve,openlibrary_OL5730094W,Pale death
approve,openlibrary_OL5859159W,DC
approve,openlibrary_OL60672W,Stepsister from the Planet Weird
approve,openlibrary_OL8076581W,Camp Creepy Time
approve,openlibrary_OL8115262W,The Capture
approve,openlibrary_OL8297364W,Abducted
approve,openlibrary_OL8514692W,Blindsight
approve,openlibrary_OL17347831W,"Dorothy, the Terrified"
approve,openlibrary_OL19714W,Second chance
approve,openlibrary_OL20781541W,Neptune's Tears
approve,openlibrary_OL27815W,The Separation
approve,openlibrary_OL5686651W,For Her Eyes Only (Magnificent Mccoy Men)
approve,openlibrary_OL80210W,Shakespeare
approve,openlibrary_OL9774874W,Immigration as a democratic challenge
approve,openlibrary_OL100120W,Berserker Man
approve,openlibrary_OL109524W,Solaris
approve,openlibrary_OL11751340W,Reckless revolution
approve,openlibrary_OL13694786W,Captain Cal and the garbage planet
approve,openlibrary_OL13838574W,Cactus Island
approve,openlibrary_OL14865162W,"Lights, camera-- liftoff!"
approve,openlibrary_OL14949817W,Mr. Granite is from another planet!
approve,openlibrary_OL14954142W,Star Trek - Captain's Blood
approve,openlibrary_OL14954156W,The Return
approve,openlibrary_OL14959533W,Sherlock Holmes Through Time and Space
approve,openlibrary_OL15022455W,Planet of the nose pickers
approve,openlibrary_OL15037835W,Star Trek Voyager - Starfleet Academy - The Chance Factor
approve,openlibrary_OL15129442W,Star Trek The Next Generation - Starfleet Academy - Mystery of the Missing Crew
approve,openlibrary_OL15141770W,Star Trek - Heart of the Sun
approve,openlibrary_OL15165730W,Star Wars - Fate of the Jedi - Allies
approve,openlibrary_OL15180934W,Risk Assessment
approve,openlibrary_OL15182156W,Destroyer
approve,openlibrary_OL15191459W,Attack of the Evil Elvises
approve,openlibrary_OL15414070W,You'll like it here (everybody does)
approve,openlibrary_OL15440026W,Alien encounter
approve,openlibrary_OL15988919W,Beyond the frontier
approve,openlibrary_OL16057147W,Star Trek - Day of Honor - Treaty's Law
approve,openlibrary_OL16126176W,Mothership
approve,openlibrary_OL16126420W,Wolf among the stars
approve,openlibrary_OL16316454W,Escape from planet Yastol
approve,openlibrary_OL16485809W,The challengers
approve,openlibrary_OL16561646W,"Punishment, Earth"
approve,openlibrary_OL16572000W,Paradox
approve,openlibrary_OL16681976W,Night of a thousand Doomsdays
approve,openlibrary_OL16686850W,Zig and Wikki in The cow
approve,openlibrary_OL17190879W,SPACE PATROL CHRONICLES - BOOK TWO
approve,openlibrary_OL17452823W,The Eternal Flame
approve,openlibrary_OL17463705W,Report From Planet Midnight
approve,openlibrary_OL17465695W,Wizards Aliens And Starships Physics And Math In Fantasy And Science Fiction
approve,openlibrary_OL17761415W,The Starcraft archive
approve,openlibrary_OL17827844W,In Space No One Can Hear You Scream
approve,openlibrary_OL17878271W,The Venusian gambit
approve,openlibrary_OL17883968W,The Darkside War
approve,openlibrary_OL1841309W,Star Wars - The New Jedi Order - Edge of Victory I - Conquest
approve,openlibrary_OL1902476W,The Morcai Battalion
approve,openlibrary_OL1902780W,A dark and hungry god arises
approve,openlibrary_OL1911335W,The Midwich Cuckoos
approve,openlibrary_OL19557562W,Starstrike
approve,openlibrary_OL1955924W,Aces High
approve,openlibrary_OL19717800W,Of Jenny and the aliens
approve,openlibrary_OL19764015W,Halo
approve,openlibrary_OL19863086W,Doctor Who: The Drosten's Curse
approve,openlibrary_OL20001088W,Into the dorkness
approve,openlibrary_OL20009502W,Ultraman
approve,openlibrary_OL20721276W,Star Trek The Next Generation - Headlong Flight
approve,openlibrary_OL20801066W,"Star Wars - Tales from a Galaxy Far, Far Away - Aliens"
approve,openlibrary_OL20810561W,Star Trek The Next Generation - Hearts and Minds
approve,openlibrary_OL20889237W,The legend of Frog
approve,openlibrary_OL20935746W,Star Trek Voyager - A Pocket Full of Lies
approve,openlibrary_OL21791860W,Homicidal Aliens and Other Disappointments
approve,openlibrary_OL23185373W,A hagfish called Shirley
approve,openlibrary_OL2334844W,Two thousand seasons
approve,openlibrary_OL235280W,A Voyage to Arcturus
approve,openlibrary_OL2397780W,Star Trek The Next Generation - Double Helix - Infection
approve,openlibrary_OL24158910W,Close encounters of the invasive kind
approve,openlibrary_OL2421571W,Star Trek - Insurrection
approve,openlibrary_OL2576887W,Star Trek Deep Space Nine - Fallen Heroes
approve,openlibrary_OL2636544W,Alien expedition
approve,openlibrary_OL2636547W,Camp alien
approve,openlibrary_OL2789345W,Lilo & Stitch
approve,openlibrary_OL3071275W,Star Trek The Next Generation - Boogeymen
approve,openlibrary_OL3071292W,Star Trek Deep Space Nine - The Pet
approve,openlibrary_OL3273050W,Frankenstein's daughters
approve,openlibrary_OL3561084W,Star Trek Deep Space Nine - What You Leave Behind
approve,openlibrary_OL35621W,Bloodchild and other stories
approve,openlibrary_OL3578007W,The Joshua files
approve,openlibrary_OL3739512W,The artificial paradise
approve,openlibrary_OL4043046W,Herbert's wormhole
approve,openlibrary_OL4280942W,Voices Prophesying War
approve,openlibrary_OL4320804W,Star Trek The Next Generation - The Children of Hamlin
approve,openlibrary_OL4471323W,Aliens for breakfast
approve,openlibrary_OL4632944W,Death's Head
approve,openlibrary_OL474023W,Judas Unchained
approve,openlibrary_OL49503W,First meetings
approve,openlibrary_OL520423W,Jimmy Neutron boy genius
approve,openlibrary_OL522193W,Scattered Suns
approve,openlibrary_OL522228W,Star Wars - Young Jedi Knights - Jedi Bounty
approve,openlibrary_OL5337421W,The Dangerous Days of Daniel X
approve,openlibrary_OL5687585W,Star Trek Voyager - String Theory - Evolution
approve,openlibrary_OL5696521W,Star Trek Vanguard - Summon the Thunder
approve,openlibrary_OL5696533W,Star Trek Voyager - Marooned
approve,openlibrary_OL5696563W,Star Wars - Fate of the Jedi - Omen
approve,openlibrary_OL5704202W,The Ark / Her Majesty's Starship
approve,openlibrary_OL5747040W,Green Lantern
approve,openlibrary_OL5808485W,The Empress' New Clothes
approve,openlibrary_OL5817031W,Stranger Things Happen
approve,openlibrary_OL5825653W,The Cole Protocol
approve,openlibrary_OL5836522W,Alien feast
approve,openlibrary_OL58699W,Heaven's reach
approve,openlibrary_OL69286W,The attack of the two-inch teacher
approve,openlibrary_OL8115256W,Elfangor's Secret
approve,openlibrary_OL8116385W,The Diversion
approve,openlibrary_OL81669W,The Martians
approve,openlibrary_OL8256900W,Star Trek The Next Generation - Starfleet Academy - Haunted Starship
approve,openlibrary_OL8258190W,Star Trek - Klingon
approve,openlibrary_OL8269464W,Star Trek - Home is the Hunter
approve,openlibrary_OL8269872W,Star Trek The Next Generation - Imbalance
approve,openlibrary_OL8271026W,Star Trek The Next Generation - Spartacus
approve,openlibrary_OL83591W,Star Wars - Outbound Flight
approve,openlibrary_OL83596W,Star Wars - Survivor's Quest
approve,openlibrary_OL84521W,Star Wars - The New Jedi Order - Dark Tide I - Onslaught
approve,openlibrary_OL84522W,Star Wars - The New Jedi Order - Dark Tide II - Ruin
approve,openlibrary_OL8484957W,Hollow Earth
approve,openlibrary_OL92400W,Star Wars - Corellian Trilogy - Assault at Selonia
approve,openlibrary_OL97694W,The Truce at Bakura
approve,openlibrary_OL15038905W,Robber baron's daughter
approve,openlibrary_OL17080735W,"Fortunately, the Milk"
approve,openlibrary_OL17862130W,Super Schnoz and the invasion of the snore snatchers
approve,openlibrary_OL18572237W,A death retold
approve,openlibrary_OL20016224W,I'm an alien and I want to go home
approve,openlibrary_OL20042769W,Jak and the magic nano-beans
approve,openlibrary_OL20046850W,Stiltonix contro il mostro Slurp
approve,openlibrary_OL2875350W,Alienated
approve,openlibrary_OL14871308W,Ricky Ricotta's Mighty Robot #4 Vs. The Mecha-monkeys From Mars
approve,openlibrary_OL16617785W,Hard to have heroes
approve,openlibrary_OL20000115W,Cakes in space
approve,openlibrary_OL20940766W,Daddy's zigzagging bedtime story
approve,openlibrary_OL15220949W,Stargazer Volume One
approve,openlibrary_OL15554801W,Battlestar Galactica
approve,openlibrary_OL16002082W,狼と香辛料V (light novel)
approve,openlibrary_OL17356885W,Saga
approve,openlibrary_OL17398017W,Command School
approve,openlibrary_OL17886725W,Yu-Gi-Oh! R.
approve,openlibrary_OL18583234W,Superman/Batman
approve,openlibrary_OL20909517W,In the dimming light
approve,openlibrary_OL23300129W,True colors
approve,openlibrary_OL24307182W,Wanted
approve,openlibrary_OL15559516W,The shadow stealers
approve,openlibrary_OL16116867W,Doctor Proctor's Fart Powder
approve,openlibrary_OL16557737W,Star fighters
approve,openlibrary_OL17717183W,Supersonic
approve,openlibrary_OL17884940W,Crash landing
approve,openlibrary_OL17895296W,Last plane to Heaven
approve,openlibrary_OL17924892W,Will Solvit and the mission of menace
approve,openlibrary_OL18171099W,New frontiers
approve,openlibrary_OL19721960W,Megy a világ
approve,openlibrary_OL20884020W,Eddy Stone and the alien cat mash-up
approve,openlibrary_OL23780W,The best of Marion Zimmer Bradley
approve,openlibrary_OL24250880W,Big Bang Generation
approve,openlibrary_OL25073189W,The end of the world as we know it
approve,openlibrary_OL27699165W,The Egg and Other Stories
approve,openlibrary_OL2954183W,Jason and the aliens down the street
approve,openlibrary_OL3693570W,30 Stories to Remember
approve,openlibrary_OL3946220W,Monopolies of Loss
approve,openlibrary_OL49507W,Future on Ice
approve,openlibrary_OL8383907W,Coldheart
approve,openlibrary_OL15187007W,BOOTY CALL
approve,openlibrary_OL16804773W,Slave to Six Worlds
approve,openlibrary_OL19658916W,His Seed
approve,openlibrary_OL20654630W,The Outcasts
approve,openlibrary_OL28885074W,Soul Forged
approve,openlibrary_OL14854068W,Runaway heart
approve,openlibrary_OL16027197W,Wolves of the dawn
approve,openlibrary_OL16690666W,Cowboys & aliens
approve,openlibrary_OL18161089W,Frontier Earth
approve,openlibrary_OL5717240W,The fast red road
approve,hardcover_1118793,Rainbow Mars
approve,hardcover_274539,Dragonfly
approve,hardcover_311580,Beyond the Rift
approve,hardcover_446268,Out of Phaze
approve,hardcover_457149,Orn
approve,a_serpent_uncoiled,A Serpent Uncoiled
approve,moodreads_6928,Crossroads
approve,moons_artifice,Moon's Artifice
approve,openlibrary_OL1000690W,Spooksville - The Howling Ghost
approve,openlibrary_OL10243891W,Get Spooked! Terrifying Tales Untold
approve,openlibrary_OL104418W,The great ghost rescue
approve,openlibrary_OL1098497W,The return
approve,openlibrary_OL111418W,Black Rose
approve,openlibrary_OL114292W,Lost boy lost girl
approve,openlibrary_OL114707W,McBroom's ghost
approve,openlibrary_OL116610W,Dare to be scared Thirteen Stories To Chill And Thrill
approve,openlibrary_OL116632W,The boy and the ghost
approve,openlibrary_OL121005W,This Book Is Haunted
approve,openlibrary_OL121754W,The séance
approve,openlibrary_OL121764W,Ghost walk
approve,openlibrary_OL121877W,Camp Princess 1
approve,openlibrary_OL12290258W,Patrick Doyle presents Edgar Font's hunt for a house to haunt
approve,openlibrary_OL13404W,Bernie and the Bessledorf Ghost
approve,openlibrary_OL13645189W,What would Jane Austen do?
approve,openlibrary_OL13683598W,Give up the ghost
approve,openlibrary_OL13692W,Fate Totally Worse Than Death
approve,openlibrary_OL13769960W,I So Don't Do Spooky
approve,openlibrary_OL137988W,Ghost horse
approve,openlibrary_OL14849919W,There's a dead person following my sister around
approve,openlibrary_OL14850009W,Dunc and the Flaming Ghost
approve,openlibrary_OL14863213W,Ghost and horror stories of Ambrose Bierce [24 stories]
approve,openlibrary_OL14863227W,Tales of Soldiers and Civilians and Other Stories [36 stories]
approve,openlibrary_OL14868644W,Novels (Christmas Carol / Cricket on the Hearth)
approve,openlibrary_OL14909823W,The smoky corridor
approve,openlibrary_OL14912825W,Ghosts Don't Eat Potato Chips
approve,openlibrary_OL14913089W,Who's there?
approve,openlibrary_OL14932454W,100 Crooked Little Crime Stories
approve,openlibrary_OL14933176W,"Silent Night, Haunted Night (Nicki Styx, Book 4)"
approve,openlibrary_OL14933221W,Love is hell
approve,openlibrary_OL14938012W,In the Shadow of the Master
approve,openlibrary_OL14949601W,Aunt Dimity digs in
approve,openlibrary_OL14955288W,The Secret of Laurel Oaks
approve,openlibrary_OL14958929W,Asimov's Ghosts / Asimov's Monsters [24 stories]
approve,openlibrary_OL14962673W,Conversations with Anne Rice
approve,openlibrary_OL14973351W,The Spook's Tale and Other Horrors
approve,openlibrary_OL14992751W,Queen Victoria
approve,openlibrary_OL15037902W,Boo!
approve,openlibrary_OL15048351W,"Good night, sleep tight, don't let the bedbugs bite"
approve,openlibrary_OL15061155W,The Ghost of the Chattering Bones
approve,openlibrary_OL15061407W,Inside a house that is haunted
approve,openlibrary_OL15069006W,My favorite ghost
approve,openlibrary_OL15077060W,Haunted Houses
approve,openlibrary_OL15078851W,My Big Fat Supernatural Honeymoon
approve,openlibrary_OL15082743W,Ghost dog secrets
approve,openlibrary_OL15094255W,Give Yourself Goosebumps - The Curse of the Creeping Coffin
approve,openlibrary_OL15094441W,Nightmare Hour - Time for Terror
approve,openlibrary_OL15094853W,The Haunting Hour - Chills in the Dead of Night
approve,openlibrary_OL15103613W,The fright before Christmas
approve,openlibrary_OL15104730W,Neopets Ghoul Catchers
approve,openlibrary_OL15108027W,The Berenstain bears and the ghost of the forest
approve,openlibrary_OL15135235W,Cam Jansen and the ghostly mystery
approve,openlibrary_OL15140674W,Ghosts I have been / The dreadful future of Blossom Culp
approve,openlibrary_OL15168171W,Ghost Stories
approve,openlibrary_OL15262997W,Ruined
approve,openlibrary_OL15287939W,The Yggyssey
approve,openlibrary_OL15352753W,The Other Side
approve,openlibrary_OL15358678W,Past Midnight
approve,openlibrary_OL15401683W,The ghost's grave
approve,openlibrary_OL15488103W,Ghoul strike!
approve,openlibrary_OL15499224W,Among the ghosts
approve,openlibrary_OL15506790W,Skull of the skeleton
approve,openlibrary_OL15530119W,The ghost at Camp David
approve,openlibrary_OL15672852W,Witches on the Road Tonight
approve,openlibrary_OL15840460W,Thrillers and More Thrillers
approve,openlibrary_OL15870126W,Shadows over Baker Street
approve,openlibrary_OL16014262W,The unquiet
approve,openlibrary_OL16025981W,The Haunted dusk
approve,openlibrary_OL16041642W,Great Ghost Stories
approve,openlibrary_OL16057038W,Fireside Reader
approve,openlibrary_OL16141787W,Ghost writers
approve,openlibrary_OL16151952W,Lightbringer
approve,openlibrary_OL16212121W,Truth or dare--
approve,openlibrary_OL16239425W,Eyes to see
approve,openlibrary_OL16307973W,Balancing act
approve,openlibrary_OL16342432W,A gust of ghosts
approve,openlibrary_OL16415336W,The Dead and Buried
approve,openlibrary_OL16416561W,Approaching the undead
approve,openlibrary_OL16442515W,All in a night's work
approve,openlibrary_OL16442516W,How not to be killed by a zombie
approve,openlibrary_OL16451126W,Shine
approve,openlibrary_OL16470022W,To wake the dead
approve,openlibrary_OL16484373W,The haunted hamburger and other ghostly stories
approve,openlibrary_OL16485W,Deadlines (Larkin Family Chronicles)
approve,openlibrary_OL16486376W,The mayhem on Mohawk Avenue
approve,openlibrary_OL16495504W,The bridge of death
approve,openlibrary_OL16501059W,The Sophisticated Cat
approve,openlibrary_OL16516198W,Ghosts in Baker Street
approve,openlibrary_OL16518121W,Velveteen
approve,openlibrary_OL16552754W,Chosen by fate
approve,openlibrary_OL16557647W,Mistle child
approve,openlibrary_OL16611241W,"Terrors, Terrors, Terrors"
approve,openlibrary_OL16624497W,The whispering house
approve,openlibrary_OL166479W,Skeleton Hiccups
approve,openlibrary_OL166725W,Campfire tales
approve,openlibrary_OL16681822W,The Best Crime Stories Ever Told
approve,openlibrary_OL16705213W,The ghost of Dr. Mold
approve,openlibrary_OL16705214W,The pirate with the golden tooth
approve,openlibrary_OL1687185W,The Twiddle twins' haunted house
approve,openlibrary_OL17319533W,Las cosas que perdimos en el fuego
approve,openlibrary_OL17362025W,The Red Tags
approve,openlibrary_OL17454237W,"The Devil’s Dictionary, Tales, & Memoirs"
approve,openlibrary_OL17492794W,Delias Shadow
approve,openlibrary_OL17568171W,Curiosity Killed the Cat                            Poison Apple
approve,openlibrary_OL17635826W,The Haunted Mansion Mystery
approve,openlibrary_OL17708417W,Paper Valentine
approve,openlibrary_OL17732100W,Olivia Kidney and the secret beneath the city
approve,openlibrary_OL17732255W,The Horror hall of fame
approve,openlibrary_OL17809088W,Scooby-Doo and the international express
approve,openlibrary_OL17825060W,"Unmarked (The Legion Series, Book 2)"
approve,openlibrary_OL17828196W,Behold the bones
approve,openlibrary_OL17830065W,Mercy
approve,openlibrary_OL17849277W,It's all Downhill From Here You're Invited to a Creepover #10
approve,openlibrary_OL17851074W,The Harder the Fall (Girl Meets Ghost #2)
approve,openlibrary_OL17859608W,Ghost mysteries
approve,openlibrary_OL17872398W,The Orphan Choir
approve,openlibrary_OL17873562W,Attack of the Jack
approve,openlibrary_OL17875577W,"Life After Theft (Life After Theft Series, Book 1)"
approve,openlibrary_OL17883771W,Woven
approve,openlibrary_OL17889896W,The Curse of PCA (Zoey 101 #10)
approve,openlibrary_OL17904644W,Plop!
approve,openlibrary_OL17912730W,The gloomy ghost
approve,openlibrary_OL17915834W,"Always, forever"
approve,openlibrary_OL17924773W,House of memories
approve,openlibrary_OL17928788W,Rebel spirits
approve,openlibrary_OL17930125W,Spirit Hunters (Spirit Hunters #1)
approve,openlibrary_OL18011524W,Deep down
approve,openlibrary_OL18147720W,Monster mansion
approve,openlibrary_OL18163704W,The House Next Door You're Invited to a Creepover #16
approve,openlibrary_OL18173303W,Model horse
approve,openlibrary_OL18183435W,The Winchester Reader
approve,openlibrary_OL18265700W,Faces in the dark
approve,openlibrary_OL1843421W,Come for a ride on the ghost train
approve,openlibrary_OL1845988W,Ghost Fever
approve,openlibrary_OL18622710W,Gothic hauntings
approve,openlibrary_OL1863587W,The Green Man
approve,openlibrary_OL1882850W,A taste of smoke
approve,openlibrary_OL1930173W,Suspicion
approve,openlibrary_OL1930889W,City of dreadful night
approve,openlibrary_OL19336182W,City of Ghosts
approve,openlibrary_OL19401492W,San Francisco Thrillers
approve,openlibrary_OL19471231W,Scary Classics
approve,openlibrary_OL1947862W,Starr Bright will be with you soon
approve,openlibrary_OL19626052W,Ghostly
approve,openlibrary_OL19631217W,Mississippi Roll
approve,openlibrary_OL19650047W,Things Half In Shadow (Thorndike Press Large Print Crime Scene)
approve,openlibrary_OL19662285W,Past Perfect
approve,openlibrary_OL19707751W,Ashes to ashes
approve,openlibrary_OL19709580W,How I became a ghost
approve,openlibrary_OL19710614W,Ghost of a chance
approve,openlibrary_OL19713935W,Midnight at Madame Leota's
approve,openlibrary_OL19732016W,The case of the deadly doppelganger
approve,openlibrary_OL19733515W,The Weiser book of the fantastic and forgotten
approve,openlibrary_OL19741664W,Royal City
approve,openlibrary_OL19755588W,Stowaway
approve,openlibrary_OL19763745W,Nobody's Sweetheart Now
approve,openlibrary_OL1984767W,The teeny tiny ghost and the monster
approve,openlibrary_OL19858065W,Penny Dreadfuls
approve,openlibrary_OL19960187W,Trick or treat
approve,openlibrary_OL19968046W,Mystery in the Whispering Woods
approve,openlibrary_OL19968056W,Ghost in the house
approve,openlibrary_OL19969891W,Constable & Toop
approve,openlibrary_OL19971826W,Forevermore
approve,openlibrary_OL19971888W,Skeleton for dinner
approve,openlibrary_OL19973920W,"Home, Sweet Haunt You're Invited to a Creepover #15"
approve,openlibrary_OL19974462W,The ghost prison
approve,openlibrary_OL19974541W,What I had before I had you
approve,openlibrary_OL19982964W,The phantom coach
approve,openlibrary_OL19985160W,The boy who drew monsters
approve,openlibrary_OL19991893W,Spirit's key
approve,openlibrary_OL20001086W,The ghost backstage
approve,openlibrary_OL20007373W,Slappy's tales of horror
approve,openlibrary_OL20011260W,Guys read
approve,openlibrary_OL20011694W,The hunt for the seventh
approve,openlibrary_OL20035560W,The haunted mansion
approve,openlibrary_OL20036177W,The next
approve,openlibrary_OL20053988W,The girl with the ghost machine
approve,openlibrary_OL20054023W,The ghost of Grotteskew
approve,openlibrary_OL20054207W,The white road of the moon
approve,openlibrary_OL20056023W,Grief cottage
approve,openlibrary_OL2006659W,Stonewords
approve,openlibrary_OL2009694W,The Dark Behind the Curtain
approve,openlibrary_OL20160635W,At Briarwood School for Girls
approve,openlibrary_OL20171731W,City of Ash and Red
approve,openlibrary_OL20332478W,Girl Of Nightmares
approve,openlibrary_OL2039060W,Starlight surprise
approve,openlibrary_OL20633390W,The Black Cat (Black Cat / Cask of Amontillado / Descent Into the Maelstrom / Fall of the House of Usher / Gold-Bug / Masque of the Red Death / Ms. Found in a Bottle / Murders in the Rue Morgue / Mystery of Marie Roget / Oval Portrait / Pit and the Pendulum / Premature Burial / Purloined Letter / Tell-Tale Heart / William Wilson)
approve,openlibrary_OL20678216W,Theres Dead Person Following My Sister Around Pa
approve,openlibrary_OL20720698W,American Women's Ghost Stories in the Gilded Age
approve,openlibrary_OL2077136W,Driven to death
approve,openlibrary_OL2077159W,Deadly delivery
approve,openlibrary_OL20829222W,Haunted Stories
approve,openlibrary_OL20866894W,Home Before Dark
approve,openlibrary_OL20869660W,Ghost Stories [35 stories]
approve,openlibrary_OL20915778W,Afterlight
approve,openlibrary_OL20937249W,Ghost detectors
approve,openlibrary_OL21289720W,Ghosts of War #2
approve,openlibrary_OL2152476W,Dust 'n' Bones
approve,openlibrary_OL2152479W,The icy hand
approve,openlibrary_OL21814884W,The Ghost at the Grand Inn
approve,openlibrary_OL21892224W,The Ghost Tree
approve,openlibrary_OL22027918W,(Me) Moth
approve,openlibrary_OL22302686W,Boo to you!
approve,openlibrary_OL2247556W,Eustace
approve,openlibrary_OL23286971W,Peek-a-boo ghosts
approve,openlibrary_OL23304714W,The moonlit road
approve,openlibrary_OL23304737W,Rock & roll!
approve,openlibrary_OL23304738W,Yo ho no!
approve,openlibrary_OL2347648W,"Alas, poor ghost!"
approve,openlibrary_OL24184690W,Shades of grey
approve,openlibrary_OL24228485W,Creatures of Passage
approve,openlibrary_OL24267881W,Grave danger
approve,openlibrary_OL2431024W,What Did Miss Darrington See?
approve,openlibrary_OL24842037W,The River Has Teeth
approve,openlibrary_OL24855564W,Three acclaimed novels
approve,openlibrary_OL253728W,Ghost Stories of an Antiquary
approve,openlibrary_OL2559195W,Thicker Than Water
approve,openlibrary_OL26285412W,Project Darcy
approve,openlibrary_OL2636551W,Phantom Victory
approve,openlibrary_OL26370801W,Great American Ghost Stories
approve,openlibrary_OL2666340W,Backyard Ghost
approve,openlibrary_OL26789452W,Book 20
approve,openlibrary_OL2715857W,Murder of angels
approve,openlibrary_OL2726565W,Something's in the woods
approve,openlibrary_OL273673W,The  Scary Stories Treasury
approve,openlibrary_OL27717632W,Where the Dead Walk
approve,openlibrary_OL29238614W,Tadeo Tomate y su amigo fantasma
approve,openlibrary_OL29257016W,La mujer que veia fantasmas
approve,openlibrary_OL2971758W,Campfire stories
approve,openlibrary_OL2974860W,Ghost Dog
approve,openlibrary_OL2986015W,The ghost sitter
approve,openlibrary_OL2997527W,The ghost of the gravestone hearth
approve,openlibrary_OL3004367W,Haunted castles
approve,openlibrary_OL31210962W,Informe preliminar sobre la existencia de los fantasmas
approve,openlibrary_OL31211861W,Grow a ghost!
approve,openlibrary_OL3151582W,Nightfrights
approve,openlibrary_OL3151660W,The Nightmare Reader
approve,openlibrary_OL32474W,The ghost of Popcorn Hill
approve,openlibrary_OL32521W,Haunted Summer
approve,openlibrary_OL3261539W,Can't scare me!
approve,openlibrary_OL3261593W,Ghostsitters
approve,openlibrary_OL3261624W,My haunted house
approve,openlibrary_OL3333967W,Wolf's Complete Book of Terror
approve,openlibrary_OL3338202W,The Ghost in the Mirror
approve,openlibrary_OL3359508W,Beating Heart
approve,openlibrary_OL3470243W,"The rise of supernatural fiction, 1762-1800"
approve,openlibrary_OL3518303W,The Séance
approve,openlibrary_OL3561826W,Babar and the ghost
approve,openlibrary_OL384658W,A season of ghosts
approve,openlibrary_OL3915434W,Campfire Chillers
approve,openlibrary_OL3959890W,My mother's ghost
approve,openlibrary_OL40987W,The Facts in the Case of M. Valdemar
approve,openlibrary_OL4107393W,The Sherwood Ring
approve,openlibrary_OL4113986W,65 Great Spine Chillers
approve,openlibrary_OL41201W,Aunt Dimity and the Duke (Aunt Dimity Mystery)
approve,openlibrary_OL42724W,The ghost of Grania O'Malley
approve,openlibrary_OL4292617W,Meg Mackintosh and the mystery at Camp Creepy
approve,openlibrary_OL441183W,Here there be ghosts
approve,openlibrary_OL4444207W,The Chase
approve,openlibrary_OL4507297W,Creepy Stories
approve,openlibrary_OL451816W,Rainbow and Mr. Zed
approve,openlibrary_OL453760W,Johnny and the Dead
approve,openlibrary_OL457999W,Mystery Cats
approve,openlibrary_OL4621928W,Gus was a Christmas ghost
approve,openlibrary_OL465336W,The seer of shadows
approve,openlibrary_OL465976W,Seven Strange and Ghostly Tales
approve,openlibrary_OL469098W,Kit's Wilderness
approve,openlibrary_OL47855W,The Hardy Boys Ghost Stories
approve,openlibrary_OL488001W,Ghost cats
approve,openlibrary_OL492814W,The Mediator
approve,openlibrary_OL492830W,"Shadowland (The Mediator, Book 1)"
approve,openlibrary_OL503252W,The Haunting of Hip Hop
approve,openlibrary_OL504724W,The ghost of Cutler Creek
approve,openlibrary_OL5115829W,The Red Room Riddle
approve,openlibrary_OL523681W,Scrooge
approve,openlibrary_OL551022W,The Little Stranger
approve,openlibrary_OL556666W,Cougar
approve,openlibrary_OL5685551W,Precious Dragon
approve,openlibrary_OL5717153W,Golden & Grey
approve,openlibrary_OL5717877W,A gathering of shades
approve,openlibrary_OL5719075W,The Best Ghost Stories Ever
approve,openlibrary_OL5727912W,The ghost and Mrs. McClure
approve,openlibrary_OL5737436W,Get That Ghost to Go!
approve,openlibrary_OL576650W,Haunted Schools
approve,openlibrary_OL5808922W,The roller ghoster
approve,openlibrary_OL5810945W,The Awakening
approve,openlibrary_OL5831632W,Ivy + Bean and the ghost that had to go
approve,openlibrary_OL5845033W,Suffragette City
approve,openlibrary_OL59128W,The ghost-eye tree
approve,openlibrary_OL6042253W,Mystery at Jacob's Well
approve,openlibrary_OL61324W,Prietita and the Ghost Woman / Prietita y la Llorona
approve,openlibrary_OL647048W,The collected ghost stories of E.F. Benson
approve,openlibrary_OL66212W,Six Haunted Hairdos
approve,openlibrary_OL72376W,The Curse of Camp Cold Lake
approve,openlibrary_OL72418W,My Best Friend is Invisible
approve,openlibrary_OL756217W,Mr Majeika and the ghost train
approve,openlibrary_OL759572W,Covered bridge
approve,openlibrary_OL773506W,The funniest haunted house book ever!
approve,openlibrary_OL79511W,The Secret of Quarry House
approve,openlibrary_OL7961034W,Return to Ghost Camp
approve,openlibrary_OL7961036W,The Haunted Car
approve,openlibrary_OL8044300W,The Dark-Thirty: Southern Tales of the Supernatural
approve,openlibrary_OL8053275W,The Day Watch
approve,openlibrary_OL8088702W,"The Haunted and the Haunters, Or, The House and the Brain"
approve,openlibrary_OL810402W,The House on the Borderland
approve,openlibrary_OL8120012W,The Return of the Third-Grade Ghosthunters
approve,openlibrary_OL81587W,The journals of Eleanor Druse
approve,openlibrary_OL8160700W,One Dark Night
approve,openlibrary_OL817912W,Scooby Doo! and the Sunken Ship
approve,openlibrary_OL8200891W,The Evil Image
approve,openlibrary_OL82818W,The Haunted Hotel
approve,openlibrary_OL8317321W,"Buffy, the vampire slayer"
approve,openlibrary_OL8383177W,Hellboy
approve,openlibrary_OL8476718W,The Great Book of Thrillers
approve,openlibrary_OL8698894W,Tales From 2 A.M
approve,openlibrary_OL8855520W,Restless Spirits
approve,openlibrary_OL8886170W,100 Creepy Little Creatures
approve,openlibrary_OL8928024W,Feline Felonies
approve,openlibrary_OL9002774W,After School Ghost Hunter (Pathway Books)
approve,openlibrary_OL9038831W,Classic Victorian & Edwardian Ghost Stories
approve,openlibrary_OL941686W,Gespensterjäger
approve,openlibrary_OL9652017W,Ghost Stories
approve,openlibrary_OL97312W,The Haunted House
approve,openlibrary_OL98524W,Works of Edith Wharton (Ethan Frome / House of Mirth / Tales of Men and Ghosts)
approve,the_bastard_legion412,The Bastard Legion
approve,the_graveyard_book,The Graveyard Book
approve,the_strange_affair_of_spring_heeled_jack,The Strange Affair of Spring-Heeled Jack
approve,openlibrary_OL112317W,The Perfect Poison
approve,openlibrary_OL116310W,Ghost boy
approve,openlibrary_OL13842616W,Road trip of the living dead
approve,openlibrary_OL13847489W,Fringe dweller on the night shift
approve,openlibrary_OL14909786W,My favorite phantom
approve,openlibrary_OL15131148W,A good night for ghosts
approve,openlibrary_OL15185003W,Coyote's Mate
approve,openlibrary_OL15334093W,Novels 1942-1952 (Cannery Row / East of Eden / Moon is Down / Pearl)
approve,openlibrary_OL16026242W,La vida vampire
approve,openlibrary_OL16215142W,Saphirblau
approve,openlibrary_OL16480333W,Classic Ghost Stories
approve,openlibrary_OL16518134W,13 hangmen
approve,openlibrary_OL16610312W,A Gift of Two Silver Pistols
approve,openlibrary_OL17377353W,Storm Of Reckoning
approve,openlibrary_OL17406601W,My Friend Dahmer
approve,openlibrary_OL17904408W,Blood spirits
approve,openlibrary_OL1881658W,El Amo Del Juego/Masters of the Game
approve,openlibrary_OL19721395W,Ready to fall
approve,openlibrary_OL19727250W,Nagrada
approve,openlibrary_OL19960615W,Whispers at Moonrise
approve,openlibrary_OL19977098W,Treasure in Trident City
approve,openlibrary_OL20017289W,"Friday Barnes, Girl Detective"
approve,openlibrary_OL20059200W,A game of ghosts
approve,openlibrary_OL20096193W,The Ghosts of Eden Park
approve,openlibrary_OL24309282W,Written in blood
approve,openlibrary_OL26438894W,The Ghost of Buxton Manor
approve,openlibrary_OL3341160W,Right Behind You
approve,openlibrary_OL3904817W,Supernatural forces
approve,openlibrary_OL4085697W,Strangely Enough!
approve,openlibrary_OL5255325W,50 Ways to Hex Your Lover
approve,openlibrary_OL55598W,Fingers
approve,openlibrary_OL5821652W,Die Wellenläufer
approve,openlibrary_OL5856201W,Vicious Circle
approve,openlibrary_OL61913W,Star Wars - From the Adventures of Luke Skywalker
approve,openlibrary_OL8300174W,Barnaby Rudge
approve,openlibrary_OL874071W,Wolves Eat Dogs
approve,openlibrary_OL9177353W,The unseen
approve,openlibrary_OL11903852W,Call of the highland moon
approve,openlibrary_OL121735W,Deadly harvest
approve,openlibrary_OL121736W,Deadly night
approve,openlibrary_OL14906136W,"Two Ghosts for Sister Rachel / Run, Run, Rudolph / Six / The Harvest"
approve,openlibrary_OL14909785W,How to seduce a Texan
approve,openlibrary_OL14913333W,Burning Lamp
approve,openlibrary_OL14981694W,Changeless (The Parasol Protectorate)
approve,openlibrary_OL15044045W,Invisible Terror Collection (Forbidden Doors)
approve,openlibrary_OL15211904W,Haunted party
approve,openlibrary_OL15361655W,Midnight Crystal
approve,openlibrary_OL15692269W,Amulet of Avantia
approve,openlibrary_OL15976420W,Soul trapper
approve,openlibrary_OL16471210W,The terror of Black Eagle Tavern
approve,openlibrary_OL16538128W,Antología de la literatura fantástica
approve,openlibrary_OL16769098W,The Archived
approve,openlibrary_OL17463865W,Whispers In The Dark
approve,openlibrary_OL17528445W,Black Howl
approve,openlibrary_OL17575515W,The Last Kiss Goodbye A Novel
approve,openlibrary_OL17712030W,True Love
approve,openlibrary_OL17740393W,The cold kiss of death
approve,openlibrary_OL17855259W,Kiss Me Deadly
approve,openlibrary_OL17867587W,Games creatures play
approve,openlibrary_OL17883610W,A barricade in hell
approve,openlibrary_OL17895828W,The Emerald Shore
approve,openlibrary_OL17911303W,The widow's walk
approve,openlibrary_OL17934149W,Forest of fortune
approve,openlibrary_OL17935097W,Would-be witch
approve,openlibrary_OL1819800W,The blue girl
approve,openlibrary_OL1838875W,Sands of Time
approve,openlibrary_OL1921198W,Libra
approve,openlibrary_OL19358789W,Isadora
approve,openlibrary_OL19660849W,Dying Breath
approve,openlibrary_OL19713924W,Elizabeth and Zenobia
approve,openlibrary_OL19919638W,Ghosts of the Shadow Market
approve,openlibrary_OL19980409W,Her last whisper
approve,openlibrary_OL20022404W,Marked
approve,openlibrary_OL20038416W,Lost gods
approve,openlibrary_OL20045227W,Illusion
approve,openlibrary_OL20047325W,Best worst American
approve,openlibrary_OL20108098W,The Terror Behind the Mask You're Invited to a Creepover #19
approve,openlibrary_OL20170457W,Archival Quality
approve,openlibrary_OL20187044W,Dead After Dark
approve,openlibrary_OL20662499W,De wraak van Arghus
approve,openlibrary_OL24324241W,Bibi Blocksberg
approve,openlibrary_OL2667613W,A face at the window
approve,openlibrary_OL276089W,Passions of the Ghost
approve,openlibrary_OL276090W,Return of the Highlander
approve,openlibrary_OL28770275W,Collide
approve,openlibrary_OL2907353W,Dead on
approve,openlibrary_OL4026122W,And Loving It!
approve,openlibrary_OL4026140W,Missed it by That Much!
approve,openlibrary_OL4098287W,Tales of horror and the supernatural
approve,openlibrary_OL457901W,Here and then
approve,openlibrary_OL461256W,Darkling
approve,openlibrary_OL5687077W,Shades of Rose
approve,openlibrary_OL5692573W,Scooby-doo and the legend of the vampire
approve,openlibrary_OL5695899W,Unforgettable (Time Travel #6)
approve,openlibrary_OL5724071W,Dark Truth
approve,openlibrary_OL5913450W,Shapes of the Supernatural
approve,openlibrary_OL6004464W,Prairie Fire
approve,openlibrary_OL8032256W,Bed On Arrival
approve,openlibrary_OL810215W,Someone to Love
approve,openlibrary_OL8957201W,A Lost Touch of Bliss
approve,openlibrary_OL1002120W,A Hora da Estrela
approve,openlibrary_OL111573W,Jewels of the Sun
approve,openlibrary_OL112325W,"The Third Circle:(Arcane Society, #4)"
approve,openlibrary_OL112342W,Late for the Wedding
approve,openlibrary_OL14927221W,Peony in Love
approve,openlibrary_OL14942533W,Stories and Poems for Extremely Intelligent Children of All Ages
approve,openlibrary_OL14992302W,The Man in the Wooden Hat
approve,openlibrary_OL15221636W,South of resurrection
approve,openlibrary_OL15825926W,Detective stories
approve,openlibrary_OL16045676W,Ode to Billy Joe
approve,openlibrary_OL17819037W,The sisters Weiss
approve,openlibrary_OL19627W,Su Luz Interior
approve,openlibrary_OL19742764W,The Verdun Affair
approve,openlibrary_OL2571790W,The bay at midnight
approve,openlibrary_OL2775703W,The little witch presents a monster joke book
approve,openlibrary_OL3518416W,Sixteen Short Novels
approve,openlibrary_OL3846773W,Barracks
approve,openlibrary_OL4026138W,Max Smart and the Perilous Pellets
approve,openlibrary_OL4106905W,For the soul of the people
approve,openlibrary_OL46766W,Secrets in the Hills
approve,openlibrary_OL535185W,"Green Dolphin Country; or, Green Dolphin Street"
approve,openlibrary_OL535195W,A City of Bells
approve,openlibrary_OL5800955W,Blessed Trinity
approve,openlibrary_OL6560645W,"Edward, Edward"
approve,openlibrary_OL7412489W,Darkness of Slumber
approve,openlibrary_OL9889709W,The scalpel and the soul
approve,openlibrary_OL12724W,Bad love
approve,openlibrary_OL15157420W,Star Trek Voyager - Ghost of a Chance
approve,openlibrary_OL15175417W,The Best Time Travel Stories of the 20th Century
approve,openlibrary_OL15680434W,Story of Atari Missile Command
approve,openlibrary_OL15680439W,Story of Atari Star Raiders
approve,openlibrary_OL16665012W,That the people might live
approve,openlibrary_OL1672318W,Shadow
approve,openlibrary_OL17881493W,Star Wars rebels
approve,openlibrary_OL19670303W,Bleach 3-in-1
approve,openlibrary_OL20022896W,Southern Cross
approve,openlibrary_OL20025618W,Fight the Empire
approve,openlibrary_OL21126598W,Adoring Outlander
approve,openlibrary_OL2661425W,Ghosts from the nursery
approve,openlibrary_OL2741692W,Parastoo
approve,openlibrary_OL3261643W,"Septimus Heap, Book Three"
approve,openlibrary_OL4318294W,"The criminal spectre in law, literature and aesthetics"
approve,openlibrary_OL5810954W,Made to be Broken
approve,openlibrary_OL8030481W,The Soul Stealer (Rogue Angel)
approve,openlibrary_OL83573W,Star Wars - Thrawn Trilogy - Dark Force Rising
approve,openlibrary_OL13819983W,And then there were gnomes
approve,openlibrary_OL14909654W,The city of lost girls
approve,openlibrary_OL14932022W,Dirk Bones and the mystery of the missing books
approve,openlibrary_OL15061171W,The Haunted Clock Tower Mystery
approve,openlibrary_OL15061242W,The Mystery on Blizzard Mountain
approve,openlibrary_OL15082658W,The fourth adventure
approve,openlibrary_OL15082661W,The third adventure
approve,openlibrary_OL15597945W,Prey on Patmos
approve,openlibrary_OL15916340W,No such thing as ghosts
approve,openlibrary_OL1796933W,The Triumphs of Eugène Valmont
approve,openlibrary_OL18161593W,Ghost month
approve,openlibrary_OL19338823W,"Where Are You Going, Baby Lincoln?"
approve,openlibrary_OL19340497W,Himself: A Novel
approve,openlibrary_OL19637081W,"Blood Will Out: The True Story of a Murder, a Mystery, and a Masquerade"
approve,openlibrary_OL19982010W,One of us
approve,openlibrary_OL2005032W,Over my dead body
approve,openlibrary_OL201031W,Severed
approve,openlibrary_OL20642141W,Oligarchy
approve,openlibrary_OL24267080W,The ghost and Mrs. Fletcher
approve,openlibrary_OL2478790W,Baroque reason
approve,openlibrary_OL2910906W,Nothing was the same
approve,openlibrary_OL3279868W,Ottoline goes to school
approve,openlibrary_OL41371W,Mrs. Patty Is Batty!
approve,openlibrary_OL458047W,The cat who talked to ghosts
approve,openlibrary_OL5815857W,Troll Blood
approve,openlibrary_OL5881881W,Indo dreaming
approve,openlibrary_OL6813366W,The Ghostly Trio
approve,openlibrary_OL9207377W,Chasing the Devil
approve,openlibrary_OL11989744W,Locke 1928
approve,openlibrary_OL15078694W,The thorne maze
approve,openlibrary_OL15678757W,Amaryllis in Blueberry
approve,openlibrary_OL17566621W,The Incident Kenneth MacLeod
approve,openlibrary_OL17795215W,Haunted by the earl's touch
approve,openlibrary_OL17883772W,Worthless men
approve,openlibrary_OL18020188W,Town Is by the Sea
approve,openlibrary_OL1838870W,Kingdom of Shadows
approve,openlibrary_OL1927683W,City of the Sun
approve,openlibrary_OL19991379W,See how small
approve,openlibrary_OL20054931W,A Rising Man
approve,openlibrary_OL20058639W,Dancing with death
approve,openlibrary_OL23538W,In pursuit of the green lion
approve,openlibrary_OL24308813W,The wolves of St. Peter's
approve,openlibrary_OL272316W,Sons of Heaven
approve,openlibrary_OL2729120W,Full Circle
approve,openlibrary_OL2814354W,The Ghost Pirate
approve,openlibrary_OL3566827W,Priceless
approve,openlibrary_OL3871246W,For Valour
approve,openlibrary_OL4627751W,Nightsong (Song #3)
approve,openlibrary_OL548906W,The Greener Shore
approve,openlibrary_OL5731230W,The Harmony Silk Factory
approve,openlibrary_OL57513W,Halloween Pie
approve,openlibrary_OL669270W,With love from Booky
approve,openlibrary_OL8953594W,Mary
approve,openlibrary_OL9169466W,Highlander Unchained
approve,openlibrary_OL115402W,On the run
approve,openlibrary_OL12079W,The Lake of Darkness
approve,openlibrary_OL15082659W,The second adventure
approve,openlibrary_OL15082660W,The sixth adventure
approve,openlibrary_OL15181136W,Tom Clancy's Ghost Recon
approve,openlibrary_OL16086781W,Kill Me If You Can
approve,openlibrary_OL16183969W,Friends with boys
approve,openlibrary_OL16604681W,I date dead people
approve,openlibrary_OL16726730W,The girl on the cliff
approve,openlibrary_OL17186024W,The Hound of the Baskervilles [adaptation]
approve,openlibrary_OL17356858W,And After the Fire
approve,openlibrary_OL17847058W,The Smurflings
approve,openlibrary_OL19722216W,The disappearance of Adèle Bedeau
approve,openlibrary_OL19741395W,Shadow child
approve,openlibrary_OL19991372W,Wolf winter
approve,openlibrary_OL20007260W,Great Pacific
approve,openlibrary_OL20028060W,Agony
approve,openlibrary_OL20746197W,Catherine House
approve,openlibrary_OL20794698W,Desert Boys
approve,openlibrary_OL20895762W,Egghead
approve,openlibrary_OL21287890W,Justice League
approve,openlibrary_OL3232017W,Crossed bones
approve,openlibrary_OL503324W,The Notorious Dr. August
approve,openlibrary_OL548292W,A Gentleman By Any Other Name
approve,openlibrary_OL5734167W,Winter in Madrid
approve,openlibrary_OL5825195W,Rainy-day music
approve,openlibrary_OL5957137W,Your Mouth Is Lovely
approve,openlibrary_OL6214252W,When the Elephants Dance
approve,openlibrary_OL8992752W,Koukaku Kidoutai 1.5
approve,openlibrary_OL1325745W,Seven Gothic tales
approve,openlibrary_OL14848808W,The ghost wagon and other great western adventures
approve,openlibrary_OL14851371W,The serial garden
approve,openlibrary_OL14958934W,Asimov's Ghosts
approve,openlibrary_OL15105421W,"The Ghost of John Wayne, and Other Stories"
approve,openlibrary_OL15825924W,Detection by Gaslight
approve,openlibrary_OL17081004W,The Assassination of Margaret Thatcher
approve,openlibrary_OL176740W,The Supernatural in Fiction
approve,openlibrary_OL17681758W,Sherlock Holmes in America
approve,openlibrary_OL17848092W,Philan's Way
approve,openlibrary_OL17861953W,Bark
approve,openlibrary_OL1800776W,The ghost of Camp Whispering Pines
approve,openlibrary_OL18150385W,"Agatha, girl of mystery"
approve,openlibrary_OL18182178W,Goosebumps - Vanishing collection
approve,openlibrary_OL1819841W,Dreams Underfoot
approve,openlibrary_OL1826040W,Infidelities
approve,openlibrary_OL1965328W,A chain of voices
approve,openlibrary_OL19669894W,The people in the castle
approve,openlibrary_OL19704951W,The corpse exhibition
approve,openlibrary_OL1976837W,Elijah visible
approve,openlibrary_OL19996186W,Barefoot dogs
approve,openlibrary_OL20637578W,Dead man walking
approve,openlibrary_OL24709212W,The midnight ghosts
approve,openlibrary_OL24720952W,The ghost horse
approve,openlibrary_OL263111W,Buying a Fishing Rod for My Grandfather
approve,openlibrary_OL26445941W,Glory hole
approve,openlibrary_OL2737376W,Samuel Johnson is indignant
approve,openlibrary_OL2953350W,Concrete candy
approve,openlibrary_OL2989328W,Bodies of the Dead and Other Great American Ghost Stories
approve,openlibrary_OL3529019W,JUMP UP AND SAY
approve,openlibrary_OL3943077W,Revenge of the Mooncake Vixen
approve,openlibrary_OL4164508W,Crime for Christmas
approve,openlibrary_OL455342W,The Minister's Black Veil
approve,openlibrary_OL458044W,Novels
approve,openlibrary_OL4621929W,Gus was a Mexican ghost
approve,openlibrary_OL5961311W,Women in the grove
approve,openlibrary_OL7025345W,The stolen spoon mystery
approve,openlibrary_OL7138711W,The sea-green horse
approve,openlibrary_OL84920W,Vixen 03
approve,openlibrary_OL11876770W,Submission
approve,openlibrary_OL15176282W,Skin on Skin
approve,openlibrary_OL16137183W,Bastian
approve,openlibrary_OL17450616W,A Night of No Return
approve,openlibrary_OL17575521W,Complete Me A Novel
approve,openlibrary_OL175978W,Nights of Terror
approve,openlibrary_OL19417430W,The Phantom Strikes
approve,openlibrary_OL19996020W,Love hotel
approve,openlibrary_OL20882738W,The golden locket
approve,openlibrary_OL20893536W,Pierced - Lucian & Lia 1
approve,openlibrary_OL21223388W,Ghost riders at Shotgun Bluffs
approve,openlibrary_OL21420005W,Ghost Town Belles
approve,openlibrary_OL21766555W,Glimmer
approve,openlibrary_OL22645301W,Heart of danger
approve,openlibrary_OL24250384W,Being me
approve,openlibrary_OL25688429W,Pivot and Slip
approve,openlibrary_OL2630220W,Midnight Butterfly
approve,openlibrary_OL26431125W,Texas Winter
approve,openlibrary_OL4275656W,Midnight Confessions
approve,openlibrary_OL4275657W,Midnight Confessions II
approve,openlibrary_OL5966025W,A History of Barbed Wire
approve,openlibrary_OL748785W,Ernesto's ghost
approve,openlibrary_OL8028908W,Cinderella Search
approve,openlibrary_OL8488776W,Take Me There
approve,openlibrary_OL8777027W,Wild instinct
approve,openlibrary_OL8967338W,PsyCop
approve,openlibrary_OL9031992W,Devil's Range
approve,openlibrary_OL9225351W,Angel's Share
approve,openlibrary_OL11381732W,Pay Dirt
approve,openlibrary_OL14914053W,Nightrose
approve,openlibrary_OL15859239W,Monument Rock
approve,openlibrary_OL17442337W,The Ghost Of Apache Creek A Ralph Compton Novel
approve,openlibrary_OL17725632W,Spirit of steamboat
approve,openlibrary_OL17800436W,The secret of Lodestar
approve,openlibrary_OL17842868W,The long high noon
approve,openlibrary_OL17874798W,The Valley of Dry Bones
approve,openlibrary_OL1896467W,The coming of the kid
approve,openlibrary_OL19654632W,The high rocks
approve,openlibrary_OL19981760W,Jailhouse glock
approve,openlibrary_OL20026408W,Cape Hell
approve,openlibrary_OL20913975W,The prairie man
approve,openlibrary_OL20941402W,Lone hand
approve,openlibrary_OL21259247W,Moving On
approve,openlibrary_OL21446022W,Range of terror
approve,openlibrary_OL22094365W,Longshot
approve,openlibrary_OL24283238W,Lone hand
approve,openlibrary_OL2591377W,Ghosts of the Green Swamp
approve,openlibrary_OL27057835W,The Cherokee Strip /‡cDusty Richards
approve,openlibrary_OL2947751W,Bad boys and black sheep
approve,openlibrary_OL3282215W,The Wages of Sin (The Ash Tallman Series)
approve,openlibrary_OL3341720W,The signal
approve,openlibrary_OL3698077W,Lightning
approve,openlibrary_OL50944W,Trouble Shooter
approve,openlibrary_OL51030W,The outlaws of Mesquite
approve,openlibrary_OL58295W,God's country
approve,openlibrary_OL999565W,Border bravados
approve,openlibrary_OL999585W,Trailsman 151
approve,openlibrary_OL999589W,Dakota Prairie Pirates
approve,hardcover_108263,Citadel
approve,hardcover_134159,Limitless
approve,hardcover_1369635,Creation's Captive
approve,hardcover_2189750,The Girl with a Thousand Faces
approve,hardcover_244089,The Ghosts of Belfast
approve,hardcover_428356,The Rose Garden
approve,hardcover_445030,"Monster, She Wrote"
approve,hardcover_449263,A Man Lies Dreaming
approve,hardcover_459205,Hide Me Among the Graves
approve,hardcover_474098,Snake Agent
approve,hardcover_48745,The Photograph
approve,hardcover_555662,The House at the Edge of Night
approve,hardcover_61318,Beneath the Dark Ice
approve,openlibrary_OL18182595W,A mischief of mermaids
approve,openlibrary_OL27849219W,We Won't Be Here Tomorrow
approve,openlibrary_OL5357363W,Literature as Art
approve,openlibrary_OL15049633W,La Petite Sirene (French Well Loved Tales)
approve,openlibrary_OL18155012W,Classics of children's literature. Third edition
approve,openlibrary_OL25397W,Fairy Tales and Stories
approve,openlibrary_OL5816038W,My New Best Friend
approve,openlibrary_OL16695001W,River road
approve,openlibrary_OL17355446W,Bay of Sighs
approve,openlibrary_OL17565881W,Sirens Desire                            Dark Tides Novel
approve,openlibrary_OL17875417W,Wrecked
approve,openlibrary_OL17877323W,Sink or swim
approve,openlibrary_OL20007383W,Amphitrite the bubbly
approve,openlibrary_OL2696034W,The Islands of the Blessed
approve,openlibrary_OL36165W,"20,000 baseball cards under the sea"
approve,openlibrary_OL9172346W,Pichi pichi pitch
approve,openlibrary_OL111420W,"Catherine, Amanda and Lilah"
approve,openlibrary_OL811649W,Illustrations of the fairy mythology of A midsummer night's dream
approve,openlibrary_OL12284356W,Pichi pichi pitch
approve,openlibrary_OL16597018W,Above World (Above World #1)
approve,openlibrary_OL15836321W,The fish in Room 11
approve,openlibrary_OL20054345W,Goldie Vance
approve,openlibrary_OL55320W,Sirena
approve,openlibrary_OL15153534W,Swim to me
approve,openlibrary_OL16495568W,Poseidon
approve,openlibrary_OL1878549W,The marshmallow mermaid
approve,openlibrary_OL28768406W,Canopy
approve,openlibrary_OL15326461W,False mermaid
approve,openlibrary_OL15942681W,Jasmine and the treasure chest
approve,openlibrary_OL17877814W,Thora and the green sea-unicorn
approve,openlibrary_OL2272529W,Once upon a more enlightened time
approve,openlibrary_OL5826583W,Amber's first clue
approve,openlibrary_OL8803488W,The Forgotten Voyage of the H.M.S. Baci
approve,openlibrary_OL17794871W,A mermaid's kiss
approve,openlibrary_OL15169421W,Fist of the Spider Woman
approve,openlibrary_OL5721700W,Bone song
approve,openlibrary_OL158655W,Danslärarens återkomst
approve,openlibrary_OL16064734W,Snow
approve,openlibrary_OL17063120W,The Drop
approve,openlibrary_OL1831257W,The Web of Iniquity
approve,openlibrary_OL31213591W,Salut Max!
approve,openlibrary_OL5684138W,Come the night
approve,openlibrary_OL5709617W,Booze and the private eye
approve,openlibrary_OL15174809W,Mean Streets
approve,openlibrary_OL17413644W,The Return Of The Thin Man
approve,openlibrary_OL1904168W,The World at Night
approve,openlibrary_OL119070W,The next accident
approve,openlibrary_OL17046882W,Tomorrow and Tomorrow
approve,openlibrary_OL20725318W,Tech-Noir Film
approve,openlibrary_OL28756701W,Le piège des oizorribles
approve,openlibrary_OL45408848W,Daredevil
approve,openlibrary_OL13617821W,Loser's town
approve,openlibrary_OL15174937W,Known to Evil
approve,openlibrary_OL17425006W,Swedish Crime Fiction Novel Film Television
approve,openlibrary_OL17823317W,Deep Winter
approve,openlibrary_OL19969826W,Inherit the dead
approve,openlibrary_OL27958837W,Words to die for
approve,openlibrary_OL17548737W,Deadly Strategy
approve,openlibrary_OL17911477W,This is how it really sounds
approve,openlibrary_OL19712318W,To have & to hold
approve,openlibrary_OL19743885W,Miraculous
approve,openlibrary_OL20821593W,Dimma
approve,openlibrary_OL5724188W,Stray dog winter
approve,openlibrary_OL15179368W,Mexico City Noir
approve,openlibrary_OL16125858W,Haiti noir
approve,openlibrary_OL16142308W,Los Angeles Stories
approve,openlibrary_OL17824506W,Detroit noir
approve,openlibrary_OL19714785W,New Haven noir
approve,openlibrary_OL20008055W,"Mothers, tell your daughters"
approve,openlibrary_OL20022406W,New Orleans noir
approve,openlibrary_OL21809303W,The whole she-bang
approve,openlibrary_OL2756372W,Black feathers
approve,openlibrary_OL28953005W,Dead duck
approve,openlibrary_OL4304254W,Adrenaline
approve,openlibrary_OL8606553W,Booty Boys (Idol)
approve,openlibrary_OL17928857W,Hop Alley
approve,medusas_web,Medusa's Web
approve,openlibrary_OL14911298W,Unhallowed ground
approve,openlibrary_OL14966748W,Simpsons Treehouse of horror
approve,openlibrary_OL15093915W,The Second Evil
approve,openlibrary_OL16566554W,The Supernatural Solution
approve,openlibrary_OL29896W,The headless Cupid
approve,openlibrary_OL3338208W,The Lamp from the Warlock's Tomb
approve,openlibrary_OL4481621W,Omega Factor
approve,openlibrary_OL505730W,The Magician
approve,openlibrary_OL6037462W,The Book of Living and Dying
approve,openlibrary_OL15212247W,Witches and Jesuits
approve,openlibrary_OL17502224W,Nice Girls Don't Date Dead Men
approve,openlibrary_OL17715959W,House of Secrets
approve,openlibrary_OL2717452W,London in the 1890s
approve,openlibrary_OL13769963W,Devil's Kiss
approve,openlibrary_OL14906809W,No Rest for the Witches
approve,openlibrary_OL14937051W,Flirt
approve,openlibrary_OL16558262W,The apocalypse codex
approve,openlibrary_OL16671697W,Dance of shadows
approve,openlibrary_OL17079377W,Necromancer's Apprentice
approve,openlibrary_OL17708075W,Elysian Fields
approve,openlibrary_OL19707535W,The Midnight Witch
approve,openlibrary_OL24166691W,Face of Death
approve,openlibrary_OL2641766W,The witches' hammer
approve,openlibrary_OL38837W,The secret rose
approve,openlibrary_OL4772202W,An enemy at Green Knowe
approve,openlibrary_OL481756W,The Robe of Skulls
approve,openlibrary_OL6805319W,Jay's Journal
approve,openlibrary_OL8211890W,らんま½ 31
approve,openlibrary_OL8454618W,Very Gothic Christmas
approve,openlibrary_OL9845613W,Psychic Warfare -  Brain Fighting
approve,openlibrary_OL2156313W,Leave it to chance
approve,openlibrary_OL61825W,The Coming Race
approve,openlibrary_OL1874001W,Mari of Magdala
approve,openlibrary_OL2004256W,The Allingham Minibus
approve,openlibrary_OL6796902W,"""Yellow peril"""
approve,openlibrary_OL19995252W,The witch of painted sorrows
approve,openlibrary_OL8935489W,Being a Girl
approve,openlibrary_OL9033206W,Vocational Girl
approve,openlibrary_OL9228881W,Black Lipstick Kisses
approve,openlibrary_OL16176268W,Dust of the damned
approve,hardcover_245479,Days of Blood and Fire
approve,openlibrary_OL114699W,The Thirteenth Floor
approve,openlibrary_OL1971685W,Skeleton crew
approve,tome_of_the_undergates,Tome of the Undergates
approve,without_warning,Without Warning
approve,openlibrary_OL14950539W,Pirate Latitudes
approve,openlibrary_OL17471487W,The Lost Night
approve,openlibrary_OL17872720W,The ire of Iron Claw
approve,openlibrary_OL17928828W,The outcasts
approve,openlibrary_OL18025924W,Panda Man and the treasure hunt
approve,openlibrary_OL1937674W,Admiral Hornblower in the West Indies
approve,openlibrary_OL19730879W,Descendants 2
approve,openlibrary_OL23183W,Steinbeck
approve,openlibrary_OL2319934W,The Coral Island
approve,openlibrary_OL468850W,Del amor y otros demonios
approve,openlibrary_OL4722810W,Moonstruck
approve,openlibrary_OL5838222W,Lost treasures of the pirates of the Caribbean
approve,openlibrary_OL84069W,Looking for Bobowicz
approve,openlibrary_OL15329701W,The Unsinkable Walker Bean
approve,openlibrary_OL15602078W,Empire of night
approve,openlibrary_OL15729429W,Timothy and the Dragon's Gate
approve,openlibrary_OL15947678W,Immortal war
approve,openlibrary_OL16694669W,The Hunters
approve,openlibrary_OL17127202W,Silver Moon Deja vu
approve,openlibrary_OL17293479W,Beyond
approve,openlibrary_OL17789529W,Breath of iron
approve,openlibrary_OL17881628W,House of secrets
approve,openlibrary_OL19665038W,The map to everywhere
approve,openlibrary_OL15145435W,Lovefire
approve,openlibrary_OL16664819W,The turncoat
approve,openlibrary_OL18855120W,Mrs. Pirate
approve,openlibrary_OL20908046W,The Rebel Pirate Renegades of the Revolution
approve,openlibrary_OL21164316W,British Pirates in Print and Performance
approve,openlibrary_OL2254374W,Callirhoe
approve,openlibrary_OL2402280W,Bumface
approve,openlibrary_OL102548W,Star Trek - Log Five
approve,openlibrary_OL1099321W,Ante la bandera (Face au drapeau)
approve,openlibrary_OL11822669W,Zorgamazoo
approve,openlibrary_OL14871929W,Pirate Freedom
approve,openlibrary_OL14949644W,Executive intent
approve,openlibrary_OL15680430W,The Story of Atari Asteroids
approve,openlibrary_OL15881171W,Sardine in outer space 6
approve,openlibrary_OL17408814W,Star Wars - Razor's Edge
approve,openlibrary_OL17569988W,Fast Ships Black Sails
approve,openlibrary_OL20002104W,The Fog diver
approve,openlibrary_OL20911598W,The ire of Iron Claw
approve,openlibrary_OL2737402W,Rio Lento
approve,openlibrary_OL3291580W,Star Wars - The Courtship of Princess Leia
approve,openlibrary_OL5728262W,End of the world blues
approve,openlibrary_OL83578W,Star Wars - Hand of Thrawn Duology - Specter of the Past
approve,openlibrary_OL892583W,The January Dancer
approve,openlibrary_OL909818W,Pirate's cross
approve,openlibrary_OL12644W,Pirate's Promise
approve,openlibrary_OL151064W,Le trésor de Rackham le Rouge
approve,openlibrary_OL15176607W,Pirates
approve,openlibrary_OL17400238W,The Art Of Making Do In Naples
approve,openlibrary_OL17823797W,Pirate Alley
approve,openlibrary_OL19360353W,Attacco Alla Statua D'Oro!
approve,openlibrary_OL2167439W,Treasure Island
approve,openlibrary_OL2345179W,The cruise of the Cachalot around the world after sperm whales
approve,openlibrary_OL40983W,The Gold-Bug
approve,openlibrary_OL45307W,Captain Singleton
approve,openlibrary_OL458024W,The cat who went up the creek
approve,openlibrary_OL86184W,Great piratical rumbustification
approve,openlibrary_OL892282W,How I became a pirate
approve,openlibrary_OL9482753W,Heck
approve,openlibrary_OL14857944W,Captive Embraces
approve,openlibrary_OL14872680W,The Pirate Round
approve,openlibrary_OL14979087W,In Bed with the Duke:(Governess Brides #9)
approve,openlibrary_OL15044834W,Blackbeard's last fight
approve,openlibrary_OL15176459W,Viking in Love
approve,openlibrary_OL15603472W,Captured
approve,openlibrary_OL15862183W,The princess and the pirates
approve,openlibrary_OL159120W,Rhiannon
approve,openlibrary_OL17406603W,Cinnamon And Gunpowder
approve,openlibrary_OL18733722W,Branded Ann
approve,openlibrary_OL1979160W,The Pirate Bride
approve,openlibrary_OL1982581W,Annapolis
approve,openlibrary_OL2022011W,Howard Pyle's Book of Pirates
approve,openlibrary_OL276268W,The Last Witchfinder
approve,openlibrary_OL27962810W,Secrets at sea
approve,openlibrary_OL3566767W,"In My Wildest Dreams (Governess Brides, Book 4)"
approve,openlibrary_OL3566818W,My favorite bride:(Governess Brides #7)
approve,openlibrary_OL4627761W,Rich Radiant Love (Love #4)
approve,openlibrary_OL4797994W,The Sea and the Sand
approve,openlibrary_OL5684896W,High seas stowaway
approve,openlibrary_OL5730480W,Sovay
approve,openlibrary_OL77998W,The Red Rover: A Tale
approve,openlibrary_OL78011W,"The Wing-and-wing: Or, Le Feu-follet. A Tale"
approve,openlibrary_OL8786323W,Cave of the Dark Wind
approve,openlibrary_OL9166798W,Broken Wing
approve,openlibrary_OL14854541W,Pirate Hannah Pritchard
approve,openlibrary_OL15276913W,Captured by Pirates
approve,openlibrary_OL16145736W,The sublime and spirited voyage of Original Sin
approve,openlibrary_OL17746642W,Hazardous duty
approve,openlibrary_OL17936875W,TeenBoat!
approve,openlibrary_OL19964688W,Adventures away
approve,openlibrary_OL22639627W,Big River's Daughter
approve,openlibrary_OL26195358W,Catfoot's vengeance
approve,openlibrary_OL3683616W,Treasure Island
approve,openlibrary_OL4627754W,This Loving Torment
approve,openlibrary_OL4627756W,Wild Willful Love (Love #3)
approve,openlibrary_OL5603262W,Sebastian Darke
approve,openlibrary_OL8950393W,Northwest Passage The Annotated Collection
approve,openlibrary_OL9394972W,Black Ships
approve,openlibrary_OL11928975W,The lost island of Tamarind
approve,openlibrary_OL15012280W,Peril on the sea
approve,openlibrary_OL15273763W,Lilly and the pirates
approve,openlibrary_OL15339372W,Captain Deadlock
approve,openlibrary_OL15444907W,The Rich and The Dead
approve,openlibrary_OL15616008W,Trundle's Quest (Sundered Lands #1)
approve,openlibrary_OL15829684W,Captain Nemo
approve,openlibrary_OL16315305W,The pirate princess
approve,openlibrary_OL16470077W,Captain Hannah Pritchard
approve,openlibrary_OL17421829W,Stone of Tymora
approve,openlibrary_OL17439876W,Pirates ’n’ Pistols
approve,openlibrary_OL17484879W,The Widow Ching Pirate [5 stories]
approve,openlibrary_OL17888387W,Stowaway!
approve,openlibrary_OL18557170W,Diary of a pirate voyage
approve,openlibrary_OL19655939W,The golden lion
approve,openlibrary_OL19746385W,Wolf & parchment
approve,openlibrary_OL19993218W,We are pirates
approve,openlibrary_OL20008025W,Captain in Calico
approve,openlibrary_OL20020253W,The pirate who's back in bunny slippers
approve,openlibrary_OL20024524W,A tyranny of petticoats
approve,openlibrary_OL20040448W,Troll overboard
approve,openlibrary_OL2021995W,The Rose of Paradise
approve,openlibrary_OL2022008W,The story of Jack Ballister's fortunes
approve,openlibrary_OL20354010W,Treasure Island [adaptation]
approve,openlibrary_OL20984367W,"Unlikely Adventures of Mabel Jones, the"
approve,openlibrary_OL21271387W,A pirate's tale
approve,openlibrary_OL26177056W,Plundering paradise
approve,openlibrary_OL28772338W,Ostrov sokrovishch
approve,openlibrary_OL2986611W,Amy's eyes
approve,openlibrary_OL3273060W,The night pirates
approve,openlibrary_OL3905293W,Treasure Island [adaptation]
approve,openlibrary_OL4785990W,Treasure Island
approve,openlibrary_OL50927W,Off the Mangrove Coast
approve,openlibrary_OL5821251W,Pirate Pink and treasures of the reef
approve,openlibrary_OL6437859W,Sophia Scrooby preserved
approve,openlibrary_OL6605454W,Pirate royal
approve,openlibrary_OL74483W,A Son of the Sun
approve,openlibrary_OL8400318W,Jack Jones and the pirate curse
approve,openlibrary_OL8507026W,Don't Mention Pirates
approve,openlibrary_OL852304W,Summer on Kidd's Creek
approve,openlibrary_OL15175357W,Ruthless Awakening
approve,openlibrary_OL15186576W,Hot For It
approve,openlibrary_OL17396372W,Swept Away By A Kiss
approve,openlibrary_OL17820839W,Scandalous liaisons
approve,openlibrary_OL24276390W,The lady and the Dragon
approve,openlibrary_OL24856396W,The trail of whitened skulls
approve,openlibrary_OL8488807W,Hot silk
approve,openlibrary_OL9841495W,The Desires of Rebecca
approve,openlibrary_OL17741044W,Rattlesnake Valley
approve,openlibrary_OL19982696W,Wild ran the rivers
approve,openlibrary_OL19990227W,The shotgun arcana
approve,openlibrary_OL21127371W,Eight Hours to Die
approve,openlibrary_OL50948W,The Warrior's Path
approve,hardcover_1915042,The Stealers of Dreams
approve,hardcover_257514,Scholar
approve,hardcover_820646,Nemo: Heart of Ice
approve,a_million_open_doors,A Million Open Doors
approve,coyote,Coyote
approve,lost_fleet_dauntless,Lost Fleet: Dauntless
approve,openlibrary_OL3931584W,Future perfect
approve,openlibrary_OL5714585W,George's Secret Key to the Universe
approve,openlibrary_OL14990918W,Choose Your Own Adventure - Vampire Invaders
approve,openlibrary_OL15545791W,Star Trek Voyager - Battle Lines
approve,openlibrary_OL15836010W,Enchantress from the Stars
approve,openlibrary_OL18145465W,Land of the dead
approve,openlibrary_OL5804780W,Star Trek - Section 31 - Cloak
approve,openlibrary_OL448759W,Sophie and the scoundrels
approve,openlibrary_OL9723154W,Black Gemini
approve,openlibrary_OL116030W,Star Trek - Mirror Universe - Spectre
approve,openlibrary_OL116037W,The Ashes of Eden
approve,openlibrary_OL145199W,Star Trek - Dreams of the Raven
approve,openlibrary_OL15544886W,Star Trek Voyager - Equinox
approve,openlibrary_OL15546658W,Star Trek Deep Space Nine - Trials and Tribble-ations
approve,openlibrary_OL15546835W,Star Trek Deep Space Nine - The Search
approve,openlibrary_OL15562303W,Star Trek Deep Space Nine - Far Beyond the Stars
approve,openlibrary_OL15598144W,Man-Kzin Wars XII
approve,openlibrary_OL15918109W,Under the moon
approve,openlibrary_OL16067170W,The Christmas adventure of Space Elf Sam
approve,openlibrary_OL16134400W,Jacob Wonderbar for President of the Universe
approve,openlibrary_OL16804624W,Mercury
approve,openlibrary_OL17822425W,Andymon
approve,openlibrary_OL17889012W,The only words that are worth remembering
approve,openlibrary_OL17929309W,Star Trek Corps of Engineers - Grand Designs
approve,openlibrary_OL1852659W,Star Trek Deep Space Nine - Bloodletter
approve,openlibrary_OL19166416W,Star Trek The Next Generation - Do Comets Dream?
approve,openlibrary_OL1921484W,Enterprise
approve,openlibrary_OL1960649W,Nightwings
approve,openlibrary_OL19763875W,Sanity & Tallulah
approve,openlibrary_OL19995937W,Willy Maykit in space
approve,openlibrary_OL20040421W,The World of Edena
approve,openlibrary_OL20935057W,The Seventh Voyage
approve,openlibrary_OL21307151W,Space Raptor Butt Trilogy
approve,openlibrary_OL2421572W,Star Trek - The Lost Years
approve,openlibrary_OL2421577W,Star Trek - Bloodthirst
approve,openlibrary_OL266010W,When the Tripods Came (The Tripods #0.5)
approve,openlibrary_OL2761319W,The Final Nexus
approve,openlibrary_OL2816425W,Star Trek The Next Generation - Survivors
approve,openlibrary_OL284194W,Star Trek Deep Space Nine - Avatar Book One
approve,openlibrary_OL2993217W,Star Trek The Next Generation - The Romulan Prize
approve,openlibrary_OL3092106W,Star Trek - Deep Domain
approve,openlibrary_OL3572415W,Star Trek Deep Space Nine - Betrayal
approve,openlibrary_OL4115134W,Star Wars - Black Fleet Crisis - Shield of Lies
approve,openlibrary_OL4115135W,Star Wars - Black Fleet Crisis - Tyrant's Test
approve,openlibrary_OL480294W,"Star Trek - Double, Double"
approve,openlibrary_OL5352750W,Operation
approve,openlibrary_OL5687545W,Star Trek Deep Space Nine - The Long Night
approve,openlibrary_OL5687549W,Star Trek Voyager - Section 31 - Shadow
approve,openlibrary_OL5687553W,Star Trek - Strange New Worlds II
approve,openlibrary_OL5687767W,Friend or Foe (Outernet)
approve,openlibrary_OL5948119W,The New Voyages 2
approve,openlibrary_OL6568087W,Star Trek
approve,openlibrary_OL8126235W,Star Trek New Frontier - House of Cards
approve,openlibrary_OL8126242W,Star Trek The Next Generation - Imzadi II - Triangle
approve,openlibrary_OL8126259W,Star Trek - New Frontier
approve,openlibrary_OL8269871W,Star Trek - Enemy Unseen
approve,openlibrary_OL8270122W,Star Trek The Next Generation - Gulliver's Fugitives
approve,openlibrary_OL8272707W,Star Trek Deep Space Nine - The Big Game
approve,openlibrary_OL8454432W,Star Trek - The Joy Machine
approve,openlibrary_OL909896W,Oxygen Level Zero (Mars Diaries)
approve,openlibrary_OL16698808W,Killer koalas from outer space
approve,openlibrary_OL17090752W,NeraI Naufraghi Delle Stelle
approve,openlibrary_OL17913900W,The Schnoz of Doom
approve,openlibrary_OL20942780W,Space penguins galaxy race!
approve,openlibrary_OL441130W,Commander Toad and the big black hole
approve,openlibrary_OL20333428W,CatStronauts
approve,openlibrary_OL3454754W,Walt Disney's Goofy in Giant Trouble
approve,openlibrary_OL6690119W,Strike Force
approve,openlibrary_OL8966195W,Infinite Ryvius
approve,openlibrary_OL13694789W,Captain Cal and the robot army
approve,openlibrary_OL15154509W,Tom Swift in the race to the Moon
approve,openlibrary_OL16188976W,Jacob Wonderbar and the cosmic space kapow
approve,openlibrary_OL16664199W,Racing the moon
approve,openlibrary_OL1970121W,Freddy and the space ship
approve,openlibrary_OL21288522W,Doctor Who : Web in Space
approve,openlibrary_OL4653554W,Tom Swift and his Outpost in Space
approve,openlibrary_OL473125W,Rocket to Luna
approve,openlibrary_OL8072658W,Sheep Blast Off!
approve,openlibrary_OL8366029W,Star Trek Adventures - The New Voyages
approve,openlibrary_OL16813073W,The Demon's Possession
approve,openlibrary_OL6244596W,The Initiation of PB500
approve,openlibrary_OL8110210W,Ellora's Cavemen
approve,openlibrary_OL8691325W,Astral Nights
approve,changes,Changes
approve,europe_at_midnight,Europe at Midnight
approve,in_the_shadow_of_swords,In the Shadow of Swords
approve,openlibrary_OL13956W,A Night in the Lonesome October
approve,openlibrary_OL15182418W,Blood Oath
approve,the_duke_of_uranium,The Duke of Uranium
approve,openlibrary_OL111657W,Up in Honey's Room
approve,openlibrary_OL13730336W,Agente Secreto Zero Zero Kappa
approve,openlibrary_OL14914310W,The God of the Hive
approve,openlibrary_OL16915198W,Going Rogue
approve,openlibrary_OL19996547W,Tom Clancy
approve,openlibrary_OL2257206W,Identity Theft
approve,openlibrary_OL23797W,The Riddle of the Sands
approve,openlibrary_OL24204911W,Star
approve,openlibrary_OL37623219W,Octopussy and the Living Daylights - Octopussy/The property of a lady/The living daylights/007 in New York
approve,openlibrary_OL48308W,Dangerous Dossiers
approve,openlibrary_OL16624546W,Angelmaker
approve,openlibrary_OL17190030W,Delilah dirk and the king's shilling
approve,openlibrary_OL17731851W,Biting the bullet
approve,openlibrary_OL17895023W,The dark deeps
approve,openlibrary_OL19827049W,Apocalypse to go
approve,openlibrary_OL20038321W,Blood crime
approve,openlibrary_OL27707669W,Skandal
approve,openlibrary_OL2994385W,Young Indiana Jones and the circle of death
approve,openlibrary_OL9003569W,Carinian's Seeker (Vampire Council of Ethics)
approve,openlibrary_OL15837850W,Lion eyes
approve,openlibrary_OL17820224W,The 14th colony
approve,openlibrary_OL1975557W,The spy novels of John le Carré
approve,openlibrary_OL20496516W,Spy
approve,openlibrary_OL8110216W,Killer secrets
approve,openlibrary_OL16636930W,The Red Ruby
approve,openlibrary_OL2421562W,Star Trek - Mindshadow
approve,openlibrary_OL115388W,Deadlock
approve,openlibrary_OL15044007W,The case of the chewable worms
approve,openlibrary_OL15131516W,An Absence of Light
approve,openlibrary_OL157690W,Without mercy
approve,openlibrary_OL17799223W,Live to see tomorrow
approve,openlibrary_OL17921102W,Retribution
approve,openlibrary_OL19710787W,The Ends of the Earth
approve,openlibrary_OL1978005W,Firewall -- Canadian Book Club
approve,openlibrary_OL20029252W,Secret Agent Man goes shopping for shoes
approve,openlibrary_OL145032W,Mapa del creador
approve,openlibrary_OL15297761W,Angel of Darkness
approve,openlibrary_OL4797922W,Angel in Jeopardy (Angel)
approve,openlibrary_OL4797923W,Angel in Red
approve,openlibrary_OL4797924W,Angel of Vengeance (Angel (Severn House))
approve,openlibrary_OL5682448W,His Dark and Dangerous Ways
approve,openlibrary_OL5739281W,CIRCLE AROUND THE SUN
approve,openlibrary_OL8124477W,Son of Holmes
approve,openlibrary_OL11651248W,The lemur
approve,openlibrary_OL137404W,Blindfold game
approve,openlibrary_OL14864697W,A gentleman's game
approve,openlibrary_OL14872071W,Murder in the Executive Mansion
approve,openlibrary_OL15190848W,Dead Spy Running
approve,openlibrary_OL15297758W,Angel of Doom
approve,openlibrary_OL15297759W,Angel Rising
approve,openlibrary_OL15420261W,Red
approve,openlibrary_OL157283W,Bad Company
approve,openlibrary_OL16420165W,Dead line
approve,openlibrary_OL16471457W,The Thief
approve,openlibrary_OL16498967W,Robert Ludlum's The Bourne imperative
approve,openlibrary_OL16643961W,Games traitors play
approve,openlibrary_OL17417492W,The Geneva Trap
approve,openlibrary_OL181814W,The little drummer girl
approve,openlibrary_OL19350551W,The Assassination Option
approve,openlibrary_OL19707516W,The Cairo affair
approve,openlibrary_OL20003830W,Code of conduct
approve,openlibrary_OL20026419W,A hero of France
approve,openlibrary_OL20055150W,Where dead men meet
approve,openlibrary_OL20243159W,Robert Ludlum's  The Patriot Attack
approve,openlibrary_OL20512712W,Under Occupation
approve,openlibrary_OL20639860W,The secret guests
approve,openlibrary_OL20892511W,What Doesn't Kill You
approve,openlibrary_OL2200095W,Old Boys
approve,openlibrary_OL23289W,Scoundrel (The Thrillers #5)
approve,openlibrary_OL23294W,Copperhead
approve,openlibrary_OL24172046W,Vortex
approve,openlibrary_OL2454246W,Robert Ludlum's Jason Bourne in The Bourne legacy
approve,openlibrary_OL2976296W,James Bond in John Gardner's death is forever
approve,openlibrary_OL3353287W,"Signed, Mata Hari"
approve,openlibrary_OL549414W,The devil's banker
approve,openlibrary_OL5727483W,Requiem for an Assassin
approve,openlibrary_OL8013760W,The Yellowcake Conspiracy
approve,openlibrary_OL9762022W,The Palestine Conspiracy
approve,openlibrary_OL97866W,Agents of Innocence
approve,openlibrary_OL14851438W,Dido and Pa (Wolves #7)
approve,openlibrary_OL15980223W,The family Hitchcock
approve,openlibrary_OL17525575W,Biggles Dangerous Missions
approve,openlibrary_OL175559W,Extreme denial
approve,openlibrary_OL175577W,Assumed identity
approve,openlibrary_OL18171075W,Smert£ na brudershaft
approve,openlibrary_OL19720204W,The quantum spy
approve,openlibrary_OL19969876W,Babayaga
approve,openlibrary_OL28166194W,The manipulators
approve,openlibrary_OL15024467W,Dangerous Secrets
approve,openlibrary_OL15174262W,Deliciously Dangerous
approve,openlibrary_OL15175657W,I'd Rather Fight Than Swish
approve,openlibrary_OL15183721W,Up Close and Dangerously Sexy
approve,openlibrary_OL20237007W,Slave Hunt
approve,openlibrary_OL25649085W,"Ace Lewis, International Agent"
approve,openlibrary_OL25649769W,Wild Borders
approve,openlibrary_OL5726488W,Lone Star surrender
approve,openlibrary_OL8052045W,Taming the fire
approve,openlibrary_OL41114W,Be Shot for Sixpence
approve,hardcover_1721787,V2: A novel of World War II
approve,hardcover_218074,Night Probe!
approve,hardcover_379324,The Faithful Spy
approve,hardcover_437179,Our Woman in Moscow
approve,hardcover_663456,Icon
approve,openlibrary_OL19337762W,Steampunk Poe (Balloon-Hoax / Bells / City in the Sea / Conqueror Worm / Dream Within a Dream / Fall of the House of Usher / Masque of the Red Death / Murders in the Rue Morgue / Raven / Spectacles / System of Dr. Tarr and Prof. Fether / Tell-Tale Heart / To Helen)
approve,openlibrary_OL16621352W,Steampunk
approve,openlibrary_OL17411846W,Disenchanted Co
approve,openlibrary_OL17331722W,Questionable practices
approve,openlibrary_OL17475578W,Luminous Chaos
approve,openlibrary_OL1852667W,Morlock Night
approve,openlibrary_OL19987884W,"Prophecies, libels and dreams"
approve,openlibrary_OL15456701W,The Buntline special
approve,openlibrary_OL13771735W,Headless stuntman
approve,openlibrary_OL16467130W,The Official Rocky Horror Picture Show Movie Novel
approve,openlibrary_OL16529211W,Dark star
approve,openlibrary_OL19663149W,The five stages of Andrew Brawley
approve,openlibrary_OL19734553W,Super Sorda
approve,openlibrary_OL6213633W,The adventures of Super Diaper Baby
approve,openlibrary_OL15951515W,Super black
approve,openlibrary_OL16099562W,Catawampus Tales
approve,openlibrary_OL16518075W,Villain school
approve,openlibrary_OL1917817W,Superman
approve,openlibrary_OL1955938W,Aces Abroad
approve,openlibrary_OL20049415W,The balance of power
approve,openlibrary_OL21247176W,"American Theology, Superhero Comics, and Cinema"
approve,openlibrary_OL2897798W,Watchmen
approve,openlibrary_OL15149710W,Pride & joy
approve,openlibrary_OL16415272W,"Geeks, girls, and secret identities"
approve,openlibrary_OL16646361W,Only superhuman
approve,openlibrary_OL17885727W,School for sidekicks
approve,openlibrary_OL17904315W,These are the guardians
approve,openlibrary_OL19658760W,A Little More Human: A Novel
approve,openlibrary_OL19735728W,Geeked Out
approve,openlibrary_OL19983654W,The Shadow Hero
approve,openlibrary_OL20042771W,"Red Riding Hood, superhero"
approve,openlibrary_OL20050153W,Wonder Woman and Justice League America
approve,openlibrary_OL20060137W,Justice League vs. Suicide Squad
approve,openlibrary_OL21147314W,"Comics, Trauma, and the New Art of War"
approve,openlibrary_OL5711535W,Operation Squish!
approve,openlibrary_OL5715239W,Grow up!
approve,openlibrary_OL16342409W,Captain Disaster
approve,openlibrary_OL16695135W,Superhero silliness
approve,openlibrary_OL20006790W,My brother is a superhero
approve,openlibrary_OL549472W,Meet The Gecko
approve,openlibrary_OL549474W,The power potion
approve,openlibrary_OL549504W,The Gecko and Sticky
approve,openlibrary_OL21284054W,Remaking History
approve,openlibrary_OL14854268W,Batman's dark secret
approve,openlibrary_OL15069570W,Mascot to the rescue!
approve,openlibrary_OL15090796W,Medikidz explain depression
approve,openlibrary_OL15153831W,Teenage wasteland
approve,openlibrary_OL15378656W,500 Great Comicbook Action Heroes
approve,openlibrary_OL15941437W,Fashion Kitty versus the B.O.Y.S.
approve,openlibrary_OL16263303W,The Avengers and philosophy
approve,openlibrary_OL16638302W,The beak strikes!
approve,openlibrary_OL1878594W,Sugar hero
approve,openlibrary_OL19715274W,The many lives of Catwoman
approve,openlibrary_OL19957987W,Secret invasion
approve,openlibrary_OL20583813W,Superheroes and Their Ancient Jewish Parallels
approve,openlibrary_OL20719401W,Does a Great Job
approve,openlibrary_OL20820248W,Invisible Men
approve,openlibrary_OL21019703W,Kick-Ass
approve,openlibrary_OL27062110W,El bien y el mal
approve,openlibrary_OL5749650W,The Ultimates
approve,openlibrary_OL5857471W,Love fights
approve,openlibrary_OL14962001W,The Gecko and Sticky in-- the villain's lair
approve,openlibrary_OL1955927W,Down & dirty
approve,openlibrary_OL19724217W,New York fantastic
approve,openlibrary_OL19970547W,Super stories of heroes & villains
approve,openlibrary_OL28762861W,Captain Mack and the giant squid
approve,openlibrary_OL5748393W,Race to the Tower of Power
approve,bloodshot,Bloodshot
approve,night_shift2,Night Shift
approve,openlibrary_OL12467545W,Vampire Kisses
approve,openlibrary_OL14906812W,My Big Fat Supernatural Wedding
approve,openlibrary_OL14963398W,Jane bites back
approve,openlibrary_OL14982396W,Shadow souls
approve,openlibrary_OL14992760W,Thirteen Years Later
approve,openlibrary_OL15059076W,The new kid in school is a vampire bat
approve,openlibrary_OL15078833W,Art in the Blood
approve,openlibrary_OL15082790W,Little vampire women
approve,openlibrary_OL15168768W,"Dark Angel, The Chosen, Soulmate"
approve,openlibrary_OL15184420W,Tenth Grade Bleeds
approve,openlibrary_OL15597341W,Darkened Hills
approve,openlibrary_OL15621360W,The Origins
approve,openlibrary_OL15854403W,In the shadow of the Vampire
approve,openlibrary_OL15975268W,Teeth
approve,openlibrary_OL16004832W,The vampire files
approve,openlibrary_OL16025403W,Borne in blood
approve,openlibrary_OL16109383W,Hellhole West Virginia
approve,openlibrary_OL16117200W,Night eternal
approve,openlibrary_OL16118466W,Vampire Beach 2
approve,openlibrary_OL16281703W,"My boyfriend bites or once bitten, twice shy"
approve,openlibrary_OL16342584W,Hemlock Grove
approve,openlibrary_OL1650992W,Vamps
approve,openlibrary_OL16557708W,Alchemy
approve,openlibrary_OL16564004W,The Triumph of Death
approve,openlibrary_OL17555662W,"Preacher, Book Two"
approve,openlibrary_OL17597102W,In the Absence of Sun
approve,openlibrary_OL17638700W,Buffy the Vampire Slayer (Buffy the Vampire Slayer
approve,openlibrary_OL17695506W,Blue moon
approve,openlibrary_OL17735259W,Cry to Heaven
approve,openlibrary_OL17852851W,Spirits of ash and foam
approve,openlibrary_OL17857187W,The fifth house of the heart
approve,openlibrary_OL17927294W,By blood we live
approve,openlibrary_OL1828380W,Prism of the night
approve,openlibrary_OL1865447W,The Gilda Stories
approve,openlibrary_OL19089956W,The Vampire Diaries
approve,openlibrary_OL19748972W,Serpentine
approve,openlibrary_OL20057627W,Penny dreadful
approve,openlibrary_OL24777843W,The Wisdom of Blood
approve,openlibrary_OL2720852W,Somewhere in the night
approve,openlibrary_OL2738175W,Buffy the Vampire Slayer
approve,openlibrary_OL2755229W,Hollywood gothic
approve,openlibrary_OL277730W,The Awakening
approve,openlibrary_OL28941064W,Vampire nation ; & Attack of the monster Venus melon!
approve,openlibrary_OL2989230W,"Vampires, mummies, and liberals"
approve,openlibrary_OL3234679W,"The secret life of Laszlo, Count Dracula"
approve,openlibrary_OL3240804W,Anne Rice
approve,openlibrary_OL3497190W,Vampire & Werewolf Stories
approve,openlibrary_OL3625242W,The Vampyre
approve,openlibrary_OL3877423W,Vampire legends in contemporary American culture
approve,openlibrary_OL4444210W,Dark reunion
approve,openlibrary_OL4444212W,The Fury and Dark Reunion
approve,openlibrary_OL4444213W,Huntress
approve,openlibrary_OL4444217W,Nightfall
approve,openlibrary_OL461888W,Incubus dreams
approve,openlibrary_OL461914W,Skin Trade
approve,openlibrary_OL461922W,Danse Macabre
approve,openlibrary_OL461933W,The Laughing Corpse (Anita Blake Vampire Hunter)
approve,openlibrary_OL461938W,"Anita Blake, Vampire Hunter"
approve,openlibrary_OL470256W,Dracula
approve,openlibrary_OL555822W,Angel
approve,openlibrary_OL5720865W,Bloodline Book Two
approve,openlibrary_OL5727053W,"Killers of the Dawn (Cirque Du Freak, The Saga of Darren Shan #9)"
approve,openlibrary_OL5730092W,Blood Retribution
approve,openlibrary_OL5730095W,Second Sunrise
approve,openlibrary_OL5730148W,Bride of the fat white vampire
approve,openlibrary_OL5730149W,Fat white vampire blues
approve,openlibrary_OL5756345W,High Stakes
approve,openlibrary_OL5964575W,Castlevania
approve,openlibrary_OL5995452W,The Vampire Cinema
approve,openlibrary_OL72404W,Vampire Breath
approve,openlibrary_OL72421W,Dangerous girls
approve,openlibrary_OL77828W,The Queen of the Damned
approve,openlibrary_OL790526W,Immortal
approve,openlibrary_OL8110490W,"Claimed By Shadow (Cassandra Palmer Series, Book 2)"
approve,openlibrary_OL8122359W,Darkside (Book 1)
approve,openlibrary_OL82382W,"Definitely Dead (Southern Vampire Mysteries, Book 6)"
approve,openlibrary_OL8333973W,Ninth Grade Slays (The Chronicles of Vladimir Tod)
approve,openlibrary_OL8333975W,Eleventh grade burns
approve,openlibrary_OL8494161W,Hellsing
approve,openlibrary_OL8783316W,Vampire knight
approve,openlibrary_OL8816893W,Bite Me!
approve,openlibrary_OL9046502W,Fang of the Vampire
approve,openlibrary_OL92655W,Sherlock Holmes vs. Dracula
approve,waking_nightmares,Waking Nightmares
approve,openlibrary_OL1000725W,Spooksville - Night of the vampire
approve,openlibrary_OL10022754W,Magic Lilly and the vampire with the wiggly tooth
approve,openlibrary_OL11967435W,One more bite
approve,openlibrary_OL14909206W,Bite
approve,openlibrary_OL14981032W,"Jealousy (Strange Angels, #3)"
approve,openlibrary_OL15025533W,Red moon rising
approve,openlibrary_OL15174910W,Bite Me
approve,openlibrary_OL15178457W,Ardeur
approve,openlibrary_OL15180129W,The Den of Shadows Quartet
approve,openlibrary_OL15187236W,Bad Blood
approve,openlibrary_OL15192562W,Unchained (The Dark Forgotten)
approve,openlibrary_OL15422060W,Kitty and the dead man's hand
approve,openlibrary_OL15537910W,End of days
approve,openlibrary_OL15921749W,The bite before Christmas
approve,openlibrary_OL16152967W,Bride of the night
approve,openlibrary_OL16342270W,Darkest at Dawn
approve,openlibrary_OL16517060W,Bloody good
approve,openlibrary_OL16524676W,Predators and Prey
approve,openlibrary_OL16601888W,Sexiest vampire alive
approve,openlibrary_OL16667096W,Forever vampire
approve,openlibrary_OL16766838W,The Salem branch
approve,openlibrary_OL17313991W,Vampalicious!
approve,openlibrary_OL17425005W,Angels Flight
approve,openlibrary_OL17596799W,Mythic Blood
approve,openlibrary_OL17711038W,Kitty raises hell
approve,openlibrary_OL17735522W,Highland beast
approve,openlibrary_OL17783671W,Darkest desire of the vampire
approve,openlibrary_OL17787206W,Daylighters
approve,openlibrary_OL17794927W,Don't kill the messenger
approve,openlibrary_OL17927643W,The red thirst
approve,openlibrary_OL19707517W,The King
approve,openlibrary_OL19710288W,Kicking it
approve,openlibrary_OL19955459W,De muerto en peor
approve,openlibrary_OL19978928W,Millennium snow
approve,openlibrary_OL19988270W,Otherworld Nights
approve,openlibrary_OL19997978W,Bloodkin
approve,openlibrary_OL20021599W,Blood in her veins
approve,openlibrary_OL20311943W,Dracula and Philosophy
approve,openlibrary_OL21529886W,Possessed by a Warrior
approve,openlibrary_OL23193490W,Little Dead Riding Hood
approve,openlibrary_OL23203069W,Cherry bomb
approve,openlibrary_OL24139395W,Soul to Keep
approve,openlibrary_OL24646838W,Drawing vampires
approve,openlibrary_OL5683695W,"Be Still My Vampire Heart (Love at Stake, Book 3)"
approve,openlibrary_OL5683835W,Dark Hunger
approve,openlibrary_OL5683939W,The Burning
approve,openlibrary_OL5684124W,"Chasing Midnight (The Roaring Twenties Supernaturals Series, Book 1)"
approve,openlibrary_OL5685305W,Bloodline
approve,openlibrary_OL5697326W,His forgotten forever
approve,openlibrary_OL5698091W,"Lord of the Night (Night Slayer, Book 4)"
approve,openlibrary_OL5709570W,The parliament of blood
approve,openlibrary_OL5738506W,The awakening
approve,openlibrary_OL6037471W,Dear Vampa
approve,openlibrary_OL7978672W,Rabbit-cadabra!
approve,openlibrary_OL803790W,Night Spies
approve,openlibrary_OL8115858W,Una granita di mosche per il Conte
approve,openlibrary_OL8287177W,The Annotated Sherlock Holmes [2/2]
approve,openlibrary_OL8488892W,Vampire Academy
approve,openlibrary_OL8541667W,Blood Kin (Pinnacle Horror)
approve,openlibrary_OL8751925W,Twilight Hour
approve,openlibrary_OL9756071W,Night Biters
approve,openlibrary_OL100070W,Demon in My View
approve,openlibrary_OL102421W,Vampire Junction
approve,openlibrary_OL111457W,Morrigan's Cross
approve,openlibrary_OL11787183W,Jessica's guide to dating on the dark side
approve,openlibrary_OL11893W,Bunnicula strikes again!
approve,openlibrary_OL11904W,Harold and Chester in Rabbit-Cadabra
approve,openlibrary_OL12005900W,Svetlana Grimm and the Circle of Red
approve,openlibrary_OL13652223W,Sucks to be me
approve,openlibrary_OL13694772W,Vamped
approve,openlibrary_OL13730922W,Bite me!
approve,openlibrary_OL13804766W,The Vampire Mystery
approve,openlibrary_OL14906127W,Eternal Lover
approve,openlibrary_OL14906134W,The Renegade Hunter
approve,openlibrary_OL14906135W,Undead in the Garden of Good and Evil / The Claire Switch Project / Chaotic / Dead Man Dating
approve,openlibrary_OL14906170W,"Secret Life of a Vampire (Love at Stake, Book 6)"
approve,openlibrary_OL14906399W,Dark Peril
approve,openlibrary_OL14907717W,Surrogate Evil
approve,openlibrary_OL14909424W,Tales of the Otherworld
approve,openlibrary_OL14909433W,Master of Fire
approve,openlibrary_OL14909460W,Vampire Kisses 7
approve,openlibrary_OL14909856W,Love Me Forever
approve,openlibrary_OL14911197W,Blood Red
approve,openlibrary_OL14924993W,Must love hellhounds
approve,openlibrary_OL14933256W,Destined for an Early Grave
approve,openlibrary_OL14933260W,At Grave's End
approve,openlibrary_OL14937827W,Ashes of Midnight
approve,openlibrary_OL14937828W,Shades of Midnight
approve,openlibrary_OL14954388W,Touch of Surrender (Hqn)
approve,openlibrary_OL15078858W,Dark road rising
approve,openlibrary_OL15103604W,Bunnicula escapes!
approve,openlibrary_OL15104158W,Into the Dark
approve,openlibrary_OL15155309W,The vampire's vacation
approve,openlibrary_OL15166983W,Vampire Valentine / Hearts Untamed / Kiss and Kill Cupid
approve,openlibrary_OL15169235W,Cody
approve,openlibrary_OL15177658W,A New Dawn: Your Favorite Authors on Stephenie Meyer's Twilight Series
approve,openlibrary_OL15179553W,Sunrise in a Garden of Love & Evil
approve,openlibrary_OL15179695W,The Eye of the Moon
approve,openlibrary_OL15182721W,Many Bloody Returns
approve,openlibrary_OL15192071W,Queene of Light
approve,openlibrary_OL15287934W,The Werewolf Club meets Dorkula
approve,openlibrary_OL15361981W,Born to Bite
approve,openlibrary_OL15383377W,Bespelling Jane Austen
approve,openlibrary_OL15385834W,Siren Song
approve,openlibrary_OL15386762W,Taken by Midnight
approve,openlibrary_OL15413861W,Unbalanced
approve,openlibrary_OL15440794W,"And falling, fly"
approve,openlibrary_OL15506883W,Out for blood
approve,openlibrary_OL15506901W,Fat vampire
approve,openlibrary_OL15586705W,Scary School
approve,openlibrary_OL15616000W,Blood ninja II
approve,openlibrary_OL15672266W,Blood ties
approve,openlibrary_OL15676391W,This Side of the Grave
approve,openlibrary_OL15688556W,Midnight
approve,openlibrary_OL15692058W,The Abused Werewolf Rescue Group
approve,openlibrary_OL15884139W,Casketball capers
approve,openlibrary_OL15884140W,Ghoul trip
approve,openlibrary_OL15897270W,The twilight circus
approve,openlibrary_OL15932709W,Sacrifice
approve,openlibrary_OL15946993W,Plain fear
approve,openlibrary_OL15976077W,Blessed
approve,openlibrary_OL15976909W,"Hard Bitten (Chicagoland Vampires, #4)"
approve,openlibrary_OL15999335W,After midnight
approve,openlibrary_OL16002533W,The Gift / Home for the Holidays
approve,openlibrary_OL16010195W,Emma and the vampires
approve,openlibrary_OL16014584W,"Drink Deep (Chicagoland Vampires, #5)"
approve,openlibrary_OL16014585W,Temptation at twilight
approve,openlibrary_OL16069256W,Aunt Dimity
approve,openlibrary_OL16071619W,Unleashed
approve,openlibrary_OL16118342W,Vampire Kisses 8
approve,openlibrary_OL16125978W,Queen of kings
approve,openlibrary_OL16134440W,Team Human
approve,openlibrary_OL16134676W,Commedia della morte
approve,openlibrary_OL16139144W,Red wet dirt
approve,openlibrary_OL16190778W,Retribution
approve,openlibrary_OL16263658W,Teacher screecher
approve,openlibrary_OL16340850W,"Strange Angels & Betrayals (Strange Angels, #1-2)"
approve,openlibrary_OL16360708W,The Blood Coven Vampires
approve,openlibrary_OL16361055W,Fang girl
approve,openlibrary_OL16414294W,Vampire Academy
approve,openlibrary_OL16415385W,Soul bound
approve,openlibrary_OL16442589W,Vampires are not your friends
approve,openlibrary_OL16475173W,Vampire mine
approve,openlibrary_OL16509083W,Crave
approve,openlibrary_OL1650969W,After dark
approve,openlibrary_OL16510095W,The gremlin's curse
approve,openlibrary_OL16517784W,Kitty's house of horrors
approve,openlibrary_OL16517882W,Prince of Dorkness
approve,openlibrary_OL16524499W,Gemini Bites
approve,openlibrary_OL16529183W,Vampire Kisses 9
approve,openlibrary_OL16531989W,Kiss the dead
approve,openlibrary_OL16557755W,Blood Moon
approve,openlibrary_OL16564564W,Incarnation
approve,openlibrary_OL16567624W,The eternal tomb
approve,openlibrary_OL16584844W,The bitter seed of magic
approve,openlibrary_OL16589189W,Highland Hunger
approve,openlibrary_OL16607691W,Spooky friends
approve,openlibrary_OL16667105W,Blood rights
approve,openlibrary_OL16794742W,...Si la sfarsit a mai ramas cosmarul (...And Then The Nightmare Came At Last - A Dark Vampire Tale)
approve,openlibrary_OL16937955W,Miss Mary is scary!
approve,openlibrary_OL17203414W,Boundary Crossed
approve,openlibrary_OL17203415W,Dead Spots
approve,openlibrary_OL17440604W,One Lucky Vampire
approve,openlibrary_OL17442665W,God Save The Queen
approve,openlibrary_OL17459314W,Never Been Bit
approve,openlibrary_OL17473450W,Murder In Vein A Fangincheek Mystery
approve,openlibrary_OL17484393W,Twisted
approve,openlibrary_OL17488826W,"House Rules (Chicagoland Vampires, #7)"
approve,openlibrary_OL17492439W,Kiss Of Revenge
approve,openlibrary_OL17525787W,Black City
approve,openlibrary_OL17546974W,How To Draw Goosebumps
approve,openlibrary_OL17554715W,Shadows Claim The Dacians
approve,openlibrary_OL17563310W,Kitty Rocks the House
approve,openlibrary_OL17566893W,Hexed
approve,openlibrary_OL17654843W,Consume
approve,openlibrary_OL17681409W,"I kissed a zombie, and I liked it"
approve,openlibrary_OL17701581W,Let them eat stake
approve,openlibrary_OL17804291W,By a thread
approve,openlibrary_OL17828010W,Human for a day
approve,openlibrary_OL17863483W,Werewolf smackdown
approve,openlibrary_OL17870521W,Box office poison
approve,openlibrary_OL17887320W,The vampire bewitched
approve,openlibrary_OL17898076W,Becoming darkness
approve,openlibrary_OL17900287W,A vampire for Christmas
approve,openlibrary_OL17928533W,Eventide
approve,openlibrary_OL17928720W,Prophecy girl
approve,openlibrary_OL18011156W,Touched by a vampire
approve,openlibrary_OL18020222W,Blood Fury
approve,openlibrary_OL18153725W,Blood and bullets
approve,openlibrary_OL18166504W,Deep in the woods
approve,openlibrary_OL18178459W,Seduced by blood
approve,openlibrary_OL18200743W,Edge of Darkness
approve,openlibrary_OL1843525W,Vampires
approve,openlibrary_OL1851489W,Vampire Island
approve,openlibrary_OL18574909W,Fangtastic!
approve,openlibrary_OL18652051W,Jane Slayre
approve,openlibrary_OL18698312W,Blood ninja
approve,openlibrary_OL19131813W,Undead and Unworthy
approve,openlibrary_OL19339752W,To Dance With the Devil (The Blood Singer Novels)
approve,openlibrary_OL19544952W,About A Vampire
approve,openlibrary_OL19661425W,The Thief: A Novel of the Black Dagger Brotherhood
approve,openlibrary_OL19749328W,Dark Sentinel
approve,openlibrary_OL19753351W,Vampires Like It Hot
approve,openlibrary_OL19754686W,Isadora Moon goes to the ballet
approve,openlibrary_OL1979135W,Beneath a blood red moon
approve,openlibrary_OL19860808W,Immortal Ever After
approve,openlibrary_OL19863664W,The Immortal Hunter
approve,openlibrary_OL19915991W,On The Hunt
approve,openlibrary_OL19956723W,Daughter of Light
approve,openlibrary_OL19960185W,Twin spins!
approve,openlibrary_OL19964527W,Twice Tempted
approve,openlibrary_OL19967580W,Kitty in the underworld
approve,openlibrary_OL19969991W,After daybreak
approve,openlibrary_OL19976841W,Night owls
approve,openlibrary_OL19982104W,Flying solo
approve,openlibrary_OL19982122W,Shadow Falls After Dark
approve,openlibrary_OL19984643W,Undead and unwary
approve,openlibrary_OL19987718W,Lailah
approve,openlibrary_OL20008450W,My dog is better than your dog
approve,openlibrary_OL20020529W,Dark Promises
approve,openlibrary_OL20026383W,Midnight marked
approve,openlibrary_OL20040877W,It's a doggy dog world
approve,openlibrary_OL2006405W,The fabulous Fantoras
approve,openlibrary_OL20142351W,Wayward Son
approve,openlibrary_OL20147880W,Hunter's Rise
approve,openlibrary_OL20894082W,Biting Nixie
approve,openlibrary_OL20895626W,The dragon hammer
approve,openlibrary_OL21186800W,House of the rising sun
approve,openlibrary_OL22057843W,Effrayons les monstres!
approve,openlibrary_OL22308635W,Wild about you
approve,openlibrary_OL22308665W,The vampire with the dragon tattoo
approve,openlibrary_OL2247544W,The reformed vampire support group
approve,openlibrary_OL22638917W,The dark heroine
approve,openlibrary_OL22639423W,Notes from a hairy-not-scary werewolf
approve,openlibrary_OL22666398W,Buffy and the Art of Story Season One
approve,openlibrary_OL23304725W,The littlest vampire's story
approve,openlibrary_OL23330885W,Fangs a lot
approve,openlibrary_OL24206968W,Jóvenes vampiros
approve,openlibrary_OL24212004W,Twice Bitten
approve,openlibrary_OL24280259W,Le sang de l'épouvanteur
approve,openlibrary_OL24601242W,Mile High with a Vampire
approve,openlibrary_OL24648323W,Hex on the Beach
approve,openlibrary_OL24670510W,The Witch Doctor Is In
approve,openlibrary_OL24832780W,The Illuminati's promise
approve,openlibrary_OL24920434W,Nectar
approve,openlibrary_OL25207432W,Where the Wild Things Bite
approve,openlibrary_OL26185219W,Sombre secret
approve,openlibrary_OL26448994W,Mission royale pour Rouge-Babine
approve,openlibrary_OL2670099W,Great-Uncle Dracula
approve,openlibrary_OL26772648W,After the Bite
approve,openlibrary_OL27719308W,For whom the spell tolls
approve,openlibrary_OL28172930W,Vampires
approve,openlibrary_OL28961296W,The Endangered
approve,openlibrary_OL31081W,The vampire brides
approve,openlibrary_OL3500286W,Little Vampire and the Midnight Bear
approve,openlibrary_OL3522029W,Seize the night
approve,openlibrary_OL3546538W,Dracula
approve,openlibrary_OL4028742W,Holiday with a vampire II
approve,openlibrary_OL461925W,Narcissus in chains
approve,openlibrary_OL47259W,Midnight's choice
approve,openlibrary_OL48096W,Vunce upon a time
approve,openlibrary_OL4850072W,Leo's Midnight Rescue
approve,openlibrary_OL5090656W,"Vampires, burial, and death"
approve,openlibrary_OL544360W,Dracula steps out
approve,openlibrary_OL555766W,Keep Me in Mind (Stake Your Destiny)
approve,openlibrary_OL5682575W,The good girls' guide to getting even
approve,openlibrary_OL5682670W,Wicked Nights
approve,openlibrary_OL5682675W,Dead Sexy
approve,openlibrary_OL5682683W,Just One Bite
approve,openlibrary_OL5682781W,Moon called
approve,openlibrary_OL5682975W,The Accidental Vampire
approve,openlibrary_OL5682978W,Bite me if you can
approve,openlibrary_OL5682980W,A bite to remember
approve,openlibrary_OL5682992W,Single White Vampire
approve,openlibrary_OL5683006W,"Tall, Dark & Hungry"
approve,openlibrary_OL5683690W,All I want for Christmas is a vampire
approve,openlibrary_OL5683837W,Dark Possession
approve,openlibrary_OL5683853W,Dark Symphony
approve,openlibrary_OL5683867W,Dark Destiny
approve,openlibrary_OL5683893W,Dark Celebration
approve,openlibrary_OL5684139W,Dark Of The Moon
approve,openlibrary_OL5685366W,Angel's pain
approve,openlibrary_OL5736829W,Little Vampire
approve,openlibrary_OL5736830W,Little Vampire does Kung Fu!
approve,openlibrary_OL5736831W,Little vampire goes to school
approve,openlibrary_OL5738529W,The darkness
approve,openlibrary_OL5754445W,"Undead and Unpopular (Queen Betsy, Book 5)"
approve,openlibrary_OL5754453W,Undead and uneasy
approve,openlibrary_OL5756329W,Bled Dry
approve,openlibrary_OL5805838W,Night rising
approve,openlibrary_OL5815470W,Vampire Kisses 6
approve,openlibrary_OL5823367W,Suck it up
approve,openlibrary_OL5826845W,Don't Talk Back to Your Vampire
approve,openlibrary_OL5826850W,Wait till your vampire gets home
approve,openlibrary_OL5852241W,Boys that bite
approve,openlibrary_OL5888091W,"Dead Witch Walking (Rachel Morgan, Book 1)"
approve,openlibrary_OL6043971W,Vampire hunt
approve,openlibrary_OL7910734W,The vampire's quest
approve,openlibrary_OL7978685W,The Vampire Bunny
approve,openlibrary_OL7989179W,Vikram and the Vampire
approve,openlibrary_OL8110283W,Hunting the Hunter
approve,openlibrary_OL8110312W,Stake That!
approve,openlibrary_OL8110367W,Real Vampires Don't Diet
approve,openlibrary_OL8126414W,Key to Conspiracy
approve,openlibrary_OL82365W,A touch of dead
approve,openlibrary_OL8369453W,"Kiss of Crimson (The Midnight Breed, Book 2)"
approve,openlibrary_OL8369456W,"Midnight Rising (The Midnight Breed, Book 4)"
approve,openlibrary_OL84115W,The stress of her regard
approve,openlibrary_OL8536114W,"Ashes to Ashes (Blood Ties, Book 3)"
approve,openlibrary_OL8777002W,Scions
approve,openlibrary_OL8831094W,The Book of Vampire
approve,openlibrary_OL8842704W,Hotter After Midnight
approve,openlibrary_OL8958919W,The accidental human
approve,openlibrary_OL9210439W,"Another One Bites the Dust (Jaz Parks, Book 2)"
approve,openlibrary_OL9210440W,"Biting the Bullet (Jaz Parks, Book 3)"
approve,openlibrary_OL17493253W,Dirty Bertie
approve,openlibrary_OL17868194W,The book of blood
approve,openlibrary_OL21899577W,Adventure Time
approve,openlibrary_OL24855651W,The Big Book of Serial Killers
approve,openlibrary_OL276675W,By Their Father's Hand
approve,openlibrary_OL82380W,Grave Surprise
approve,openlibrary_OL15186916W,The Dead Travel Fast
approve,openlibrary_OL17427932W,Mortensens Escapades
approve,openlibrary_OL14981450W,Addicted
approve,openlibrary_OL15004742W,The Aluria Chronicles
approve,openlibrary_OL15021546W,Vampire mistress
approve,openlibrary_OL15021547W,Beloved vampire
approve,openlibrary_OL15187431W,Seduced By Darkness
approve,openlibrary_OL15979884W,Jace
approve,openlibrary_OL16444062W,Blood cursed
approve,openlibrary_OL16811560W,Scion's Avalon
approve,openlibrary_OL19952354W,Girls who bite
approve,openlibrary_OL2022175W,"Carmilla, the Return"
approve,openlibrary_OL20649495W,Darkness unleashed
approve,openlibrary_OL2295862W,Hard men
approve,openlibrary_OL276693W,Return to Me
approve,openlibrary_OL461951W,Strange Candy
approve,openlibrary_OL5730035W,Homosex
approve,openlibrary_OL5808048W,My sister is a werewolf
approve,openlibrary_OL5836959W,Bond of Blood
approve,openlibrary_OL8032291W,Wicked Game
approve,openlibrary_OL8110454W,A vampire's claim
approve,openlibrary_OL8368827W,House of Dark Delights
approve,openlibrary_OL8368828W,In the garden of sin
approve,openlibrary_OL8488808W,Sin
approve,openlibrary_OL8488900W,Sins of the Night
approve,openlibrary_OL8777021W,Caleb
approve,openlibrary_OL8777331W,Dalakis Passion
approve,openlibrary_OL8777332W,Tapestry Dreams
approve,openlibrary_OL8935463W,Blood Lust Chronicles
approve,openlibrary_OL8939686W,Forbidden
approve,openlibrary_OL9467229W,Carnal Possession
approve,hardcover_150487,The Last American Vampire
approve,hardcover_272857,Obsidian Butterfly
approve,hardcover_467066,Orange World and Other Stories
approve,hardcover_482704,Birth of a Killer
approve,hardcover_632915,KIZUMONOGATARI: Wound Tale (Light Novel)
approve,hardcover_67033,The Pearl of the Soul of the World
approve,openlibrary_OL1000419W,Warlock
approve,openlibrary_OL1000774W,Spooksville - Witch's Revenge
approve,openlibrary_OL1103104W,Gothic Tales
approve,openlibrary_OL112538W,Jinx High
approve,openlibrary_OL112558W,Burning Water
approve,openlibrary_OL11976326W,Attack of the Fiend
approve,openlibrary_OL11999550W,The stone child
approve,openlibrary_OL14863226W,The stories and fables of Ambrose Bierce
approve,openlibrary_OL15553502W,Spellbinder
approve,openlibrary_OL16175881W,"Grimalkin, the witch assassin"
approve,openlibrary_OL16535888W,The Spook's Bestiary
approve,openlibrary_OL16681359W,Lure of the dead
approve,openlibrary_OL16793852W,Rise of the Huntress (The Last Apprentice #7)
approve,openlibrary_OL17372808W,Took
approve,openlibrary_OL17571188W,Dont Enter The House
approve,openlibrary_OL17766W,The Blood Countess
approve,openlibrary_OL18820885W,A New Darkness (Starblade Chronicles)
approve,openlibrary_OL18820886W,The Dark Army
approve,openlibrary_OL19722894W,Spook's Dark Assassin
approve,openlibrary_OL19956392W,La garra del hombre lobo
approve,openlibrary_OL20009115W,The October faction
approve,openlibrary_OL25252170W,"The Ripper (Next Life, #2)"
approve,openlibrary_OL273248W,Murder for Halloween
approve,openlibrary_OL3928264W,The horrible spookhouse
approve,openlibrary_OL4444214W,Initiation
approve,openlibrary_OL5235146W,The Short Story
approve,openlibrary_OL5683495W,High Druid of Shannara
approve,openlibrary_OL5730475W,Witch Child
approve,openlibrary_OL5973390W,Mike Mignola's B.P.R.D
approve,openlibrary_OL60109W,"The Pinhoe Egg (Chrestomanci, Book 6)"
approve,openlibrary_OL7978717W,Harold & Chester in Scared Silly
approve,openlibrary_OL9804113W,Amber Shadows and the Missing Wands
approve,sword_of_the_north,Sword of the North
approve,openlibrary_OL109414W,The Hero and the Crown
approve,openlibrary_OL14920182W,Witch & wizard
approve,openlibrary_OL15174698W,Vacations from Hell
approve,openlibrary_OL15527647W,Blonde with a wand
approve,openlibrary_OL16516734W,The highwayman
approve,openlibrary_OL17208223W,Battle of the Beasts
approve,openlibrary_OL17359908W,Yellow Brick War
approve,openlibrary_OL17844503W,Bella Tabbypaw in trouble
approve,openlibrary_OL2004614W,Ceremony
approve,openlibrary_OL20457699W,Escape to Witch Mountain
approve,openlibrary_OL20588966W,Diary of a Minecraft Chicken Jockey BATTLE STEED - Book 2
approve,openlibrary_OL262391W,Glinda of Oz
approve,openlibrary_OL4041609W,Witch in the House
approve,openlibrary_OL4313064W,Witchy Woman
approve,openlibrary_OL453737W,A Hat Full of Sky
approve,openlibrary_OL453748W,The Wee Free Men
approve,openlibrary_OL45886W,The Witches
approve,openlibrary_OL4975043W,The Muppets Go Camping
approve,openlibrary_OL5685304W,"Bewitched, Bthered, And Bewildered"
approve,openlibrary_OL5693096W,The Untamed One
approve,openlibrary_OL5715755W,The Sacrifice
approve,openlibrary_OL66347W,The Crucible
approve,openlibrary_OL70988W,The Chronicles of Narnia
approve,openlibrary_OL71078W,The Silver Chair
approve,openlibrary_OL71080W,"Tales of Narnia (The Magician's Nephew / The Lion, The Witch and the Wardrobe / The Horse and His Boy)"
approve,openlibrary_OL796480W,Brida
approve,openlibrary_OL1000381W,"Prom time. (Sabrina, The Teenage Witch No. 21)"
approve,openlibrary_OL1000384W,Salem on Trial (Sabrina the Teenage Witch #8)
approve,openlibrary_OL104400W,Hansel and Gretel
approve,openlibrary_OL12304311W,Last rituals
approve,openlibrary_OL137213W,The Blue-Eyed Witch
approve,openlibrary_OL13745556W,Unfamiliar magic
approve,openlibrary_OL14909214W,Mysteria Lane
approve,openlibrary_OL14932795W,The witch's grave
approve,openlibrary_OL14936986W,Out of the Woods
approve,openlibrary_OL14954387W,Touch of Seduction (Hqn)
approve,openlibrary_OL15082686W,A Most Improper Magick
approve,openlibrary_OL15145648W,Magic and the Modern Girl
approve,openlibrary_OL15172916W,Belong to the Night
approve,openlibrary_OL15176318W,The Dangerous Book For Demon Slayers
approve,openlibrary_OL15176828W,Casual Hex
approve,openlibrary_OL15209476W,The soprano sorceress
approve,openlibrary_OL15399587W,Vacations from Hell
approve,openlibrary_OL15473074W,Mistress of the Storm
approve,openlibrary_OL15542530W,"Vicious Circle (Persephone Alcmedi, #1)"
approve,openlibrary_OL15746076W,"The three witches; or, The combination dream dictionary"
approve,openlibrary_OL15836226W,A feather of stone
approve,openlibrary_OL15838631W,A necklace of water
approve,openlibrary_OL15881747W,Plain Kate
approve,openlibrary_OL16099576W,The Near Witch
approve,openlibrary_OL16112080W,The Initiation & The Captive part 1
approve,openlibrary_OL16215136W,The Brixen Witch
approve,openlibrary_OL16311068W,The Princess and the Pig
approve,openlibrary_OL16499587W,Homesick witch
approve,openlibrary_OL16529226W,The hero's guide to saving your kingdom
approve,openlibrary_OL16643593W,Hereville
approve,openlibrary_OL16668687W,Heart of stone
approve,openlibrary_OL17272922W,Into the woods
approve,openlibrary_OL17462670W,The Angel Stone A Novel
approve,openlibrary_OL17686941W,Season of the witch
approve,openlibrary_OL17710050W,The Dark Prophecy
approve,openlibrary_OL17732328W,Time of the witches
approve,openlibrary_OL17822889W,Witch Wars
approve,openlibrary_OL17841386W,Cheshire Crossing
approve,openlibrary_OL17872723W,Wildalone
approve,openlibrary_OL17921183W,Sweetly
approve,openlibrary_OL18165278W,The Scottish witch
approve,openlibrary_OL1842001W,The kelpie's pearls
approve,openlibrary_OL19068039W,Strange Grace
approve,openlibrary_OL19353652W,The Curse
approve,openlibrary_OL19720043W,The witch boy
approve,openlibrary_OL19740011W,How Long 'Til Black Future Month
approve,openlibrary_OL19755944W,A Natural History of Hell: Stories
approve,openlibrary_OL19960156W,The winter witch
approve,openlibrary_OL19974095W,Ghost medicine
approve,openlibrary_OL19981117W,The goodbye witch
approve,openlibrary_OL20020547W,The return of the witch
approve,openlibrary_OL20037250W,Disenchanted
approve,openlibrary_OL20890055W,Sparkle Witch (The lazy Girl’s Guide to Magic #3.5)
approve,openlibrary_OL21742535W,The Year I Flew Away
approve,openlibrary_OL2295540W,Celandine (The Touchstone Trilogy #2)
approve,openlibrary_OL23170872W,The thirteenth sacrifice
approve,openlibrary_OL23194846W,The broken spell
approve,openlibrary_OL23209827W,The witches of Echo Park
approve,openlibrary_OL24818426W,Joy of Witchcraft
approve,openlibrary_OL2557250W,The Frog Princess
approve,openlibrary_OL2557255W,The salamander spell
approve,openlibrary_OL2660316W,Sorcery & Cecelia
approve,openlibrary_OL27043838W,"Three Kisses, One Midnight"
approve,openlibrary_OL27525117W,The Laws of Magic
approve,openlibrary_OL27683078W,Azul para las pesadillas
approve,openlibrary_OL28941072W,Boil
approve,openlibrary_OL29257912W,Dominic
approve,openlibrary_OL29897W,The Witches of Worm
approve,openlibrary_OL3008160W,"Hopi stories of witchcraft, shamanism, and magic"
approve,openlibrary_OL3474638W,Fantasy Stories
approve,openlibrary_OL3550895W,The priest of blood
approve,openlibrary_OL3565996W,Age of Aquariums
approve,openlibrary_OL4444235W,Heart of Valor
approve,openlibrary_OL4444237W,The Night of the Solstice
approve,openlibrary_OL4624072W,The Witch Must Die
approve,openlibrary_OL496116W,A Bad Spell for the Worst Witch (The Worst Witch #3)
approve,openlibrary_OL5255369W,Wicked by Any Other Name
approve,openlibrary_OL5683859W,The twilight before Christmas
approve,openlibrary_OL5685321W,Eternal Love
approve,openlibrary_OL5691365W,Wild & Hexy
approve,openlibrary_OL5691376W,Over Hexed
approve,openlibrary_OL5717334W,The witch's boy
approve,openlibrary_OL60176W,The time of the witch
approve,openlibrary_OL7910735W,Veiled truth
approve,openlibrary_OL8033276W,Sorcery and the Single Girl
approve,openlibrary_OL8460139W,Harry Potter (series) 1-4
approve,openlibrary_OL9789906W,Lost In Oz
approve,openlibrary_OL111493W,Captivated
approve,openlibrary_OL17826429W,Understanding The crucible
approve,openlibrary_OL2991478W,Macbeth
approve,openlibrary_OL7796773W,CliffsNotes on Miller's The crucible
approve,openlibrary_OL14858406W,Doomsday book
approve,openlibrary_OL17710479W,Shadowcaster
approve,openlibrary_OL17893149W,Camelot burning
approve,openlibrary_OL3567794W,Star Wars - Fate of the Jedi - Outcast
approve,openlibrary_OL37826293W,Nexus
approve,openlibrary_OL3847246W,The worm Ouroboros
approve,openlibrary_OL82522W,Black Unicorn
approve,openlibrary_OL8992970W,Hex education
approve,openlibrary_OL11547060W,School plot
approve,openlibrary_OL12367026W,Novel destinations
approve,openlibrary_OL14926253W,Shadow man
approve,openlibrary_OL17405274W,The Curse Of The Chocolate Phoenix
approve,openlibrary_OL17415061W,Winnie Says Cheese
approve,openlibrary_OL19286593W,Witch Switch (Witch Wars Book 2)
approve,openlibrary_OL21237354W,Walt Disney's Donald Duck
approve,openlibrary_OL23344W,Winnie in winter
approve,openlibrary_OL483043W,My unwilling witch gets a makeover
approve,openlibrary_OL483046W,My unwilling witch goes to ballet school
approve,openlibrary_OL496118W,The Worst Witch (The Worst Witch #1)
approve,openlibrary_OL53704W,Murder in a cathedral
approve,openlibrary_OL9302808W,The Lace Reader
approve,openlibrary_OL9313171W,Winnie Flies Again
approve,openlibrary_OL112476W,A Break with Charity
approve,openlibrary_OL20049299W,Midnight Hour
approve,openlibrary_OL23223192W,Hansel and Gretel and the green witch
approve,openlibrary_OL23231W,The Pale Horseman
approve,openlibrary_OL2634646W,"People of the Sea (North America's Forgotten Past, Book Five)"
approve,openlibrary_OL2647293W,The Forest
approve,openlibrary_OL27413855W,Weyward
approve,openlibrary_OL3929007W,Damiano
approve,openlibrary_OL483049W,My unwilling witch sleeps over
approve,openlibrary_OL483052W,My unwilling witch starts a girl band
approve,openlibrary_OL5685617W,The iron curtain
approve,openlibrary_OL15054232W,The devil's door
approve,openlibrary_OL15836705W,Grave goods
approve,openlibrary_OL16151914W,The mystic manuscript
approve,openlibrary_OL17872884W,Adventure time - The untamed scoundrel
approve,openlibrary_OL18009170W,Kiki's delivery service 3
approve,openlibrary_OL19926605W,The Importance of Being Otis
approve,openlibrary_OL20871776W,My smoky bacon crisp obsession
approve,openlibrary_OL5715725W,The minister's daughter
approve,openlibrary_OL731614W,Magic Trixie and the dragon
approve,openlibrary_OL8367116W,Damiano's Lute
approve,openlibrary_OL1000826W,Witch
approve,openlibrary_OL10540181W,Variations
approve,openlibrary_OL13752009W,Baga Jaga je snijela jaje
approve,openlibrary_OL14871878W,Looking for Jake
approve,openlibrary_OL15107608W,It's Fine to Be Nine
approve,openlibrary_OL15653158W,Rhönmärchen
approve,openlibrary_OL15855775W,First light
approve,openlibrary_OL17377426W,Nitty Winnie
approve,openlibrary_OL17580284W,My Epic Fairy Tale Fail
approve,openlibrary_OL19984131W,Witchrise
approve,openlibrary_OL20915958W,"Bone, fog, ash & star"
approve,openlibrary_OL2182857W,The devil on the road
approve,openlibrary_OL28758051W,The New Team
approve,openlibrary_OL3243766W,El Arroyo De LA Llorona
approve,openlibrary_OL45861W,Roald Dahl Treasury
approve,openlibrary_OL66207W,Leaping Beauty
approve,openlibrary_OL13760001W,Lord of the deep
approve,openlibrary_OL15137251W,Dark Magic
approve,openlibrary_OL19710900W,Man of the year
approve,openlibrary_OL21432568W,Dark Fairy Tales
approve,openlibrary_OL23172004W,Storm bound
approve,openlibrary_OL8028732W,Stripped
approve,openlibrary_OL8488800W,Moon Shadow
approve,openlibrary_OL17839834W,Slocum and the witch of Westlake
approve,openlibrary_OL19715043W,Devil's call
approve,openlibrary_OL24680795W,Riders of the shadowlands
approve,openlibrary_OL907421W,Smonk
approve,hardcover_234154,Always a Witch
approve,openlibrary_OL14865268W,The Onts
approve,openlibrary_OL15093171W,Pride and Prejudice and Zombies
approve,openlibrary_OL15193220W,M.D.(Morgue of the Dead)
approve,openlibrary_OL15414004W,I love him to pieces
approve,openlibrary_OL15507291W,"The Walking Dead, Book Six"
approve,openlibrary_OL15572147W,The adventures of Tom Sawyer and the undead
approve,openlibrary_OL16014526W,Zombies! Zombies! Zombies!
approve,openlibrary_OL16361051W,Dead reckoning
approve,openlibrary_OL16415375W,Undead
approve,openlibrary_OL16557712W,Zombie
approve,openlibrary_OL17383747W,Adventures of Huckleberry Finn and Zombie Jim
approve,openlibrary_OL17393194W,The Ghost Train To New Orleans
approve,openlibrary_OL17407472W,Zombie Holocaust
approve,openlibrary_OL17537943W,I Saw Zombies Eating Santa Claus A Breathers Christmas Carol
approve,openlibrary_OL17824795W,Mercy mode
approve,openlibrary_OL17846320W,With All My Soul
approve,openlibrary_OL17863322W,Drifters
approve,openlibrary_OL17921656W,Zombie repellent
approve,openlibrary_OL17992722W,Omega days
approve,openlibrary_OL19145813W,Flight or Fright
approve,openlibrary_OL19367108W,Zombies and Calculus
approve,openlibrary_OL19706426W,Blue Moon
approve,openlibrary_OL19707588W,The Walking Dead
approve,openlibrary_OL19708677W,Nothing left to ooze
approve,openlibrary_OL19957979W,The infects
approve,openlibrary_OL19987961W,The queen of zombie hearts
approve,openlibrary_OL19991614W,Zombies of the Caribbean
approve,openlibrary_OL20016593W,Plants vs. zombies. Bully for you
approve,openlibrary_OL20625138W,The warlock stone
approve,openlibrary_OL21366123W,Hunger of the yeti
approve,openlibrary_OL2365949W,Batman-Dracula
approve,openlibrary_OL2924223W,Camp Zombie
approve,openlibrary_OL5747668W,30 Days Of Night: Bloodsucker Tales
approve,openlibrary_OL5834384W,Day of the Field Trip Zombies
approve,openlibrary_OL8536115W,Blood Ties Book Four
approve,prince_of_fools,Prince of Fools
approve,the_bloody_red_baron,The Bloody Red Baron
approve,the_dying_of_the_light_end,The Dying of the Light: End
approve,this_book_is_full_of_spiders,This Book is Full of Spiders
approve,openlibrary_OL15383345W,Eat Prey Love
approve,openlibrary_OL15586698W,ReVamped
approve,openlibrary_OL20588694W,Diary of a Minecraft Chicken Jockey BATTLE STEED - Book 1
approve,openlibrary_OL2896076W,Barking
approve,openlibrary_OL13785396W,Never slow dance with a zombie
approve,openlibrary_OL15327474W,Prince of Underwhere
approve,openlibrary_OL15449102W,The darkly luminous fight for Persephone Parker
approve,openlibrary_OL16141957W,Dark Predator
approve,openlibrary_OL16449831W,Zombie Tag
approve,openlibrary_OL17881428W,Spider-Man vs Dracula
approve,openlibrary_OL19985600W,Frostborn
approve,openlibrary_OL20367883W,The burning
approve,openlibrary_OL5696527W,Dance of the Dead
approve,openlibrary_OL5732038W,Every last drop
approve,openlibrary_OL5856186W,Dead men's boots
approve,openlibrary_OL2961376W,Hopscotch
approve,openlibrary_OL109014W,Violence
approve,openlibrary_OL14925306W,My rotten life
approve,openlibrary_OL15025835W,Zombies of the science fair
approve,openlibrary_OL16086810W,Ashes
approve,openlibrary_OL16182566W,Night of the living dust bunnies
approve,openlibrary_OL1925726W,The Madman's Tale
approve,openlibrary_OL21679018W,Wild Things
approve,openlibrary_OL5834392W,Invasion of the gym class zombies
approve,openlibrary_OL15172904W,The Zombie Zone
approve,openlibrary_OL17858884W,Liō
approve,openlibrary_OL19719390W,Night of the living zombie bugs
approve,openlibrary_OL5834399W,Night of the homework zombies
approve,openlibrary_OL17870377W,My zombie hamster
approve,openlibrary_OL5731762W,Spyforce revealed
approve,openlibrary_OL17393089W,Crawling With Zombies
approve,openlibrary_OL17572389W,Depresso Or How I Learned To Stop Worrying And Embrace Being Bonkers
approve,openlibrary_OL19763878W,ゾゾゾ ゾンビーくん [Zozozo Zombī-kun] (1)
approve,openlibrary_OL24859800W,Warcraft
approve,openlibrary_OL3593120W,Castle of the Undead
approve,openlibrary_OL8450143W,Reel Terror
approve,openlibrary_OL15189069W,Darkness Burning
approve,openlibrary_OL8110293W,The Hunters
approve,openlibrary_OL8488823W,Dark Master
approve,hardcover_130922,Amber and Blood
approve,hardcover_54393,Affliction
approve,openlibrary_OL16167342W,The phantom of the post office
approve,openlibrary_OL17436574W,The Twilight Of The Gothic Vampire Fiction And The Rise Of The Paranormal Romance
approve,openlibrary_OL17450475W,Aunt Dimity And The Lost Prince
approve,openlibrary_OL17596800W,Dead Batteries
approve,openlibrary_OL18181780W,Reviver
approve,openlibrary_OL20453819W,The Beast
approve,openlibrary_OL8081577W,Driven
approve,openlibrary_OL14981681W,Night Falls Darkly
approve,openlibrary_OL15090839W,Out of Mind
approve,openlibrary_OL15189383W,Night Secrets
approve,openlibrary_OL15580962W,"Mr. Darcy, vampyre"
approve,openlibrary_OL16521473W,Precinct 13
approve,openlibrary_OL18161577W,Immortal
approve,openlibrary_OL19724589W,The door to January
approve,openlibrary_OL20000118W,Return to Augie Hobble
approve,openlibrary_OL20312334W,Dream House
approve,openlibrary_OL20600968W,Dead by Morning
approve,openlibrary_OL9213384W,Servant The Awakening
approve,openlibrary_OL14909228W,An Enchanted Season
approve,openlibrary_OL14909448W,Twice as Hot (Hqn)
approve,openlibrary_OL14993044W,Paranormalcy (Paranormalcy #1)
approve,openlibrary_OL15067009W,Dead is just a rumor
approve,openlibrary_OL15111816W,Demon can't help it
approve,openlibrary_OL15114839W,Hard Magic
approve,openlibrary_OL15168835W,Hot for the Holidays
approve,openlibrary_OL15192565W,Cold Sight (Extrasensory Agents)
approve,openlibrary_OL15435172W,Matter to Mind to Consciousness
approve,openlibrary_OL15437541W,In Too Deep
approve,openlibrary_OL15537997W,Fang-tastic fiction
approve,openlibrary_OL15601955W,Fallen Angel (Fallen Angel #1)
approve,openlibrary_OL15992144W,The evil inside
approve,openlibrary_OL16240282W,Copper Beach
approve,openlibrary_OL16521697W,The unseen
approve,openlibrary_OL16529171W,Curiosities
approve,openlibrary_OL16691870W,Drum Dance
approve,openlibrary_OL16702174W,Visions of a Skylark Dressed in Black
approve,openlibrary_OL16726643W,Dream Eyes
approve,openlibrary_OL17076471W,Atrapada
approve,openlibrary_OL17493386W,Deception Cove
approve,openlibrary_OL18149641W,Jillian Cade
approve,openlibrary_OL18167568W,The night is alive
approve,openlibrary_OL1893742W,A Purrfect Romance
approve,openlibrary_OL19967381W,Adventure time presents Marceline and the Scream Queens
approve,openlibrary_OL19985993W,The betrayed
approve,openlibrary_OL20011869W,The devil and Winnie Flynn
approve,openlibrary_OL20033294W,Wild embrace
approve,openlibrary_OL20787752W,The Tea Leaf Reader
approve,openlibrary_OL21018691W,Hatter M Volume Three - The Nature of Wonder
approve,openlibrary_OL24426474W,The Ligoncy Secrets
approve,openlibrary_OL2732973W,Human Devolution
approve,openlibrary_OL491819W,Killing Time
approve,openlibrary_OL8126410W,Phantasm
approve,openlibrary_OL8980837W,Encountering enchantment
approve,openlibrary_OL17807522W,The Goodbye Family Unveiled
approve,openlibrary_OL14958445W,Night-side
approve,openlibrary_OL15172831W,FIRE ANGEL
approve,openlibrary_OL15177132W,ARRESTING
approve,openlibrary_OL15179284W,Hot Spell
approve,openlibrary_OL15597452W,Lumberjacked
approve,openlibrary_OL8110207W,Dawn's awakening
approve,openlibrary_OL8110212W,"Harmony's Way (The Breeds, Book 2)"
approve,openlibrary_OL8110223W,Megan's Mark
approve,openlibrary_OL8110441W,Mortal temptations
approve,hardcover_27697,Big Machine
approve,harrison_squared,Harrison Squared
approve,hell_train,Hell Train
approve,openlibrary_OL11952221W,Sorry Night
approve,openlibrary_OL14912777W,House of reckoning
approve,openlibrary_OL15192096W,Phantom of Blood Alley
approve,openlibrary_OL16092355W,Poe After Dark
approve,openlibrary_OL16211876W,Voice of the undead
approve,openlibrary_OL167217W,Southern ghost
approve,openlibrary_OL1729019W,Black Creek Crossing
approve,openlibrary_OL18088578W,Types of the Short Story
approve,openlibrary_OL19751214W,A Study in Emerald
approve,openlibrary_OL19982612W,The poet and the vampyre
approve,openlibrary_OL20009534W,Slasher Girls & Monster Boys
approve,openlibrary_OL20026869W,Burning
approve,openlibrary_OL2182835W,The call and other stories
approve,openlibrary_OL2877235W,The fallen
approve,openlibrary_OL2931901W,Five-Minute chillers
approve,openlibrary_OL3150684W,Manuscrit trouvé à Saragosse
approve,openlibrary_OL3467295W,The supernatural sublime
approve,openlibrary_OL3550902W,Isis
approve,openlibrary_OL4061819W,Play Dead
approve,openlibrary_OL4444229W,Daughters of Darkness
approve,openlibrary_OL5709835W,Das Geisterschiff
approve,openlibrary_OL86195W,The Haunting
approve,openlibrary_OL8698182W,Chasing the Dead
approve,whispers_underground,Whispers Underground
approve,openlibrary_OL14950987W,Succubus Heat
approve,openlibrary_OL15153931W,Terror in the Tomb of Death
approve,openlibrary_OL19526968W,Judged
approve,openlibrary_OL19669941W,The inconceivable life of Quinn
approve,openlibrary_OL20028337W,The curse of tenth grave
approve,openlibrary_OL262454W,The Hound of the Baskervilles
approve,openlibrary_OL2773207W,The Dark Shadows Almanac
approve,openlibrary_OL30144919W,Soul Sign
approve,openlibrary_OL3509155W,Tales of terror
approve,openlibrary_OL35849W,"Undine, eine Erzählung"
approve,openlibrary_OL4647527W,Faithful vision
approve,openlibrary_OL15437045W,Prince Charming Doesn't Live Here
approve,openlibrary_OL16104943W,Hidden Turnings
approve,openlibrary_OL16281702W,Savannah Grey
approve,openlibrary_OL16538320W,The Lost Saint (The Dark Divine #2)
approve,openlibrary_OL16540192W,The exceptionals
approve,openlibrary_OL16662727W,"Another Jekyll, another Hyde"
approve,openlibrary_OL17188754W,War of the sons
approve,openlibrary_OL17704543W,"Dangerous Creatures (Dangerous Creatures Series, Book 1)"
approve,openlibrary_OL17735050W,Raintree
approve,openlibrary_OL17829535W,The hunger of the wolf
approve,openlibrary_OL17867273W,Forbidden
approve,openlibrary_OL17893383W,I'm with Cupid
approve,openlibrary_OL17900339W,City of halves
approve,openlibrary_OL17924973W,Throne of darkness
approve,openlibrary_OL18165961W,Mercy Thompson
approve,openlibrary_OL19563250W,Kiss The Flame
approve,openlibrary_OL19736710W,Sanctuary
approve,openlibrary_OL19861095W,Field of Fantasies: Baseball Stories of the Strange and Supernatural
approve,openlibrary_OL19961074W,Black Lament
approve,openlibrary_OL19967426W,The Devil's Heart
approve,openlibrary_OL19999419W,Amulet keepers
approve,openlibrary_OL20670162W,Life and Death
approve,openlibrary_OL20930857W,Black Spring
approve,openlibrary_OL2679237W,Louisiana
approve,openlibrary_OL3472883W,Strange and eerie stories
approve,openlibrary_OL3924629W,Territory
approve,openlibrary_OL519326W,Raven's Point
approve,openlibrary_OL5712246W,Ten thousand charms
approve,openlibrary_OL5724290W,Soul Enchilada
approve,openlibrary_OL5840739W,Vendetta
approve,openlibrary_OL76566W,The gap in the curtain
approve,openlibrary_OL8053277W,The Night Watch
approve,openlibrary_OL17842623W,Spiritual Symbols
approve,openlibrary_OL1978043W,Sophocles' tragic world
approve,openlibrary_OL2691541W,Victorian testaments
approve,openlibrary_OL16482721W,Creatures
approve,openlibrary_OL17514293W,Code
approve,openlibrary_OL17519095W,Philip Larkin Art and Self
approve,openlibrary_OL2008384W,The gates of the elect kingdom
approve,openlibrary_OL15055323W,Deep Fear aka Pure Dead Frozen
approve,openlibrary_OL19713792W,Against the Odds
approve,openlibrary_OL777826W,An Arabian tale
approve,openlibrary_OL14913349W,By Slanderous Tongues
approve,openlibrary_OL24189515W,Laid Waste
approve,openlibrary_OL11967334W,Jim Butcher's the Dresden files
approve,openlibrary_OL17646699W,Not your ordinary wolf girl
approve,openlibrary_OL19926596W,Dead Man's Hand-Kerchief
approve,openlibrary_OL646609W,Batman Gothic
approve,openlibrary_OL20743273W,You Know You Want This
approve,openlibrary_OL3912257W,Raiders of the lost ark
approve,openlibrary_OL15183204W,Sexy Beast ll
approve,openlibrary_OL19901802W,Seven ox seven
approve,hardcover_439095,Alternate Routes
approve,hardcover_445978,Worldbinder
approve,hardcover_481029,Harbingers
