decision(keep/blank),tier,trope,matched_phrase,book_id,title,author,context
,A,amateur-sleuth-stumbling-into-a-case,amateur sleuth,openlibrary_OL17890W,Happy Are the Peacemakers,Andrew M. Greeley,"...d Ryan, auxiliary bishop of Chicago and amateur sleuth par excellence, becomes involved in ano..."
,A,amateur-sleuth-stumbling-into-a-case,amateur sleuth,openlibrary_OL8568619W,Quick Study,Maggie Barbieri,"...For professional academic and amateur sleuth Alison Bergeron, staying out of trouble..."
,A,amateur-sleuth-stumbling-into-a-case,amateur sleuth,openlibrary_OL1972701W,The Christmas cookie killer,L. J. Washburn,...uletide is here—and retired teacher cum amateur sleuth Phyllis Newsom looks forward to finishi...
,A,amateur-sleuth-stumbling-into-a-case,amateur sleuth,openlibrary_OL28602601W,Just not cricket,Joyce Cato,...ing to take some fast deliveries by the amateur sleuth to crack the case and find the killer....
,A,amateur-sleuth-stumbling-into-a-case,amateur sleuth,openlibrary_OL14083W,The body in the moonlight,Katherine Hall Page,...ped in poison and never before have her amateur sleuthing skills been more crucial -- especial...
,A,amateur-sleuth-stumbling-into-a-case,amateur sleuth,openlibrary_OL14078W,The body in the bonfire,Katherine Hall Page,...Part-time caterer and amateur sleuth Faith Fairchild uses her cooking talent...
,A,amateur-sleuth-stumbling-into-a-case,amateur sleuth,openlibrary_OL17916418W,Blood rubies,Jane K. Cleland,"...le new mystery featuring the much-loved amateur sleuth, Josie Prescott""--..."
,A,amateur-sleuth-stumbling-into-a-case,amateur detective,openlibrary_OL48867W,A Christmas Guest,Anne Perry,...s it upon herself to assume the role of amateur detective--uncovering not only the truth about Ma...
,A,amateur-sleuth-stumbling-into-a-case,amateur sleuth,openlibrary_OL4092687W,Why shoot a butler?,Georgette Heyer,"...y, in ferreting out a desperate killer, amateur sleuth Amberley is as brilliant as he is arrog..."
,A,amateur-sleuth-stumbling-into-a-case,amateur sleuth,openlibrary_OL41928W,Death by the Light of the Moon,Joan Hess,...ump in the Bayou... For bookseller and amateur sleuth Claire Malloy getting a root canal beat...
,A,amateur-sleuth-stumbling-into-a-case,amateur sleuth,hardcover_1570320,Strange Pictures,"Uketsu, Jim Rion",...er victim in his final moments leads an amateur sleuth into a terrifying investigation Can...
,A,amateur-sleuth-stumbling-into-a-case,amateur sleuth,hardcover_467703,The Decagon House Murders,"Yukito Ayatsuji, Hong-Li Wong","...lub member turns up dead, the remaining amateur sleuths realise they will need all of their mu..."
,A,amateur-sleuth-stumbling-into-a-case,amateur detective,hardcover_166518,Speaking from Among the Bones,Alan Bradley,...Eleven-year-old amateur detective and ardent chemist Flavia de Luce is us...
,A,amateur-sleuth-stumbling-into-a-case,amateur sleuth,hardcover_98707,The Red House Mystery,A.A. Milne,"...century, a locked room, a dead body, an amateur sleuth, a helpful sidekick, and all the rest...."
,A,amateur-sleuth-stumbling-into-a-case,amateur sleuth,hardcover_485218,Have His Carcase,Dorothy L. Sayers,"...man died at the beach: Lord Peter, the amateur sleuth who won her freedom and her heart in on..."
,A,amateur-sleuth-stumbling-into-a-case,amateur detective,hardcover_134646,Speaking in Bones,Kathy Reichs,"...""Hazel 'Lucky' Strike--a strident amateur detective who mines the Internet for cold cases--..."
,A,amateur-sleuth-stumbling-into-a-case,amateur sleuth,hardcover_329711,Strawberry Shortcake Murder,Joanne Fluke,"...Chocolate Chip Cookie Murder, intrepid amateur sleuth and bakery owner Hannah Swensen proved..."
,A,amateur-sleuth-stumbling-into-a-case,Amateur sleuth,hardcover_39263,Last Scene Alive,Charlaine Harris,...Amateur sleuth Aurora Teagarden is entangled in the my...
,A,amateur-sleuth-stumbling-into-a-case,amateur sleuth,hardcover_431042,To Each His Own,Leonardo Sciascia,"...cal calculation. But the results of his amateur sleuthing are unexpected - and tragic.""--BOOK..."
,A,amateur-sleuth-stumbling-into-a-case,amateur sleuth,hardcover_375365,Death in the Stocks,Georgette Heyer,...ection and solicitor Giles Carrington's amateur sleuthing are tested to their limits. With the...
,A,amateur-sleuth-stumbling-into-a-case,amateur sleuth,hardcover_467949,A Dangerous Thing,Josh Lanyon,"...Adrien once again finds himself playing amateur sleuth. But when the game turns deadly, Adrien..."
,A,amnesia,amnesia,openlibrary_OL43073913W,Fledgling,Octavia E. Butler,...o be a little black girl with traumatic amnesia and near-fatal wounds. But Shori is a f...
,A,amnesia,no memory of,openlibrary_OL19736193W,Hold back the dark,Kay Hooper,...murders committed by men and women with no memory of their crimes in the latest in this New...
,A,amnesia,amnesia,openlibrary_OL16044436W,Winter's Edge,Anne Stuart,"...car wreck, Molly Winters awakened with amnesia - to terrifying news. **She was being r..."
,A,amnesia,no memory of,openlibrary_OL167313W,Smoke Screen,Sandra Brown,...and Britt Shelley's claim that she has no memory of her night with him. As the investigatio...
,A,amnesia,no memory of,openlibrary_OL13059W,We'll meet again,Mary Higgins Clark,...doctor is brutally murdered. Molly has no memory of the night she was supposed to have kill...
,A,amnesia,amnesia,openlibrary_OL491200W,Hot mahogany,Stuart Woods,"...rmy intelligence officer suffering from amnesia. As Stone discovers, Barton is a spy wi..."
,A,amnesia,amnesia,openlibrary_OL472145W,Ordeal by Innocence,Agatha Christie,"...Recovering from amnesia, Dr. Arthur Calgary discovers that he a..."
,A,amnesia,no memory of,openlibrary_OL2009666W,The Black Tower,Louis Bayard,"...or and Vidocq stumble across a man with no memory of who he is, they begin to wonder if he i..."
,A,amnesia,no memory of,hardcover_427471,Six Wakes,Mur Lafferty,...Arena had never experienced it. She had no memory of how she died. That was also new; before...
,A,amnesia,no memory of,hardcover_504287,The Boy from the Woods,Harlan Coben,"...s a boy living feral in the woods, with no memory of his past. Now an adult, he still doesn..."
,A,amnesia,amnesia,hardcover_277519,Last Night in Montreal,Emily St. John Mandel,"...t Night in Montreal is a story of love, amnesia, compulsive travel, the depths and the..."
,A,amnesia,amnesia,hardcover_432660,The Mystery of Mrs. Christie,Marie Benedict,"...days later, Agatha reappears, claiming amnesia. She provides no answers for her disapp..."
,A,amnesia,wakes up in a hospital bed with no memory,hardcover_376728,The Last Oracle,James Rollins,"...n terms.Halfway around the world, a man wakes up in a hospital bed with no memory of who he is, knowing only that he's a..."
,A,amnesia,can't remember who,hardcover_80134,C is for Corpse,Sue Grafton,"...ess book and the name ""Blackman."" Bobby can't remember who he gave the address book to for safekee..."
,A,amnesia,no memory of,hardcover_32836,Nemesis,Jo Nesbø,"...ing headache, a missing cell phone, and no memory of the past twelve hours. That same mornin..."
,A,amnesia,no memory of,hardcover_633472,The Lines We Leave Behind,Eliza Graham,"...m, charged with a violent crime she has no memory of committing. As she tries to make sense..."
,A,amnesia,no memory of,hardcover_445064,Lucky Starr and the Oceans of Venus,Isaac Asimov,"...sian ocean. Afterwards, the pilots have no memory of the event. Upon reaching the Venusia..."
,A,cat-and-mouse-pursuit,cat and mouse,openlibrary_OL14950533W,Two Complete Novels (Disclosure / Rising Sun),Michael Crichton,"...with a shattering psychological game of cat and mouse. An up-and-coming executive at DigiCom,..."
,A,cat-and-mouse-pursuit,cat-and-mouse,openlibrary_OL448959W,Red Rabbit,Tom Clancy,...has prepared him for the lethal game of cat-and-mouse that is the Soviet Union versus the Uni...
,A,cat-and-mouse-pursuit,cat-and-mouse,openlibrary_OL5689284W,Cold hearted,Beverly Barton,"...truth, the more dangerous this game of cat-and-mouse becomes. The targets are changing, and..."
,A,cat-and-mouse-pursuit,cat and mouse,openlibrary_OL1902472W,Desperado,Diana Palmer,...d and Maggie embark on a lethal game of cat and mouse that can leave only one winner standing...
,A,cat-and-mouse-pursuit,cat and mouse,openlibrary_OL1881691W,The Naked Face,Sidney Sheldon,"...n agony. ***In this chilling game of cat and mouse, psychiatrist = Judd Stevens must trust..."
,A,cat-and-mouse-pursuit,cat-and-mouse,openlibrary_OL671078W,Valfierno,Martín Caparrós,"...for his crime. Featuring an engaging cat-and-mouse drama and unforgettable characters, Val..."
,A,cat-and-mouse-pursuit,cat-and-mouse,openlibrary_OL17082314W,Deep Shelter,Oliver Harris,...estigation—and into a dangerous game of cat-and-mouse with a ruthless enemy who would rather...
,A,cat-and-mouse-pursuit,cat-and-mouse,openlibrary_OL14715W,Eleventh Hour,Catherine Coulter,...is running from her own nightmare. In a cat-and-mouse chase that runs from the streets of San...
,A,cat-and-mouse-pursuit,cat-and-mouse,openlibrary_OL94737W,The art of deception,"Ridley Pearson, Ridley Pearson","...e. Matthews engages in a mental game of cat-and-mouse, never knowing whom she can trust. Cris..."
,A,cat-and-mouse-pursuit,cat and mouse,openlibrary_OL491816W,Up Close and Dangerous,Linda Howard,...g attraction . . . and a deadly game of cat and mouse. In her latest tour de force of romanti...
,A,cat-and-mouse-pursuit,cat and mouse,hardcover_432319,Survive the Night,Riley Sager,...r help. Trapped in a terrifying game of cat and mouse played out on pitch-black roads and in...
,A,cat-and-mouse-pursuit,cat and mouse,hardcover_872020,The Coworker,Freida McFadden,...nds herself caught in a twisted game of cat and mouse that leaves her wondering: who's the re...
,A,cat-and-mouse-pursuit,cat-and-mouse,hardcover_510363,The Butcher and the Wren,Alaina Urquhart,...oon she is sucked into an all-consuming cat-and-mouse chase with a brutal murderer getting mo...
,A,cat-and-mouse-pursuit,cat and mouse,hardcover_1477871,The Perfect Divorce,Jeneva Rose,"...fight dirty, and a high-stakes game of cat and mouse ensues. Filled with page-turning suspen..."
,A,cat-and-mouse-pursuit,cat-and-mouse,hardcover_635982,Tracers in the Dark: The Global Hunt for the Crime Lords of Cryptocurrency,Andy Greenberg,"...y of our time, Tracers in the Dark is a cat-and-mouse story and a tale of a technological one..."
,A,cat-and-mouse-pursuit,cat-and-mouse,hardcover_1630369,The Woman in Suite 11,Ruth Ware,"...ardy. What follows is a thrilling cat-and-mouse pursuit across Europe, forcing Lo to as..."
,A,cat-and-mouse-pursuit,cat and mouse,hardcover_437462,The Jigsaw Man,Nadine Matheson,...copycat are locked in a violent game of cat and mouse. Can DI Anjelica Henley stop them befor...
,A,cat-and-mouse-pursuit,cat and mouse,hardcover_434647,Sunburn,Laura Lippman,"...a passionate yet uncompromising game of cat and mouse. But instead of rules, this game has da..."
,A,cat-and-mouse-pursuit,cat-and-mouse,hardcover_353560,Blacklands,Belinda Bauer,...in prison. And there begins a dangerous cat-and-mouse game between a desperate child and a bo...
,A,femme-fatale,femme fatale,this_body_s_not_big_enough_for_both_of_us,This Body's Not Big Enough for Both of Us,Edgar Cantero,"...neckless thug, cartel boss, ninja, and femme fatale--in the book is pure Cantero magic. Som..."
,A,femme-fatale,femme fatale,openlibrary_OL47266W,The Maltese Falcon,Dashiell Hammett,"...ving a missing partner and a mysterious femme fatale, he’s drawn into a deadly hunt for a pr..."
,A,femme-fatale,femme fatale,openlibrary_OL482008W,In a lonely place,Dorothy B. Hughes,...hen he meets the luscious Laurel Gray—a femme fatale with brains—something begins to crack....
,A,femme-fatale,femme fatale,openlibrary_OL16805756W,Picture Perfect,Shanna Hogan,...-defense. Was she a victim or a devious femme fatale? - Publisher. Retreating out of the...
,A,femme-fatale,femme fatale,hardcover_436117,Tomie,Junji Itō,...Tomie Kawakami is a femme fatale with long black hair and a beauty mark...
,A,heist,heist,openlibrary_OL13769959W,I so don't do mysteries,Barrie Summy,"...ng a mystery, one that involves a rhino heist and a crazy chef. And I have to do it b..."
,A,heist,heist,openlibrary_OL15880W,The color of death,Ann Maxwell,"...der that goes far beyond a simple jewel heist. And a chilling, threatening voice on t..."
,A,heist,heist,openlibrary_OL167162W,Lifeguard,"James Patterson, Andrew Gross","...er--$5 million. But on the night of the heist, something goes devastatingly wrong. Wh..."
,A,heist,heist,openlibrary_OL671078W,Valfierno,Martín Caparrós,...divulging the details of his outrageous heist. In tantalizing conversations with an A...
,A,heist,heist,openlibrary_OL16812861W,The Chase,"Janet Evanovich, Lee Goldberg, Goldberg, Lee",...by none other than Kate's dad. A daring heist and a deadly chase lead Nick and Kate f...
,A,heist,heist,openlibrary_OL19800234W,NYPD Red 4,"James Patterson, Marshall Karp",...An audacious jewel heist. A murdered actress. A killer case for...
,A,heist,heist,openlibrary_OL20005628W,The beat goes on,Ian Rankin,"...of a love triangle, an audacious jewel heist, suspicious happenings at a nursing hom..."
,A,heist,heist,hardcover_442853,Blacktop Wasteland,S. A. Cosby,"...calling with a can't-miss jewelry store heist, Bug feels he has no choice but to get..."
,A,heist,heist,hardcover_1459578,The Maid's Secret,Nita Prose,...selves at the center of the boldest art heist in recent memory. But the key to thi...
,A,heist,heist,hardcover_593270,Lucky,Marissa Stapley,"...ho has just pulled off a million-dollar heist with her boyfriend, Cary. She's ready t..."
,A,heist,heist,hardcover_552091,This Storm,James Ellroy,"...urder victim linked to an unsolved gold heist from '31, and they want the gold. And t..."
,A,kidnapping,abduction,openlibrary_OL92655W,Sherlock Holmes vs. Dracula,"Loren D. Estleman, Loren D. Estleman","...impalement of the ""Bloofer Lady"" to the abduction of Watson's beloved wife, Mary, from th..."
,A,kidnapping,kidnapped,openlibrary_OL8756324W,"Death Note, Vol. 8","Tsugumi Ohba, Takeshi Obata",...e to home. With his younger sister Sayu kidnapped and the NPA's Death Note demanded as ra...
,A,kidnapping,kidnap,openlibrary_OL448989W,The teeth of the tiger,Tom Clancy,...e actions resolve a particularly brutal kidnap/murder case. The second is Caruso's bro...
,A,kidnapping,kidnapping,openlibrary_OL108823W,"The Case of the Missing Marquess (Enola Holmes, #1)",Nancy Springer,"...ives, she finds herself involved in the kidnapping of a young marquess, fleeing murderous..."
,A,kidnapping,kidnaps,openlibrary_OL20146113W,Scooby-Doo Mystery #2,Kate Howard,...l the frozen giant attacks the town and kidnaps one of the gang! Now it's up to the...
,A,kidnapping,kidnapped,openlibrary_OL16652623W,October mourning,Lesléa Newman,"...llege student named Matthew Shepard was kidnapped from a Wyoming bar by two young men, sa..."
,A,kidnapping,kidnapping,openlibrary_OL471576W,Murder on the Orient Express,Agatha Christie,...ploitative reference to the sensational kidnapping and murder of the infant son of Charles...
,A,kidnapping,kidnapper,openlibrary_OL52940W,The Hard Way,Lee Child,"...in the world.On the trail of a vicious kidnapper, Reacher is learning the chilling secre..."
,A,kidnapping,abducted,openlibrary_OL5731370W,At the hands of persons unknown,Philip Dray,"...or racial customs--were hunted by mobs, abducted from jails, and given summary ""justice""..."
,A,kidnapping,kidnapped,openlibrary_OL18020235W,Find Her,Lisa Gardner,"...ago, carefree college student Flora was kidnapped while on spring break. For 472 days, Fl..."
,A,kidnapping,kidnapped,openlibrary_OL134370W,The Body Farm,Patricia Cornwell,"...her on the path? Who followed her home, kidnapped her from her bedroom, and left her body..."
,A,kidnapping,kidnapping,openlibrary_OL472073W,Murder on the Links,Agatha Christie,"...failed break-in, resulting in Renauld's kidnapping and death. There's no lack of suspec..."
,A,kidnapping,kidnapped,openlibrary_OL12717W,Rage,Jonathan Kellerman,"...Duchay were barely teenagers when they kidnapped and murdered a younger child. Troy, a r..."
,A,kidnapping,abducted,openlibrary_OL21583845W,Blood Symmetry,Kate Rhodes,"...Clare Riordan and her son, Mikey, are abducted from Clapham Common early one morning...."
,A,kidnapping,abducted,openlibrary_OL19338128W,Fear the Dark (Bishop/Special Crimes Unit),Kay Hooper,...es a unique ability to find the lost or abducted. With them are new partners Dante Swann...
,A,kidnapping,Kidnapped,openlibrary_OL17524956W,Air Bound,Christine Feehan,"...who need her, who will kill to get her. Kidnapped and held aboard a ship bound for danger..."
,A,kidnapping,kidnapped,openlibrary_OL16116858W,Devoted,Hilary Duff,"...er recently discovered soulmate Sage is kidnapped, photojournalist Clea Raymond makes an..."
,A,kidnapping,kidnapping,openlibrary_OL15403278W,Fatal Error (Repairman Jack #14),F. Paul Wilson,"...ntor has warned Munir not to report the kidnapping of his family, or else they will pay a..."
,A,kidnapping,kidnapped,openlibrary_OL19735018W,You were never really here,Jonathan Ames,...his living rescuing girls who have been kidnapped into the sex trade. When he's hired to...
,A,kidnapping,kidnapped,openlibrary_OL18138618W,A young wife,Pam Lewis,"...ry New York, in her efforts to find her kidnapped son and take revenge on those responsib..."
,A,kidnapping,kidnapped,openlibrary_OL2571782W,The Secret Life of CeeCee Wilkes,Diane Chamberlain,"...ina governor’s young, pregnant wife was kidnapped. Now, her remains have been found and a..."
,A,kidnapping,kidnapped,openlibrary_OL19985533W,Chasing power,Sarah Beth Durst,...nt incantation that can help rescue his kidnapped mother--but may lead to great danger fo...
,A,kidnapping,kidnapping,openlibrary_OL506262W,A Wrongful Death,Kate Wilhelm,"...mes the prime suspect in a high-profile kidnapping case involving a young boy, the grandso..."
,A,kidnapping,kidnapped,openlibrary_OL167179W,The Big Bad Wolf,James Patterson,"...the country, beautiful women are being kidnapped-to be bought and sold as slaves. Behind..."
,A,kidnapping,abduction,openlibrary_OL6037106W,Digital evidence and computer crime,Eoghan Casey,"...ge of crimes, including homicide, rape, abduction, child abuse, solicitation of minors, c..."
,A,kidnapping,kidnapped,openlibrary_OL19954758W,What comes next,John Katzenbach,"...itnessed being snatched off the street, kidnapped by a sadistic couple who put their vict..."
,A,kidnapping,kidnapped,openlibrary_OL79319W,Tell No One,Harlan Coben,"...ft for dead, and his wife Elizabeth was kidnapped and murdered. For the next eight years..."
,A,kidnapping,kidnapping,openlibrary_OL165715W,Strange affair,Peter Robinson,...that the threads connecting a sinister kidnapping with a savage slaying are as thick as r...
,A,kidnapping,kidnapped,openlibrary_OL3600818W,Beekeeper's Apprentice,"Laurie R. King, Jenny Sterlin","...to Wales to help Scotland Yard find the kidnapped daughter of an American senator, a case..."
,A,kidnapping,kidnapping,openlibrary_OL16077144W,"Criminals, Militias, and Insurgents",Phil Williams,"...t, diversion, and smuggling of oil, the kidnapping of both Iraqis and foreigners, extortio..."
,A,kidnapping,abduction,openlibrary_OL17891003W,Stained,C. A. Rainfield,...summon her personal strength to survive abduction and horrific abuse at the hands of a de...
,A,kidnapping,kidnap,openlibrary_OL2538267W,The What the Dead Know CD,Laura Lippman,...tortured by these questions: How do you kidnap two girls? Who—or what—could have lured...
,A,kidnapping,abduction,openlibrary_OL6561700W,The New Adventures of Sherlock Holmes [18 stories],"Martin H. Greenberg, Carol-Lynn Rössel Waugh, John Lutz, Stuart M. Kaminsky, Gary Alan Ruse, Edward D. Hoch, John L. Breen, Michael Harrison, Barry Jones, Joyce Harrington, Loren D. Estleman, Michael Francis Gilbert, Dorothy B. Hughes, Peter Lovesey, Lillian De La Torre, Edward Wellen, Stephen King, John Gardner, Jon L. Lellenberg",...rry Jones -- Adventure of the Gowanus abduction / Joyce Harrington -- Dr. and Mrs. Wa...
,A,kidnapping,Kidnapped,openlibrary_OL486654W,Land of the living,Nicci French,"...Kidnapped, gagged, and held in an airless shed by..."
,A,kidnapping,kidnapper,openlibrary_OL134448W,Guilty as Sin,Tami Hoag,...A cold-blooded kidnapper has been playing a twisted game with a...
,A,kidnapping,kidnapped,openlibrary_OL15212000W,Reflecting the Sky,S. J. Rozan,"...n deliver the heirloom, the grandson is kidnapped and two separate ransom demands are mad..."
,A,kidnapping,kidnapper,openlibrary_OL134443W,Dark horse,Tami Hoag,...en year-old Erin Seabright. A pawn in a kidnapper's terrifying game for a ransom no one c...
,A,kidnapping,kidnapping,openlibrary_OL19995247W,The stolen ones,Owen Laukkanen,...on the trail of a massive international kidnapping and prostitution operation. Before the...
,A,kidnapping,kidnapped,openlibrary_OL17870436W,Bones never lie,Kathy Reichs,"...the killer. Years ago, Anique Pomerleau kidnapped and murdered a string of girls in Canad..."
,A,kidnapping,abducted,openlibrary_OL19754740W,Long road to mercy,David Baldacci,...States. Ever since her twin sister was abducted by a notorious serial killer at age fiv...
,A,kidnapping,kidnapper,openlibrary_OL167178W,Along Came a Spider,James Patterson,...ry school teacher.A psychopathic serial kidnapper/murderer who calls himself the Son of L...
,A,kidnapping,Kidnapped,openlibrary_OL17562240W,Robert Ludlum’s The Bourne Ascendancy,Eric Van Lustbader,...impersonates ... it is Bourne himself. Kidnapped and transported to an underground bunke...
,A,kidnapping,abducted,openlibrary_OL16797698W,Private London,"James Patterson, Pearson, Mark","...n central London, young women are being abducted off the street. When the bodies are fou..."
,A,kidnapping,held hostage,openlibrary_OL14920173W,Worst Case,"James Patterson, Michael Ledwidge","...families is snatched off the street and held hostage. His parents can't save him, because th..."
,A,kidnapping,abducted,openlibrary_OL15951484W,Kill Alex Cross,James Patterson,"...The President's son and daughter are abducted, and Detective Alex Cross is one of the..."
,A,kidnapping,abduction,openlibrary_OL18020765W,Precious thing,Colette McBeth,"...cably bound. Then Clara vanishes. Is it abduction, suicide, or something else altogether?..."
,A,kidnapping,kidnapped,openlibrary_OL47928W,Hunting for Hidden Gold,Franklin W. Dixon,...are these events related to the men who kidnapped the boys in Chicago? Who booby-trapped...
,A,kidnapping,abduction,openlibrary_OL16132746W,The world and Darfur,Amanda F. Grzyb,"...stemic and widespread murder, rape, and abduction, and forced displacement of millions of..."
,A,kidnapping,kidnapper,openlibrary_OL79331W,No second chance,Harlan Coben,...COND CHANCE? And inside the package the kidnapper provides proof that Tara is still alive...
,A,kidnapping,kidnapping,openlibrary_OL4278066W,Poisoned blood,Philip E. Ginsburg,"...identities, a second marriage, a false kidnapping, a fake death, several dramatic escapes..."
,A,kidnapping,kidnap,openlibrary_OL33035903W,The Lindbergh Kidnapping Suspect No. 1,Lise A. Pearlman,...ry twist and turn of the Lindbergh baby kidnap/murder. Yet what was reported was large...
,A,kidnapping,kidnapping,openlibrary_OL17403692W,Mafia Republic Italys Criminal Curse Cosa Nostra Ndrangheta And Camorra From 1946 To The Present,"John Dickie, Dickie, John","...sts in tobacco smuggling, construction, kidnapping, and narcotics...."
,A,kidnapping,kidnapped,openlibrary_OL20027353W,Snatched,Bruce Porter,...r success as a money launderer gets her kidnapped and then ransomed by a band of guerrill...
,A,kidnapping,kidnapped,openlibrary_OL19753518W,The real Lolita,Sarah Weinman,...was just eleven years old when she was kidnapped by a man claiming to be an FBI agent. S...
,A,kidnapping,abduction,openlibrary_OL19754741W,Look alive twenty-five,Janet Evanovich,"...is convinced that it's a case of alien abduction. Whatever it is, they'd better figure o..."
,A,kidnapping,kidnapping,openlibrary_OL10591297W,Prizzi's money,Richard Condon,"..."" disappears off his boat - an apparent kidnapping - the world is stunned. Julia, however,..."
,A,kidnapping,kidnapped,openlibrary_OL16382262W,Superliminal,Andy Kaiser,"...s with me being knocked unconscious and kidnapped, you understand if I’m grumpy. Still, a..."
,A,kidnapping,kidnapped,openlibrary_OL11921528W,Dog on it,Peter Abrahams,"...enage girl who may or may not have been kidnapped, but who's definitely gotten herself mi..."
,A,kidnapping,kidnapping,openlibrary_OL262061W,Black Hearts in Battersea (Wolves #2),Joan Aiken,"...faced with wild wolves, poisoned pies, kidnapping, and a wrecked ship. This is a cleverly..."
,A,kidnapping,kidnapped,openlibrary_OL15046182W,Mystery Train,Carolyn Keene,"...The teen detectives suspect she's been kidnapped, and it soon becomes clear they've all..."
,A,kidnapping,kidnapping,openlibrary_OL17859801W,Death of a chef,Alexander Campion,"...evidence mounts, fine food, fraud, and kidnapping are all main ingredients in Capucine's..."
,A,kidnapping,kidnapped,openlibrary_OL14957547W,"The Case of the Cryptic Crinoline (Enola Holmes, #5)",Nancy Springer,"...en Enola comes home to find Mrs. Tupper kidnapped! Who would take her, and why? And what..."
,A,kidnapping,held for ransom,openlibrary_OL1854167W,Dragon's Lair,Sharon Kay Penman,"...hard Lionheart lies in a German prison, held for ransom by the emperor. His mother, Dowager Que..."
,A,kidnapping,kidnapping,openlibrary_OL520301W,The lost treasure of Casa Loma,Eric Wilson,"...detectives as they experience betrayal, kidnapping and a terrifying experience in the rush..."
,A,kidnapping,kidnapped,openlibrary_OL19994463W,Hades,Candice Fox,"...""Twenty years ago, two children were kidnapped and left for dead. Raised by a master c..."
,A,kidnapping,kidnapped,openlibrary_OL17357741W,Killer Ambition,Marcia Clark,"...ne of Hollywood's most powerful men, is kidnapped. Things go wrong fast. The young girl's..."
,A,kidnapping,abducts,openlibrary_OL19980415W,Don't talk to strangers,Amanda Kyle Williams,...k down an experienced predator--one who abducts girls and holds them for months before...
,A,kidnapping,kidnapped,openlibrary_OL11967425W,A decent ransom,Ivana Hrubá,...e young boy forced to guard a beautiful kidnapped woman forges an alliance with her with...
,A,kidnapping,kidnapped,openlibrary_OL20157055W,Dark Tribute,Iris Johansen,...self is suddenly threatened when she is kidnapped by a mysterious man from her grandfathe...
,A,kidnapping,kidnapped,openlibrary_OL16679842W,A vine in the blood,Leighton Gage,"...game, Juraci Santos, Tico's mother, is kidnapped. The star is distraught. The public is..."
,A,kidnapping,kidnapped,openlibrary_OL20876934W,Death in Oslo,Anne Holt,...work together to find her. Has she been kidnapped? Murdered? Can the US president really...
,A,kidnapping,kidnapped,openlibrary_OL15103502W,The big secret,Pete Earley,"...r girlfriend, a journalist who has been kidnapped while investigating a hate crime, inves..."
,A,kidnapping,kidnapping,openlibrary_OL18020273W,The Gangster,"Justin Scott, Clive Cussler","...known as the Black Hand is on a spree: kidnapping, extortion, arson. Detective Isaac Bell..."
,A,kidnapping,kidnap,openlibrary_OL5734046W,A Perfect Evil,Alex Kava,...don't count. Nick is investigating the kidnap-murders of two young Platte City boys w...
,A,kidnapping,held hostage,openlibrary_OL5706767W,Executive Secrets,William J. Daugherty,...where he was one of fifty-two Americans held hostage for 444 days during the Carter administ...
,A,kidnapping,kidnapped,openlibrary_OL17916510W,Hush,Cherry Adair,"...When he and his brother Gideon are kidnapped in Venezuela, thrill seeker Zak Stark u..."
,A,kidnapping,abducted,openlibrary_OL19963137W,The Pearl of Bengal,Steve Stevenson,...e out who stole the Pearl of Bengal and abducted the custodian of the temple of Kali. Bo...
,A,kidnapping,kidnapped,openlibrary_OL17874775W,Jim Averbeck presents A Hitch at the Fairmont,Jim Averbeck,"...When his aunt is kidnapped, an eleven-year-old boy staying at San..."
,A,kidnapping,kidnap,openlibrary_OL17810123W,Screamers,Franklin W. Dixon,...aken by surprise as gunmen burst in and kidnap the daughter of the wealthy owner of th...
,A,kidnapping,abducts,openlibrary_OL1941951W,The Babel effect,Daniel Hecht,"...an unknown enemy steals their data and abducts Jessamine, the FBI investigation stalls..."
,A,kidnapping,kidnap,openlibrary_OL55926W,Listening Woman,Tony Hillerman,"...rries him from a dead man's secret to a kidnap scheme, to a conspiracy that stretches..."
,A,kidnapping,kidnapped,openlibrary_OL19748932W,Depth of winter,"Johnson, Craig","...most vicious drug cartels in Mexico has kidnapped Walt's beloved daughter, Cady, to aucti..."
,A,kidnapping,kidnapped,hardcover_440165,Truly Devious,Maureen Johnson,"...hool opened, his wife and daughter were kidnapped. The only real clue was a mocking riddl..."
,A,kidnapping,kidnapped,hardcover_504048,No Exit,Taylor Adams,...A kidnapped little girl locked in a stranger’s van....
,A,kidnapping,kidnapping,hardcover_429633,Patriot Games,Tom Clancy,...ter Liberation Army for thwarting their kidnapping attempt on the Prince and Princess of W...
,A,kidnapping,kidnapped,hardcover_427962,The Dispatcher,John Scalzi,"...patcher and former friend is apparently kidnapped, Tony learns that there are some things..."
,A,kidnapping,abduction,hardcover_374879,A Curious Beginning,Deanna Raybourn,...nica discovers when she thwarts her own abduction with the help of an enigmatic German ba...
,A,kidnapping,kidnapper,hardcover_652414,The Quiet Tenant,Clémence Michallon,...n town and those closest to him. He’s a kidnapper and serial killer. Aidan has murdered e...
,A,kidnapping,kidnap,hardcover_447217,Inherent Vice,Thomas Pynchon,"...end returns to recruit him in a plot to kidnap a wealthy construction executive. Soon,..."
,A,kidnapping,kidnapping,hardcover_484885,On Target,Mark Greaney,"..., the job will entail a near impossible kidnapping--and Court must return his quarry to th..."
,A,kidnapping,abducted,hardcover_26770,Eeny Meeny,M.J. Arlidge,"...Two people are abducted, imprisoned, and left with a gun. As hu..."
,A,kidnapping,kidnapped,hardcover_445847,Executive Power,Vince Flynn,"...Philippines to save an American family kidnapped by radical Islamic terrorists, is caugh..."
,A,kidnapping,kidnapped,hardcover_572466,The Cellar,Natasha Preston,...finds three other young women who were kidnapped just like her....
,A,kidnapping,abducted,hardcover_430192,A Red Herring Without Mustard,Alan Bradley,...those convinced that the soothsayer had abducted a local child years ago? Certainly Flav...
,A,kidnapping,held hostage,hardcover_347967,Gunmetal Gray,Mark Greaney,"...ld friend, Donald Fitzroy, who is being held hostage by the Chinese. Fitzroy was contracte..."
,A,kidnapping,kidnapped,hardcover_437362,Her Every Fear,Peter Swanson,...own panic attacks after an ex-boyfriend kidnapped her and nearly ended her life. When Cor...
,A,kidnapping,kidnaps,hardcover_510450,Mission Critical,Mark Greaney,"...ey are attacked by a hostile force that kidnaps the prisoner. Gentry, the lone survivor..."
,A,kidnapping,kidnapping,hardcover_71368,First Family,David Baldacci,...ial retreat. And it ended with a daring kidnapping . . . which immediately turned into a n...
,A,kidnapping,abduction,hardcover_274027,Alone,Lisa Gardner,"...lived through a month long nightmare of abduction and abuse, Now her husband has just bee..."
,A,kidnapping,abducted,hardcover_208270,Two Graves,"Douglas Preston, Lincoln Child",...ion is cut short when Helen is brazenly abducted before his eyes. And Pendergast is forc...
,A,kidnapping,kidnapping,hardcover_440989,Bloodline,James Rollins,"...ht off the coast of the Horn of Africa, kidnapping a young pregnant American woman. Comman..."
,A,kidnapping,kidnapping,hardcover_440389,Emma in the Night,Wendy   Walker,"...ut her sister Emma. Her story is one of kidnapping and betrayal, of a mysterious island wh..."
,A,kidnapping,kidnapped,hardcover_380424,The Alexandria Link,Steve Berry,"...Cotton Malone's teenage son has been kidnapped, and an anonymous e-mail from those res..."
,A,kidnapping,abduction,hardcover_437241,The Marsh King's Daughter,Karen Dionne,...has a secret: she is the product of an abduction. Her mother was kidnapped as a teenager...
,A,kidnapping,kidnapped,hardcover_374880,The Sinister Mystery of the Mesmerizing Girl,Theodora Goss,...pecially when one of their own has been kidnapped! After their thrilling European escapad...
,A,kidnapping,kidnapped,hardcover_251792,The Secret Servant,Daniel Silva,"...t of St. James's, who is to be brutally kidnapped. Gabriel arrives seconds too late to sa..."
,A,kidnapping,kidnapped,hardcover_252847,True Blue,David Baldacci,...on the D.C. police force until she was kidnapped and framed for a crime. She lost everyt...
,A,kidnapping,abducted,hardcover_668439,I'm Traveling Alone,Samuel Bjørk,"...e something to do with a missing child, abducted six years ago and never found, or with..."
,A,kidnapping,kidnapping,hardcover_615143,The Boy Who Followed Ripley,Patricia Highsmith,"...amy underworld of Berlin and a shocking kidnapping. In this masterful thriller, Highsmith..."
,A,kidnapping,kidnapped,hardcover_1030226,Better Run,Alina May,"...I'm going to keep it. Mary Jo I'm kidnapped by two twisted, dangerous, and hungry m..."
,A,kidnapping,abducted,hardcover_56159,I Am Death,Chris Carter,"...Seven days after being abducted, the body of a 20-year-old woman is fou..."
,A,kidnapping,kidnapped,hardcover_542708,The Alchemist's Secret,Scott Mariani,...ast and now devotes his life to finding kidnapped children.But when Ben is recruited to l...
,A,kidnapping,abducted,hardcover_523804,The Killing Lessons,Saul Black,"...ie Hart, their trail of victims-- women abducted, tortured and left with a seemingly ran..."
,A,kidnapping,abducted,hardcover_300234,The Straw Men,Michael Marshall,...u. Sarah Becker is the fifth girl to be abducted by this maniac. Judging from the state...
,A,kidnapping,kidnapping,hardcover_258307,Grey Mask,Patricia Wentworth,...overs that she is mixed up in a vicious kidnapping plot masterminded by a sinister figure...
,A,kidnapping,abducted,hardcover_542547,The Outcast Dead,Elly Griffiths,...r is responsible. Then another child is abducted and a kidnapper dubbed the Childminder...
,A,kidnapping,kidnapping,hardcover_446306,Ghost,John Ringo,...llege life boring until he interrupts a kidnapping and takes on a gang of Syrian commandoe...
,A,kidnapping,abducted,hardcover_358773,The Dawn Patrol,Don Winslow,...case of a young girl named Rain who was abducted back when he was on the San Diego polic...
,A,kidnapping,abduction,hardcover_740910,Her Last Word,Mary Burton,...Kaitlin Roe was the lone witness to the abduction of her cousin Gina. She still remembers...
,A,kidnapping,kidnapped,hardcover_507339,Hunting Annabelle,Wendy Heard,...disappears. Sean is sure she’s been kidnapped—he witnessed her being taken first hand...
,A,kidnapping,kidnapped,hardcover_131066,Stranger in Paradise,Robert B. Parker,"...p the connecting bridge. Residents were kidnapped, some were killed, and Crow managed to..."
,A,kidnapping,Kidnapped,hardcover_690955,Dead Watch,John Sandford,"...incoln Bowe, has been missing for days. Kidnapped? Murdered? She doesn't know, but she th..."
,A,kidnapping,kidnap,hardcover_365284,A Maiden's Grave,Jeffery Deaver,"...In Kansas, fleeing killers kidnap a bus with deaf girls and hole up in a..."
,A,kidnapping,abducted,hardcover_431274,Dear Miss Metropolitan,Carolyn Ferrell,"...Fern, Gwinnie, and Jesenia, three girls abducted by a monster who calls himself Boss Man..."
,A,kidnapping,abduction,hardcover_1137081,The Instruments of Darkness,John Connolly,...he worst crime a mother can commit: the abduction and possible murder of her child. Every...
,A,kidnapping,abduction,hardcover_321,Gone,Jonathan Kellerman,"...pschologist, investigates the supposed abduction of a young aspiring actress. But when s..."
,A,legal-thriller,district attorney,openlibrary_OL17937105W,The Outsider,Stephen King,"...land has an alibi, but Anderson and the district attorney soon add DNA evidence to go with the fi..."
,A,legal-thriller,On trial for,openlibrary_OL17358381W,As Time Goes By,Mary Higgins Clark,"...king secret they do not want to reveal. On trial for murder is Betsy Grant, widow of a wealt..."
,A,legal-thriller,legal thriller,openlibrary_OL76972W,The Firm,John Grisham,...The Firm is a 1991 legal thriller by American writer John Grisham. It was...
,A,legal-thriller,defense attorney,openlibrary_OL111746W,The Lincoln Lawyer (Mickey Haller #1),Michael Connelly,"...Haller is a Lincoln Lawyer, a criminal defense attorney who operates out of the back seat of hi..."
,A,legal-thriller,legal thriller,openlibrary_OL77001W,A Time to Kill,John Grisham,...A Time to Kill is a 1989 legal thriller and debut novel by American author John...
,A,legal-thriller,defense lawyer,openlibrary_OL52953W,One Shot,Lee Child,"...eacher is teamed with a beautiful young defense lawyer, moving closer to the unseen enemy who..."
,A,legal-thriller,District Attorney,openlibrary_OL1881771W,Rage of Angels,Sidney Sheldon,"...ll-town lawyer, joined the staff of the District Attorney of Manhattan, to fight for justice as h..."
,A,legal-thriller,the defendant,openlibrary_OL77013W,The Last Juror,John Grisham,...me to a startling and dramatic end when the defendant threatened revenge against the jurors i...
,A,legal-thriller,defense lawyer,openlibrary_OL20890978W,Carved in Bone,Michael Nava,"...November, 1984. Criminal defense lawyer Henry Rios, fresh out of rehab and pick..."
,A,legal-thriller,defense attorney,openlibrary_OL5692807W,Stonebrook Cottage,Carla Neggers,"...overnor Mike Parisi, is murdered, Texas defense attorney Kara Galway must return to Connecticut..."
,A,legal-thriller,the defendant,openlibrary_OL2956204W,Virgin or vamp,Helen Benedict,"...es without further harming the victims, the defendants, or public understanding...."
,A,legal-thriller,district attorney,openlibrary_OL17861524W,Dance of the bones,J. A. Jance,"...s, criminalists, medical examiners, and district attorneys who devote their time and experience t..."
,A,legal-thriller,defense lawyer,openlibrary_OL30552W,The Pardon,James Grippando,"...anged father and son -- one a brilliant defense lawyer, the other the governor of Florida -- m..."
,A,legal-thriller,on trial for,openlibrary_OL20040147W,Black widow,Christopher Brookmyre,"...hin six more, Peter is dead - and Diana on trial for his murder, a nightmare end to their fa..."
,A,legal-thriller,on trial for,openlibrary_OL2234905W,Strong Poison,Dorothy L. Sayers,...is introduced as she stands in the dock on trial for murder. Lord Peter immediately determin...
,A,legal-thriller,courtroom scene,openlibrary_OL40661W,Dark Assassin,Anne Perry,"...racters as vivid as Dickens's, gripping courtroom scenes, breathless horrors beneath the earth,..."
,A,legal-thriller,District Attorney,openlibrary_OL134360W,The Front,Patricia Cornwell,"...notinconsiderable chip on his shoulder; District Attorney Monique Lamont, a hard-charging woman w..."
,A,legal-thriller,legal thriller,openlibrary_OL15150293W,Reader's Digest Condensed Books--Volume 5 1992,"Barbara J. Morgan, John Grisham, Belva Plain, Henry Patterson, Jeanne Williams",...y John Grisham The eagerly awaited new legal thriller by the author of The Firm. With the mur...
,A,legal-thriller,the defendant,openlibrary_OL18144258W,Fatal conceit,Robert Tanenbaum,...orgettable courtroom confrontation with the defendants who have the full weight of the US adm...
,A,legal-thriller,Defense attorney,openlibrary_OL18165867W,The gods of guilt,Michael Connelly,"...""Defense attorney Mickey Haller returns with a haunting c..."
,A,legal-thriller,district attorney,openlibrary_OL19995244W,The bone tree,Greg Iles,"...f Tom's former nurse, Viola Turner. The district attorney is quick to point the finger at Tom, ci..."
,A,legal-thriller,defense attorney,openlibrary_OL111709W,The brass verdict,Michael Connelly,...Things are finally looking up for defense attorney Mickey Haller. After two years of wrong...
,A,legal-thriller,District Attorney,openlibrary_OL19722217W,Easy errors,Steven Havill,"...e Suburban, also dead, is the assistant District Attorney's teenaged son. Two local family traged..."
,A,legal-thriller,courtroom drama,openlibrary_OL16028034W,Great American trials,"Edward W. Knappman, Stephen G. Christianson, Lisa Olson Paddock",...ials is a masterful collection of great courtroom dramas....
,A,legal-thriller,courtroom drama,openlibrary_OL4212428W,The trial of Dr. Adams,Sybille Bedford,"...n and skill to kill a victim -- this is courtroom drama that implants actual testimony, questio..."
,A,legal-thriller,District Attorney,openlibrary_OL14932862W,The Best American Crime Reporting 2007,Linda Fairstein,...ormer chief prosecutor of the Manhattan District Attorney's Office's pioneering Special Victims'...
,A,legal-thriller,District Attorney,openlibrary_OL17858237W,The Best American Crime Reporting 2007,"Linda Fairstein, Otto Penzler, Thomas H. Cook",...ormer chief prosecutor of the Manhattan District Attorney's Office's pioneering Special Victims'...
,A,legal-thriller,federal prosecutor,openlibrary_OL17582786W,From Midnight to Guntown,John Hailman,"...""As a federal prosecutor in Mississippi for over thirty years, J..."
,A,legal-thriller,the defendant,openlibrary_OL24462297W,Couple Found Slain,Mikita Brottman,"...is conviction—when most stories end but the defendant's life goes on.** On February 21, 19..."
,A,legal-thriller,District Attorney,openlibrary_OL17827661W,Echoes of my soul,Robert Tanenbaum,"...ent young man, and the heroic Assistant District Attorney who risked everything to unravel a disg..."
,A,legal-thriller,the defendant,openlibrary_OL9958355W,The Star Chamber,Eric Dubin,"...t it has on all participants, including the defendant, lawyers, judge, and jury, as well as t..."
,A,legal-thriller,courtroom drama,openlibrary_OL4298264W,Murder of mercy,Stanley M. Rosenblatt,...iveting book is more than just gripping courtroom drama. Find out why Patricia's father and bro...
,A,legal-thriller,courtroom drama,openlibrary_OL5833357W,Reinventing Justice,James L. Nolan,...nsive feedback to analyze a new type of courtroom drama in which the judge engages directly and...
,A,legal-thriller,on trial for,openlibrary_OL5713339W,Nothing to lose,Alex Flinn,"...orida, to find that his mother is going on trial for the murder of his abusive stepfather...."
,A,legal-thriller,legal thriller,openlibrary_OL20156992W,The Perfect Alibi,Phillip Margolin,"..."". . . a new legal thriller starring Robin Lockwood. A young woman..."
,A,legal-thriller,defense attorney,openlibrary_OL19711736W,The Good Daughter,Karin Slaughter,...left their father—Pikeville's notorious defense attorney—devastated. And it left the family frac...
,A,legal-thriller,federal prosecutor,openlibrary_OL20038669W,The Sleeping Beauty Killer,"Mary Higgins Clark, Alafair Burke","...upreme Court clerkship, experience as a federal prosecutor, and regular stints on the cable news c..."
,A,legal-thriller,defense attorney,openlibrary_OL134433W,Kill the messenger,Tami Hoag,"...g a package for one of L.A.'s sleaziest defense attorneys, he's nearly run down by a car, chased..."
,A,legal-thriller,district attorney,openlibrary_OL17308089W,Defending Jacob,William Landay,...Andy Barber has been an assistant district attorney in his suburban Massachusetts county fo...
,A,legal-thriller,defense attorney,hardcover_526732,The Perfect Marriage,Jeneva Rose,"...arah Morgan is one of the best criminal defense attorneys in Washington, DC. With a perfect case..."
,A,legal-thriller,courtroom thriller,hardcover_434854,Miracle Creek,Angie  Kim,"...""A literary courtroom thriller about a mother accused of murdering her..."
,A,legal-thriller,Defense lawyer,hardcover_437466,Thirteen,Steve Cavanagh,...the house--and he killed to be here. Defense lawyer Eddie Flynn believes his client is inno...
,A,legal-thriller,District Attorney,hardcover_192185,The Reversal,Michael Connelly,"...er is invited by the Los Angeles County District Attorney to prosecute a case for him, he knows s..."
,A,legal-thriller,defense attorney,hardcover_490228,The Reckoning,John Grisham,"...ement about it - to the sheriff, to his defense attorney, to the judge, to his family and friend..."
,A,legal-thriller,courtroom thriller,hardcover_538126,Take It Back,Kia Abdullah,...ake It Back is a harrowing and twisting courtroom thriller that keeps you guessing until the last...
,A,legal-thriller,Defense attorney,hardcover_197748,An innocent client,Scott Pratt,...e suspect is a waitress at a strip club.Defense attorney Joe Dillard's too burnt out to defend a...
,A,legal-thriller,defense lawyer,hardcover_175176,The Ex,Alafair Burke,...Criminal defense lawyer Olivia Randall represents her former fi...
,A,legal-thriller,defense attorney,hardcover_100858,Open and Shut,David Rosenfelt,"...the local old boys' network, irreverent defense attorney Andy Carpenter always leaves them awed..."
,A,legal-thriller,defense attorney,hardcover_52335,Bury the Lead,David Rosenfelt,"...turf.He's Andy Carpenter, the Paterson defense attorney who can sling a quip as fast as he can..."
,A,legal-thriller,defense attorney,hardcover_172838,Dead Center,David Rosenfelt,"...ns left him and headed west, New Jersey defense attorney Andy Carpenter didn't expect to ever se..."
,A,locked-room-mystery,locked room,openlibrary_OL472074W,Murder in the Mews,Agatha Christie,"...When a young woman is found in a locked room having been shot, the police assume it’..."
,A,locked-room-mystery,locked room,openlibrary_OL261552W,Spook Country,William Gibson,"...big part of it, as would breaking into locked rooms.Bobby Chombo is a ""producer,"" and an e..."
,A,locked-room-mystery,locked-room,openlibrary_OL17639376W,First class murder,Robin Stevens,...sy and Hazel are faced with their first locked-room mystery - and with competition from sev...
,A,locked-room-mystery,locked room,openlibrary_OL4092550W,Envious Casca,Georgette Heyer,...of the suspects could have entered the locked room to commit this foul deed. The investiga...
,A,locked-room-mystery,locked-room,openlibrary_OL8266374W,The Mammoth Book of Historical Detectives,Michael Ashley,"...ion of Brother Athelstan"". A classic locked-room mystery featuring Lillian de la Torre's..."
,A,locked-room-mystery,locked room,openlibrary_OL9760019W,Bookhunter,Jason Shiga,...fforts of the library police to solve a locked room mystery: the theft of a rare and pricel...
,A,locked-room-mystery,locked room,hardcover_504048,No Exit,Taylor Adams,"...And how can Darby save her? In this locked room mystery, there is no cell phone recepti..."
,A,locked-room-mystery,locked room,hardcover_1402045,The Most Wonderful Crime of the Year,Ally Carter,...in the world just disappeared out of a locked room two days before Christmas. Meet Magg...
,A,locked-room-mystery,locked room,hardcover_440502,Malice,Keigo Higashino,".... His body is found in his office, in a locked room, within his locked house, by his wife a..."
,A,locked-room-mystery,locked room,hardcover_98707,The Red House Mystery,A.A. Milne,"...first half of the twentieth century, a locked room, a dead body, an amateur sleuth, a help..."
,A,locked-room-mystery,locked room,hardcover_139047,A Meditation on Murder,Robert Thorogood,"...: when Aslan was killed he was inside a locked room with only five other people, one of who..."
,A,locked-room-mystery,locked room,hardcover_301100,In the Morning I'll Be Gone,Adrian McKinty,"...e. Sean knows that if he can crack the ""locked room mystery,"" the bigger mystery of Dermot’..."
,A,race-against-time,before it's too late,openlibrary_OL16726460W,The secret prophecy,Herbie Brennan,"...he secrets behind the Knights of Themis before it's too late""--..."
,A,race-against-time,running out of time,openlibrary_OL19144W,The ax,Donald E. Westlake,"...his loved ones, Devore knows that he is running out of time. Believing that there is just one way t..."
,A,race-against-time,race against time,openlibrary_OL1685180W,El enigma de París,Pablo de Santis,"...zaky and Salvatrio find themselves in a race against time around glorious fin de siecle Paris, e..."
,A,race-against-time,before it's too late,openlibrary_OL19980409W,Her last whisper,Karen Robards,...to Las Vegas to track down the predator before it's too late. The team doesn't realize that this kil...
,A,race-against-time,before it's too late,openlibrary_OL111630W,Angels Fall,Nora Roberts,"...t if there is a killer in Angel's Fist, before it's too late...."
,A,race-against-time,before it's too late,openlibrary_OL5683214W,Almost Dead,Lisa Jackson,...And Cissy must uncover the deadly truth before it's too late for herself and her innocent baby son....
,A,race-against-time,before it's too late,openlibrary_OL15917129W,Split Second,Catherine Coulter,...m. It's up to Lucy to stop this madness before it's too late. FBI - 15...
,A,race-against-time,race against time,openlibrary_OL16555743W,Rogue,Mark Walden,"...rld's villainous forces, Raven and Wing race against time to find him before other G.L.O.V.E. ass..."
,A,race-against-time,before he strikes again,openlibrary_OL48844W,Death in the Devil's Acre,Anne Perry,...otte and Thomas Pitt must stop a killer before he strikes again A serial killer is loose in the slu...
,A,race-against-time,before it's too late,openlibrary_OL19356257W,The Fix,David Baldacci,"...used on only one goal: solving the case before it's too late""--Amazon.Com...."
,A,race-against-time,race against time,openlibrary_OL134443W,Dark horse,Tami Hoag,...-down that could cost her everything. A race against time and evil. A race in which Estes is the...
,A,race-against-time,before he strikes again,openlibrary_OL17872828W,Die again,Tess Gerritsen,"...s earlier, they plot to cage the hunter before he strikes again""--..."
,A,race-against-time,running out of time,openlibrary_OL11359487W,Absolution by Murder,"Peter Berresford Ellis, Caroline Lennon",...Fidelma and Eadulf soon find themselves running out of time....
,A,race-against-time,race against the clock,openlibrary_OL17861183W,The steel kiss,Jeffery Deaver,"...threatens to grow, Sachs and Rhyme must race against the clock to unmask his identity--and discover hi..."
,A,race-against-time,race against time,openlibrary_OL16556671W,Myrknætti,Ragnar Jónasson,"...m all, and the darkness deepens, it's a race against time to find the killer before someone else..."
,A,race-against-time,before it's too late,openlibrary_OL20013369W,Dark tides,Chris Ewan,"...Claire must confront her deepest fears, before it's too late. Chris Ewan, author of the stand alone..."
,A,race-against-time,race against time,openlibrary_OL48060W,To the nines,Janet Evanovich,"...meaning to the word ""hunter..."" In a race against time that takes her from the Jersey Turnpike..."
,A,race-against-time,before it's too late,openlibrary_OL16342751W,Garment of shadows,Laurie R. King,"...tries to crack deadly parallel puzzles before it's too late for them, for Africa, and for the peace..."
,A,race-against-time,before it's too late,openlibrary_OL17863311W,14th Deadly Sin,"James Patterson, Maxine Paetro",...k their lives in the name of justice -- before it's too late. --...
,A,race-against-time,before it's too late,openlibrary_OL20027353W,Snatched,Bruce Porter,"...el handlers in the DEA to get her back, before it's too late and her kidnappers discover they have a..."
,A,race-against-time,before its too late,openlibrary_OL19732660W,City of saviors,Rachel Howzell Hall,"...wn demons in order to save another soul before its too late""--Amazon...."
,A,race-against-time,running out of time,openlibrary_OL15411651W,Plum pudding murder,Joanne Fluke,"...ays of Christmas ticking away, Hannah's running out of time to nab a murderous Scrooge who doesn't..."
,A,race-against-time,before it's too late,openlibrary_OL463317W,Dead heat,"Dick Francis, Felix Francis",...x vows to protect his name-and himself- before it's too late....
,A,race-against-time,race against time,openlibrary_OL5755284W,The last Kashmiri rose,Barbara Cleverly,...Joe Sandilands finds himself running a race against time and a serial killer who alone knows the...
,A,race-against-time,race against time,openlibrary_OL14715W,Eleventh Hour,Catherine Coulter,"...ne Carver, Savich and Sherlock are in a race against time to find the madman responsible-but it's..."
,A,race-against-time,before it's too late,openlibrary_OL5705729W,The bride collector,Ted Dekker,...o murder seven women. Can Paradise help before it's too late?...
,A,race-against-time,before he strikes again,openlibrary_OL19800234W,NYPD Red 4,"James Patterson, Marshall Karp",...lie have to find a cold-blooded killer--before he strikes again....
,A,race-against-time,before it's too late,openlibrary_OL17919736W,Radiant Angel,Nelson DeMille,...d put a stop to whatever he has planned before it's too late? Or will Corey finally be outrun and ou...
,A,race-against-time,race against the clock,openlibrary_OL19712827W,Enigma,Catherine Coulter,"...cial Forces agent Jack Cabot, they must race against the clock to catch an international criminal and..."
,A,race-against-time,before the killer strikes again,openlibrary_OL5814248W,How to Marry a Ghost,Hope McIntyre,...ng into the dead woman's ghosting shoes-before the killer strikes again....
,A,race-against-time,before it's too late,hardcover_481892,Remarkably Bright Creatures,Shelby Van Pelt,...can muster to unearth the truth for her before it's too late... Shelby Van Pelt's debut novel is...
,A,race-against-time,before it's too late,hardcover_428943,"Good Girl, Bad Blood",Holly Jackson,...one is listening. But will she find him before it's too late?...
,A,race-against-time,race against time,hardcover_427962,The Dispatcher,John Scalzi,...venge what they see as a wrong. It's a race against time for Valdez to find his friend before it...
,A,race-against-time,before it's too late,hardcover_504287,The Boy from the Woods,Harlan Coben,...s . . . secrets that Wilde must uncover before it's too late....
,A,race-against-time,ticking clock,hardcover_801805,Just Another Missing Person,Gillian McAllister,"...s what to expect. A desperate family, a ticking clock, and long hours away from her husband a..."
,A,race-against-time,race against time,hardcover_376728,The Last Oracle,James Rollins,"...the toxic ruins of Russia, two men must race against time to solve a mystery that dates back to t..."
,A,race-against-time,running out of time,hardcover_244783,The Never Game,Jeffery Deaver,...been snatched from her family and he's running out of time. In the darkest corner of Silicon Valle...
,A,race-against-time,before it's too late,hardcover_161248,Birds of a Feather,Jacqueline Winspear,"...these seemingly respectable young women before it's too late. As Maisie investigates, she discovers..."
,A,race-against-time,race against time,hardcover_179325,Indemnity Only,Sara Paretsky,...Chicago in July. V.I.'s in a desperate race against time. At stake: a young woman's life.From t...
,A,race-against-time,race against time,hardcover_70367,The Analyst,John Katzenbach,...Analyst's Last Days weaves a blistering race against time with a tale of identities shattered and...
,A,race-against-time,running out of time,hardcover_804561,Written,Kathryn  Moon,"...and fire-born daemons. The Arkmages are running out of time and options, and the world is once agai..."
,A,race-against-time,before it's too late,hardcover_353560,Blacklands,Belinda Bauer,...o heal the widening cracks between them before it's too late. And if that means presenting his grand...
,A,race-against-time,race against time,hardcover_542245,Dead Man's Footsteps,Peter James,"...panning the globe, and into a desperate race against time to save the life of a woman being hunte..."
,A,race-against-time,before he strikes again,hardcover_542475,The Woman in Blue,Elly Griffiths,"...Nelson must team up to find the killer before he strikes again""--..."
,A,race-against-time,running out of time,hardcover_382947,Fault Line,Barry Eisler,"...wn home. Off balance, out of ideas, and running out of time, he knows that the one person who can h..."
,A,race-against-time,race against time,hardcover_654304,Beware the Past,Joy Ellis,"...athtaking conclusion, Matt and his team race against time to stop a vicious killer who knows no l..."
,A,race-against-time,before it's too late,hardcover_138269,Down the Rabbit Hole,Peter Abrahams,...she must solve the murder on her own -- before it's too late!...
,A,race-against-time,race against the clock,hardcover_278943,Divide and Conquer,"Jeff Rovin, Tom Clancy, Steve Pieczenik","...Hood and the members of Op-Center must race against the clock to prevent the outbreak of war, save th..."
,A,serial-killer,serial killer,openlibrary_OL17321923W,Love Is Red,Sophie Jaff,...isturbing visions while a New York City serial killer obsessively stalks women who he associa...
,A,serial-killer,serial killer,openlibrary_OL8081577W,Driven,W. G. Griffiths,"...on Long Island, is in hot pursuit of a serial killer. As Pierce's hunt for the unconventiona..."
,A,serial-killer,serial killer,openlibrary_OL17715231W,Hit list,Laurell K. Hamilton,"...A serial killer is hunting the Pacific Northwest, murde..."
,A,serial-killer,serial killer,openlibrary_OL16058826W,Birdman,Mo Hayder,...mortems reveal a most dangerous sexual serial killer on the loose....
,A,serial-killer,serial killer,openlibrary_OL21343023W,Devil Aspect,Craig Russell,"...ective struggles to understand a brutal serial killer who has spread fear through the city, a..."
,A,serial-killer,serial killer,openlibrary_OL81630W,The Dead Zone,Stephen King,"...he dead zone."" The novel also follows a serial killer in Castle Rock, and the life of rising..."
,A,serial-killer,serial killer,openlibrary_OL15367319W,Dexter Is Delicious,Jeffry P. Lindsay,...changing for our friendly neighbourhood serial killer. As if getting married wasn't enough to...
,A,serial-killer,serial killer,openlibrary_OL17715962W,Lair of Dreams,Libba Bray,"...After a supernatural showdown with a serial killer, Evie O'Neill has outed herself as a Di..."
,A,serial-killer,serial killer,openlibrary_OL14871608W,Body Double,Tess Gerritsen,...meets her match--and must face a savage serial killer and shattering personal revelations--in...
,A,serial-killer,serial killer,openlibrary_OL16811458W,El juego de Ripper,Isabel Allende,"...Amanda, a teenage girl must unmask a serial killer in San Francisco through Ripper, the on..."
,A,serial-killer,serial killer,openlibrary_OL471509W,The A.B.C. Murders,Agatha Christie,"...There's a serial killer on the loose, bent on working his way t..."
,A,serial-killer,serial killer,openlibrary_OL17426934W,Nypd Red 2,"James Patterson, Marshall Karp","...s on an impossible mission. A vigilante serial killer is on the loose in New York City, track..."
,A,serial-killer,serial killer,openlibrary_OL52936W,The Visitor,Lee Child,...arring Jack Reacher features a chilling serial killer.Sergeant Amy Callan and Lieutenant Caro...
,A,serial-killer,serial killer,openlibrary_OL134370W,The Body Farm,Patricia Cornwell,"...fying crime, reminiscent of the work of serial killer Temple Gault, who has long eluded Dr. K..."
,A,serial-killer,serial killer,openlibrary_OL17415405W,Dark Wings Descending,Lesley Davis,...el aspects of criminal behavior. When a serial killer who leaves his victims oddly posed star...
,A,serial-killer,serial killer,openlibrary_OL17883610W,A barricade in hell,Jaime Lee Moyer,...elp of those ghosts to defeat a twisted serial killer terrorizing her beloved San Francisco....
,A,serial-killer,serial killer,openlibrary_OL18184470W,The last time I saw her,Karen Robards,...robes the twisted minds of incarcerated serial killers to better understand what makes them t...
,A,serial-killer,serial killer,openlibrary_OL19980409W,Her last whisper,Karen Robards,"...ng down a brutal murderer with the FBI, serial killer expert Dr. Charlotte Stone wants nothin..."
,A,serial-killer,serial killer,openlibrary_OL19646241W,Deadly fate,Heather Graham,...rious murderers. The prime suspect is a serial killer Thor once put behind bars. The man esca...
,A,serial-killer,string of murders,openlibrary_OL19736193W,Hold back the dark,Kay Hooper,...n SCU team investigates an inexplicable string of murders committed by men and women with no memo...
,A,serial-killer,serial killer,openlibrary_OL14927220W,The Flower Net,Lisa See,...ne that plays right into the hands of a serial killer....
,A,serial-killer,serial killer,openlibrary_OL20936808W,The Shakespeare secret,Jennifer Lee Carrell,"...There is a deadly serial killer is on the loose, modelling his murders..."
,A,serial-killer,serial killer,openlibrary_OL1923123W,Chill of night,"John Lutz, John Lutz",...There's a twisted serial killer stalking the streets of New York City....
,A,serial-killer,serial killer,openlibrary_OL121765W,Hurricane Bay,Heather Graham,...crime appears to be the handiwork of a serial killer currently terrorizing the Miami area. N...
,A,serial-killer,serial killer,openlibrary_OL15917129W,Split Second,Catherine Coulter,"...A serial killer is on the loose, and it's up to FBI age..."
,A,serial-killer,serial killer,openlibrary_OL15378117W,El asedio,Arturo Pérez-Reverte,"...ace is lurking within the city walls: a serial killer is on the loose, flaying young women to..."
,A,serial-killer,serial killer,openlibrary_OL15831165W,Hot blooded,Lisa Jackson,...Detective Rick Bentz convinced that the serial killer prowling the shadowy streets of New Orl...
,A,serial-killer,serial killer,openlibrary_OL15080732W,The Search,Nora Roberts,"...was the only survivor of the Red Scarf serial killer, who shot and killed Fiona's cop fiance..."
,A,serial-killer,serial killer,openlibrary_OL5683346W,Lost Souls,"Lisa Jackson, Joyce Bean","...ave nearly died twice at the hands of a serial killer, and lived to tell about it. Her dad, N..."
,A,serial-killer,serial killer,openlibrary_OL2008582W,Mallory's oracle,Carol O'Connell,...adoptive father and other victims of a serial killer....
,A,serial-killer,serial killer,openlibrary_OL18160545W,The forever watch,David Ramirez,"...oah, which is also carrying a dangerous serial killer ... As a City Planner on the Noah, Hana..."
,A,serial-killer,Serial Killer,openlibrary_OL16361042W,Partials,Dan Wells,"...Wells, acclaimed author of *I Am Not a Serial Killer*, takes readers on a pulse-pounding jou..."
,A,serial-killer,series of murders,openlibrary_OL111733W,A darkness more than night,Michael Connelly,...by the LAPD to help them investigate a series of murders that have them baffled. They are the ki...
,A,serial-killer,serial killer,openlibrary_OL15662421W,The Sixth Man,David Baldacci,...Edgar Roy – an alleged serial killer – is awaiting trial. He faces almost ce...
,A,serial-killer,string of murders,openlibrary_OL16802469W,Screwed,"Eoin Colfer, John Keating","...f unlikely characters, solved a bizarre string of murders--including the one of the girl he loved..."
,A,serial-killer,serial killer,openlibrary_OL15175591W,The Dead Room,Chris Mooney,...died twenty years ago.But how can dead serial killers return to haunt the present?The answer...
,A,serial-killer,serial killer,openlibrary_OL19666058W,Fear the darkness,Becky Masterman,...ot a fighter. Even when the return of a serial killer from her past threatened to derail her...
,A,serial-killer,series of murders,openlibrary_OL19754704W,Ambush,"James Patterson, James O. Born, James O Born","...ren sustains a mysterious injury. And a series of murders follows, each with a distinct signature..."
,A,serial-killer,serial killer,openlibrary_OL48844W,Death in the Devil's Acre,Anne Perry,...a killer before he strikes again A serial killer is loose in the slums of Devil’s Acre....
,A,serial-killer,serial killer,openlibrary_OL20012997W,Pop goes the weasel,M. J. Arlidge,...a call it Jack the Ripper in reverse: a serial killer preying on family men who lead hidden d...
,A,serial-killer,serial killer,openlibrary_OL16646274W,NYPD red,"James Patterson, Marshall Karp","...s on an impossible mission. A vigilante serial killer is on the loose in New York City, track..."
,A,serial-killer,serial killer,openlibrary_OL17875313W,Serpents in the Cold,Thomas O'Malley,"...""A serial killer stalks the streets of 1950s Boston--and..."
,A,serial-killer,serial murder,openlibrary_OL4475300W,In pursuit of Satan,Robert D. Hicks,"...crimes ranging from petty vandalism to serial murders, Hicks avows that there is no substant..."
,A,serial-killer,serial killer,openlibrary_OL5725850W,Blindsighted,Karin Slaughter,"...ater. But he's got more than a sadistic serial killer on his hands, for the county's sole fem..."
,A,serial-killer,serial killer,openlibrary_OL19754740W,Long road to mercy,David Baldacci,"...twin sister was abducted by a notorious serial killer at age five, Atlee has spent her life h..."
,A,serial-killer,serial killer,openlibrary_OL17896329W,Insidious,Catherine Coulter,"...ead the hunt for the Starlet Slasher, a serial killer who has cut the throats of five young a..."
,A,serial-killer,series of murders,openlibrary_OL14860201W,A Monstrous Regiment of Women,Laurie R. King,...ont for something more sinister? When a series of murders claims members of the movement's wealth...
,A,serial-killer,serial killer,openlibrary_OL504594W,Blood Dreams,Kay Hooper,...takes us on a terrifying manhunt for a serial killer no ordinary cops can stop--a psychopath...
,A,serial-killer,serial killer,openlibrary_OL111749W,The Poet,Michael Connelly,...k McEvoy as he tracks down a versifying serial killer who preys on police detectives....
,A,serial-killer,series of murders,openlibrary_OL1881691W,The Naked Face,Sidney Sheldon,...secrets. Can it also hold the key to a series of murders?*** John Hanson—murdered in the street...
,A,serial-killer,serial killer,openlibrary_OL15383088W,The Postcard Killers,"James Patterson, Liza Marklund","...son traverse Europe in hot pursuit of a serial killer, one who sends a postcard before each m..."
,A,serial-killer,serial killer,openlibrary_OL12129W,13 Steps Down,Ruth Rendell,"...he worships from afar, and the life of serial killer Reggie Christie, hanged fifty years ear..."
,A,serial-killer,series of murders,openlibrary_OL58114W,The torment of others,Val McDermid,...The killing resembles in every detail a series of murders that took place a couple of years befor...
,A,serial-killer,serial killer,openlibrary_OL17308678W,"Alex Cross, run",James Patterson,"...ted body is discovered, rumors of three serial killers on the loose send Washington D.C. into..."
,A,serial-killer,serial killer,openlibrary_OL17697830W,Fear nothing,Lisa Gardner,...e D.D. Warren must face a new fear as a serial killer terrorizes Boston. My name is Dr. Adeli...
,A,serial-killer,serial killer,openlibrary_OL17867285W,Rage against the dying,Becky Masterman,...FBI agent Brigid Quinn not only worked serial killer cases but became their prize. Small and...
,A,serial-killer,serial killer,openlibrary_OL41245W,Hour Game,David Baldacci,...He's copying famous serial killers and the game has just begun. A woman i...
,A,serial-killer,serial killer,openlibrary_OL5734052W,The soul catcher,Alex Kava,"...insight on cases that involve suspected serial killers. She can’t understand, then, why her b..."
,A,serial-killer,serial killer,openlibrary_OL17756349W,Second Honeymoon,"James Patterson, Howard Roughan",...arah Brubaker hunt an ingenious pair of serial killers whose victims all have one chilling th...
,A,serial-killer,serial killer,openlibrary_OL38089392W,Born Killers,"Christopher Berry-Dee, Steven Morris","...r the nature of their sickening crimes, serial killers are still human. Analysing the early y..."
,A,serial-killer,serial killer,openlibrary_OL1828370W,The forensic psychology of criminal minds,Katherine M. Ramsland,...ook inside the psyches of the fictional serial killers tracked by the BAU (Behavioral Analysi...
,A,serial-killer,serial killer,openlibrary_OL2714315W,The poisoned life of Mrs. Maybrick,Bernard Ryan,...n was terrorized in the late 1800s by a serial killer known as “Jack the Ripper.” Although hi...
,A,serial-killer,serial killer,openlibrary_OL38058568W,Postmortem,Courtney Lund O'Neil,"...ere, would be pivotal in convicting the serial killer who assaulted and killed over thirty yo..."
,A,serial-killer,serial murder,openlibrary_OL16033787W,The torso killer,Rod Leith,"...Richard Cottingham, New Yorks deadliest serial murderer...."
,A,serial-killer,serial killer,openlibrary_OL24855651W,The Big Book of Serial Killers,Jack Rosewood,"...sters, and they walk among us. These serial killers are not mythical beasts with horns and..."
,A,serial-killer,serial killer,openlibrary_OL3128353W,To kill and kill again,John Coston,...sier. But would you give your keys to a serial killer? For 12 years Wayne Nance - the boy-nex...
,A,serial-killer,serial killer,openlibrary_OL15103515W,Murder in America,Stephen T. Holmes,"...many articles addressing topics such as serial killers, sex crimes, profiling, drug testing,..."
,A,serial-killer,serial killer,openlibrary_OL4278067W,The shadow of death,Philip E. Ginsburg,...nt/New Hampshire that experiences three serial killers in the 1980s and 1990s. Ginsburg was...
,A,serial-killer,serial murder,openlibrary_OL21138344W,Murder in Plain English,"Michael Arntfield, Marcel Danesi",...he authors explaining how both mass and serial murderers perceive their crimes as stories and...
,A,serial-killer,serial killer,openlibrary_OL15151765W,The Serial Killer Files,Harold Schechter,"...ved, comes the ultimate resource on the serial killer phenomenon.Rigorously researched and pa..."
,A,serial-killer,serial killer,openlibrary_OL16113737W,The killer within,Philip Carlo,"...etherworld of Mafia bosses, hit men and serial killers, as well as the hard realities of deal..."
,A,serial-killer,serial killer,openlibrary_OL16485358W,The color of night,L. C. Timmerman,...n a trail of more bodies emerged. Was a serial killer at large? Could it be the same man who...
,A,serial-killer,serial killer,openlibrary_OL28216869W,Crime time,Sue Bursztynski,"...Ned Kelly and Mad Dog Morgan through to serial killers, fraudsters and modern celebrity crimi..."
,A,serial-killer,serial killer,openlibrary_OL3471614W,The Monster of Florence,"Magdalen Nabb, Douglas Preston, Mario Spezi","...hen he is assigned to help track down a serial killer, especially when he assigned to work un..."
,A,serial-killer,serial killer,openlibrary_OL5857845W,Tracker,"Grover Maurice Godwin, Maurice Godwin, Fred Rosen","...showing that psychological profiles of serial killer are largely fictions, while the more di..."
,A,serial-killer,serial killer,openlibrary_OL19665438W,The midnight assassin,Skip Hollandsworth,"...and class. At the time the concept of a serial killer was unthinkable, but the murders contin..."
,A,serial-killer,serial killer,openlibrary_OL4325274W,Final Truth,"Pee Wee Gaskins, Donald H. Gaskins, Wilton Earle","...he tortured mind of a mass murderer and serial killer, this autobiographical account graphica..."
,A,serial-killer,serial killer,openlibrary_OL17775258W,Rope,Michael Newton,"...An account of an American serial killer, Harvey Glatman, who was convicted in 1..."
,A,serial-killer,serial killer,openlibrary_OL17855326W,Killer Clown,"Terry Sullivan, Peter Maiken",...volunteer. And one of the most sadistic serial killers of all time. But few people could see...
,A,serial-killer,serial killer,openlibrary_OL1982449W,The only living witness,"Stephen G. Michaud, Hugh Aynesworth",...nd an investigator team who interviewed serial killer Ted Bundy while he was on death row in...
,A,serial-killer,serial killer,openlibrary_OL15840845W,Vulgar Favors,Maureen Orth,...was investigating a major story on the serial killer for Vanity Fair. Now the award-winning...
,A,serial-killer,serial killer,openlibrary_OL17843210W,The Shining Girls,Lauren Beukes,"...""A time-traveling serial killer is impossible to trace-- until one of h..."
,A,serial-killer,serial killer,openlibrary_OL5725693W,Dead run (Monkeewrench #3),P. J. Tracy,"...te to Green Bay, following reports of a serial killer, when their car breaks down deep in the..."
,A,serial-killer,serial killer,openlibrary_OL9938800W,Die with me,Elena Forbes,...nect the dots between victims to find a serial killer with a chilling predilection for lonely...
,A,serial-killer,serial killer,openlibrary_OL15722118W,Blood of the Fathers,John Gardner,...apel murders to represent the legendary serial killer....
,A,serial-killer,serial killer,openlibrary_OL5755284W,The last Kashmiri rose,Barbara Cleverly,...mself running a race against time and a serial killer who alone knows the recipient of the ne...
,A,serial-killer,serial killer,openlibrary_OL27170901W,Back to the Garden,Laurie R. King,...equality. But that was also a time when serial killers preyed on innocents--monsters like The...
,A,serial-killer,serial killer,openlibrary_OL19994463W,Hades,Candice Fox,"...l goes beyond the bloody handiwork of a serial killer ...""--Page [4] of cover...."
,A,serial-killer,serial killer,openlibrary_OL12703W,A cold heart,Jonathan Kellerman,...culous and taunting modus operandi of a serial killer. Delaware's suspicion is borne out when...
,A,serial-killer,serial killer,openlibrary_OL554908W,Dying breath,Wendy Corsi Staub,...is forced to play a twisted game with a serial killer after she has a vision of a missing chi...
,A,serial-killer,serial killer,openlibrary_OL5705729W,The bride collector,Ted Dekker,"...facing his toughest case yet. A Denver serial killer has killed four beautiful young women,..."
,A,serial-killer,serial killer,openlibrary_OL20040217W,Little boy blue,M. J. Arlidge,"...cross to bring in a devious and elusive serial killer ...""--..."
,A,serial-killer,serial killer,openlibrary_OL3968345W,Dexter in the dark,Jeffry P. Lindsay,"...creeps out your friendly neighbourhood serial killer, you know it's serious ... As Halpern a..."
,A,serial-killer,serial killer,openlibrary_OL20028336W,The crow girl,Erik Axl Sund,"...n, it becomes clear that a psychopathic serial killer is at large. Jeanette turns to therapis..."
,A,serial-killer,serial killer,openlibrary_OL17306496W,Field of Prey,John Sandford,"...rmyard, discovering the work of a local serial killer who has been murdering one victim every..."
,A,serial-killer,serial killer,openlibrary_OL17301573W,The Beast,Faye Kellerman,...They've faced more than their share of serial killers and psychopaths. But this time two ver...
,A,serial-killer,serial killer,openlibrary_OL19358984W,Insidious Intent,Val McDermid,"...t, Tony and Carol are on the hunt for a serial killer who forces the duo to confront their mo..."
,A,serial-killer,serial killer,openlibrary_OL5734046W,A Perfect Evil,Alex Kava,"...own career with the arrest of the last serial killer in the neighborhood, who abducted and t..."
,A,serial-killer,serial murder,openlibrary_OL20626992W,Long Bright River,Liz Moore,...ins to fear for her addicted sister. A serial murder is targeting homeless female prostitute...
,A,serial-killer,serial murder,openlibrary_OL19983004W,Sorrow bound,David John Mark,...'re distracted by something deadlier: a serial murderer with a taste for the grisly and macab...
,A,serial-killer,serial killer,openlibrary_OL13661W,Exit wounds,J. A. Jance,...reatens everyone in her jurisdiction: a serial killer in their midst.A twisted and lethal dra...
,A,serial-killer,serial killer,openlibrary_OL17376203W,The 9th Girl,Tami Hoag,...i Liska find themselves in pursuit of a serial killer whose latest victim is a bullied adoles...
,A,serial-killer,string of murders,openlibrary_OL20043548W,Never never,"James Patterson, Candice Fox","...en her brother is charged with a brutal string of murders, it rocks her world. Shocked, in denial..."
,A,serial-killer,serial killer,openlibrary_OL19930691W,Thriller 2,"Clive Cussler, Various","...country to Ridley Pearson's horrifying serial killer, this collection has something for ever..."
,A,serial-killer,serial killer,openlibrary_OL483713W,Beggars Banquet,Ian Rankin,"...n murders to the sinister workings of a serial killer's mind, from a bent cop with a terminal..."
,A,serial-killer,serial killer,openlibrary_OL13665W,Shoot/don't shoot,J. A. Jance,"...her impromptu investigationis drawing a serial killer too close for comfort -- and closer,wor..."
,A,serial-killer,serial killer,hardcover_475544,Notes on an Execution,Danya Kukafka,"...the familiar narrative of the American serial killer, interrogating our system of justice an..."
,A,serial-killer,serial killer,hardcover_652542,What Lies in the Woods,Kate Alice Marshall,"...rt her. The girls’ testimony put away a serial killer, wanted for murdering six women. They w..."
,A,serial-killer,serial killer,hardcover_432319,Survive the Night,Riley Sager,"...n is in a car with a man who might be a serial killer. Josh Baxter, the man behind the whe..."
,A,serial-killer,serial killer,hardcover_572448,The Locked Door,Freida McFadden,...Nobody knows her father was a notorious serial killer. And she intends to keep it that way....
,A,serial-killer,serial killer,hardcover_652414,The Quiet Tenant,Clémence Michallon,...se closest to him. He’s a kidnapper and serial killer. Aidan has murdered eight women and the...
,A,serial-killer,serial killer,hardcover_278057,Stillhouse Lake,Rachel Caine,"...reveals her husband's secret life as a serial killer, she must remake herself as Gwen Procto..."
,A,serial-killer,serial killer,hardcover_101050,Jar of Hearts,Jennifer Hillier,"...women. To the authorities, Calvin is a serial killer. But to Geo, he's something else entire..."
,A,serial-killer,serial murder,hardcover_439510,Killer Instinct,Jennifer Lynn Barnes,...am of the FBI work to solve a string of serial murders carried out by a copycat killer. The p...
,A,serial-killer,string of brutal murders,hardcover_469849,All In,Jennifer Lynn Barnes,"...inos. Three bodies. Three days. After a string of brutal murders in Las Vegas, Cassie Hobbes and the Nat..."
,A,serial-killer,serial killer,hardcover_474411,The Marlow Murder Club,Robert Thorogood,"...up, they realise they have a real-life serial killer on their hands. And the puzzle they set..."
,A,serial-killer,serial killer,hardcover_382202,The Concrete Blonde,Michael Connelly,"...llmaker, one of the city's most bizarre serial killers. But now it appears that the Dollmaker..."
,A,serial-killer,serial killer,hardcover_295912,The Devil's Star,Jo Nesbø,"...erging pattern suggests that Oslo has a serial killer on its hands, and the five-pointed devi..."
,A,serial-killer,serial killer,hardcover_352676,Every Dead Thing,John Connolly,"...by visions of the dead, Parker tracks a serial killer from New York City to the American Sout..."
,A,serial-killer,serial killer,hardcover_73998,Still Life With Crows,"Douglas Preston, Lincoln Child","...turned into a killing ground. Is it a serial killer, a man with the need to destroy? Or is..."
,A,serial-killer,serial killer,hardcover_447346,Panserhjerte,Jo Nesbø,"...rutal crime, which may be the work of a serial killer...."
,A,serial-killer,serial killer,hardcover_546998,The Judge's List,John Grisham,"...orcement. He is the most cunning of all serial killers. He knows forensics, police procedure,..."
,A,serial-killer,serial killer,hardcover_461382,Killman Creek,Rachel Caine,"...e to save her kids from her ex-husband, serial killer Melvin Royal, and his league of psychot..."
,A,serial-killer,serial killer,hardcover_437462,The Jigsaw Man,Nadine Matheson,...**A serial killer and his copycat are locked in a violent...
,A,serial-killer,serial killer,hardcover_208270,Two Graves,"Douglas Preston, Lincoln Child",...chillingly-almost supernaturally-adept serial killer on New York City. And Helen has one mor...
,A,serial-killer,serial killer,hardcover_477168,The Cold Cold Ground,Adrian McKinty,"...trikes, riots, power cuts, a homophobic serial killer with a penchant for opera, and a young..."
,A,serial-killer,serial killer,hardcover_512291,The Whisperer,Donato Carrisi,...gist Goran Gavila are on the trail of a serial killer whose ferocity seems to have no limits....
,A,serial-killer,serial killer,hardcover_693761,Stone Maidens,Lloyd Devereux Richards,...A serial killer is strangling young women and dumping t...
,A,serial-killer,serial murder,hardcover_458635,Neon Prey,John Sandford,"...ow Lucas Davenport is on the trail of a serial murderer, one who was able to operate for year..."
,A,serial-killer,serial killer,hardcover_663258,A Son of the Circus,John Irving,...t birth . . . a dwarf chauffeur . . . a serial killer . . . all are on a collision course. In...
,A,serial-killer,serial killer,hardcover_512420,As the Wicked Watch,Tamron Hall,...eaths of two Black girls; the work of a serial killer terrorizing Chicago. When crime reporte...
,A,serial-killer,Serial Killer,hardcover_514779,Did You Hear What Eddie Gein Done?,"Harold Schechter, Eric Powell","...erature, Harold Schechter (Deviant, The Serial Killer Files, Hell's Princess), teams with fiv..."
,A,serial-killer,serial killer,hardcover_61509,Miracle Cure,Harlan Coben,"...One by one, they're being targeted by a serial killer. And now Michael has been diagnosed wit..."
,A,serial-killer,serial killer,hardcover_575999,The Face Of Deception,Iris Johansen,"...After losing her beloved child to a serial killer, forensic sculptor Eve Duncan survives..."
,A,serial-killer,serial killer,hardcover_494989,The Caller,Chris Carter,...rlos Garcia work non-stop to identify a serial killer that is trolling the streets and social...
,A,serial-killer,serial killer,hardcover_483396,Punishment,Scott J. Holliday,...ver meant to take root...until a masked serial killer known as Calavera strikes a little too...
,A,serial-killer,series of brutal murders,hardcover_842779,Nineteen Seventy Four,David Peace,...erous working class city tormented by a series of brutal murders. Nineteen Seventy-Four follows Eddie Du...
,A,serial-killer,serial killer,hardcover_257442,Shadow Man,Cody McFadyen,"...nce, Special Agent Smoky Barrett hunted serial killers for the FBI. She was one of the best-..."
,A,serial-killer,serial killer,hardcover_106332,All The Pretty Girls,J.T. Ellison,"...n a local girl falls prey to a sadistic serial killer, Nashville homicide lieutenant Taylor J..."
,A,serial-killer,serial killer,hardcover_353560,Blacklands,Belinda Bauer,...to have fallen victim to the notorious serial killer Arnold Avery.Only Steven's Nan is not c...
,A,serial-killer,serial killer,hardcover_542613,Self-Defense,Jonathan Kellerman,"...is. A juror at the agonizing trial of a serial killer, Lucy survived the trauma only to be to..."
,A,serial-killer,serial killer,hardcover_492600,The Least of My Scars,Stephen Graham Jones,"...lling them anything, ever. He's not the serial killer on the news, in the textbooks. He's the..."
,A,serial-killer,serial killer,hardcover_278946,Bones,Jonathan Kellerman,...etails of the crimes suggest a devilish serial killer prowling L.A.’s gritty streets. But whe...
,A,serial-killer,serial killer,hardcover_552342,Indian Killer,Sherman Alexie,"...While a serial killer stalks and scalps white men in Seattle,..."
,A,serial-killer,serial killer,hardcover_379459,Blind Alley,Iris Johansen,...lptor is locked in a deadly duel with a serial killer determined to destroy her--one life at...
,A,serial-killer,serial murder,hardcover_454638,Agent of Chaos,Kami Garcia,"...tory is set in the spring of 1979, when serial murder, the occult, and government conspiracy..."
,A,serial-killer,serial killer,hardcover_52335,Bury the Lead,David Rosenfelt,...being used as a mouthpiece by a brutal serial killer. Things only get worse when Daniel is d...
,A,unsolvable-cold-case-reopened,unsolved murder,openlibrary_OL1921477W,Izzy and Eve,Neal Drinnan,...a whorehouse. She collects clippings of unsolved murders of women and has flashes of psychic ab...
,A,unsolvable-cold-case-reopened,cold case,openlibrary_OL17765739W,After I'm gone,"Laura Lippman, Linda Ermond","..., a retired Baltimore detective working cold cases for some extra cash, is investigating..."
,A,unsolvable-cold-case-reopened,decades-old case,openlibrary_OL15369707W,Worth Dying For,Lee Child,"...into submission. But it’s the unsolved, decades-old case of a missing child that Reacher can’t l..."
,A,unsolvable-cold-case-reopened,unsolved murder,openlibrary_OL553754W,The Black Dahlia,James Ellroy,...g conclusion to America's most infamous unsolved murder mystery--the murder of the beautiful yo...
,A,unsolvable-cold-case-reopened,unsolved murder,openlibrary_OL167168W,4th of July,"James Patterson, Maxine Paetro",...a case she worked on years before - an unsolved murder that has haunted her ever since. A...
,A,unsolvable-cold-case-reopened,decades-old mystery,openlibrary_OL19952427W,Deep sky,Patrick Lee,"...expert Bethany, has 24 hours to solve a decades-old mystery before more innocent lives are sacrific..."
,A,unsolvable-cold-case-reopened,never caught,openlibrary_OL20026409W,City of the Lost,Kelley Armstrong,"...s in college, she killed a man. She was never caught, but he was the grandson of a mobster a..."
,A,unsolvable-cold-case-reopened,unsolved murder,openlibrary_OL17941357W,Only the good die young,Chris Marie Green,"...-until I became a statistic, one of the unsolved murders of the year. Afterward, I didn't go an..."
,A,unsolvable-cold-case-reopened,unsolved murder,openlibrary_OL111417W,Black Hills,Nora Roberts,"...on Lil’s beloved cougar, memories of an unsolved murder in these very hills have Coop springing..."
,A,unsolvable-cold-case-reopened,unsolved murder,openlibrary_OL17874251W,Far gone,Laura Griffin,...dercover in west Texas investigating an unsolved murder that may be linked to a broader plot. W...
,A,unsolvable-cold-case-reopened,never solved,openlibrary_OL1925726W,The Madman's Tale,John Katzenbach,"...tmarish days. But because the crime was never solved, it's a story doomed to remain unfinish..."
,A,unsolvable-cold-case-reopened,unsolved murder,openlibrary_OL17861524W,Dance of the bones,J. A. Jance,"...n hundred miles north to Seattle, to an unsolved murder that could be connected to the case. Th..."
,A,unsolvable-cold-case-reopened,cold case,openlibrary_OL17090886W,The Ways of the Dead,Neely Tucker,"...slaying might be related to a string of cold cases the police barely investigated, among..."
,A,unsolvable-cold-case-reopened,decades-old case,openlibrary_OL17500776W,El Secreto De Sus Ojos,Eduardo A. Sacheri,"...detective, he remains obsessed with the decades-old case of the rape and murder of a young woman..."
,A,unsolvable-cold-case-reopened,unsolved murder,openlibrary_OL158657W,Den femte kvinnan,Henning Mankell,...on between these deaths and the earlier unsolved murder in Africa of the fifth woman. from...
,A,unsolvable-cold-case-reopened,cold case,openlibrary_OL17358870W,All Dressed in White,"Mary Higgins Clark, Alafair Burke",...realizes a missing bride is the perfect cold case for her investigative television series...
,A,unsolvable-cold-case-reopened,unsolved murder,openlibrary_OL13657W,Day of the Dead,J. A. Jance,...cops and forensic experts who look into unsolved murders that have baffled local law enforcemen...
,A,unsolvable-cold-case-reopened,Cold Case,openlibrary_OL17870436W,Bones never lie,Kathy Reichs,"...ectedly called in to the Charlotte PD's Cold Case Unit, Dr. Temperance Brennan wonders wh..."
,A,unsolvable-cold-case-reopened,cold case,openlibrary_OL55908W,The Fallen Man (Enhanced CD: Includes Interactive Material on CD-ROM),Tony Hillerman,...too busy to take an interest in a dusty cold case ... until the reborn violence of it hit...
,A,unsolvable-cold-case-reopened,decades-old case,openlibrary_OL20493672W,Criss Cross,James Patterson,...miliar details--details that conjure up decades-old cases. Details that conjure up Cross family...
,A,unsolvable-cold-case-reopened,unsolved murder,openlibrary_OL17710619W,I've got you under my skin,"Mary Higgins Clark, Jan Maxwell","...es will launch with the twenty-year-old unsolved murder of Betsy Powell. Betsy, a socialite, wa..."
,A,unsolvable-cold-case-reopened,unsolved murder,openlibrary_OL1471332W,The Who's Who of Unsolved Murders,James Morton,...f the most controversial and intriguing unsolved murders of the last 150 years. It covers cases...
,A,unsolvable-cold-case-reopened,unsolved murder,openlibrary_OL16062012W,When London walked in terror,Tom A. Cullen,"...e-opened the 19th century's most famous unsolved murders. (In Italy, Jack is called Giacomo-lo-..."
,A,unsolvable-cold-case-reopened,unsolved crime,openlibrary_OL23300626W,Murder in Battle Creek,Blaine Lee Pardoe,...mainsone of Michigan’s most sensational unsolved crimes. The act of puresavagery rocked not on...
,A,unsolvable-cold-case-reopened,cold case,openlibrary_OL21138344W,Murder in Plain English,"Michael Arntfield, Marcel Danesi","...uthors--a criminologist specializing in cold cases, written evidence, and forensic scienc..."
,A,unsolvable-cold-case-reopened,unsolved murder,openlibrary_OL23200478W,The murder of Maggie Hume,Blaine Pardoe,"...is book tackles the thirty-one-year-old unsolved murder of Maggie Hume""--..."
,A,unsolvable-cold-case-reopened,unsolved case,openlibrary_OL2728907W,Amerithrax,Robert Graysmith,...The first book on the unsolved case that terrorized a nation in the afterma...
,A,unsolvable-cold-case-reopened,cold case,openlibrary_OL20037798W,Who killed these girls?,Beverly Lowry,"...are still working on what is now a very cold case. Over the decades, the story has grown..."
,A,unsolvable-cold-case-reopened,unsolved crime,openlibrary_OL7988979W,Uncle Jack,"Tony Williams, Humphrey Price",...A solution to Britain's most notorious unsolved crimes - the Jack the Ripper murders of 1888....
,A,unsolvable-cold-case-reopened,unsolved case,openlibrary_OL15046182W,Mystery Train,Carolyn Keene,...he mystery field to help crack a famous unsolved case: the theft of the Comstock diamond. A p...
,A,unsolvable-cold-case-reopened,unsolved murder,openlibrary_OL2751813W,The Age of Dreaming,Nina Revoyr,"...and racial tides in California—and the unsolved murder of his favorite director, Ashley Bennet..."
,A,unsolvable-cold-case-reopened,cold case,openlibrary_OL20821593W,Dimma,Ragnar Jónasson,...he is given two weeks to solve a single cold case of her choice. She knows which one: the...
,A,unsolvable-cold-case-reopened,cold case,openlibrary_OL464425W,The Winds of Change,Martha Grimes,...ody of a young London girl leads to the cold case of a missing girl in Launceston-an unso...
,A,unsolvable-cold-case-reopened,cold case,openlibrary_OL58116W,The distant echo,Val McDermid,"...y-five years later, Fife police mount a cold case review. Among the unsolved murders they..."
,A,unsolvable-cold-case-reopened,never solved,openlibrary_OL19987038W,Woman with a gun,Phillip Margolin,"...their wedding night. But the murder was never solved. Drawn deeper into the case, Stacey fin..."
,A,unsolvable-cold-case-reopened,unsolved murder,openlibrary_OL20648063W,Saint X,Alexis Schaitkin,"...ainst it, and the men are released. The unsolved murder turns into national tabloid news. Years..."
,A,unsolvable-cold-case-reopened,cold case,openlibrary_OL13648W,Justice Denied CD (J. P. Beaumont Mysteries),J. A. Jance,"...er and fellow cop, Mel, is looking into cold cases, in order to close them once and for a..."
,A,unsolvable-cold-case-reopened,unsolved murder,openlibrary_OL12730W,Twisted,Jonathan Kellerman,"...on a bizarre connection between several unsolved murders. The victims had nothing in common, ye..."
,A,unsolvable-cold-case-reopened,unsolved case,openlibrary_OL15590740W,Fan mail,P. D. Martin,...mind behind the crimes is linked to an unsolved case from Sophie's past. And that person is...
,A,unsolvable-cold-case-reopened,cold case,openlibrary_OL16499139W,Stay Close,Harlan Coben,...me is a detective who can’t let go of a cold case – the disappearance of a local husband...
,A,unsolvable-cold-case-reopened,unsolved murder,openlibrary_OL20152738W,Before She Knew Him,Peter Swanson,"...en has long had been obsessed with this unsolved murder. Could her neighbor, Matthew, be a kill..."
,A,unsolvable-cold-case-reopened,unsolved case,openlibrary_OL17312385W,Invisible,"James Patterson, David Ellis",...convince her boyfriend that hundreds of unsolved cases are linked to a single perpetrator....
,A,unsolvable-cold-case-reopened,cold case,openlibrary_OL15433800W,Bachelor cop,Carolyn McSparren,"...""There's a reason his cold case colleagues call him 'Randy' Randy Rails..."
,A,unsolvable-cold-case-reopened,unsolved case,openlibrary_OL20004556W,Bitter Creek,Peter Bowen,...dge reveals a much greater mystery: the unsolved case of a band of Métis who were last seen f...
,A,unsolvable-cold-case-reopened,unsolved murder,hardcover_509292,Hidden Pictures,Jason Rekulak,"...wonder if these are glimpses of a long-unsolved murder, perhaps relayed by a supernatural forc..."
,A,unsolvable-cold-case-reopened,cold case,hardcover_478572,In My Dreams I Hold a Knife,Ashley Winstead,"...to catch the real killer and close the cold case for good.""--..."
,A,unsolvable-cold-case-reopened,unsolved murder,hardcover_467703,The Decagon House Murders,"Yukito Ayatsuji, Hong-Li Wong",...rious as the site of a series of bloody unsolved murders. Some even say it’s haunted. One thing...
,A,unsolvable-cold-case-reopened,cold case,hardcover_439510,Killer Instinct,Jennifer Lynn Barnes,...e rest of the team can stick to solving cold cases from a distance. Cassie Hobbes and...
,A,unsolvable-cold-case-reopened,unsolved murder,hardcover_2256105,Eight Perfect Murders,Peter Swanson,...oking for information about a series of unsolved murders that look eerily similar to the killin...
,A,unsolvable-cold-case-reopened,never solved,hardcover_504049,Nothing More to Tell,Karen M. McManus,...woods behind their school. The case was never solved. Now that Brynn is moving home and star...
,A,unsolvable-cold-case-reopened,unsolved murder,hardcover_526667,"Girl, Forgotten",Karin Slaughter,"...secret will be silenced forever. An unsolved murder… Forty years later, Emily’s unsolved..."
,A,unsolvable-cold-case-reopened,unsolved murder,hardcover_352676,Every Dead Thing,John Connolly,"...""Bird"" Parker, tormented by the brutal, unsolved murders of his wife and young daughter. Driven..."
,A,unsolvable-cold-case-reopened,cold case,hardcover_476877,Two Kinds of Truth,Michael Connelly,...ry Bosch is back as a volunteer working cold cases for the San Fernando police and is cal...
,A,unsolvable-cold-case-reopened,reopen the investigation,hardcover_1477871,The Perfect Divorce,Jeneva Rose,"...ase against Adam, forcing the police to reopen the investigation and putting Sarah right back in the spo..."
,A,unsolvable-cold-case-reopened,unsolved murder,hardcover_476293,The Dark Hours,Michael Connelly,...he sky and that it is linked to another unsolved murder—a case at one time worked by Detective...
,A,unsolvable-cold-case-reopened,unsolved disappearance,hardcover_502357,The Last to Vanish,Megan Miranda,"...tory. As the book begins, the string of unsolved disappearances that has haunted the town is once agai..."
,A,unsolvable-cold-case-reopened,never solved,hardcover_481502,The Black Box,Michael Connelly,...d off to the Riot Crimes Task Force and never solved. Now Bosch's ballistics match indicates...
,A,unsolvable-cold-case-reopened,never solved,hardcover_1628831,Good Dirt,Charmaine Wilkerson,...it shattered as well. The crime was never solved—and because the Freemans were one of th...
,A,unsolvable-cold-case-reopened,cold case,hardcover_799921,Winter's Gifts,Ben Aaronovitch,..... As the clues lead to the coldest of cold cases - a cursed expedition into the frozen...
,A,unsolvable-cold-case-reopened,reopen the case,hardcover_1064993,Don't Believe It,Charlie Donlea,"...lming, public outcry leads officials to reopen the case. But as the show surges towards its fin..."
,A,unsolvable-cold-case-reopened,unsolved murder,hardcover_357224,Gun Machine,Warren Ellis,...led with guns that were each used in an unsolved murder stretching back over twenty years....
,A,unsolvable-cold-case-reopened,cold case,hardcover_526095,Ghostly Echoes,William Ritter,"...employer, R. F. Jackaby, dive into the cold case, starting with a search for Jenny's fia..."
,A,unsolvable-cold-case-reopened,cold case,hardcover_134646,Speaking in Bones,Kathy Reichs,...ur detective who mines the Internet for cold cases--comes to Brennan with a tape recordin...
,A,unsolvable-cold-case-reopened,cold case,hardcover_490651,The Scarred Woman,"Jussi Adler-Olsen, William Frost","...arl Mørck of Department Q, Copenhagen's cold cases division, meets his toughest challenge..."
,A,unsolvable-cold-case-reopened,cold case,hardcover_91017,Rather Be the Devil,Ian Rankin,...ains dangerous enemies upon reopening a cold case from the 1970s involving the murder of...
,A,unsolvable-cold-case-reopened,unsolved murder,hardcover_291130,Land of shadows,Rachel Howzell Hall,...cious suicide of a teenage girl and the unsolved murder of Lou's sister....
,A,unsolvable-cold-case-reopened,unsolved murder,hardcover_384003,The Murder Book,Jonathan Kellerman,...etective Alex Delaware confronts a long-unsolved murder of unspeakable brutality--an ice-cold c...
,A,unsolvable-cold-case-reopened,reopen the case,hardcover_520595,He Will Be My Ruin,K.A. Tucker,"...r answers that will force the police to reopen the case, Maggie uncovers more than she bargaine..."
,A,unsolvable-cold-case-reopened,unsolved case,hardcover_358773,The Dawn Patrol,Don Winslow,"...hy.""But Boone is also obsessed with the unsolved case of a young girl named Rain who was abdu..."
,A,unsolvable-cold-case-reopened,unsolved crime,hardcover_740910,Her Last Word,Mary Burton,...terviewing everyone associated with the unsolved crime for a podcast that could finally bring...
,A,unsolvable-cold-case-reopened,cold case,hardcover_220168,The Skeleton Road,Val McDermid,"...outside of buildings play a role? Enter cold case detective Karen Pirie, who gets to work..."
,A,unsolvable-cold-case-reopened,cold case,hardcover_542601,The Seagull,Ann Cleeves,...ter with an old enemy draws Vera into a cold case investigation with ties to her father....
,A,unsolvable-cold-case-reopened,decades-old crime,hardcover_687721,Bones Don't Lie,Melinda Leigh,...e is killing every witness tied to this decades-old crime. Morgan and Lance follow in the shadows...
,A,witness-protection,Witness Protection,openlibrary_OL17692460W,The rules for breaking,Ashley Elston,"...Anna Boyd's family has finally escaped Witness Protection, the normal life she has attempted to r..."
,A,witness-protection,witness protection,openlibrary_OL17306744W,Gone,"James Patterson, Michael Ledwidge","...farm, with guards courtesy of the FBI's witness protection program. Perrine begins to embark on an..."
,A,witness-protection,witness protection,openlibrary_OL13070W,Pretend You Don't See Her,Mary Higgins Clark,...A novel on the witness protection program. The heroine is Lacey Farrell o...
,A,witness-protection,Witness Protection,openlibrary_OL98649W,Road to paradise,Max Allan Collins,...urn state's witness under the fledgling Witness Protection Program.Relocated to the supposed safet...
,B,blackmail,blackmail,openlibrary_OL134875W,Ruby,V.C. Andrews,...eful deception and a shocking scheme of blackmail that now must come to light. Stunned by...
,B,blackmail,Blackmail,openlibrary_OL1518262W,Sherlock Holmes (Adventures of Sherlock Holmes / Case-Book of Sherlock Holmes / His Last Bow / Memoirs of Sherlock Holmes [11 stories] / Return of Sherlock Holmes),Arthur Conan Doyle,...Contains: Blackmailer [Case of Identity](https://openlibra...
,B,blackmail,blackmail,openlibrary_OL14929956W,Classic Adventures of Sherlock Holmes,Arthur Conan Doyle,"...wers of observation to save a king from blackmail, capture England's most wanted and fear..."
,B,blackmail,blackmail,openlibrary_OL1881658W,El Amo Del Juego/Masters of the Game,Sidney Sheldon,...s and of enemies. Ghosts from a life of blackmail and murder. Ghosts from an empire spawn...
,B,blackmail,blackmail,openlibrary_OL471932W,The Murder of Roger Ackroyd,Agatha Christie,"...irst husband, rumors that she was being blackmailed, rumors that her secret lover was Rog..."
,B,blackmail,blackmail,openlibrary_OL16646165W,Samurai Game,Christine Feehan,"...laying a far more dangerous game-one of blackmail, politics, and murder that reaches into..."
,B,blackmail,blackmail,openlibrary_OL20049953W,Girl in disguise,Greer Macallister,"...obberies, embezzlement, counterfeiting, blackmail, and murder. Eventually earning the res..."
,B,blackmail,blackmail,openlibrary_OL19143W,What's So Funny?,Donald E. Westlake,...nt and doesn't believe in. But a little blackmail goes a long way in... WHAT'S SO FUNNY?...
,B,blackmail,blackmail,openlibrary_OL15300886W,The first rule,Robert Crais,"...n a web of ancient grudges, blood ties, blackmail, vengeance, double crosses, and cutthro..."
,B,blackmail,blackmail,openlibrary_OL48844W,Death in the Devil's Acre,Anne Perry,...Pitt recognizes one of the victims as a blackmailing footman from a case on Callander Squ...
,B,blackmail,blackmail,openlibrary_OL472542W,The Secret of Chimneys,Agatha Christie,...ontains a stash of letters that suggest blackmail. Someone would stop at nothing to preve...
,B,blackmail,blackmail,openlibrary_OL8455226W,Curse of the Spellmans,Lisa Lutz,"...past missteps are never forgotten, and blackmail is the preferred form of negotiation --..."
,B,blackmail,blackmail,openlibrary_OL15120545W,A catered birthday party,Isis Crawford,"...enemies. In fact, Annabel was cheating, blackmailing, or backstabbing most of the people..."
,B,blackmail,blackmail,openlibrary_OL491181W,The prince of Beverly Hills,Stuart Woods,"...l at Centurion Pictures, and uncovers a blackmail scheme that threatens the studio's busi..."
,B,blackmail,blackmail,openlibrary_OL76980W,The Brethren,John Grisham,...security prison who embark on a scam to blackmail wealthy closeted gay men. Unfortunatel...
,B,blackmail,blackmail,openlibrary_OL152088W,Rough country,John Sandford,"...g a multitude of motivations: jealousy, blackmail, greed, anger, fear. Then he finds that..."
,B,blackmail,blackmail,openlibrary_OL483743W,"Good Hanging, A",Ian Rankin,"...l range of criminals and their victims--blackmailers, peeping Toms, and more than one kin..."
,B,blackmail,blackmail,openlibrary_OL472556W,Miss Marple's Final Cases [9 stories],Agatha Christie,"...quite as much as sudden death, scandal, blackmail or murder. A wounded man in a church, b..."
,B,blackmail,blackmail,hardcover_290741,The Big Sleep,Raymond Chandler,"...a millionaire, two psychotic daughters, blackmail, and murder..."
,B,blackmail,blackmail,hardcover_484885,On Target,Mark Greaney,"...unforgiving employers on one side, his blackmailing former friends on the other, and a d..."
,B,blackmail,blackmail,hardcover_58424,The Quiet Game,Greg Iles,"...where, finding that his father is being blackmailed, he reopens a notorious murder case t..."
,B,blackmail,blackmail,hardcover_343294,Wanted,Sara Shepard,"...rribly wrong, not one, but two stalkers—blackmailers who know all their dirty secrets, no..."
,B,blackmail,blackmail,hardcover_241225,Mortal Stakes,Robert B. Parker,...ing wife. She loves everyone except the blackmailer out to wreck her life. Is Marty throw...
,B,blackmail,blackmail,hardcover_842779,Nineteen Seventy Four,David Peace,"...is a nightmare of corruption, violence, blackmail, and obsession that ultimately leads to..."
,B,blackmail,blackmail,hardcover_487457,"Heaven, My Home",Attica Locke,"..., and she's not above a little maternal blackmail to press her advantage. An unlikely pos..."
,B,blackmail,blackmail,hardcover_1438018,The Amateur,Robert Littell,"...life takes an abrupt turn. He was not a blackmailer, but he will force the CIA's hand. He..."
,B,blackmail,blackmail,hardcover_4583,The Rubber Band,Rex Stout,"...larceny quickly sank into a quagmire of blackmail and broken promises, international scan..."
,B,blackmail,blackmail,hardcover_68124,Death in a White Tie,Ngaio Marsh,"...uncheons, teas, dinners, balls. And the blackmailer was planning his strategies, stalking..."
,B,blackmail,blackmail,hardcover_533264,A Crimson Warning,Tasha Alexander,"...s, Lady Emily Hargreaves investigates a blackmailing vandal who splashes red paint on the..."
,B,conspiracy,uncover a conspiracy,openlibrary_OL20022014W,Zootopia,Suzanne Francis,...rookie rabbit cop must work together to uncover a conspiracy....
,B,conspiracy,government cover-up,openlibrary_OL18144258W,Fatal conceit,Robert Tanenbaum,...about to testify about a controversial government cover-up involving a terrorist attack on the US...
,B,conspiracy,uncover a conspiracy,openlibrary_OL15156315W,The widow's secret,Sara Mitchell,"...crime. And to clear her name, she must uncover a conspiracy...and endanger her disillusioned heart...."
,B,conspiracy,a sinister conspiracy,openlibrary_OL1854164W,Prince of darkness,Sharon Kay Penman,...to help. But his investigation unravels a sinister conspiracy that might change the course of English...
,B,conspiracy,a deadly conspiracy,openlibrary_OL16126417W,Trust Your Eyes,Linwood Barclay,...s he and his brother have stumbled onto a deadly conspiracy.And now they are in the crosshairs… ([...
,B,conspiracy,a vast conspiracy,openlibrary_OL16499084W,Princess Elizabeth's spy,Susan Elia MacNeal,"...hocking murder, which draws Maggie into a vast conspiracy that places the entire royal family in..."
,B,evil-twin-doppelganger,doppelganger,openlibrary_OL14871608W,Body Double,Tess Gerritsen,"...A test confirms that Maura's mysterious doppelganger is in fact her twin sister, an already..."
,B,framed-protagonist,framed for,openlibrary_OL260390W,Miss Marple's Final Cases and Two Other Stories [8 stories],Agatha Christie,...he corpse and a tape-measure...the girl framed for theft...and the suspect accused of stab...
,B,framed-protagonist,wrongly convicted,openlibrary_OL1471332W,The Who's Who of Unsolved Murders,James Morton,"...eems likely that an innocent person was wrongly convicted, and sometimes executed. It describes f..."
,B,framed-protagonist,framed for,openlibrary_OL17689169W,No way back,Andrew Gross,"...a hotel results in murder, Wendy Gould, framed for the crime and desperate to clear her na..."
,B,framed-protagonist,framed for,openlibrary_OL98649W,Road to paradise,Max Allan Collins,"...en the hit goes down anyway, Michael is framed for murder; to save his family, he must tur..."
,B,framed-protagonist,wrongly accused,openlibrary_OL19763761W,The big book of female detectives,"Otto Penzler, Agatha Christie",...scene of the crime lest the servants be wrongly accused ; a powerful woman who oversees a rogue...
,B,framed-protagonist,framed for,openlibrary_OL472556W,Miss Marple's Final Cases [9 stories],Agatha Christie,"...nt, a corpse and a tape-measure, a girl framed for theft, a suspect with a dagger, a grues..."
,B,framed-protagonist,framed for,hardcover_252847,True Blue,David Baldacci,"...olice force until she was kidnapped and framed for a crime. She lost everything-her badge,..."
,B,framed-protagonist,framed for,hardcover_543910,Now You See Her,"Michael Ledwidge, James Patterson","...t her past. But when an innocent man is framed for murder, she knows that she can't let hi..."
,B,missing-person,girl disappear,openlibrary_OL25460336W,The Overnight Guest,Heather Gudenkauf,...eople were murdered in cold blood and a girl disappeared without a trace. As the storm wors...
,B,missing-person,daughter who disappear,openlibrary_OL497089W,The Key to Midnight,Dean Koontz,...er before—in photographs of a senator’s daughter who disappeared twelve years ago. And there is only o...
,B,missing-person,disappearance of the,openlibrary_OL20018718W,The cellar,Minette Walters,"...ed the Songoli house to investigate the disappearance of the son, Muna is given a real bedroom, real..."
,B,missing-person,went missing,openlibrary_OL2186738W,Adventure in Istanbul (The Spy Who Wasn't There),Cora Taylor,"...heir household since their pilot father went missing, and things get even worse when Jennife..."
,B,missing-person,went missing,openlibrary_OL17765739W,After I'm gone,"Laura Lippman, Linda Ermond","...ound. Now, twenty-six years after Julie went missing, Roberto ""Sandy"" Sanchez, a retired Bal..."
,B,missing-person,friend disappear,openlibrary_OL457936W,The Cat Who Saw Red (A Jim Qwilleran Feline Whodunnit),Lilian Jackson Braun,"...nishing houseboy. But when his old girl friend disappears, something has to be done. Qwilleran,..."
,B,missing-person,goes missing,openlibrary_OL20570319W,The case of the missing marquess [graphic novel],"Serena Blasco, Nancy Springer","...ackwards spells alone. After her mother goes missing, her 2 brothers, the famous detective S..."
,B,missing-person,disappearance of her,openlibrary_OL471789W,The Secret Adversary,Agatha Christie,"...ep quiet, a threat to her life, and the disappearance of her new employer. Now their newest job are..."
,B,missing-person,missing person,openlibrary_OL19359456W,The Midnight Line,Lee Child,"...ing bikers, cops, crooks, muscle, and a missing persons PI who wears a suit and a tie in the W..."
,B,missing-person,disappearance of a,openlibrary_OL176092W,The Moonstone,Wilkie Collins,"...ctive novels, this mystery involves the disappearance of a valuable diamond, originally stolen fro..."
,B,missing-person,missing person,openlibrary_OL19338128W,Fear the Dark (Bishop/Special Crimes Unit),Kay Hooper,...ister turn when a body unrelated to the missing person's case surfaces and one of the SCU agen...
,B,missing-person,missing person,openlibrary_OL18149641W,Jillian Cade,"Klein, Jen (Author at SheKnows.com)","...takes a case involving a non-paranormal missing person, things start to get strange and her fe..."
,B,missing-person,went missing,openlibrary_OL19624840W,Visions,Kelley Armstrong,...she learns that a troubled young woman went missing just days ago--the same woman Olivia fo...
,B,missing-person,goes missing,openlibrary_OL17839523W,Tom Clancy Full Force and Effect,Mark Greaney,"...City, and a package of forged documents goes missing. The pieces are there, but assembling t..."
,B,missing-person,goes missing,openlibrary_OL2619297W,Case Histories,Kate Atkinson,"...est and most beloved of the Land girls, goes missing in the night and is never seen again. M..."
,B,missing-person,disappearance of the,openlibrary_OL20161790W,The Big Kahuna,"Janet Evanovich, Peter Evanovich",...rin. Next on the docket: the mysterious disappearance of the Silicon Valley billionaire known as the...
,B,missing-person,goes missing,openlibrary_OL121765W,Hurricane Bay,Heather Graham,"...hy.When Kelsey Cunningham's best friend goes missing, she confronts the one person she think..."
,B,missing-person,Missing Person,openlibrary_OL551561W,Born in Death,Nora Roberts,"...ly, such a case would be turned over to Missing Persons. But Mavis wants no one else on the jo..."
,B,missing-person,went missing,openlibrary_OL14906161W,Without Mercy,Lisa Jackson,...ard kids around—but one of its students went missing six months ago and her body has never b...
,B,missing-person,girl disappear,openlibrary_OL5683346W,Lost Souls,"Lisa Jackson, Joyce Bean","...d followed–studied, even–as yet another girl disappears, and another. And when the bodies fina..."
,B,missing-person,woman disappear,openlibrary_OL3475311W,The Chemistry of Death,Simon Beckett,"...police investigation--and when another woman disappears, it soon becomes personal. Because thi..."
,B,missing-person,goes missing,openlibrary_OL17456733W,Where The Bodies Are Buried,Christopher Brookmyre,...hrown in at the deep end when Uncle Jim goes missing and she realizes that it's going to be...
,B,missing-person,goes missing,openlibrary_OL103207W,Cat in a diamond dazzle,Carole Nelson Douglas,"...ly, a pair of dazzling Cinderella shoes goes missing, one of the would-be Fabios ends up dea..."
,B,missing-person,went missing,openlibrary_OL21363772W,Massacre in Mexico,Anabel Hernandez,"...the Ayotzinapa Rural Teachers' College went missing in Iguala, Guerrero, Mexico. According..."
,B,missing-person,goes missing,openlibrary_OL16479040W,The Berenstain Bears and the Missing Dinosaur Bone,Stanley and Janice Berenstain,"...ved Beginner Book. When a dinosaur bone goes missing from the Bear Museum, it's up to the Be..."
,B,missing-person,girl disappear,openlibrary_OL19960154W,Snow White must die,Nele Neuhaus,"...r a wall of silence. When another young girl disappears, the events of the past seem to be rep..."
,B,missing-person,disappearance of a,openlibrary_OL17090886W,The Ways of the Dead,Neely Tucker,"...ely investigated, among them the recent disappearance of a gorgeous university student. A journ..."
,B,missing-person,woman vanish,openlibrary_OL17661104W,The English Girl,Daniel Silva,"...ruption after a beautiful young British woman vanishes on the island of Corsica, which threa..."
,B,missing-person,boy disappear,openlibrary_OL134448W,Guilty as Sin,Tami Hoag,"...chilling act of evil. But then another boy disappears, triggering panic in tiny Deer Lake. H..."
,B,missing-person,goes missing,openlibrary_OL19664362W,Claire of the sea light,Edwidge Danticat,"...ttle girl, the daughter of a fisherman, goes missing""--..."
,B,missing-person,disappearance of her,openlibrary_OL17867750W,Missing,"James Patterson, Kathryn Fox","...at Private Sydney will investigate the disappearance of her father. After all, as CEO of a high-pro..."
,B,missing-person,missing person,openlibrary_OL19754740W,Long road to mercy,David Baldacci,...y to unraveling a rash of other similar missing persons cases in the canyon....
,B,missing-person,disappearance of a,openlibrary_OL14963198W,Fade Away,Harlan Coben,"...For sports agent Myron Bolitar, the disappearance of a man he'd once competed against was brin..."
,B,missing-person,goes missing,openlibrary_OL19718482W,Righteous,Joe Ide,"...ter, an erratic DJ and gambling addict, goes missing in Las Vegas, with a frightening bookie..."
,B,missing-person,child disappear,openlibrary_OL2538271W,Every secret thing,Laura Lippman,"...wn future.That promise is broken when a child disappears, under disturbingly similar circumstan..."
,B,missing-person,student disappear,openlibrary_OL14920173W,Worst Case,"James Patterson, Michael Ledwidge","...to target anyone's children. As another student disappears, one powerful family after another use..."
,B,missing-person,disappearance of a,openlibrary_OL20051029W,Testimony (Kindle County Legal Thriller #10),Scott Turow,"...Still, when he is tapped to examine the disappearance of an entire Gypsy refugee camp--unsolved fo..."
,B,missing-person,goes missing,openlibrary_OL48060W,To the nines,Janet Evanovich,"...ited States. When the elusive Mr. Singh goes missing, Stephanie is on the case. But what she..."
,B,missing-person,boy disappear,openlibrary_OL17855326W,Killer Clown,"Terry Sullivan, Peter Maiken","...h his house of horrors—until a teenaged boy disappeared before Christmas in 1978, leading pro..."
,B,missing-person,disappearance of a,openlibrary_OL11921528W,Dog on it,Peter Abrahams,"...enture, Chet and Bernie investigate the disappearance of a teenage girl who may or may not have be..."
,B,missing-person,disappearance of a,openlibrary_OL39505W,The Whispering Statue,Carolyn Keene,...ange happenings in a book store and the disappearance of a marble statue....
,B,missing-person,goes missing,openlibrary_OL19670894W,She is not invisible,Marcus Sedgwick,"...cret: she is blind. But when her father goes missing, Laureth and her younger brother Benjam..."
,B,missing-person,goes missing,openlibrary_OL19712288W,Boundary,Andrée A. Michaud,"...and men. First one, and then the other, goes missing, and both are eventually found dead in..."
,B,missing-person,goes missing,openlibrary_OL15046408W,Scream for Ice Cream,Carolyn Keene,"...win! But when a friend's secret recipe goes missing, Nancy suspects that someone not-so-swe..."
,B,missing-person,went missing,openlibrary_OL1854169W,The queen's man,Sharon Kay Penman,"...rother, King Richard the Lionheart, who went missing as he was returning from a crusade...."
,B,missing-person,friend vanish,openlibrary_OL27170901W,Back to the Garden,Laurie R. King,...a troubled young Vietnam vet whose girlfriend vanished after a midsummer festival at the Est...
,B,missing-person,man has disappear,openlibrary_OL23122W,Sherlock Holmes and the Ice Palace Murders,Larry Millett,"...James J. Hill. It seems a wealthy young man has disappeared on the eve of his wedding, and his fi..."
,B,missing-person,woman vanish,openlibrary_OL20821593W,Dimma,Ragnar Jónasson,"...Soon Hulda discovers that another young woman vanished at the same time, and that no one is..."
,B,missing-person,disappearance of a,openlibrary_OL134363W,The Scarpetta Factor,Patricia Cornwell,...sed of an unthinkable sex crime and the disappearance of a beautiful millionaires with whom Lucy s...
,B,missing-person,goes missing,openlibrary_OL19980415W,Don't talk to strangers,Amanda Kyle Williams,"...ngs must they endure? When a third girl goes missing, Keye races against time to connect the..."
,B,missing-person,went missing,openlibrary_OL19356228W,Thin Air,Ann Cleeves,"...e dispatched to investigate. Before she went missing, Eleanor claimed to have seen the ghost..."
,B,missing-person,disappearance of a,openlibrary_OL16499139W,Stay Close,Harlan Coben,...e who can’t let go of a cold case – the disappearance of a local husband and father seventeen year...
,B,missing-person,goes missing,openlibrary_OL20876934W,Death in Oslo,Anne Holt,"...for her first state visit. But when she goes missing from a locked, heavily secured bedroom,..."
,B,missing-person,disappearance of her,openlibrary_OL14980950W,Blood Harvest,S. J. Bolton,...g to treat a young woman haunted by the disappearance of her little girl. A devastating fire burned...
,B,missing-person,went missing,openlibrary_OL20152738W,Before She Knew Him,Peter Swanson,...: a sports trophy exactly like one that went missing from the home of a young man who was ki...
,B,missing-person,disappearance of a,openlibrary_OL20043548W,Never never,"James Patterson, Candice Fox",...oid the media circus. Investigating the disappearance of a worker in an isolated mine deep inside...
,B,missing-person,disappearance of her,openlibrary_OL20043066W,Rhythm & clues,Sue Ann Jaffarian,"...en her mother asks her to look into the disappearance of her neighbor Bo Shank, the former lead sing..."
,B,missing-person,disappearance of a,openlibrary_OL18150385W,"Agatha, girl of mystery",Maya Gold,...ses and mischievous ghosts surround the disappearance of a priceless sword said to belong to the l...
,B,missing-person,son disappear,hardcover_481892,Remarkably Bright Creatures,Shelby Van Pelt,...deduces what happened the night Tova's son disappeared. And now Marcellus must use every tri...
,B,missing-person,teenager vanish,hardcover_1148409,The God of the Woods,Liz Moore,"...When a teenager vanishes from her Adirondack summer camp, two..."
,B,missing-person,goes missing,hardcover_428943,"Good Girl, Bad Blood",Holly Jackson,"...eak that promise when someone she knows goes missing. Jamie Reynolds has disappeared, on the..."
,B,missing-person,vanished without a trace,hardcover_140086,Pretty Girls,Karin Slaughter,"...laire and Lydia's teenaged sister Julia vanished without a trace. The two women have not spoken since, a..."
,B,missing-person,went missing,hardcover_475182,A Flicker in the Dark,Stacy Willingham,"...loe Davis was twelve, six teenage girls went missing in her small Louisiana town. By the end..."
,B,missing-person,goes missing,hardcover_308671,The Broken Girls,Simone St. James,"...in a reputedly haunted boarding school goes missing, journalist Fiona Sheridan resolves to..."
,B,missing-person,goes missing,hardcover_433444,All the Missing Girls,Megan Miranda,"...the group's alibi ten years previously, goes missing. Told backwards from the time Annaleise..."
,B,missing-person,girl who disappear,hardcover_563029,The Perfect Son,Freida McFadden,"...could answer a few questions about the girl who disappeared last night..."" A high school girl..."
,B,missing-person,goes missing,hardcover_705972,Dead of Winter,Darcy Coates,"...Deep in the night, their tour guide goes missing...only to be discovered the following m..."
,B,missing-person,went missing,hardcover_646195,Just the Nicest Couple,Mary Kubica,...ave been the last to see Jake before he went missing. After Lily confesses everything to her...
,B,missing-person,girl who disappear,hardcover_1083639,The Return of Ellie Black,Emiko Jean,"...n when she gets the call Ellie Black, a girl who disappeared years earlier, has resurfaced in the..."
,B,missing-person,goes missing,hardcover_516394,Hunted,Darcy Coates,...ment...** Twenty-two-year-old Eileen goes missing while hiking in the remote Ashlough For...
,B,missing-person,missing person,hardcover_214938,Taken at the Flood,Agatha Christie,...s suspicions when he is asked to find a missing person guided only by the spirit world. Yet wh...
,B,missing-person,disappearance of a,hardcover_165279,Hangsaman,Shirley Jackson,...saman is loosely based on the real-life disappearance of a Bennington College sophomore in 1946....
,B,missing-person,disappearance of a,hardcover_181081,How the Light Gets In,Louise Penny,...spector Armand Gamache investigates the disappearance of a woman who was once one of the most famo...
,B,missing-person,missing person,hardcover_520964,Wonderland,Jennifer Hillier,"...ad her down a mysterious shared path of missing persons that goes back decades, she suspects t..."
,B,missing-person,went missing,hardcover_475983,The Girl from Widow Hills,Megan Miranda,"...lking during a terrifying rainstorm and went missing for days. Strangers and friends, neighb..."
,B,missing-person,goes missing,hardcover_505257,The Perfect Mother,Aimee Molloy,"...ch-needed adult time, one of the babies goes missing. Now the police are asking disturbing q..."
,B,missing-person,went missing,hardcover_477631,B is for Burglar,Sue Grafton,"...rned that just days before Elaine Boldt went missing, her next-door neighbor and bridge part..."
,B,missing-person,son vanish,hardcover_262105,Close to Home,Cara Hunter,...er costume. When eight-year-old Daisy Mason vanishes from her family's Oxford home during...
,B,missing-person,goes missing,hardcover_61759,Those Girls,Chevy Stevens,...ned that summer when one of the sisters goes missing and they are pulled back into their pas...
,B,missing-person,disappearance of a,hardcover_385638,Descent,Tim Johnston,"...nt, the story of a family undone by the disappearance of a daughter who went out for a morning run..."
,B,missing-person,goes missing,hardcover_386393,City of Endless Night,"Douglas Preston, Lincoln Child","...er of a wealthy tech billionaire, first goes missing, the NYPD assumes she has simply sped o..."
,B,missing-person,son has disappear,hardcover_59627,Dead Simple,Peter James,"...best friends are dead and Michael Harrison has disappeared. With only three days to the wedding,..."
,B,missing-person,went missing,hardcover_477448,M Is For Malice,Sue Grafton,"...hem - angry, troubled, and in trouble - went missing. ""M"" is for Millhone, hired to trace..."
,B,missing-person,goes missing,hardcover_4898,Tangerine,Christine Mangan,"...t every turn. Then Alice's husband John goes missing, and Alice starts to question everythin..."
,B,missing-person,vanished without a trace,hardcover_219740,The Defector,Daniel Silva,"...who saved Gabriel’s life in Moscow, has vanished without a trace. British intelligence is sure he was a..."
,B,missing-person,goes missing,hardcover_668439,I'm Traveling Alone,Samuel Bjørk,"...Munch's own six-year-old granddaughter goes missing, Mia realizes that the killer's siniste..."
,B,missing-person,went missing,hardcover_526095,Ghostly Echoes,William Ritter,"...g with a search for Jenny's fianc , who went missing the night she died. But when a new, gru..."
,B,missing-person,went missing,hardcover_134646,Speaking in Bones,Kathy Reichs,"...t of eighteen-year-old Cora Teague, who went missing more than three years earlier. Strike i..."
,B,missing-person,went missing,hardcover_333500,Sweet Little Lies,Caz Frear,"...m to Maryanne Doyle, a teenage girl who went missing in Ireland eighteen years earlier. The..."
,B,missing-person,missing person,hardcover_437571,The Missing American,Kwei Quartey,"...private detective agency tracking down missing persons, thefts, and marital infidelities. It'..."
,B,missing-person,missing person,hardcover_446099,The Various Haunts of Men,Susan Hill,...'? Experienced policemen know that most missing persons either turn up or go missing on purpos...
,B,missing-person,son has disappear,hardcover_14369,The Tenderness of Wolves,Stef Penney,...t soon she makes another discovery: her son has disappeared and is now considered a prime suspect...
,B,missing-person,disappearance of a,hardcover_481193,Breaking Point,C.J. Box,"...Joe Pickett investigates the disappearance of a local businessman, who recently had his..."
,B,missing-person,goes missing,hardcover_542547,The Outcast Dead,Elly Griffiths,"...uldn't be any higher when another child goes missing. ""--..."
,B,missing-person,vanished without a trace,hardcover_563403,Raspberry Danish Murder,Joanne Fluke,...ter as November in Minnesota since Ross vanished without a trace and left their marriage in limbo. Still...
,B,missing-person,disappearance of a,hardcover_64445,Gingerbread Cookie Murder,Joanne Fluke,"...ous murder during a Christmas play, the disappearance of a young boy, and a brutal murder involvin..."
,B,missing-person,friend disappear,hardcover_144750,Glow,Ned Beauman,"...about the mysterious glow. When a good friend disappears without a trace, Raf's efforts to find..."
,B,missing-person,friend disappear,hardcover_321,Gone,Jonathan Kellerman,"...e is found brutally murdered and her boyfriend disappears, the whole scenario takes a disturbing..."
,B,missing-person,went missing,hardcover_517862,Birthdays for the Dead,Stuart MacBride,"...! Five years ago his daughter, Rebecca, went missing on the eve of her thirteenth birthday...."
,B,missing-person,missing person,hardcover_687721,Bones Don't Lie,Melinda Leigh,...for the skeleton found in the trunk. A missing person case gone cold has become one of murder...
,B,revenge-plot,vengeance,finders_keepers138,Finders Keepers,Stephen King,"...rome Robinson, stands in the way of his vengeance...."
,B,revenge-plot,revenge,openlibrary_OL41207W,Aunt Dimity takes a holiday,Nancy Atherton,"...he Elstyns and will stop at nothing for revenge.A burning topiary, a suspicious maid, f..."
,B,revenge-plot,revenge,openlibrary_OL167169W,Cat & Mouse,James Patterson,"...virus he contracted there, he will get revenge on Cross before he dies. In addition,..."
,B,revenge-plot,avenge,openlibrary_OL5789584W,The Dead Fathers Club,Matt Haig,"...s recently deceased father and asked to avenge his death, the boy finds himself in a t..."
,B,revenge-plot,revenge,openlibrary_OL16116872W,Never Have I Ever,Sara Shepard,...uined people's lives. Anyone could want revenge . . . anyone could want me--and now Emm...
,B,revenge-plot,revenge,openlibrary_OL448973W,Without Remorse,Tom Clancy,"...articularly horrifying fashion, he vows revenge and, assembling all of his old skills,..."
,B,revenge-plot,revenge,openlibrary_OL14920152W,Private,"James Patterson, Maxine Paetro","...es in on the killer and chooses between revenge and justice, Morgan has to navigate a w..."
,B,revenge-plot,vengeance,openlibrary_OL1881658W,El Amo Del Juego/Masters of the Game,Sidney Sheldon,...eption was itself an act of hate-filled vengeance. **At the extravagant celebrations of h...
,B,revenge-plot,vengeance,openlibrary_OL52940W,The Hard Way,Lee Child,...en he'll turn Jack Reacher loose with a vengeance--because Reacher is the best man hunter...
,B,revenge-plot,vengeance,openlibrary_OL5725862W,Fractured,Karin Slaughter,...-open: where human demons emerge with a vengeance.From the Hardcover edition....
,B,revenge-plot,vengeance,openlibrary_OL52955W,Persuader,Lee Child,...s his one last shot. Some would call it vengeance. Some would call it redemption. Reacher...
,B,revenge-plot,revenge,openlibrary_OL12717W,Rage,Jonathan Kellerman,...eight patient years to dine on ice-cold revenge? Both seem strong possibilities to Stur...
,B,revenge-plot,revenge,openlibrary_OL21583845W,Blood Symmetry,Kate Rhodes,"...last. The killers are desperate for revenge... and in the end, it will all come dow..."
,B,revenge-plot,REVENGE,openlibrary_OL15165981W,Masked by Moonlight (Moonlight #1),Nancy Gideon,...FOR FORBIDDEN DESIRE. ALL SHE WANTS IS REVENGE. New Orleans homicide detective Cha...
,B,revenge-plot,revenge,openlibrary_OL16646165W,Samurai Game,Christine Feehan,...an and woman both driven by passion and revenge. Both expendable. Both with nothing lef...
,B,revenge-plot,revenge,openlibrary_OL17309070W,Skulduggery Pleasant. Dark Days,Derek Landy,...ins return and join forces to get their revenge upon the pair. The book would not see r...
,B,revenge-plot,Vengeance,openlibrary_OL1913828W,Between Vengeance and Forgiveness,Martha Minow,"...With Between Vengeance and Forgiveness, Martha Minow, Harvard..."
,B,revenge-plot,revenge,openlibrary_OL9475344W,Solemnly Swear,Joe Porrazzo,".... Full of danger, deceit, and revenge, Solemnly Swear is an action-packed sus..."
,B,revenge-plot,revenge,openlibrary_OL77013W,The Last Juror,John Grisham,...matic end when the defendant threatened revenge against the jurors if they convicted hi...
,B,revenge-plot,vengeance,openlibrary_OL5683349W,Shiver,Lisa Jackson,...ady to wreak his own special and deadly vengeance on Abby and those she loves. Abby alrea...
,B,revenge-plot,vengeance,openlibrary_OL19707524W,Deserves to die,Lisa Jackson,"...er determined to fulfill his desire for vengeance emerges in Grizzly Falls, Montana, Dete..."
,B,revenge-plot,revenge,openlibrary_OL18138618W,A young wife,Pam Lewis,...orts to find her kidnapped son and take revenge on those responsible for his abduction....
,B,revenge-plot,revenge,openlibrary_OL111567W,Brazen Virtue,Nora Roberts,"...rking on. They had passion for justice, revenge... and each other. Though in this real-..."
,B,revenge-plot,revenge,openlibrary_OL19995240W,Inspector of the Dead,David Morrell,...rtbreaking past of a man whose lust for revenge has destroyed his soul. Brilliantly mer...
,B,revenge-plot,Revenge,openlibrary_OL111438W,Sweet Revenge,Nora Roberts,...ung Gefährliche Verstrickung (Sweet Revenge) - Nora Roberts Die Prinzessin Adria...
,B,revenge-plot,vengeance,openlibrary_OL4318626W,Prosecuting Nazi war criminals,Alan S. Rosenbaum,"...ncerns about obligations to the dead or vengeance against the living, we must continue to..."
,B,revenge-plot,vengeance,openlibrary_OL65723W,A man to slay dragons,Meagan McKinney,...tory of a woman caught between love and vengeance... Manhattan attorney Claire Green i...
,B,revenge-plot,revenge,openlibrary_OL2956204W,Virgin or vamp,Helen Benedict,"...ife who accused her husband of rape for revenge, rather than as a victim of domestic ba..."
,B,revenge-plot,vengeance,openlibrary_OL1925726W,The Madman's Tale,John Katzenbach,"...ons, the killer resurfaces . . . with a vengeance.A tour de force narrative journey throu..."
,B,revenge-plot,vengeance,openlibrary_OL14914140W,Legal tender,Lisa Scottoline,"...ce prosecuted are now after her, with a vengeance.To prove her innocence, Bennie probes d..."
,B,revenge-plot,revenge,openlibrary_OL157462W,Day of Reckoning,Henry Patterson,"..., the former FBI agent is about to take revenge. Wherever the money trail leads -- New..."
,B,revenge-plot,vengeance,openlibrary_OL15980837W,Bonnie,Iris Johansen,"...ody home. A woman with both justice and vengeance on her mind. Finally, in the trilogy th..."
,B,revenge-plot,vengeance,openlibrary_OL20005396W,Bull Mountain,Brian Panowich,"...generational saga of crime, family, and vengeance. Clayton Burroughs comes from a long li..."
,B,revenge-plot,revenge,openlibrary_OL483723W,Blood Hunt,Ian Rankin,...Determined to exact revenge in the aftermath of his brother's unlik...
,B,revenge-plot,vengeance,openlibrary_OL15300886W,The first rule,Robert Crais,"...ancient grudges, blood ties, blackmail, vengeance, double crosses, and cutthroat criminal..."
,B,revenge-plot,revenge,openlibrary_OL20040147W,Black widow,Christopher Brookmyre,...details are released on the internet as revenge for her writing. Then she meets Peter....
,B,revenge-plot,revenge,openlibrary_OL167152W,The Quickie,"James Patterson, Michael Ledwidge","...es to beat him at his own game. But her revenge goes dangerously awry, and she finds he..."
,B,revenge-plot,vengeance,openlibrary_OL5725853W,Indelible,Karin Slaughter,...ught up with Sara and Jeffrey -- with a vengeance ...Deftly interweaving present and past...
,B,revenge-plot,Vengeance,openlibrary_OL15991778W,"""V"" is for vengeance",Sue Grafton,...ter of the web. V: Victim. Violence. Vengeance....
,B,revenge-plot,revenge,openlibrary_OL14852285W,"R is for Ricochet (Kinsey Millhone, #18)",Sue Grafton,...ngry Reba as she launches her dangerous revenge . . ....
,B,revenge-plot,vengeance,openlibrary_OL134443W,Dark horse,Tami Hoag,"...t the past is about to come back with a vengeance, and the future is about to become a ra..."
,B,revenge-plot,revenge,openlibrary_OL16176872W,An American spy,Olen Steinhauer,...ith some of the former players plotting revenge. Primary players are former 'Tourists'...
,B,revenge-plot,vengeance,openlibrary_OL504594W,Blood Dreams,Kay Hooper,"...ice and a grief-stricken father seeking vengeance, Bishop and his FBI Special Crimes Unit..."
,B,revenge-plot,vengeance,openlibrary_OL1977998W,Avenger,"Andy McNab, Robert Rigby",...esperately attempting to track down the vengeance-seeking Black Star before more ‘Angels...
,B,revenge-plot,avenge,openlibrary_OL1881691W,The Naked Face,Sidney Sheldon,"...llon, a crazed evangelist determined to avenge all sin in the world? **ABOUT AUTHOR..."
,B,revenge-plot,vengeance,openlibrary_OL20013369W,Dark tides,Chris Ewan,...omes convinced that somebody is seeking vengeance. But who? And which of the friends migh...
,B,revenge-plot,vengeance,openlibrary_OL17308678W,"Alex Cross, run",James Patterson,"...hey'll do anything-ANYTHING- to get the vengeance they require. Alex Cross, Run is James..."
,B,revenge-plot,avenge,openlibrary_OL471947W,The Big Four,Agatha Christie,"...partment. Hastings, devastated, vows to avenge him--but can he succeed without Poirot?..."
,B,revenge-plot,revenge,openlibrary_OL22898W,The gate house,Nelson DeMille,"...d of the Bellarosa family, and exacting revenge on his father's murderer--Susan Sutter...."
,B,revenge-plot,vengeance,openlibrary_OL472145W,Ordeal by Innocence,Agatha Christie,"...ocative psychological puzzler of guilt, vengeance, and blood secrets is among Agatha Chri..."
,B,revenge-plot,revenge,openlibrary_OL20848809W,Blood sisters,Julie Shaw,"...ly one who can save her...Love, murder, revenge. Who can you really trust when there's..."
,B,revenge-plot,avenge,openlibrary_OL20546955W,Oath breaker,Michelle Paver,...Torak swears to avenge the killing of one of his closest frien...
,B,revenge-plot,revenge,openlibrary_OL21738W,Roadside crosses,Jeffery Deaver,...wo high school girls. Is Travis bent on revenge against the cyberbullies and the blogge...
,B,revenge-plot,revenge,openlibrary_OL29699W,I Know What You Did Last Summer,Lois Duncan,...are pursued by a mystery figure seeking revenge....
,B,revenge-plot,revenge,openlibrary_OL14091W,The Body in the Ivy,Katherine Hall Page,...rey to a madwoman. A disturbed sister's revenge . . . or a former coed's coverup? Faith...
,B,revenge-plot,revenge,openlibrary_OL5755274W,A darker god,Barbara Cleverly,"...ce of an ancient Greek tragedy. But the revenge that is exacted onstage, the dagger tha..."
,B,revenge-plot,revenge,openlibrary_OL2009667W,The pale blue eye,"Bayard, Louis., Louis Bayard","...y comes an ingenious tale of murder and revenge, featuring a retired New York City dete..."
,B,revenge-plot,vengeance,openlibrary_OL14924853W,Crossers (Vintage Contemporaries),Philip Caputo,"...rosity sets off a flood of violence and vengeance, a fierce reminder of the fact that whi..."
,B,revenge-plot,vengeance,openlibrary_OL20003813W,The murderer's daughter,Jonathan Kellerman,"..., Grace's harrowing past returns with a vengeance. Both Grace and her newest patient are..."
,B,revenge-plot,revenge,openlibrary_OL94737W,The art of deception,"Ridley Pearson, Ridley Pearson","...ng blame onto the boyfriend and craving revenge, Matthews gains an unstable ally she do..."
,B,revenge-plot,revenge,openlibrary_OL167314W,The switch,Sandra Brown,"...creation, a riveting novel of suspense, revenge, and unpredictable twists and turns...I..."
,B,revenge-plot,revenge,openlibrary_OL58116W,The distant echo,Val McDermid,...Alex fears the worst. Someone is taking revenge for Rosie Duff. He has to find out who...
,B,revenge-plot,vengeance,openlibrary_OL462957W,The Mercedes Coffin,Faye Kellerman,"...itch as past and present collide with a vengeance, catapulting an unsuspecting Peter Deck..."
,B,revenge-plot,revenge,openlibrary_OL20028336W,The crow girl,Erik Axl Sund,"...mage--and the equally profound need for revenge--they leave in their wake."" --..."
,B,revenge-plot,avenge,openlibrary_OL17625955W,Past Crimes,Glen Erik Hamilton,"...to the crime. To clear his name and avenge his grandfather, Van must track down th..."
,B,revenge-plot,Revenge,openlibrary_OL20876934W,Death in Oslo,Anne Holt,"...r, but he also has the ultimate motive. Revenge. Unfortunately for the FBI and the Norw..."
,B,revenge-plot,revenge,openlibrary_OL18143768W,Robert B. Parker's debt to pay,Reed Farrel Coleman,"...in the past. Peepers has long promised revenge against the Mob, Jesse, and Suit for th..."
,B,revenge-plot,vengeance,openlibrary_OL22900W,Spencerville,Nelson DeMille,"...d rip Spencerville apart with violence, vengeance, and renewed passion. From the bestsell..."
,B,revenge-plot,Revenge,openlibrary_OL4297496W,The Confidential Casebook of Sherlock Holmes,"Marvin Kaye, Henry Slesar, H. Paul Jeffers, Peter Cannon, Pat Mullen, Kathleen Brady, Terry McGarry, Edward D. Hoch, Carole Bugge, Craig Shaw Gardner, Aline Myette-Volsky, P. C. Hodgell, Roberta Rogow, Shariann Lewitt",...the dying ship / Edward D. Hoch -- The Revenge of the Fenian Brotherhood / Carole Bugg...
,B,revenge-plot,vengeance,openlibrary_OL18182235W,The vengeance man,"Fletcher Flora, Charles W. Runyon, Dan J. Marlowe",...ally published by Gold Medal Books. The vengeance man: After Jim Wilson murders his wife...
,B,revenge-plot,Revenge,openlibrary_OL8266370W,The Mammoth Book of Dickensian Whodunnits,Michael Ashley,"...The stories include: Miss Havisham's Revenge by Alanna Knight, in which we discover..."
,B,revenge-plot,vengeance,openlibrary_OL20901102W,Love & Other Crimes,Sara Paretsky,....I. treads the line between justice and vengeance when the wrongful firing of a family fr...
,B,revenge-plot,revenge,openlibrary_OL159217W,Sinister shorts,Perri O'Shaughnessy,"...re tales of love and betrayal, rage and revenge--nineteen sizzling stories that run the..."
,B,revenge-plot,revenge,openlibrary_OL17914304W,The Samaritan,Stephen Besecker,...still out there. And that someone wants revenge....
,B,revenge-plot,revenge,openlibrary_OL15433800W,Bachelor cop,Carolyn McSparren,"...he English professor is clearly bent on revenge against her perpetrator, but Randy's re..."
,B,revenge-plot,revenge,openlibrary_OL696209W,Adèle,Mary Flanagan,...r escape from his tyranny. He takes his revenge. Moving between Blanche's account of h...
,B,revenge-plot,revenge,openlibrary_OL20886649W,Longarm and the Rock Springs reckoning,Tabor Evans,...longer see the line between justice and revenge. He turns in his badge and rides off af...
,B,revenge-plot,revenge,hardcover_140086,Pretty Girls,Karin Slaughter,"...ring the possibility of redemption, and revenge, where they least expect it...."
,B,revenge-plot,vengeance,hardcover_463729,Razorblade Tears,S. A. Cosby,...father. Two murdered sons. A quest for vengeance. Ike Randolph has been out of jail f...
,B,revenge-plot,Revenge,hardcover_680126,The Risk,S.T. Abby,...I've been patient. I can't stop now. Revenge is best served cold... They never see...
,B,revenge-plot,avenge,hardcover_427962,The Dispatcher,John Scalzi,...ople are ready to do almost anything to avenge what they see as a wrong. It's a race...
,B,revenge-plot,revenge,hardcover_1600369,Never Flinch,Stephen King,"...ines—one about a killer on a diabolical revenge mission, and another about a vigilante..."
,B,revenge-plot,revenge,hardcover_840913,Kill For Me Kill For You,Steve Cavanagh,"...Thriller, mystery, revenge..."
,B,revenge-plot,revenge,hardcover_434752,The Power of the Dog,Don Winslow,"...d with corruption, betrayal, and bloody revenge. The prequel to The Cartel, and set ab..."
,B,revenge-plot,revenge,hardcover_432408,Pretty Things,Janelle Brown,"...of aspiration and desire, duplicity and revenge...."
,B,revenge-plot,revenge,hardcover_434693,White Tears,Hari Kunzru,"...ng a suppressed history of greed, envy, revenge, and exploitation.""--Amazon.com..."
,B,revenge-plot,revenge,hardcover_430192,A Red Herring Without Mustard,Alan Bradley,...derstands the bliss of settling scores; revenge is a delightful pastime when one has tw...
,B,revenge-plot,vengeance,hardcover_461382,Killman Creek,Rachel Caine,"...egins to vanish, Gwen has only fury and vengeance to believe in as she closes in on her p..."
,B,revenge-plot,revenge,hardcover_343747,No Man's Land,David Baldacci,"...ey across the country, set on a path of revenge against the people who took away his hu..."
,B,revenge-plot,revenge,hardcover_208270,Two Graves,"Douglas Preston, Lincoln Child","...erb: Before you embark on a journey of revenge, dig two graves...."
,B,revenge-plot,vengeance,hardcover_542326,The Vanished Man,Jeffery Deaver,...mirrors to prevent a terrifying act of vengeance that could become the greatest vanishin...
,B,revenge-plot,vengeance,hardcover_227125,Blue Labyrinth,"Douglas Preston, Lincoln Child",...soon stalked by a subtle killer bent on vengeance over an ancient transgression. In short...
,B,revenge-plot,revenge,hardcover_449422,House of Names,Colm Tóibín,"...only believe Clytemnestra's thirst for revenge, but applaud it. He brilliantly inhabit..."
,B,revenge-plot,revenge,hardcover_164709,The English Spy,Daniel Silva,...abal of evil with an intricate plan for revenge....
,B,revenge-plot,revenge,hardcover_367158,Friend Request,Laura  Marshall,"...ted world, and the dangerous shape that revenge can take in our modern era""--Jacket...."
,B,revenge-plot,vengeance,hardcover_219740,The Defector,Daniel Silva,"...ew level, delivering a riveting tale of vengeance that entertains as well as enlightens.S..."
,B,revenge-plot,revenge,hardcover_668439,I'm Traveling Alone,Samuel Bjørk,...ds? Mia returns to duty to track down a revenge-driven and ruthlessly intelligent kille...
,B,revenge-plot,revenge,hardcover_284832,Mortal Prey,John Sandford,...crossing paths again--on an interstate revenge spree triggered by a sniper's bullet th...
,B,revenge-plot,revenge,hardcover_1995778,Nash Falls,David Baldacci,...te step both to survive and to take his revenge: He must become the exact opposite of w...
,B,revenge-plot,revenge,hardcover_2079938,A Good Person,Kirsten King,"...Lillian with a breakup, Lillian exacts revenge by performing a drunken hex on him...."
,B,revenge-plot,revenge,hardcover_377269,The Secret Speech,Tom Rob Smith,"...Stalin's tyranny so easily, that demand revenge of the most appalling nature...."
,B,revenge-plot,revenge,hardcover_547349,Lucky You,Carl Hiaasen,"...track them down, take it back - and get revenge. The only one who can help is Tom Krom..."
,B,revenge-plot,revenge,hardcover_481117,The Unquiet,John Connolly,"...daughter's disappearance comes seeking revenge, long-forgotten secrets begin to emerge..."
,B,revenge-plot,avenge,hardcover_320271,The Accident,Linwood Barclay,...to terrifying new places in himself to avenge his wife and protect his child. -- From...
,B,revenge-plot,avenge,hardcover_431042,To Each His Own,Leonardo Sciascia,"...""This letter is your death sentence. To avenge what you have done you will die."" But w..."
,B,revenge-plot,Revenge,hardcover_469731,Mr. Shivers,Robert Jackson Bennett,"...ches for one thing, and one thing only. Revenge. Because out there, riding the rails,..."
,B,revenge-plot,revenge,hardcover_144394,Two Truths and a Lie,Sara Shepard,...ast to figure out whether he’s back for revenge…or if he already got it. Set in a to...
,B,revenge-plot,revenge,hardcover_358773,The Dawn Patrol,Don Winslow,...ance to make some amends--and take some revenge--for Rain's disappearance. It might mea...
,B,revenge-plot,revenge,hardcover_492600,The Least of My Scars,Stephen Graham Jones,"...d Mary, a mysterious woman hell-bent on revenge, get to him first? This is William C..."
,B,revenge-plot,revenge,hardcover_704852,Freaky Deaky,Elmore Leonard,"...are on the loose in Detroit, out for a revenge against a former comrade who they now s..."
,B,revenge-plot,revenge,hardcover_1438018,The Amateur,Robert Littell,"...o kill. Driven by an obsessive need for revenge, targeted for elimination by the CIA it..."
,B,revenge-plot,revenge,hardcover_146692,The Ghostway,Tony Hillerman,"..., and into the dark heart of murder and revenge...."
,B,revenge-plot,revenge,hardcover_379459,Blind Alley,Iris Johansen,...ment to a mind warped by perversion and revenge. Now she must pit her skills against hi...
,B,revenge-plot,revenge,hardcover_4870,Name of the Devil,Andrew Mayne,...catch a killer consumed by a desire for revenge. When a church combusts in rural Appala...
,B,revenge-plot,revenge,hardcover_563403,Raspberry Danish Murder,Joanne Fluke,...r did Ross dodge a deadly dose of sweet revenge? Hannah will have to quickly sift throu...
,B,revenge-plot,revenge,hardcover_302704,What Remains of Me,Alison Gaylin,"...kly imaginative and atmospheric tale of revenge and betrayal, presumed guilt and innoce..."
,B,revenge-plot,vengeance,hardcover_370910,Exit Wound,Andy McNab,"...w slots into another, Stone's quest for vengeance becomes a journey to the heart of a chi..."
,B,revenge-plot,vengeance,hardcover_124665,Killjoy,Julie Garwood,...art of an elaborate plot of madness and vengeance. (From the Author's web-site.)...
,B,revenge-plot,revenge,hardcover_14535,A Morning for Flamingos,James Lee Burke,"...ded and his partner dead. Obsessed with revenge, Dave is persuaded by the DEA to go und..."
,B,spy-espionage-thriller,CIA,openlibrary_OL448989W,The teeth of the tiger,Tom Clancy,"...s father moved through the ranks of the CIA and then into the White House, Jack rec..."
,B,spy-espionage-thriller,espionage,openlibrary_OL2186738W,Adventure in Istanbul (The Spy Who Wasn't There),Cora Taylor,...s to know a lot more about the world of espionage than an ordinary grandmother ought to....
,B,spy-espionage-thriller,MI6,openlibrary_OL85736W,Doctor No,Ian Fleming,"...stigate the mysterious disappearance of MI6’s Jamaica station chief, Bond was expec..."
,B,spy-espionage-thriller,CIA,openlibrary_OL84774W,Skeleton Key,Anthony Horowitz,"...st... Uniting forces with America's own CIA for the first time, teen spy Alex Rider..."
,B,spy-espionage-thriller,CIA,openlibrary_OL262667W,Robert Ludlum's The Cassandra Compact,"Robert Ludlum, Philip Shelby","...ers, Covert-One operative Jon Smith and CIA undercover agent Randi Russell have une..."
,B,spy-espionage-thriller,CIA,openlibrary_OL41249W,Stone Cold,David Baldacci,"...Stone"", an ex-Green Beret and a former CIA trained assassin. The book was initiall..."
,B,spy-espionage-thriller,CIA,openlibrary_OL448973W,Without Remorse,Tom Clancy,"...s of justice and morality to become the CIA legend Mr. Clark. John Kelly, former..."
,B,spy-espionage-thriller,CIA,openlibrary_OL14920152W,Private,"James Patterson, Maxine Paetro","...*The police can't help you* Former CIA agent Jack Morgan runs Private, a renow..."
,B,spy-espionage-thriller,CIA,openlibrary_OL448959W,Red Rabbit,Tom Clancy,...Jack Ryan's first days with the CIA may be the Pope's last days alive. L...
,B,spy-espionage-thriller,CIA,openlibrary_OL22906W,The Talbot odyssey,Nelson DeMille,"...mole -- code name Talbot -- inside the CIA. At first, Talbot is suspected of killi..."
,B,spy-espionage-thriller,CIA,openlibrary_OL20036178W,Night school,Lee Child,"...re in the classroom--an FBI agent and a CIA analyst. Each is a first-rate operator,..."
,B,spy-espionage-thriller,spy ring,openlibrary_OL5714037W,Intrigue,Allan Hepburn,...ntexts of these fictions: the Cambridge spy ring; the Profumo Affair; the witch-hunts ag...
,B,spy-espionage-thriller,espionage,openlibrary_OL134370W,The Body Farm,Patricia Cornwell,"...help her niece Lucy, who is accused of espionage while interning at the FBI's highly cla..."
,B,spy-espionage-thriller,CIA,openlibrary_OL41250W,Simple Genius,David Baldacci,...ng are a mystery. The other is an elite CIA training camp shrouded in secrecy. Now...
,B,spy-espionage-thriller,CIA,openlibrary_OL15838201W,The mark of the assassin,Daniel Silva,"...out of the sky off the East Coast, the CIA scrambles to find the perpetrators. A b..."
,B,spy-espionage-thriller,CIA,openlibrary_OL15822405W,The main enemy,"Milt Bearden, Milt Bearden, James Risen",...A history of the CIA's spy wars with the KGB ranges from 198...
,B,spy-espionage-thriller,CIA,openlibrary_OL20003334W,"La CIA, Camarena y Caro Quintero",J. Jesús Esquivel,"...Leyenda-, quien confirma que la propia CIA habría estado detrás del crimen. En tal..."
,B,spy-espionage-thriller,espionage,openlibrary_OL17913815W,The President is Missing,"Bill Clinton, James Patterson, Bill Clinton, Bill Clinton, President Bill Clinton, Bill Clinton, Bill Clinton",.... There are whispers of cyberterror and espionage and a traitor in the Cabinet. Even the...
,B,spy-espionage-thriller,CIA,openlibrary_OL17839523W,Tom Clancy Full Force and Effect,Mark Greaney,...rashes into the Sea of Japan. A veteran CIA officer is murdered in Ho Chi Minh City...
,B,spy-espionage-thriller,Intelligence officer,openlibrary_OL12400572W,Torpedoed,"Edmond D. Pope, Tom Shactman, Edmond D. Pope","...nnocent man: Edmond Pope - former Naval Intelligence officer, then private businessman, in Russia lo..."
,B,spy-espionage-thriller,CIA,openlibrary_OL19354312W,@War: The Rise of the Military-Internet Complex,Shane Harris,"..., the National Security Agency, and the CIA field teams of hackers who launch cyber..."
,B,spy-espionage-thriller,espionage,openlibrary_OL6037106W,Digital evidence and computer crime,Eoghan Casey,"...drug trafficking, computer intrusions, espionage and terrorism."" ""This work explains how..."
,B,spy-espionage-thriller,CIA,openlibrary_OL16564560W,The Empty Glass,J. I. Baker,"...the Kennedy's, the Mafia, and even the CIA for decades. It is an exciting debut f..."
,B,spy-espionage-thriller,CIA,openlibrary_OL15980837W,Bonnie,Iris Johansen,"...h the help of her beloved Joe Quinn and CIA Agent Catherine Ling, Eve Duncan gets c..."
,B,spy-espionage-thriller,MI5,openlibrary_OL17870425W,Stratton's war,"Wilson, Laura","...one of Soho's most notorious gangsters. MI5 agent Diana Calthrop, working with seni..."
,B,spy-espionage-thriller,secret agent,openlibrary_OL20159448W,The Lost Girls of Paris,Pam Jenoff,"...or Trigg, leader of a network of female secret agents deployed out of London during the war...."
,B,spy-espionage-thriller,CIA,openlibrary_OL15836851W,Havana,Stephen Hunter,...Sent by the CIA to 1950s Cuba to eliminate young revolu...
,B,spy-espionage-thriller,secret agent,openlibrary_OL472215W,They Came to Baghdad,Agatha Christie,"...re than she bargains for when a wounded secret agent dies in her hotel room. Now, if only sh..."
,B,spy-espionage-thriller,espionage,openlibrary_OL17661104W,The English Girl,Daniel Silva,"...nged into a high stakes game of murder, espionage, and corruption after a beautiful young..."
,B,spy-espionage-thriller,espionage,openlibrary_OL17797790W,Out of range,Hank Steinberg,"...into a dangerous world of international espionage in this action-packed, debut thriller f..."
,B,spy-espionage-thriller,Intelligence Agency,openlibrary_OL19356257W,The Fix,David Baldacci,"...Harper Brown. An agent of the Defense Intelligence Agency, she orders Decker to back off the case..."
,B,spy-espionage-thriller,Espionage,openlibrary_OL21285457W,Espionage and Sedition Acts,Mitchell Newton-Matza,"...""The Espionage and Sedition Acts of 1917-1918 mark one..."
,B,spy-espionage-thriller,CIA,openlibrary_OL17359390W,15th Affair,"James Patterson, Maxine Paetro",...alluring blonde woman with links to the CIA disappears from the scene of a brutal m...
,B,spy-espionage-thriller,KGB,openlibrary_OL15150293W,Reader's Digest Condensed Books--Volume 5 1992,"Barbara J. Morgan, John Grisham, Belva Plain, Henry Patterson, Jeanne Williams","...who's who of international menace: the KGB, the PLO, the IRA. So in 1991, with the..."
,B,spy-espionage-thriller,CIA,openlibrary_OL15981218W,Breaking the devil's pact,James B Jacobs,...nted officers (including former FBI and CIA director William Webster and former U.S...
,B,spy-espionage-thriller,CIA,openlibrary_OL16176872W,An American spy,Olen Steinhauer,"...aver, former employee in the top-secret CIA 'Department of Tourism'. The second bo..."
,B,spy-espionage-thriller,CIA,openlibrary_OL18144258W,Fatal conceit,Robert Tanenbaum,"...""A CIA chief dies under suspicious circumstanc..."
,B,spy-espionage-thriller,CIA,openlibrary_OL20919921W,Tom Clancy Enemy Contact,Mike Maden,...The CIA's deepest secrets are being given away...
,B,spy-espionage-thriller,espionage,openlibrary_OL16646369W,The double game,Dan Fesperman,...lty - a maze of intrigue built from the espionage classics of the Cold War. A few years b...
,B,spy-espionage-thriller,Intelligence Agency,openlibrary_OL21075272W,"Heroin, Organized Crime, and the Making of Modern Turkey",Ryan Gingeras,"...the Republic of Turkey and the Central Intelligence Agency, Heroin, Organized Crime, and the Makin..."
,B,spy-espionage-thriller,intelligence officer,openlibrary_OL22897W,Cathedral,Nelson DeMille,"...ide his own ranks and a shadowy British intelligence officer pursuing his own cynical, bloody plan...."
,B,spy-espionage-thriller,espionage,openlibrary_OL20345069W,Catch and Kill,Ronan Farrow,...sociated Press) account of violence and espionage that spent months on the New York Times...
,B,spy-espionage-thriller,CIA,openlibrary_OL15951484W,Kill Alex Cross,James Patterson,"...p is using the FBI, Secret Service, and CIA to keep him off the case and in the dar..."
,B,spy-espionage-thriller,CIA,openlibrary_OL491200W,Hot mahogany,Stuart Woods,...CIA boss Lance Cabot hires Stone Barrington...
,B,spy-espionage-thriller,espionage,openlibrary_OL20334286W,The Man Who Played with Fire,"Jan Stocklassa, Tara F. Chace","...puzzle to follow the trail of intrigue, espionage, and conspiracy begun by one of the wor..."
,B,spy-espionage-thriller,espionage,openlibrary_OL8126413W,Wraith,Phaedra Weldon,"...an ideal professional snoop. Industrial espionage, surveillance, whatever. But one night..."
,B,spy-espionage-thriller,espionage,openlibrary_OL7912175W,Teach Yourself Writing Crime Fiction,Lesley Grant-Adamson,"...vering the classic detective story, the espionage thriller, comic crime fiction, romantic..."
,B,spy-espionage-thriller,secret agent,openlibrary_OL8459113W,The Song of the Gladiator,P. C. Doherty,"...ena calls upon the help of Claudia, her secret agent, who is also facing a crisis in her own..."
,B,spy-espionage-thriller,espionage,openlibrary_OL817126W,Fatal lies,Frank Tallis,"...ann is drawn into the perilous world of espionage - and must make choices, the outcome of..."
,B,spy-espionage-thriller,espionage,openlibrary_OL1900861W,Stone's fall,Iain Pears,"...al finance, Europe's first great age of espionage, and the start of the twentieth century..."
,B,spy-espionage-thriller,CIA,openlibrary_OL76980W,The Brethren,John Grisham,...didate for U.S. President backed by the CIA....
,B,spy-espionage-thriller,intelligence agency,openlibrary_OL8312233W,The irregulars,Jennet Conant,"...gnments, support the fledgling American intelligence agency, and see that Roosevelt was elected to..."
,B,spy-espionage-thriller,CIA,openlibrary_OL20191840W,Who Is Vera Kelly?,Rosalie Knecht,"...In the 1960's, Vera is a CIA agent stationed in Argentina. Her assig..."
,B,spy-espionage-thriller,CIA,openlibrary_OL16700048W,Severe clear,Stuart Woods,"...in a few favors from his friends at the CIA. ""-- ""Stone Barrington is in Bel-Air o..."
,B,spy-espionage-thriller,espionage,openlibrary_OL17812924W,The Secret War,Max Hastings,...f World War II--intelligence--shows how espionage successes and failures by the United St...
,B,spy-espionage-thriller,CIA,openlibrary_OL17491013W,The Tehran Triangle,Sandy Baker,"...llory watches, too. The brilliant young CIA agent has ridden Gunpowder over long st..."
,B,spy-espionage-thriller,intelligence officer,openlibrary_OL16819230W,The Rendition,Albert Ashforth,"...tes' involvement. Alex Klear, a veteran intelligence officer, is sent to the Balkans on a hastily pl..."
,B,spy-espionage-thriller,undercover agent,openlibrary_OL20058483W,Tom Clancy's Op-Center,Jeff Rovin,"...""The brutal murder of an undercover agent reveals a plot to incite a full-fledged..."
,B,spy-espionage-thriller,espionage,openlibrary_OL79574W,Operation Rollback,Peter Grose,"...n as Rollback, an audacious strategy of espionage, subversion, and sabotage to foment ins..."
,B,spy-espionage-thriller,espionage,openlibrary_OL3528501W,Stalking the red bear,Peter T. Sasgen,...The untold story of a covert submarine espionage operation against the Soviet Union duri...
,B,spy-espionage-thriller,CIA,openlibrary_OL556735W,Separation of power,Vince Flynn,...Newly appointed CIA Director Dr. Irene Kennedy is the targe...
,B,spy-espionage-thriller,CIA,openlibrary_OL17894755W,The ghost shift,John Gapper,.... But when Mei crosses paths with an ex-CIA operative on a shadowy mission of his o...
,B,spy-espionage-thriller,CIA,openlibrary_OL491172W,Iron orchid,Stuart Woods,"...Now working for the CIA, ex-chief-of-police Holly Barker joins..."
,B,spy-espionage-thriller,espionage,openlibrary_OL19671308W,Transcription,"Kate Atkinson, Fenella Woolgar",...viduals from her past as a World War II espionage monitor for MI5....
,B,spy-espionage-thriller,CIA,openlibrary_OL19988388W,The director,David Ignatius,"...cy has been hacked, the director of the CIA launches a hunt into the hacker undergr..."
,B,spy-espionage-thriller,intelligence officer,openlibrary_OL19743396W,Red sparrow,Jason Matthews,...Russian state intelligence officer Dominika Egorova struggles to survive i...
,B,spy-espionage-thriller,espionage,openlibrary_OL2666617W,Battleground Berlin,David E. Murphy,"...he definitive, insider's account of the espionage warfare in Berlin between CIA and KGB f..."
,B,spy-espionage-thriller,Intelligence Officer,openlibrary_OL15683134W,Geheime Nachrichtendienste und Funkaufklärung im Zweiten Weltkrieg,Günther K. Weisse,"...e orders of the late Colonel Seabourne, Intelligence Officer Ninth US Army Air Force, the prisoners..."
,B,spy-espionage-thriller,espionage,openlibrary_OL20220921W,Betrayal in Berlin,Steve Vogel,"...rlin Tunnel, one of the West's greatest espionage operations of the Cold War--and the dan..."
,B,spy-espionage-thriller,MI5,openlibrary_OL16944853W,"The Guy Liddell Diaries, Vol. II",Nigel West,"...ctated from August 1939 to June 1945 by MI5's Director of Counter-Espionage, Guy Li..."
,B,spy-espionage-thriller,intelligence officer,openlibrary_OL22900W,Spencerville,Nelson DeMille,"...d Keith Landry, one of the nation's top intelligence officers, is forced into early and unwanted ret..."
,B,spy-espionage-thriller,intelligence officer,openlibrary_OL20044696W,The Pale House,Luke McCallin,...he fight beyond the battlefield. German intelligence officer Captain Gregor Reinhardt has just been...
,B,spy-espionage-thriller,Espionage,openlibrary_OL22706573W,"Encyclopedia of espionage, intelligence, and security",K. Lee Lerner,"...Encyclopedia of Espionage, Intelligence & Security Vol I By Lee L..."
,B,spy-espionage-thriller,CIA,openlibrary_OL2735951W,Spies Beneath Berlin,David Stafford,"...""Operation Stopwatch/Gold, said CIA chief Allen Dulles, was 'one of the mos..."
,B,spy-espionage-thriller,MI6,openlibrary_OL22318917W,British clandestine activities in Romania during the Second World War,Dennis Deletant,...ty throughout the entire war of SOE and MI6. It was generally believed in Britain's...
,B,spy-espionage-thriller,CIA,openlibrary_OL17947652W,Trap the devil,Ben Coes,"...sion, Dewey Andreas is sent to Paris by CIA Director Hector Calibrisi. The Secretar..."
,B,spy-espionage-thriller,espionage,openlibrary_OL20901102W,Love & Other Crimes,Sara Paretsky,"...anca,"" a young girl becomes involved in espionage when she befriends a mouse in a laborat..."
,B,spy-espionage-thriller,CIA,openlibrary_OL449001W,Executive orders,Tom Clancy,"...attack on the Capitol, Jack Ryan of the CIA unexpectedly becomes President of the U..."
,B,spy-espionage-thriller,Intelligence Agency,openlibrary_OL17914304W,The Samaritan,Stephen Besecker,"...he believes in tracker for the Central Intelligence Agency and a wife, Karen, he cherishes. That l..."
,B,spy-espionage-thriller,CIA,hardcover_92915,Debt of Honor,Tom Clancy,"...nt's National Security Advisor, and his CIA colleagues, John Clark and Domingo Chav..."
,B,spy-espionage-thriller,KGB,hardcover_4285,Gorky Park,Martin Cruz Smith,"...d uncover the truth, he must battle the KGB, FBI and New York police as he pursues..."
,B,spy-espionage-thriller,CIA,hardcover_445848,The Third Option,Vince Flynn,...CIA counterterrorism expert Mitch Rapp is s...
,B,spy-espionage-thriller,CIA,hardcover_484885,On Target,Mark Greaney,"...try was betrayed by his handlers in the CIA. To survive, he had to eliminate his ow..."
,B,spy-espionage-thriller,MI5,hardcover_510421,Joe Country,Mick Herron,"...the London outpost for disgraced spies MI5, memories are stirring, all of them bad..."
,B,spy-espionage-thriller,CIA,hardcover_504805,American Tabloid,James Ellroy,"...Los Angeles, Chicago, D.C.... Where the CIA, the Mob, J. Edgar Hoover, Howard Hughe..."
,B,spy-espionage-thriller,CIA,hardcover_510350,In the Blood,Jack Carr,...y of a Mossad operative attached to the CIA years earlier in Iraq—a woman with ties...
,B,spy-espionage-thriller,CIA,hardcover_445847,Executive Power,Vince Flynn,...CIA superagent Mitch Rapp battles global te...
,B,spy-espionage-thriller,CIA,hardcover_481096,Memorial Day,Vince Flynn,...days before Memorial Day and a spike in CIA intelligence has pointed to a major ter...
,B,spy-espionage-thriller,CIA,hardcover_347967,Gunmetal Gray,Mark Greaney,...urt Gentry is back on the inside at the CIA. But his first mission makes him wish h...
,B,spy-espionage-thriller,CIA,hardcover_510450,Mission Critical,Mark Greaney,"...""Court Gentry's flight on a CIA transport plane is interrupted when a s..."
,B,spy-espionage-thriller,intelligence operative,hardcover_343747,No Man's Land,David Baldacci,"...urdered his wife. When Puller's friend, intelligence operative Veronica Knox, arrived on the scene, he..."
,B,spy-espionage-thriller,intelligence agency,hardcover_376323,An Officer and a Spy,Robert Harris,"...are the echoes for our modern world: an intelligence agency gone rogue, justice corrupted in the na..."
,B,spy-espionage-thriller,secret agent,hardcover_102912,The Matarese Circle,Robert Ludlum,"...ime enemies and two of the world's best secret agents, Russian Vasili Taleniekov and Brandon..."
,B,spy-espionage-thriller,espionage,hardcover_219740,The Defector,Daniel Silva,"...llas Morning News), a “master writer of espionage and intrigue” (The Cincinnati Enquirer)..."
,B,spy-espionage-thriller,CIA,hardcover_435300,Need to Know,Karen   Cleveland,"...""Vivian Miller is a dedicated CIA counterintelligence analyst assigned to..."
,B,spy-espionage-thriller,CIA,hardcover_137457,Deadly Heat,Richard Castle,...continues to pursue the elusive former CIA station chief who ordered her execution...
,B,spy-espionage-thriller,double agent,hardcover_569975,The Human Factor,Graham Greene,...incurable romanticism make him a likely double agent. Castle himself is above suspicion; he...
,B,spy-espionage-thriller,CIA,hardcover_437641,Red Widow,Alma Katsu,...hilarating spy thriller about two women CIA agents who become intertwined around a...
,B,spy-espionage-thriller,MI5,hardcover_383721,Nobody Walks,Mick Herron,...ses to those in the highest echelons of MI5. He might have thought he'd left it all...
,B,spy-espionage-thriller,undercover agent,hardcover_483613,The Body at the Tower,Y.S. Lee,...Mary’s second adventure as an undercover agent forces her to relive some harrowing chi...
,B,spy-espionage-thriller,MI5,hardcover_301100,In the Morning I'll Be Gone,Adrian McKinty,"...l Ulster Constabulary), is recruited by MI5 to hunt down Dermot McCann, an IRA mast..."
,B,spy-espionage-thriller,CIA,hardcover_536484,The Fox,Frederick Forsyth,"...hocking: the Pentagon, the NSA, and the CIA have been hacked simultaneously, their..."
,B,spy-espionage-thriller,undercover operative,hardcover_382947,Fault Line,Barry Eisler,...apparent drug deal. Istanbul: a cynical undercover operative receives a frantic call from his estran...
,B,spy-espionage-thriller,MI5,hardcover_619863,At Risk,Stella Rimington,...ing debut novel from the former head of MI5....
,B,spy-espionage-thriller,CIA,hardcover_294200,The Accident,Chris  Pavone,"...ut her own past. In Copenhagen, veteran CIA operative Hayden Gray, determined that..."
,B,spy-espionage-thriller,CIA,hardcover_375370,The ghost war,Alex Berenson,"...CIA agent John Wells returns, in a novel th..."
,B,spy-espionage-thriller,CIA,hardcover_1438018,The Amateur,Robert Littell,"...ot a blackmailer, but he will force the CIA's hand. He was not an assassin, but he..."
,B,spy-espionage-thriller,CIA,hardcover_690955,Dead Watch,John Sandford,"...cracy. Congress, the Pentagon, the FBI, CIA, Homeland Security — when something goe..."
,B,spy-espionage-thriller,MI5,hardcover_483430,Gun Street Girl,Adrian McKinty,...he's getting somewhere when agents from MI5 show up at his doorstep and try to recr...
,B,spy-espionage-thriller,MI5,hardcover_765877,Wicked Autumn,G.M. Malliet,"...ax, who has fled a harrowing past as an MI5 agent. Now he has found a measure of pe..."
,B,spy-espionage-thriller,secret agent,hardcover_435208,Eye of the Red Tsar,Sam Eastland,"...nity. Pekkala was once the most trusted secret agent of the Romanovs, the right-hand man of..."
